id,labels
0,"64,10,93"
1,"17,168,3"
2,"53,467,3"
3,"0,216,257"
4,10
5,"0,206,8"
6,"40,44,145"
7,"3,21,126"
8,"49,23,24"
9,"3,21,190"
10,"0,265,24"
11,"54,10,145"
12,"169,296"
13,"456,0,271"
14,"23,71"
15,23
16,"10,64,80"
17,"3,111,267"
18,"10,64,93"
19,"220,10,242"
20,"10,60,93"
21,"26,23,89"
22,"5,57,3"
23,40
24,326
25,"40,131"
26,"3,21"
27,"93,64,10"
28,"17,3,168"
29,"14,13"
30,"43,24,23"
31,"3,147"
32,"40,131,406"
33,"23,26,89"
34,"220,10,242"
35,"3,48,21"
36,"3,5"
37,"10,11,109"
38,"4,3,238"
39,"139,155,40"
40,"26,89,23"
41,"3,22,21"
42,"138,135,40"
43,"0,291,8"
44,"10,11,12"
45,"162,40,163"
46,"17,168,3"
47,"10,234"
48,"128,40,186"
49,"10,322"
50,23
51,"3,147"
52,"10,220"
53,"53,3"
54,"3,111"
55,"3,21,127"
56,"10,64,90"
57,74
58,"23,118,74"
59,"28,3,190"
60,"11,10,205"
61,"64,10,448"
62,"0,271,456"
63,"3,99"
64,"208,521,0"
65,3
66,"131,40,134"
67,"10,169,170"
68,"17,3,168"
69,"53,287,3"
70,"64,10,65"
71,"64,10,448"
72,"40,41,224"
73,"126,21,3"
74,"220,10,221"
75,0
76,"3,187"
77,"0,313"
78,"23,24,49"
79,"220,10,221"
80,"64,10,93"
81,"17,3"
82,"11,10,12"
83,"296,306,169"
84,"60,10"
85,"23,63"
86,"40,131"
87,"40,41,42"
88,"26,89,23"
89,"3,53,111"
90,10
91,"220,10,221"
92,"0,257,216"
93,"4,238,3"
94,"23,31"
95,"40,145"
96,"49,23,24"
97,"40,131,241"
98,"145,402,40"
99,"23,26,89"
100,"231,26,23"
101,"23,106,105"
102,"23,24,49"
103,"3,85"
104,"23,26"
105,"0,8,350"
106,"10,239,60"
107,"49,24,23"
108,"0,304,216"
109,"0,8,206"
110,"3,5,228"
111,"199,281,169"
112,"3,4"
113,"3,34,15"
114,"220,10,242"
115,"281,199,169"
116,"0,485,313"
117,8
118,"23,322,146"
119,"3,21,187"
120,"147,3,148"
121,0
122,"11,10,109"
123,40
124,"3,53,287"
125,"3,21"
126,"0,229,230"
127,"23,24,25"
128,"0,271,456"
129,"0,218,465"
130,"322,10,64"
131,"170,260,169"
132,23
133,"21,3"
134,"3,28,66"
135,"44,73,40"
136,"0,271"
137,"402,145,40"
138,"0,265"
139,"169,134,171"
140,"395,40"
141,"111,3,112"
142,"169,199,343"
143,"3,85,158"
144,"10,12"
145,"11,10,109"
146,"4,3"
147,"405,8,0"
148,"64,10,448"
149,"160,196,40"
150,295
151,"23,63"
152,"4,3,19"
153,0
154,"199,169"
155,"26,350,231"
156,"40,131,406"
157,"44,145,73"
158,"128,40,129"
159,"0,216"
160,"23,0,38"
161,"23,82,74"
162,"40,241"
163,"3,267,111"
164,"0,522"
165,"195,128,0"
166,"10,64,90"
167,"10,64,93"
168,"11,109"
169,"40,128,41"
170,185
171,3
172,23
173,"4,3,19"
174,"169,199,248"
175,"89,26"
176,"10,64"
177,"82,23,38"
178,3
179,"26,23,89"
180,"3,21,127"
181,"105,3,318"
182,"0,265,340"
183,"3,85"
184,"195,128"
185,"23,49,24"
186,"0,319,211"
187,"135,40,236"
188,"64,10,80"
189,"169,199"
190,"169,199"
191,"169,199,259"
192,40
193,"162,23"
194,311
195,"169,199,281"
196,"40,145"
197,"3,21,127"
198,"40,131,132"
199,"0,271,456"
200,"24,23,43"
201,"23,43,24"
202,"3,53,287"
203,"4,3,19"
204,"169,199"
205,"169,199,260"
206,"43,24,23"
207,"23,91"
208,"10,64"
209,"10,64"
210,"53,3"
211,"0,8,235"
212,0
213,"3,68,182"
214,"384,0,23"
215,"43,64,23"
216,"23,32,118"
217,"23,74,71"
218,"3,21"
219,"160,40"
220,"23,38"
221,"0,271"
222,"4,3"
223,199
224,"40,160,302"
225,"204,13,3"
226,"10,64"
227,"10,64,93"
228,"5,6,57"
229,"3,17,168"
230,"54,10"
231,3
232,"26,23,89"
233,"0,3"
234,"40,145,146"
235,"40,131,134"
236,"53,3"
237,199
238,"402,10,40"
239,"43,24,23"
240,"0,313,346"
241,"0,271,456"
242,"151,152,494"
243,"40,131"
244,"0,271"
245,0
246,"234,10,60"
247,"199,169"
248,"3,17,168"
249,"129,128,40"
250,"10,11"
251,"220,242,10"
252,"3,147,148"
253,"3,17"
254,"23,105"
255,"23,26,89"
256,"3,21,127"
257,"204,3,13"
258,"129,128,40"
259,45
260,"64,10,93"
261,"4,3,19"
262,"64,93,10"
263,"3,147,148"
264,"3,21,102"
265,"3,21"
266,"23,309,38"
267,"23,74"
268,"10,64,93"
269,"40,160,334"
270,"3,21"
271,"40,131"
272,"23,49,24"
273,"23,24"
274,"10,54,95"
275,"64,10,79"
276,"23,32,31"
277,3
278,"118,74,23"
279,"40,131,406"
280,"23,63"
281,"221,10,220"
282,"0,265,266"
283,"3,21,127"
284,"3,85,86"
285,"4,3,174"
286,"64,10,448"
287,0
288,"10,64,93"
289,"26,23,89"
290,"0,313"
291,"43,23,24"
292,"11,109,10"
293,24
294,"3,21"
295,"40,149,41"
296,40
297,"40,189,135"
298,"169,199"
299,"3,17,168"
300,"15,16,3"
301,"3,21,170"
302,"23,71,38"
303,3
304,"169,170"
305,"0,352,271"
306,40
307,"26,23,89"
308,"10,64,80"
309,"40,139"
310,"0,304,216"
311,"3,53,287"
312,"3,21"
313,"23,24,49"
314,"168,17,3"
315,"0,424,271"
316,23
317,"3,5,228"
318,"23,303,74"
319,169
320,"0,216,212"
321,"40,151,152"
322,60
323,"3,111,53"
324,"160,40,315"
325,"40,131,406"
326,"28,3"
327,"431,135"
328,"43,23,24"
329,"0,216,304"
330,"43,23,24"
331,"129,128,40"
332,"0,319,211"
333,"111,3,123"
334,"0,366,271"
335,"3,21"
336,"43,24,23"
337,"3,447,34"
338,"3,126,21"
339,"3,147,148"
340,"220,10,221"
341,"147,3"
342,"128,129,40"
343,"5,3"
344,"40,395,241"
345,"40,145,44"
346,"169,460,296"
347,"220,10,221"
348,3
349,"296,300,169"
350,"10,11"
351,"23,74"
352,"296,169,411"
353,"23,89,26"
354,3
355,10
356,"23,26,89"
357,"31,23"
358,"0,8,308"
359,"448,64,10"
360,"23,31,74"
361,"145,40,44"
362,"3,21,22"
363,"169,459,170"
364,"169,508"
365,"0,271,456"
366,0
367,"26,0"
368,"23,74,303"
369,"281,199,169"
370,"3,4"
371,"43,24,23"
372,"118,74,23"
373,"131,40,406"
374,"0,206,8"
375,"10,40,54"
376,"169,323,199"
377,"3,48,81"
378,"40,224,41"
379,"96,31,23"
380,3
381,3
382,"169,427,426"
383,"169,199,343"
384,"17,168,3"
385,"220,10,221"
386,"220,10"
387,"165,74,23"
388,"0,279"
389,"3,99,85"
390,"220,10,242"
391,"24,23"
392,0
393,"10,64,65"
394,"11,10,220"
395,"3,111,472"
396,23
397,"3,21,108"
398,"339,337,169"
399,"170,169"
400,"44,45,40"
401,"199,169"
402,"3,21,85"
403,"0,208"
404,3
405,"0,8,235"
406,"3,21,127"
407,"40,131"
408,"3,34"
409,"3,21,187"
410,"21,3,126"
411,"15,16,3"
412,"23,49"
413,"169,199,281"
414,"8,0,206"
415,"131,40,226"
416,"26,89,23"
417,"220,10,221"
418,"31,77,23"
419,"23,118,74"
420,"169,170"
421,"220,10,221"
422,"370,0,10"
423,"74,303,165"
424,"26,313,23"
425,"0,363"
426,"296,169"
427,"43,24,23"
428,23
429,"199,169,248"
430,"128,129,40"
431,"350,26,23"
432,"10,11,12"
433,"10,64,79"
434,"234,10"
435,"111,41,3"
436,"0,216,521"
437,"220,10,221"
438,"40,128,129"
439,"169,339,337"
440,3
441,"11,10,220"
442,"17,168,3"
443,"417,169,296"
444,"0,216"
445,"4,3,238"
446,"0,265,340"
447,0
448,"10,64"
449,"129,128,40"
450,"0,456,429"
451,"0,354,216"
452,"296,169"
453,"40,160,302"
454,"303,74,23"
455,"281,199,169"
456,131
457,"10,64"
458,"3,147"
459,"40,215,241"
460,"0,8"
461,"170,169"
462,"23,71"
463,"184,185,40"
464,0
465,"0,355,271"
466,"26,350,23"
467,"402,40"
468,"11,109,10"
469,"3,53"
470,"40,131,134"
471,"0,456"
472,"10,64,93"
473,"0,279,249"
474,"26,350,23"
475,"0,348,265"
476,"8,23"
477,"199,169,281"
478,"141,40,41"
479,"199,169,323"
480,"395,40"
481,44
482,"40,131,132"
483,"23,0"
484,"3,21,379"
485,"0,8,206"
486,"10,64"
487,"0,216"
488,"165,74,23"
489,"40,151,152"
490,"10,64,90"
491,40
492,"10,93,64"
493,"0,265,349"
494,"3,21"
495,0
496,"40,139"
497,"10,242,220"
498,"0,8"
499,"10,54,95"
500,"3,187,21"
501,"3,33,21"
502,"23,31,96"
503,"64,10,80"
504,"17,3,168"
505,"40,406,131"
506,"10,64,93"
507,"281,199,169"
508,"3,21,28"
509,"3,53"
510,"10,64,93"
511,"40,186,128"
512,"0,271,355"
513,"10,60,61"
514,"3,111,267"
515,"40,41,324"
516,"3,17,168"
517,"10,60"
518,"21,3,187"
519,"3,15,16"
520,"220,10,11"
521,0
522,"40,402,145"
523,"40,131,226"
524,"23,32,118"
525,"231,26,23"
526,"74,118,23"
527,"134,131,40"
528,"296,169,300"
529,"23,454,31"
530,"10,64"
531,"220,10,242"
532,"44,145,40"
533,"0,279,249"
534,"169,296,199"
535,"26,23,89"
536,"3,147,148"
537,"0,8,206"
538,"437,401,40"
539,"3,53"
540,0
541,"23,38"
542,"23,26,89"
543,"4,3,19"
544,"41,40,3"
545,"184,40,494"
546,"10,64"
547,141
548,"3,15,16"
549,"10,239,60"
550,"135,138,40"
551,"0,369,3"
552,"40,128,408"
553,"220,242,10"
554,"10,11,12"
555,"10,60,93"
556,"10,64,93"
557,"23,89,26"
558,"10,64,93"
559,"40,128"
560,"220,10,221"
561,"0,265,349"
562,"220,10,221"
563,"11,10,109"
564,"3,21"
565,"10,60,64"
566,"346,313,501"
567,"370,0,216"
568,"118,74,23"
569,"11,10,109"
570,"10,64,54"
571,40
572,"3,13"
573,"64,10,93"
574,"10,90,64"
575,"21,102,3"
576,"64,10,93"
577,"10,54"
578,3
579,"11,10,109"
580,"23,309"
581,"21,3"
582,"0,218,214"
583,3
584,"170,169,459"
585,"0,8,346"
586,"220,242,10"
587,"3,147,148"
588,23
589,"3,21,22"
590,"23,231"
591,"64,10,90"
592,"169,459"
593,"95,54,10"
594,"220,10,221"
595,"135,236,40"
596,"23,63"
597,0
598,"3,85"
599,"137,23,38"
600,"74,23"
601,"131,40,406"
602,"3,5"
603,"265,0,24"
604,"3,4,238"
605,"0,456,271"
606,"40,160,315"
607,"3,36,147"
608,"0,271,366"
609,"74,23"
610,"43,24,23"
611,"26,231,23"
612,"24,59,10"
613,"3,21,5"
614,"128,129,40"
615,"0,348,280"
616,"145,40,44"
617,"290,3,31"
618,23
619,169
620,"23,350,26"
621,"26,23,89"
622,40
623,3
624,"3,100,367"
625,"313,0,346"
626,"281,169,199"
627,40
628,40
629,"4,3,19"
630,"31,402,40"
631,"0,206,8"
632,"199,169,343"
633,"169,356,199"
634,"0,475,218"
635,"23,26,350"
636,"40,135"
637,"3,127,21"
638,"40,152,151"
639,"456,0,271"
640,"74,23,303"
641,"0,8,206"
642,"40,135,236"
643,"40,128"
644,"3,21,164"
645,"89,23,26"
646,"3,147,148"
647,"31,23,258"
648,"4,3,19"
649,"170,169,260"
650,"54,10"
651,"23,89,26"
652,"11,10,290"
653,"40,160,149"
654,"31,23,454"
655,"40,131,241"
656,3
657,"0,279,249"
658,"3,5"
659,"3,13,204"
660,"40,131,226"
661,"0,216"
662,"21,3"
663,"43,10,24"
664,"11,10,109"
665,"43,23,24"
666,"64,10,473"
667,"31,96,23"
668,"23,26,89"
669,23
670,"23,74"
671,"45,44"
672,"220,10"
673,"169,199,281"
674,"40,131"
675,"147,3"
676,"10,109,11"
677,"3,17,168"
678,"3,111,267"
679,"220,10,221"
680,"0,8,206"
681,"134,131,40"
682,"10,64,448"
683,"74,23,303"
684,"23,74"
685,"3,15"
686,"402,145,40"
687,"199,169,356"
688,"23,169,25"
689,"220,10,242"
690,"3,523,53"
691,169
692,"3,53,325"
693,"10,64,93"
694,"0,206"
695,"23,82"
696,"71,38,23"
697,"16,15,3"
698,3
699,"40,131,406"
700,"17,3,320"
701,"64,10,338"
702,"23,74"
703,23
704,"74,23"
705,"135,138,40"
706,"40,131,3"
707,"40,41,224"
708,"0,266,265"
709,"24,23,49"
710,"17,3,320"
711,"184,23,40"
712,"16,15,3"
713,0
714,21
715,"23,49,24"
716,"3,147"
717,"3,4,435"
718,"21,3"
719,"23,303,74"
720,"3,147,148"
721,"10,11,12"
722,"3,21"
723,"3,147,148"
724,"5,3,228"
725,"43,23,24"
726,"3,53"
727,"8,0,308"
728,"199,323,169"
729,"40,41,224"
730,169
731,"169,296,274"
732,"3,17"
733,10
734,"199,169,323"
735,0
736,"10,64,93"
737,"259,169,199"
738,"10,11,205"
739,"350,8,0"
740,"23,26"
741,"456,0,271"
742,"3,4"
743,"23,24"
744,"402,40,145"
745,"4,3"
746,"23,74"
747,"31,258,328"
748,"3,53,68"
749,10
750,"42,21,41"
751,"43,24,23"
752,"111,3,119"
753,"170,459,169"
754,"417,169,296"
755,"10,64,93"
756,"44,45,40"
757,163
758,"3,15,16"
759,"417,169,296"
760,"169,296"
761,"0,521,208"
762,"10,64,93"
763,"3,21,182"
764,"3,21,126"
765,"0,8,285"
766,"0,265,273"
767,"169,199"
768,"0,265"
769,"10,60,61"
770,"111,3"
771,"64,10,448"
772,"15,16,3"
773,"3,28,190"
774,"169,199"
775,"3,21,124"
776,"3,21,187"
777,23
778,"4,19,3"
779,10
780,"64,93,10"
781,"10,64,93"
782,"0,456,271"
783,"74,303"
784,3
785,23
786,"0,216"
787,"23,74,165"
788,"8,0,308"
789,"8,0,26"
790,"21,3"
791,"220,242"
792,"44,145"
793,"23,103"
794,"281,169,199"
795,"40,131,132"
796,"3,5,228"
797,3
798,"40,131,406"
799,"111,112"
800,"459,170,152"
801,0
802,"23,0,89"
803,3
804,"3,53,287"
805,"169,199,281"
806,"89,23"
807,"44,145"
808,"281,3,21"
809,"170,169,3"
810,"23,59,24"
811,"43,24,23"
812,"44,11"
813,"0,291"
814,"102,21,3"
815,"40,395,128"
816,"3,21"
817,265
818,"3,17,168"
819,"170,260,169"
820,"0,255,462"
821,"3,17,320"
822,169
823,"43,23,24"
824,"3,111,267"
825,"40,145,44"
826,"8,391,0"
827,"10,11,12"
828,"169,170,296"
829,"478,40,145"
830,"10,64,90"
831,0
832,"109,11,10"
833,"169,199"
834,"3,111"
835,"74,317,23"
836,"169,199"
837,"184,40,185"
838,"3,4,183"
839,"5,3,228"
840,"402,40,145"
841,"111,3,85"
842,"3,5,228"
843,"26,23,89"
844,"10,258,23"
845,23
846,"199,169"
847,"128,129,130"
848,0
849,"96,31,258"
850,"111,169,112"
851,"44,25,24"
852,"32,23,31"
853,"71,23,38"
854,"111,170,169"
855,"40,41,146"
856,"49,24,23"
857,"64,10,93"
858,3
859,"169,459,170"
860,"23,26,89"
861,"10,60"
862,40
863,"0,255,462"
864,"3,13,204"
865,40
866,"3,21,108"
867,"169,171,199"
868,"3,13,158"
869,"43,10,60"
870,"395,40"
871,"23,74"
872,"3,85"
873,"169,199,343"
874,"0,214,213"
875,"44,45"
876,"3,13"
877,"131,40,226"
878,"169,171,199"
879,"23,38"
880,"3,85,158"
881,"0,369,206"
882,"40,145,10"
883,"40,149,41"
884,"40,145,44"
885,"42,41,40"
886,169
887,"60,10,61"
888,"3,53,287"
889,"199,281,169"
890,"44,40,145"
891,3
892,"74,23,303"
893,"10,95,54"
894,23
895,"3,53,523"
896,"131,226,40"
897,"3,21,523"
898,"41,40,42"
899,"0,304,216"
900,"0,279"
901,"3,126,21"
902,"25,24,23"
903,"40,131,226"
904,"10,64,93"
905,23
906,"8,0"
907,"0,8"
908,3
909,"162,163,40"
910,"220,10,221"
911,"11,10,109"
912,478
913,"44,40,145"
914,"64,10,448"
915,"220,10,221"
916,"4,3,435"
917,"0,271"
918,"3,4,238"
919,23
920,"3,147,156"
921,"234,10,322"
922,"3,28,113"
923,"10,64,93"
924,"40,146,145"
925,23
926,"234,10"
927,"128,129,40"
928,"3,53,21"
929,"3,30,66"
930,"89,26,23"
931,"229,0,421"
932,"82,8,0"
933,"23,137"
934,"10,64,93"
935,"426,169"
936,"3,21"
937,"3,147,148"
938,"3,147,53"
939,"296,169,306"
940,"4,3,19"
941,"26,23,89"
942,"147,3"
943,"199,169,281"
944,"4,19,3"
945,"169,199,343"
946,"0,8,206"
947,"3,21"
948,"118,74,23"
949,"40,241"
950,"0,271,456"
951,"10,54,239"
952,"169,170"
953,"23,31"
954,"49,24,23"
955,"10,11,12"
956,"40,145,402"
957,"49,24,23"
958,"234,60,10"
959,"64,10,93"
960,"169,199,170"
961,"199,169,281"
962,"11,24,59"
963,"40,139"
964,"10,54"
965,"129,128,130"
966,"64,10,448"
967,"169,339"
968,"3,53,287"
969,"23,74"
970,"138,40,135"
971,40
972,"74,23"
973,"0,255,370"
974,"220,10,242"
975,"272,0,361"
976,"0,8,206"
977,40
978,"3,21,187"
979,"317,74,23"
980,"23,49"
981,"0,235"
982,"17,168,3"
983,"3,21"
984,"131,40,134"
985,"40,152,151"
986,"23,105,318"
987,"134,131,40"
988,"10,64,93"
989,3
990,"3,34,263"
991,10
992,"169,23"
993,"3,111,472"
994,"43,10,24"
995,3
996,"169,199"
997,"40,131,406"
998,"317,201,40"
999,"23,74"
1000,"0,340"
1001,"3,4,238"
1002,"0,257,216"
1003,"23,77"
1004,"3,53"
1005,"169,199"
1006,"3,21"
1007,"145,44,40"
1008,"169,296"
1009,"10,11"
1010,"231,23"
1011,"3,21"
1012,"3,21"
1013,"10,64,448"
1014,"3,21,126"
1015,"0,265"
1016,"23,24"
1017,"23,87"
1018,"3,21,187"
1019,"4,3,238"
1020,"0,348,255"
1021,"220,10,242"
1022,0
1023,"26,23,89"
1024,"3,4"
1025,"162,163,40"
1026,"0,8"
1027,"26,89,23"
1028,3
1029,"23,43,24"
1030,23
1031,"10,43,23"
1032,"128,40,186"
1033,"3,21"
1034,"53,287,3"
1035,"23,53,105"
1036,"15,16,3"
1037,"3,147"
1038,"3,21"
1039,"43,24,23"
1040,31
1041,"44,40,145"
1042,"265,0,349"
1043,"0,304,216"
1044,"10,64,90"
1045,"71,23,38"
1046,"3,21,108"
1047,169
1048,"220,10,242"
1049,"0,216,304"
1050,"64,10,93"
1051,"3,21"
1052,"220,242,10"
1053,"64,10,93"
1054,"40,131,406"
1055,"54,322,10"
1056,"220,10,221"
1057,"3,15,147"
1058,3
1059,"40,139,153"
1060,"23,43,24"
1061,3
1062,40
1063,"0,211,319"
1064,"28,3"
1065,"152,151,40"
1066,"44,40,145"
1067,"89,23,26"
1068,"3,111,161"
1069,"111,267"
1070,"3,22,21"
1071,"0,265,418"
1072,"10,64"
1073,"8,0,206"
1074,"3,182,68"
1075,"3,21,108"
1076,"26,23"
1077,"3,174,156"
1078,"40,152,151"
1079,"40,41,224"
1080,"3,506,13"
1081,3
1082,"26,23,89"
1083,"38,309,23"
1084,"40,139"
1085,64
1086,"0,277"
1087,"64,10,448"
1088,"3,34"
1089,"40,395,128"
1090,"4,3"
1091,"40,139"
1092,"74,303,23"
1093,21
1094,"169,199"
1095,"0,216"
1096,"3,17"
1097,40
1098,"40,41"
1099,"40,146,145"
1100,"0,352"
1101,"0,280"
1102,"3,53"
1103,"24,43,23"
1104,"3,21,187"
1105,23
1106,"23,440,38"
1107,"169,171,170"
1108,"44,199,145"
1109,"169,281,199"
1110,"10,64,442"
1111,"0,206,8"
1112,"23,24,49"
1113,"3,4,238"
1114,"169,171,199"
1115,"40,160,334"
1116,"60,10,239"
1117,"0,216,304"
1118,"128,40,195"
1119,"40,146"
1120,"10,64,93"
1121,"3,17"
1122,169
1123,"131,40,406"
1124,"3,21,127"
1125,"199,169,343"
1126,3
1127,"10,64,448"
1128,"23,26,89"
1129,"0,366,271"
1130,"25,24"
1131,"11,10"
1132,0
1133,"64,10"
1134,"11,205,10"
1135,"211,319,0"
1136,"3,21,48"
1137,"169,336,405"
1138,"220,10,242"
1139,"169,199"
1140,169
1141,"3,158,85"
1142,"220,10,221"
1143,"169,199,281"
1144,"11,10"
1145,"23,24"
1146,"28,3,190"
1147,"89,23,26"
1148,"26,23,89"
1149,"3,85,158"
1150,"3,30,66"
1151,"3,40"
1152,"10,54,95"
1153,220
1154,"402,10"
1155,"10,239,60"
1156,"40,145,44"
1157,"0,218,255"
1158,"26,23,89"
1159,"147,3,148"
1160,"171,169,199"
1161,"3,34"
1162,"26,231,23"
1163,"74,84,23"
1164,"0,340,265"
1165,"23,74,303"
1166,"3,53,21"
1167,147
1168,"0,271,424"
1169,"44,145,71"
1170,"0,354,255"
1171,"74,23,118"
1172,"3,4,19"
1173,"23,26,231"
1174,"23,0"
1175,23
1176,"43,23,24"
1177,"0,271"
1178,"10,64,65"
1179,"40,160"
1180,169
1181,"0,2,1"
1182,"0,265,340"
1183,23
1184,"26,23,350"
1185,"32,23,31"
1186,"220,10,221"
1187,"3,15"
1188,"31,290,23"
1189,"171,169,199"
1190,"3,30,66"
1191,"135,40,236"
1192,"10,64,93"
1193,"40,41"
1194,"0,265,349"
1195,"281,169,199"
1196,"4,3"
1197,"40,151,152"
1198,0
1199,"10,60,239"
1200,"11,10,205"
1201,"23,74,118"
1202,"3,21,111"
1203,"118,23,74"
1204,"10,54,95"
1205,"10,71"
1206,"0,235"
1207,"0,265,349"
1208,"220,10,221"
1209,"43,24,23"
1210,"74,23"
1211,"169,199,170"
1212,"10,64,80"
1213,"169,199"
1214,"26,350,23"
1215,"10,220,221"
1216,74
1217,"3,147,523"
1218,"111,123"
1219,"64,10"
1220,"199,169"
1221,"220,10,221"
1222,3
1223,"3,85,282"
1224,"131,40,226"
1225,"11,109,10"
1226,"309,38,23"
1227,"40,151"
1228,"40,131,241"
1229,"10,64"
1230,"40,151,74"
1231,13
1232,0
1233,"26,23,89"
1234,"199,10,323"
1235,"317,74"
1236,"220,10,242"
1237,"249,279,0"
1238,"402,31,328"
1239,13
1240,"0,266,265"
1241,"3,379,21"
1242,"44,145,40"
1243,"40,128"
1244,"11,10,109"
1245,"0,348"
1246,"199,281,169"
1247,"23,74,165"
1248,"64,10,65"
1249,"199,169"
1250,"0,265,340"
1251,"64,10,448"
1252,"3,85,158"
1253,"131,226,406"
1254,"224,41,40"
1255,"231,23"
1256,"3,4,238"
1257,"0,280,348"
1258,"169,199"
1259,"0,266,265"
1260,"3,21"
1261,32
1262,"64,93,10"
1263,"53,287,3"
1264,"10,54,95"
1265,"204,40"
1266,"17,168,3"
1267,"395,23"
1268,"231,23,26"
1269,"3,21"
1270,40
1271,"71,23"
1272,"3,48,21"
1273,"406,131,23"
1274,"170,459,169"
1275,23
1276,17
1277,"3,85"
1278,"40,135,386"
1279,"16,15,3"
1280,10
1281,3
1282,"10,54,64"
1283,"147,3,148"
1284,"3,170"
1285,3
1286,"0,271"
1287,"350,26,23"
1288,"128,129"
1289,"229,0,230"
1290,"220,10,242"
1291,"169,199,323"
1292,"32,31,23"
1293,"231,26,23"
1294,"4,176,10"
1295,3
1296,"5,3,57"
1297,"3,21"
1298,"3,147,148"
1299,"64,10,93"
1300,"23,89,26"
1301,"23,63,74"
1302,"3,21"
1303,3
1304,"3,4"
1305,"3,53,523"
1306,"3,68,74"
1307,"169,199,281"
1308,"339,169,337"
1309,"4,176"
1310,"3,401"
1311,23
1312,419
1313,"45,44"
1314,"23,26,38"
1315,"281,3,53"
1316,53
1317,"0,100,265"
1318,"0,271"
1319,"3,111"
1320,"64,10,93"
1321,"220,10,242"
1322,"3,147,148"
1323,"74,303,165"
1324,"23,26,350"
1325,"3,21"
1326,"26,23,231"
1327,"220,10,221"
1328,3
1329,3
1330,"64,10,448"
1331,"3,238,4"
1332,"3,187"
1333,"169,199"
1334,"0,313"
1335,"3,28,364"
1336,"3,13"
1337,"220,10,242"
1338,"127,40,21"
1339,"3,147,156"
1340,"3,187,21"
1341,"40,145,146"
1342,169
1343,"199,169,281"
1344,"220,10"
1345,"40,128,129"
1346,"26,0"
1347,"147,148,3"
1348,"138,135,40"
1349,10
1350,23
1351,"0,313,501"
1352,"3,188,53"
1353,"0,346,313"
1354,"53,287,3"
1355,"0,308,8"
1356,"147,3"
1357,"3,85,86"
1358,"74,118,23"
1359,"11,10"
1360,"36,35,3"
1361,"128,129"
1362,"3,81"
1363,"170,169,260"
1364,"3,53"
1365,"199,169,323"
1366,"26,23,89"
1367,"3,28"
1368,"3,53,21"
1369,"165,74,23"
1370,"0,271,456"
1371,"40,324,41"
1372,"44,45"
1373,"40,55,145"
1374,"10,95,54"
1375,"11,109"
1376,"3,111"
1377,"169,170"
1378,"64,10"
1379,23
1380,"45,145,44"
1381,"0,206"
1382,"3,147"
1383,"3,111"
1384,"3,21,301"
1385,"40,315,160"
1386,"61,60,10"
1387,"89,26,23"
1388,"11,10,205"
1389,"3,21,108"
1390,"17,168,3"
1391,"0,354"
1392,"3,21,187"
1393,"40,149"
1394,"3,164,21"
1395,"135,40,138"
1396,"11,109,10"
1397,"0,266,265"
1398,"23,38"
1399,"170,169,260"
1400,"40,151,152"
1401,"170,169,260"
1402,"3,4"
1403,"3,447"
1404,"10,54,95"
1405,"199,10,323"
1406,"3,17,168"
1407,"3,111"
1408,"3,28,364"
1409,10
1410,"239,10,96"
1411,"23,26"
1412,34
1413,"54,95,10"
1414,"220,221,10"
1415,"3,17"
1416,"3,53,287"
1417,3
1418,"3,5,228"
1419,"0,266,265"
1420,"3,21,41"
1421,"23,74"
1422,"40,151,152"
1423,"23,26,89"
1424,"23,74"
1425,"3,17,21"
1426,128
1427,23
1428,"10,11,109"
1429,"3,53"
1430,"10,55"
1431,"3,21"
1432,"44,67,23"
1433,"64,10,80"
1434,"10,64"
1435,"10,64,448"
1436,23
1437,"169,199,281"
1438,"23,24,49"
1439,"23,105"
1440,"3,21"
1441,3
1442,"0,339"
1443,"64,10,338"
1444,"11,10,12"
1445,"60,10,239"
1446,"23,231,26"
1447,"24,49,23"
1448,"40,402,10"
1449,"3,21,127"
1450,"0,266,265"
1451,"111,125,267"
1452,"10,234,60"
1453,"3,21,127"
1454,"64,10,65"
1455,"160,40,302"
1456,"3,4"
1457,"224,40,41"
1458,"3,263,34"
1459,"199,169,259"
1460,"43,24,23"
1461,111
1462,"11,10,109"
1463,"145,44,40"
1464,"24,23,43"
1465,"129,128,40"
1466,0
1467,"60,199,10"
1468,"0,206,8"
1469,"118,23,74"
1470,"426,427,169"
1471,"43,64,23"
1472,0
1473,"5,3,57"
1474,"4,3,19"
1475,"64,10,80"
1476,"10,220"
1477,"4,3"
1478,0
1479,"40,186,128"
1480,"74,118,23"
1481,"10,95,54"
1482,"3,147,148"
1483,0
1484,"49,23,24"
1485,"3,15,16"
1486,"3,53"
1487,"11,10,205"
1488,"3,168,17"
1489,"40,131,132"
1490,"147,3"
1491,"10,64"
1492,"23,43,24"
1493,"0,271,456"
1494,"3,147,148"
1495,"23,38"
1496,"23,74,303"
1497,"40,131,406"
1498,23
1499,"40,131,226"
1500,"23,25,39"
1501,"158,85,3"
1502,"169,339,199"
1503,"220,242,10"
1504,"23,38,137"
1505,"3,147"
1506,"169,199"
1507,"26,23,89"
1508,"21,3"
1509,"0,255"
1510,"3,34"
1511,"169,170"
1512,"40,138,135"
1513,"0,206,8"
1514,"199,169,281"
1515,3
1516,"339,337,169"
1517,"128,195,40"
1518,23
1519,"3,66,30"
1520,74
1521,"43,23,24"
1522,"3,21,124"
1523,"23,49,24"
1524,"64,10"
1525,"11,10,109"
1526,"49,24,23"
1527,"10,64,90"
1528,"0,216"
1529,"31,23"
1530,"281,199,169"
1531,"220,10,242"
1532,"10,64"
1533,"24,43,23"
1534,"10,11"
1535,"220,10"
1536,"216,0,304"
1537,"417,169,296"
1538,0
1539,"3,15,16"
1540,"23,26,89"
1541,"169,3,53"
1542,"3,21"
1543,"138,40,135"
1544,"10,60,239"
1545,"128,129,40"
1546,"139,153,40"
1547,"234,60,10"
1548,"44,145,40"
1549,"10,64"
1550,"0,216,304"
1551,"4,3,238"
1552,"74,23,118"
1553,"3,4,435"
1554,"3,15,16"
1555,23
1556,"0,271,456"
1557,"3,147"
1558,"220,10,242"
1559,"10,64,93"
1560,"296,169,428"
1561,"64,10,65"
1562,3
1563,"63,23,38"
1564,"3,115,21"
1565,"138,170,135"
1566,"44,145,67"
1567,0
1568,"23,71"
1569,"0,8,206"
1570,"64,10,90"
1571,73
1572,"3,17"
1573,"296,169,306"
1574,"54,10,95"
1575,"220,10,242"
1576,"23,105,137"
1577,"147,3,148"
1578,"128,129,40"
1579,"169,199"
1580,"3,34,263"
1581,"3,401,53"
1582,"10,60,64"
1583,"169,417,296"
1584,"3,21,108"
1585,"40,135"
1586,"64,10"
1587,"3,21"
1588,64
1589,"74,317,23"
1590,"40,186,128"
1591,"45,44"
1592,"169,170,260"
1593,"169,171,199"
1594,"24,43,23"
1595,"171,169,199"
1596,128
1597,"147,148,3"
1598,"85,3,158"
1599,"44,145,95"
1600,"199,323,24"
1601,"40,152,151"
1602,"64,10"
1603,"10,11,205"
1604,40
1605,3
1606,"40,41,149"
1607,"296,169"
1608,"169,459,170"
1609,"3,15"
1610,"49,23,24"
1611,"40,184"
1612,23
1613,3
1614,"281,169,199"
1615,"3,56"
1616,"0,271,272"
1617,"23,26"
1618,"3,111,305"
1619,"220,10,242"
1620,"3,53,287"
1621,"169,199,281"
1622,"199,169,281"
1623,"296,169,336"
1624,"0,353,271"
1625,"23,47,24"
1626,"220,10"
1627,"74,23,118"
1628,"40,41,149"
1629,"40,134,131"
1630,10
1631,"40,145"
1632,23
1633,"3,111,21"
1634,"10,11,80"
1635,"0,279"
1636,"105,23,326"
1637,"0,266,265"
1638,"3,4,435"
1639,"131,23"
1640,"3,287,21"
1641,"3,182,21"
1642,"3,17,168"
1643,"10,11,12"
1644,"10,60"
1645,"0,271"
1646,"10,93,64"
1647,10
1648,55
1649,"74,118,23"
1650,"64,10,93"
1651,"0,265,340"
1652,"3,5,228"
1653,"0,304,216"
1654,"3,66,21"
1655,"3,147"
1656,"23,49,24"
1657,"170,260,169"
1658,"3,147,148"
1659,"44,145"
1660,"96,31,23"
1661,6
1662,"128,129,130"
1663,"40,131,134"
1664,"4,3"
1665,"44,45,145"
1666,"139,40,153"
1667,10
1668,"3,28,113"
1669,"131,40,134"
1670,"0,218,465"
1671,"10,109,11"
1672,3
1673,"287,53,131"
1674,"53,23,60"
1675,"10,64,43"
1676,"0,522"
1677,"64,448,10"
1678,"346,129,128"
1679,"111,3,119"
1680,"43,23,24"
1681,"0,255,348"
1682,"0,206,8"
1683,"3,21,108"
1684,"3,21"
1685,"0,464"
1686,"3,21"
1687,40
1688,"3,21,127"
1689,"40,131,134"
1690,"367,53,100"
1691,"3,21"
1692,"169,170,260"
1693,3
1694,"0,279,216"
1695,"74,317,23"
1696,"10,23,24"
1697,"40,128,129"
1698,"3,523,53"
1699,40
1700,"10,11,12"
1701,"85,3"
1702,"3,21,182"
1703,"0,265,349"
1704,"10,234,11"
1705,"3,21"
1706,"147,3,203"
1707,"0,271"
1708,23
1709,"151,152,40"
1710,"61,60,10"
1711,"0,257,216"
1712,"44,145,40"
1713,169
1714,"147,148,3"
1715,"171,199,169"
1716,"15,16,3"
1717,"0,304,216"
1718,"296,169,411"
1719,"0,23"
1720,"40,131,406"
1721,"43,24,23"
1722,"11,10,109"
1723,"44,40,145"
1724,40
1725,"220,10,221"
1726,"26,23,231"
1727,"165,23,74"
1728,"11,10,205"
1729,"0,218,512"
1730,"3,34,263"
1731,"199,169,323"
1732,"170,169,459"
1733,"64,10,93"
1734,"3,21,127"
1735,"0,363"
1736,"44,145,45"
1737,"3,17,320"
1738,"10,64"
1739,0
1740,"3,21"
1741,"3,21"
1742,"0,257,216"
1743,169
1744,48
1745,"3,21,127"
1746,3
1747,"3,4,238"
1748,"89,26,23"
1749,"64,10,448"
1750,"64,10"
1751,"290,31,3"
1752,"89,26,23"
1753,"0,271"
1754,"10,64,93"
1755,"169,199"
1756,"40,128"
1757,"23,24"
1758,"313,346,0"
1759,"23,231,26"
1760,"23,309,105"
1761,"3,53"
1762,"44,45,145"
1763,"170,260,169"
1764,"220,10,221"
1765,"41,21,3"
1766,"135,138"
1767,"0,257"
1768,3
1769,"3,53"
1770,"3,379"
1771,"0,8"
1772,"3,21"
1773,"21,3,128"
1774,"11,10"
1775,"199,169,356"
1776,"64,10,448"
1777,"3,111,85"
1778,"3,21"
1779,"3,21,22"
1780,"169,199,343"
1781,"169,0,199"
1782,"0,271,280"
1783,"23,74,165"
1784,"40,129,128"
1785,"169,184,170"
1786,23
1787,"40,145"
1788,"40,149,41"
1789,"281,169,199"
1790,"40,244"
1791,"220,242,10"
1792,"23,74"
1793,"10,11"
1794,"40,135,386"
1795,0
1796,"23,89,26"
1797,"10,220"
1798,"23,74"
1799,"3,21"
1800,"96,31,23"
1801,0
1802,"3,34"
1803,"24,59,23"
1804,"23,74,165"
1805,"0,235,8"
1806,"3,21,187"
1807,"49,24,23"
1808,"40,41,127"
1809,"31,23,32"
1810,"31,23"
1811,"3,28,113"
1812,"3,5,228"
1813,"220,10,221"
1814,"169,230,296"
1815,10
1816,"224,41,40"
1817,"21,3,127"
1818,"64,10"
1819,"53,105,287"
1820,"10,11,109"
1821,"74,118,23"
1822,3
1823,"23,26,350"
1824,3
1825,23
1826,"54,10,95"
1827,"10,64"
1828,"3,21"
1829,"171,169,199"
1830,"170,169,260"
1831,"0,277,1"
1832,0
1833,"3,30"
1834,"169,170"
1835,"0,346"
1836,"10,60,96"
1837,"44,145,40"
1838,"147,3,148"
1839,3
1840,40
1841,"3,18"
1842,"3,53"
1843,"3,21"
1844,"0,216,304"
1845,24
1846,"151,152,40"
1847,23
1848,"0,8"
1849,"15,3,16"
1850,"15,16,3"
1851,"10,64,338"
1852,"111,3,119"
1853,"131,40"
1854,"10,64,93"
1855,"8,0"
1856,"0,206,8"
1857,"128,40,129"
1858,"201,40,41"
1859,0
1860,"23,74,162"
1861,"40,135,141"
1862,"350,23,26"
1863,"64,10,93"
1864,"3,21"
1865,"134,131,40"
1866,"0,255"
1867,"169,508,426"
1868,"165,23,74"
1869,"8,0,206"
1870,"40,315,160"
1871,"0,363"
1872,"169,199,281"
1873,0
1874,"23,44,24"
1875,"40,241"
1876,"128,129,40"
1877,"43,24,23"
1878,"3,21,126"
1879,"0,313"
1880,"370,0"
1881,"10,64,93"
1882,"10,64,65"
1883,"118,74,23"
1884,"169,199"
1885,"3,4,15"
1886,"3,53,401"
1887,"10,64,93"
1888,"10,64,93"
1889,"3,21,33"
1890,"74,23,118"
1891,"16,15,3"
1892,"0,255"
1893,"220,10,242"
1894,23
1895,"0,206"
1896,"25,23"
1897,"64,26,10"
1898,"3,375"
1899,"0,346,313"
1900,"40,250,135"
1901,"17,3"
1902,10
1903,"3,28"
1904,"17,168,3"
1905,"147,148,3"
1906,0
1907,"3,111,284"
1908,3
1909,"3,4,238"
1910,25
1911,"220,10,242"
1912,0
1913,"3,85,388"
1914,"281,169,199"
1915,"0,280,271"
1916,"3,147,148"
1917,"0,285,271"
1918,0
1919,"199,281,169"
1920,"74,23,118"
1921,"64,10,448"
1922,"23,231,26"
1923,"3,4"
1924,"42,41,40"
1925,"3,4,19"
1926,"3,4,188"
1927,"23,26,89"
1928,"169,170"
1929,"3,5"
1930,"23,10"
1931,"23,24"
1932,"0,271"
1933,3
1934,"220,10,221"
1935,"118,74,23"
1936,"199,169,281"
1937,"41,40,286"
1938,"3,158,85"
1939,"508,169,426"
1940,"23,43,24"
1941,10
1942,"0,271,456"
1943,"326,105"
1944,"31,23"
1945,"74,40"
1946,10
1947,"74,165,23"
1948,"220,10,221"
1949,"10,11"
1950,"74,165,23"
1951,"54,10,95"
1952,"199,169"
1953,"3,4,407"
1954,"220,10,221"
1955,"3,21,126"
1956,"64,10,80"
1957,"3,85"
1958,"3,147,148"
1959,"0,456,271"
1960,"0,216,304"
1961,"3,4"
1962,"10,220,221"
1963,"64,10,93"
1964,"169,296"
1965,"23,74,165"
1966,"10,11,12"
1967,"74,23,303"
1968,"64,10,93"
1969,"0,271,456"
1970,"309,38,23"
1971,"220,10,221"
1972,"10,220,221"
1973,74
1974,"220,221,10"
1975,0
1976,"0,280,271"
1977,"105,23,318"
1978,"0,271,456"
1979,"206,8,0"
1980,"64,43,93"
1981,"3,30"
1982,"64,10,80"
1983,"3,147,53"
1984,0
1985,"43,24,23"
1986,"0,277"
1987,"0,313"
1988,"40,131,132"
1989,"220,242,10"
1990,"3,147,148"
1991,10
1992,3
1993,3
1994,"3,21"
1995,"74,23"
1996,"508,169,426"
1997,"169,281,199"
1998,"169,199"
1999,"64,335"
2000,"0,235"
2001,"60,10"
2002,"3,21"
2003,"23,24,145"
2004,"263,3,34"
2005,169
2006,"23,74,165"
2007,169
2008,"90,10,64"
2009,"10,234,11"
2010,"199,169,426"
2011,0
2012,"10,64,448"
2013,"0,280,271"
2014,"0,340,265"
2015,"0,8"
2016,"199,323,169"
2017,40
2018,"74,107"
2019,"220,10,221"
2020,"199,169"
2021,"3,21"
2022,"3,85,158"
2023,"147,3"
2024,40
2025,"169,199,248"
2026,"85,3,158"
2027,"26,23,89"
2028,"0,279,249"
2029,"10,11,12"
2030,"131,40,134"
2031,"23,44,24"
2032,"169,199"
2033,"24,43,23"
2034,"42,40"
2035,169
2036,"23,38,63"
2037,"5,228,3"
2038,"3,21,187"
2039,"10,221,220"
2040,"169,21"
2041,"3,34"
2042,"199,169,281"
2043,"0,218,465"
2044,"0,304,216"
2045,"29,3"
2046,"44,145,40"
2047,169
2048,"11,10,205"
2049,"111,123,3"
2050,"44,109"
2051,"3,21,108"
2052,"3,21,281"
2053,"40,146,145"
2054,"32,23,31"
2055,"64,10,80"
2056,"171,169,199"
2057,"0,456,271"
2058,115
2059,"40,42,41"
2060,"31,32,23"
2061,"3,21"
2062,"3,168,17"
2063,"44,45,40"
2064,"10,60"
2065,230
2066,"10,31"
2067,"10,64"
2068,"4,3"
2069,"23,49,24"
2070,"10,64,65"
2071,"17,3"
2072,"3,30,66"
2073,"71,23,165"
2074,"3,21,127"
2075,"162,40,163"
2076,"96,31,23"
2077,"3,147,148"
2078,"170,169,10"
2079,"169,199,259"
2080,0
2081,"160,40"
2082,"26,89,23"
2083,"0,216,380"
2084,"169,199"
2085,169
2086,"281,199,169"
2087,"40,41,149"
2088,"140,139"
2089,"266,0,265"
2090,"350,26,23"
2091,"0,208"
2092,"5,3,228"
2093,"0,218"
2094,32
2095,0
2096,0
2097,"40,215"
2098,"10,64"
2099,"322,10,54"
2100,"23,38"
2101,"3,21"
2102,"111,112,3"
2103,"151,152,40"
2104,"64,10,90"
2105,"128,129,40"
2106,23
2107,"169,170,171"
2108,"3,147"
2109,"220,242,10"
2110,"169,281,199"
2111,"41,40,42"
2112,"0,214,213"
2113,"64,10,93"
2114,"23,137"
2115,"0,271,456"
2116,"147,156,3"
2117,"23,271,0"
2118,"73,44"
2119,"23,26"
2120,44
2121,"350,26,23"
2122,"40,131,226"
2123,"495,23"
2124,"64,10,93"
2125,"49,23,24"
2126,"10,11,12"
2127,"3,147,21"
2128,"0,216"
2129,"3,53"
2130,"11,10,109"
2131,"23,74,165"
2132,"64,10,93"
2133,48
2134,"10,64,93"
2135,"3,111"
2136,"456,0,271"
2137,"10,220"
2138,"139,40,153"
2139,"3,4,238"
2140,"3,21"
2141,"40,131,226"
2142,"23,63,38"
2143,"28,3,364"
2144,"49,24,23"
2145,"64,10,93"
2146,"230,229,0"
2147,"0,271,522"
2148,"220,10,242"
2149,"199,169,24"
2150,"23,26"
2151,"93,64,10"
2152,"3,85,379"
2153,"40,131,145"
2154,"8,0,391"
2155,"3,85,158"
2156,23
2157,"10,64,93"
2158,"40,367"
2159,"40,44,145"
2160,"23,87,38"
2161,"393,113,3"
2162,"220,221,10"
2163,"111,119,3"
2164,"84,23,162"
2165,"169,199,171"
2166,"220,242,10"
2167,"74,23,317"
2168,"40,131"
2169,"199,323,10"
2170,"308,8,0"
2171,"40,151,152"
2172,"3,21"
2173,"40,184,243"
2174,3
2175,"23,26,89"
2176,"48,23"
2177,"23,26,350"
2178,"23,71,24"
2179,"17,168,3"
2180,"43,23,24"
2181,"40,131,406"
2182,23
2183,"0,8"
2184,"0,8,285"
2185,"3,85,147"
2186,"3,21,127"
2187,"40,151,152"
2188,"43,23,24"
2189,3
2190,"3,34"
2191,"145,322,40"
2192,"11,109,10"
2193,"17,168,3"
2194,"3,53"
2195,0
2196,"0,271"
2197,"40,131,241"
2198,"10,220,242"
2199,"281,199,169"
2200,"40,139,153"
2201,"456,0,271"
2202,"64,10,448"
2203,"169,171,199"
2204,"23,49,24"
2205,"281,199"
2206,"3,53"
2207,"0,271"
2208,"0,346,313"
2209,"169,199"
2210,"23,118,74"
2211,"216,0,304"
2212,"3,147,156"
2213,3
2214,"23,74,303"
2215,"128,40,195"
2216,"3,53"
2217,"40,131,406"
2218,"220,10,242"
2219,"220,242"
2220,"220,10,242"
2221,"131,40,226"
2222,"23,31,96"
2223,"10,64"
2224,"71,23,38"
2225,"3,4"
2226,"3,21"
2227,"220,10,242"
2228,"0,369,208"
2229,513
2230,"10,93,60"
2231,"220,10,242"
2232,"71,23,38"
2233,10
2234,"11,10,12"
2235,"402,40,145"
2236,"220,10,242"
2237,"8,0,391"
2238,"220,10,242"
2239,"0,265"
2240,"3,238,4"
2241,"23,96,31"
2242,"3,4,238"
2243,"3,30,66"
2244,"64,80,10"
2245,"40,402,145"
2246,"40,395,41"
2247,"220,10,242"
2248,"43,24,23"
2249,"54,10,55"
2250,"128,130,40"
2251,"3,17,168"
2252,"147,3,156"
2253,"220,10,221"
2254,"3,21,48"
2255,"11,10,109"
2256,"17,168"
2257,"0,8"
2258,"0,280,348"
2259,"220,10,221"
2260,23
2261,"23,74"
2262,"10,11"
2263,"138,135,40"
2264,"0,271,361"
2265,"40,139,153"
2266,"169,281,199"
2267,"10,11,12"
2268,"0,208,211"
2269,"10,64,93"
2270,3
2271,"169,170,199"
2272,"152,151,356"
2273,"4,3"
2274,"3,15,16"
2275,"169,296,306"
2276,"54,55,10"
2277,"169,312"
2278,"3,21,126"
2279,"218,0,512"
2280,"0,216,254"
2281,"43,23,24"
2282,"169,343,339"
2283,"89,23,26"
2284,"296,169,460"
2285,"0,265,340"
2286,"5,3,228"
2287,"147,3,148"
2288,"3,15,16"
2289,"220,10,242"
2290,"3,379"
2291,"138,135,40"
2292,"3,21"
2293,"74,118,23"
2294,"0,271"
2295,"11,205,10"
2296,"220,10,242"
2297,"3,21"
2298,"220,10,242"
2299,"169,459,199"
2300,"0,456,271"
2301,23
2302,"74,23,303"
2303,"3,236"
2304,"3,169,187"
2305,"3,15"
2306,"0,271"
2307,"40,186,128"
2308,"0,313"
2309,"17,168,3"
2310,"10,54,95"
2311,"0,8,235"
2312,"3,21"
2313,"199,169,323"
2314,"10,220,242"
2315,23
2316,"23,26,89"
2317,"199,24,323"
2318,"220,10"
2319,"265,0"
2320,3
2321,"169,199"
2322,"23,26,231"
2323,"0,279,249"
2324,"169,296,281"
2325,"0,319,211"
2326,"0,216,304"
2327,"26,89,23"
2328,"10,54,322"
2329,"40,41,186"
2330,"32,23,31"
2331,"0,277,413"
2332,169
2333,"95,54"
2334,"23,26,350"
2335,"23,26,350"
2336,"40,160,302"
2337,"220,10,242"
2338,"3,4,238"
2339,"4,3"
2340,"23,74"
2341,"145,40,44"
2342,"3,21,127"
2343,"23,25,24"
2344,431
2345,"28,3,113"
2346,"23,118,74"
2347,"220,10,221"
2348,"3,17"
2349,"199,343,169"
2350,"10,64,90"
2351,"10,234,11"
2352,"3,287,53"
2353,"220,221,10"
2354,"0,266,471"
2355,"11,109,10"
2356,"3,21,187"
2357,"169,170,171"
2358,"281,199,169"
2359,"25,24,23"
2360,"0,265"
2361,"44,145,45"
2362,169
2363,"40,224,41"
2364,"115,21,146"
2365,"129,128,40"
2366,"220,10,221"
2367,"162,163,40"
2368,"165,74,23"
2369,"44,24,23"
2370,"3,147"
2371,"26,23,89"
2372,3
2373,"220,242,10"
2374,"220,10,242"
2375,"54,10,95"
2376,"3,53"
2377,10
2378,"3,15,16"
2379,"40,44,145"
2380,"214,0,213"
2381,"0,265"
2382,"21,3,127"
2383,"3,111,112"
2384,"478,322"
2385,"3,28,190"
2386,"74,23"
2387,"169,199,343"
2388,"44,145,45"
2389,"170,169,260"
2390,"3,85,293"
2391,"10,234,11"
2392,"170,169"
2393,"3,147,156"
2394,"11,10,109"
2395,0
2396,"220,242,10"
2397,"54,10,95"
2398,"169,171,199"
2399,"40,41,224"
2400,"25,24,23"
2401,"49,23,24"
2402,3
2403,"0,413,277"
2404,"3,21,108"
2405,"10,60"
2406,"40,139"
2407,"11,10,109"
2408,"24,43,23"
2409,"44,145,40"
2410,"23,24,10"
2411,"40,395,128"
2412,3
2413,"224,41,40"
2414,"10,11"
2415,"16,15,144"
2416,"118,74,23"
2417,"10,64"
2418,44
2419,"64,10,93"
2420,"3,187,21"
2421,"43,23,24"
2422,"3,15,16"
2423,"3,21"
2424,"4,3,19"
2425,"64,10,448"
2426,"3,111"
2427,"89,337,0"
2428,"118,74,23"
2429,506
2430,"89,23,26"
2431,"129,128,40"
2432,"0,216,304"
2433,100
2434,"3,147,148"
2435,"3,21,126"
2436,"281,199,169"
2437,23
2438,"169,170"
2439,"3,147"
2440,"10,72,11"
2441,"0,8,206"
2442,"64,10,93"
2443,"3,30,104"
2444,"40,131,139"
2445,"152,151,40"
2446,"24,23,43"
2447,"231,26,23"
2448,"40,131,241"
2449,"10,220,221"
2450,"3,311,169"
2451,"8,0,391"
2452,"128,40,195"
2453,"138,40"
2454,"3,21,127"
2455,"0,271,355"
2456,"128,129,40"
2457,"169,171,199"
2458,169
2459,"10,11,109"
2460,"3,21"
2461,23
2462,"85,3,86"
2463,"3,21"
2464,"10,64,93"
2465,"0,339,337"
2466,"10,40,402"
2467,"169,170"
2468,"220,10"
2469,"96,31"
2470,"64,10,79"
2471,"220,10,242"
2472,"128,129,130"
2473,"17,3,168"
2474,"40,128"
2475,3
2476,"3,21,126"
2477,"10,60,64"
2478,3
2479,"3,111,267"
2480,"32,31,23"
2481,"199,169,281"
2482,"10,64,90"
2483,"3,17,168"
2484,"23,49,24"
2485,"169,281,199"
2486,"0,249,279"
2487,"0,265,425"
2488,40
2489,"3,111"
2490,"3,17"
2491,"0,346,313"
2492,"0,271"
2493,"45,145"
2494,"0,211,212"
2495,220
2496,"40,139,41"
2497,"23,105"
2498,"139,155,241"
2499,0
2500,"170,169,459"
2501,"3,108,21"
2502,23
2503,"0,287,3"
2504,"40,131"
2505,"0,8"
2506,"40,128,129"
2507,3
2508,"169,199"
2509,"24,49,23"
2510,"43,23,64"
2511,"3,41"
2512,"0,271"
2513,"128,129,40"
2514,"10,64"
2515,"3,34,21"
2516,10
2517,"43,23,24"
2518,"10,54,322"
2519,"131,134,40"
2520,23
2521,3
2522,"3,28"
2523,"169,199"
2524,"61,60,10"
2525,"216,370,0"
2526,"10,23,43"
2527,23
2528,"95,54,10"
2529,"26,23"
2530,208
2531,"31,454,23"
2532,"0,8,206"
2533,"199,169"
2534,"313,0,346"
2535,"40,139,153"
2536,"21,3,379"
2537,"23,43,60"
2538,"134,3"
2539,3
2540,"10,11,109"
2541,"3,21,187"
2542,"23,26"
2543,"224,40,41"
2544,"0,213,214"
2545,"40,368,131"
2546,"24,23"
2547,"115,3"
2548,0
2549,"26,350,23"
2550,"169,374,199"
2551,"10,64,90"
2552,"138,135,374"
2553,23
2554,"11,10,12"
2555,"3,4"
2556,"64,10,80"
2557,3
2558,"169,170,199"
2559,"40,41"
2560,"10,54,322"
2561,3
2562,29
2563,"0,304,271"
2564,"40,186,184"
2565,10
2566,"40,128,129"
2567,"111,3,119"
2568,"218,512"
2569,"220,10,242"
2570,"0,280"
2571,"29,28,3"
2572,10
2573,"23,38,137"
2574,"105,495"
2575,"25,23"
2576,"3,147,113"
2577,"49,23,24"
2578,"3,164,21"
2579,"10,239,60"
2580,"454,23,31"
2581,"220,10,242"
2582,"0,265,490"
2583,"40,186,128"
2584,"3,113,28"
2585,"296,300,169"
2586,105
2587,"3,111,284"
2588,"3,523,147"
2589,"220,10,221"
2590,"3,15"
2591,0
2592,"40,21"
2593,"10,11,419"
2594,"5,3,57"
2595,"169,199,281"
2596,"258,31"
2597,"40,131,31"
2598,"40,186,128"
2599,0
2600,"74,23,317"
2601,"0,279,249"
2602,40
2603,"241,40,131"
2604,"3,17,168"
2605,"26,350,23"
2606,0
2607,"23,74,84"
2608,"26,350,23"
2609,"138,135,40"
2610,"43,23,24"
2611,"0,271,456"
2612,"10,49,24"
2613,"40,73,145"
2614,"74,23,303"
2615,"40,41,286"
2616,"24,43,23"
2617,"10,64,90"
2618,"0,271"
2619,"169,170,436"
2620,"40,135,250"
2621,"456,0,271"
2622,"60,10,61"
2623,"15,3,16"
2624,"3,147,148"
2625,"0,265"
2626,"40,241,131"
2627,"3,21"
2628,"54,10,95"
2629,"0,8,308"
2630,454
2631,"128,129,130"
2632,"3,21"
2633,"43,23,10"
2634,40
2635,"199,323,169"
2636,249
2637,"3,21"
2638,"105,3"
2639,"3,147,156"
2640,"23,24,43"
2641,"40,131,406"
2642,"146,40"
2643,"111,112"
2644,111
2645,"3,53"
2646,"169,170,274"
2647,"3,85"
2648,"26,23"
2649,"265,0"
2650,"74,23,317"
2651,"160,3"
2652,"10,64"
2653,"3,17"
2654,"40,131,132"
2655,"10,64,93"
2656,"40,131,226"
2657,"74,165,317"
2658,"64,10,65"
2659,"220,10,242"
2660,"4,19,3"
2661,3
2662,"3,111,112"
2663,"43,24,64"
2664,"169,199"
2665,"26,350,23"
2666,3
2667,"3,147"
2668,"3,275"
2669,"43,23,24"
2670,"31,10,23"
2671,"11,10,12"
2672,"5,3,228"
2673,"23,454,31"
2674,"10,11,109"
2675,"111,3,112"
2676,"131,40,406"
2677,"17,3"
2678,"3,111,21"
2679,"14,3,13"
2680,"0,265,349"
2681,"216,169,0"
2682,"350,26,23"
2683,3
2684,0
2685,"10,64,90"
2686,"4,3,407"
2687,"169,199,323"
2688,"3,17,168"
2689,"111,3,40"
2690,"40,151"
2691,"169,199,281"
2692,"40,131,226"
2693,23
2694,"34,3,169"
2695,"151,152,199"
2696,"23,74,118"
2697,"64,10,448"
2698,0
2699,"40,241,131"
2700,"224,40,41"
2701,"3,66,30"
2702,"220,10,221"
2703,"3,4,238"
2704,"40,224,41"
2705,"281,169,199"
2706,10
2707,"426,169"
2708,"230,0"
2709,"169,199,343"
2710,"3,111"
2711,"309,23,135"
2712,"0,355,271"
2713,"10,64"
2714,401
2715,169
2716,"0,8,235"
2717,"3,427,426"
2718,"296,0"
2719,"199,169,281"
2720,"40,145,44"
2721,"23,26,89"
2722,"0,271"
2723,"169,170"
2724,"49,24,23"
2725,"0,456,271"
2726,"3,21,108"
2727,"10,60"
2728,"220,10,242"
2729,"26,89"
2730,"131,40,406"
2731,3
2732,"23,74,118"
2733,"146,40,145"
2734,"10,64,93"
2735,"44,145,40"
2736,"11,10,109"
2737,3
2738,"169,199,281"
2739,"10,220,221"
2740,"40,152"
2741,145
2742,"40,135,139"
2743,"118,74,23"
2744,"3,148,147"
2745,"23,49,24"
2746,"10,90,64"
2747,"40,152,151"
2748,"40,131,226"
2749,"32,31,23"
2750,"23,24,11"
2751,"40,128,135"
2752,"111,3,119"
2753,"3,53"
2754,"64,10"
2755,"64,10,80"
2756,"0,280,271"
2757,"74,23,118"
2758,"220,10,221"
2759,"220,242,10"
2760,"3,164,21"
2761,"0,8,206"
2762,"74,23,118"
2763,"220,10,221"
2764,"3,21"
2765,0
2766,"40,128"
2767,23
2768,"160,40,315"
2769,"40,160"
2770,"169,199,281"
2771,"10,234,11"
2772,"131,40,134"
2773,"10,54"
2774,"3,147"
2775,"11,10,109"
2776,"23,137,38"
2777,"3,4,375"
2778,0
2779,"277,413"
2780,"3,53"
2781,"0,8,235"
2782,"0,214,213"
2783,"45,44"
2784,"17,3,168"
2785,"10,220"
2786,"49,10,23"
2787,"118,74,23"
2788,"169,199"
2789,"23,74"
2790,"40,241,131"
2791,"40,131,226"
2792,123
2793,"281,169,199"
2794,"3,147,148"
2795,"40,42"
2796,"40,128,129"
2797,"0,271,352"
2798,3
2799,"8,405,0"
2800,"128,8,40"
2801,"281,169,199"
2802,"64,10,80"
2803,"241,40,139"
2804,"26,89"
2805,"10,49,23"
2806,"40,128,186"
2807,"3,115,21"
2808,"54,10,95"
2809,"64,10,80"
2810,"0,206,8"
2811,3
2812,0
2813,"64,10,93"
2814,"3,21,48"
2815,"3,28,113"
2816,"169,199"
2817,"105,23"
2818,"17,168"
2819,"169,426,427"
2820,"3,204,13"
2821,"3,85,111"
2822,"23,32,31"
2823,"296,169,336"
2824,"199,169,281"
2825,"10,64,60"
2826,3
2827,128
2828,"23,71"
2829,"0,257"
2830,"111,3,123"
2831,"129,128,40"
2832,"26,89,23"
2833,"129,40,128"
2834,"169,199"
2835,"3,21"
2836,"23,118,74"
2837,"44,45,145"
2838,"169,260,170"
2839,"171,169,199"
2840,"3,263,34"
2841,"131,40,226"
2842,"11,10"
2843,"3,21"
2844,"3,4,238"
2845,3
2846,"10,93,64"
2847,"17,320"
2848,"0,319,211"
2849,"220,10,242"
2850,"296,169,428"
2851,"17,168,3"
2852,"74,303,23"
2853,"135,40,138"
2854,"40,74,317"
2855,"3,21"
2856,"337,339,169"
2857,"23,105,318"
2858,"53,287,99"
2859,"40,149,41"
2860,"169,111,199"
2861,"23,89,26"
2862,"3,447,17"
2863,"3,21"
2864,"4,19,3"
2865,"131,40,406"
2866,23
2867,3
2868,"345,169"
2869,"23,106,105"
2870,"0,218"
2871,"40,131,226"
2872,"64,10,93"
2873,"0,216,212"
2874,"138,135,40"
2875,"346,0,313"
2876,"40,131,406"
2877,"10,64"
2878,"0,346,313"
2879,"4,3,238"
2880,"0,456,271"
2881,"43,24,23"
2882,"199,169,171"
2883,"3,4,19"
2884,"0,265"
2885,"220,10,221"
2886,"4,3,19"
2887,"456,271,0"
2888,"131,406"
2889,"44,45"
2890,"10,220"
2891,"40,141,135"
2892,"3,147,148"
2893,"23,26,231"
2894,"23,74,165"
2895,"23,24,49"
2896,"0,265"
2897,"10,64,93"
2898,"3,13"
2899,"74,165,23"
2900,"40,131,132"
2901,"16,15,3"
2902,"44,145,40"
2903,"265,0,340"
2904,"11,10,205"
2905,3
2906,"0,206"
2907,"3,21,124"
2908,"3,147,156"
2909,23
2910,"23,74"
2911,"23,26,89"
2912,0
2913,"128,129,40"
2914,0
2915,"10,23"
2916,"0,271"
2917,"220,10,221"
2918,"199,169,64"
2919,"0,271,456"
2920,"64,10,93"
2921,"40,131,406"
2922,"3,85,156"
2923,"40,149,41"
2924,170
2925,"199,169,259"
2926,3
2927,3
2928,"40,160,151"
2929,"10,54,95"
2930,"129,128,40"
2931,"43,24,23"
2932,"23,25,24"
2933,"3,21"
2934,"10,322,54"
2935,"3,19,330"
2936,"3,21,127"
2937,"3,111,53"
2938,"10,64,93"
2939,"3,48,30"
2940,"45,44,145"
2941,"3,53"
2942,"40,135"
2943,"24,23,43"
2944,"40,41,224"
2945,"40,135"
2946,"11,10"
2947,"74,303,23"
2948,"26,89,23"
2949,"40,184,185"
2950,3
2951,"339,169,337"
2952,"169,170,459"
2953,40
2954,"24,23,43"
2955,23
2956,"3,147"
2957,"11,10,205"
2958,0
2959,"0,265"
2960,"3,4"
2961,10
2962,"169,171,199"
2963,"24,23,49"
2964,"0,271,366"
2965,"10,109,258"
2966,"40,131,226"
2967,"64,10,90"
2968,"23,24"
2969,"23,49,24"
2970,"128,129,40"
2971,"0,229"
2972,"23,74"
2973,"0,206,8"
2974,"3,21,108"
2975,"3,523,147"
2976,"3,21"
2977,"64,10,93"
2978,3
2979,"162,163,40"
2980,"220,10,221"
2981,"402,10"
2982,"40,139,41"
2983,10
2984,"23,307,74"
2985,"128,129,0"
2986,0
2987,"40,152,151"
2988,"23,350"
2989,"10,54"
2990,"3,21"
2991,"10,11,109"
2992,"32,23,31"
2993,145
2994,"43,24,23"
2995,"220,242,10"
2996,"3,48"
2997,"41,127,40"
2998,"23,137,38"
2999,"40,215"
3000,23
3001,"3,15,16"
3002,"11,10"
3003,"23,26,231"
3004,"296,169,306"
3005,"4,3"
3006,"23,89,26"
3007,"138,135"
3008,"23,74,118"
3009,"40,41,42"
3010,3
3011,"11,109"
3012,"3,21"
3013,"64,10,80"
3014,"0,456,271"
3015,"401,40"
3016,"23,31"
3017,"23,31"
3018,"303,60,61"
3019,44
3020,"3,17"
3021,"13,14,3"
3022,"40,145,402"
3023,"10,54"
3024,"3,21,379"
3025,"128,129,130"
3026,"32,31,23"
3027,"64,10,338"
3028,"169,199"
3029,"13,3,150"
3030,"0,279"
3031,169
3032,"3,305,111"
3033,"0,271,456"
3034,23
3035,"0,235,8"
3036,"3,167,147"
3037,"3,147"
3038,"3,187,21"
3039,"31,169,23"
3040,"89,26,23"
3041,"40,494,184"
3042,"3,187,21"
3043,169
3044,"3,17"
3045,3
3046,"23,24,303"
3047,"3,147,148"
3048,"3,21,127"
3049,"3,4,238"
3050,"40,160,334"
3051,"23,25,24"
3052,"0,272,271"
3053,23
3054,"3,147,148"
3055,"128,129,40"
3056,"296,169,371"
3057,"64,10,80"
3058,"112,111,3"
3059,"43,54,95"
3060,"54,10,95"
3061,"0,24"
3062,"111,3,119"
3063,"24,23"
3064,"44,40,145"
3065,"169,281,199"
3066,"23,105,106"
3067,"26,23,231"
3068,"0,8,308"
3069,"23,182"
3070,"0,271"
3071,40
3072,"10,60"
3073,"169,508,199"
3074,"169,339,337"
3075,"139,40,3"
3076,"4,19,3"
3077,"3,187"
3078,"3,53,523"
3079,"8,308,0"
3080,506
3081,"23,454,31"
3082,"11,10,205"
3083,30
3084,"64,10,93"
3085,"3,21"
3086,"138,135,40"
3087,"3,21"
3088,"10,11,12"
3089,23
3090,"3,4"
3091,"11,10,12"
3092,"40,402,145"
3093,"32,31,23"
3094,"23,26,89"
3095,"151,152,40"
3096,"40,146,145"
3097,"0,313,346"
3098,"456,0,271"
3099,"23,26"
3100,3
3101,"21,41,3"
3102,"23,303"
3103,"40,160"
3104,"129,128,40"
3105,"64,10,80"
3106,"60,10,61"
3107,"199,169,323"
3108,"3,147"
3109,"169,199,281"
3110,"21,3,40"
3111,"220,10"
3112,"169,199"
3113,"3,66,30"
3114,"53,3"
3115,"23,169"
3116,"4,3,19"
3117,"40,131"
3118,"3,30,66"
3119,"40,41"
3120,23
3121,"64,10,338"
3122,"89,23,26"
3123,"169,199,281"
3124,"10,220,402"
3125,"281,199,169"
3126,"10,64,80"
3127,3
3128,"10,64,338"
3129,"3,4,5"
3130,"109,11,10"
3131,"3,68,182"
3132,"48,3,21"
3133,"199,169,281"
3134,3
3135,"3,156,147"
3136,"44,40,145"
3137,"112,111,3"
3138,"3,147,148"
3139,"3,17"
3140,"3,21"
3141,"160,40"
3142,"3,4,30"
3143,"322,10"
3144,"0,424,271"
3145,"71,23,74"
3146,"10,64,90"
3147,"21,3,127"
3148,"23,74,303"
3149,"3,21"
3150,"3,17,168"
3151,"74,23,303"
3152,"40,131,406"
3153,"3,17"
3154,"40,160"
3155,"147,148,3"
3156,23
3157,"220,221,10"
3158,"8,0,206"
3159,"43,24,23"
3160,"199,281,169"
3161,"4,3,238"
3162,23
3163,"40,286,41"
3164,"44,145,40"
3165,"169,260,170"
3166,"206,0,8"
3167,"169,223,199"
3168,"34,3,263"
3169,"3,53,287"
3170,"3,111,53"
3171,"169,199,281"
3172,23
3173,"40,134,131"
3174,"454,31,260"
3175,"0,271,456"
3176,"0,8"
3177,"26,23,89"
3178,"74,23,118"
3179,"23,350,26"
3180,"11,44,10"
3181,"4,3"
3182,"187,3,21"
3183,"24,43,23"
3184,"147,156,3"
3185,"40,149,160"
3186,"31,96,23"
3187,"220,242,10"
3188,"43,23,24"
3189,12
3190,"169,199,281"
3191,"199,169"
3192,"23,43,24"
3193,"169,199,528"
3194,"128,40,129"
3195,3
3196,"169,296"
3197,"0,235,8"
3198,"96,31,23"
3199,"0,255"
3200,"23,74,303"
3201,23
3202,"0,355"
3203,"128,129,130"
3204,"11,10,109"
3205,"160,40,315"
3206,"21,102,3"
3207,"241,131,406"
3208,40
3209,"201,3"
3210,"3,53"
3211,"10,11,205"
3212,"309,23,38"
3213,"40,186,128"
3214,"169,199"
3215,"3,21"
3216,"64,10,448"
3217,"23,26,350"
3218,"40,146,145"
3219,"17,168"
3220,"169,296"
3221,"162,163,128"
3222,"0,319,279"
3223,"0,257,216"
3224,"137,23,38"
3225,"131,53"
3226,"23,39,38"
3227,"26,231,23"
3228,131
3229,"0,216"
3230,"0,257,216"
3231,"281,199,169"
3232,"43,10"
3233,"45,23,40"
3234,"23,43,60"
3235,"3,21"
3236,"40,149,41"
3237,"23,24"
3238,"220,10,242"
3239,"135,40,244"
3240,"24,10,23"
3241,"3,147,148"
3242,"10,60"
3243,"169,199,170"
3244,"40,73,44"
3245,"64,10,65"
3246,"74,23,283"
3247,"10,11,109"
3248,"11,10"
3249,"118,23,500"
3250,"64,10"
3251,"21,42,40"
3252,"53,3,292"
3253,"40,145,146"
3254,"3,21"
3255,"0,456,271"
3256,"0,456,271"
3257,"0,271"
3258,"3,4"
3259,"3,15,16"
3260,"3,53,523"
3261,"220,242,10"
3262,"64,10,448"
3263,169
3264,"23,84,74"
3265,"64,10"
3266,"224,40,41"
3267,"0,522"
3268,"0,214"
3269,"0,254"
3270,"54,10,95"
3271,"118,23,74"
3272,"0,271,366"
3273,"40,131"
3274,"3,21,48"
3275,40
3276,44
3277,"32,23,31"
3278,"169,171,170"
3279,"3,21,187"
3280,"23,169,170"
3281,"3,21,53"
3282,"3,21"
3283,"40,131,406"
3284,169
3285,"147,3,148"
3286,"89,23,26"
3287,"0,211,319"
3288,"5,3,228"
3289,"162,163,40"
3290,"17,168,3"
3291,"23,309"
3292,"169,281,199"
3293,"140,139,153"
3294,"3,21"
3295,"160,40,315"
3296,"21,3"
3297,"220,10,242"
3298,"3,4"
3299,"3,21,187"
3300,"15,16,3"
3301,"23,38,309"
3302,"40,73,44"
3303,"64,10,338"
3304,"169,170,459"
3305,"0,255,462"
3306,"0,216,370"
3307,"220,10,242"
3308,0
3309,23
3310,"26,23,0"
3311,"10,54,95"
3312,"3,21"
3313,"64,10,80"
3314,"139,40,155"
3315,"49,23,24"
3316,"265,0"
3317,"0,271,522"
3318,"3,203,147"
3319,"23,0"
3320,"28,3"
3321,"169,281,199"
3322,"10,45,54"
3323,"382,169,155"
3324,"3,293"
3325,"5,3,6"
3326,"23,32"
3327,23
3328,"220,10,221"
3329,"3,5,228"
3330,"21,3"
3331,"13,253"
3332,"265,0,266"
3333,"3,21"
3334,"169,281,199"
3335,23
3336,"3,15,16"
3337,"17,168,3"
3338,"169,199"
3339,"0,366,271"
3340,"31,328,23"
3341,"49,24,23"
3342,"3,21"
3343,"3,21"
3344,"281,169,199"
3345,"220,10,242"
3346,"23,26"
3347,"3,21"
3348,"0,266"
3349,"220,10,242"
3350,"170,169"
3351,"0,277"
3352,"23,309"
3353,"40,152,151"
3354,"128,40,129"
3355,"3,4,111"
3356,"162,163,40"
3357,"17,168,3"
3358,"40,160,302"
3359,"26,23,89"
3360,"0,255,462"
3361,"40,145,44"
3362,"3,4"
3363,"128,129,40"
3364,"128,129,40"
3365,"3,263,34"
3366,"40,41"
3367,"40,131,226"
3368,"8,0,285"
3369,"0,314,313"
3370,0
3371,"3,17,15"
3372,"3,21"
3373,"10,64"
3374,"129,128,40"
3375,"60,10,61"
3376,"11,10,12"
3377,"74,317,23"
3378,"169,171,199"
3379,"241,131,40"
3380,"129,128,40"
3381,"0,265,490"
3382,"23,118,74"
3383,"10,64,93"
3384,"139,153,140"
3385,"23,74,317"
3386,"162,40,163"
3387,"169,171,199"
3388,"0,216,254"
3389,40
3390,"40,33,201"
3391,"23,454,38"
3392,"11,10,109"
3393,"40,162,163"
3394,"3,523,53"
3395,222
3396,145
3397,"11,10,109"
3398,"74,23,118"
3399,"128,23"
3400,"10,54,95"
3401,3
3402,"43,24,23"
3403,"89,313,26"
3404,"10,64"
3405,"54,10,145"
3406,323
3407,"3,21"
3408,"54,10,322"
3409,"23,165,24"
3410,"241,478,23"
3411,199
3412,"26,23,89"
3413,"10,64"
3414,"24,23,49"
3415,"43,23,24"
3416,"71,38,23"
3417,"40,145,44"
3418,"10,11"
3419,"23,74,317"
3420,"0,10"
3421,"64,10,448"
3422,"49,24,23"
3423,"40,160"
3424,"0,206,8"
3425,"31,96"
3426,"0,265,349"
3427,"0,280,348"
3428,"3,30,66"
3429,"44,40,145"
3430,"3,5"
3431,"169,199"
3432,"135,40,189"
3433,"40,131,406"
3434,"26,23,350"
3435,0
3436,"8,206,0"
3437,"23,74"
3438,"24,23,43"
3439,"40,131,406"
3440,"40,131,226"
3441,"44,145"
3442,"230,229"
3443,"0,271"
3444,"23,74"
3445,"17,168,3"
3446,"40,160"
3447,23
3448,"40,324,41"
3449,3
3450,"0,206,8"
3451,"169,199,170"
3452,"0,313"
3453,"3,111"
3454,"53,3,287"
3455,"0,456,271"
3456,"3,13,378"
3457,"3,148,147"
3458,169
3459,"49,24,23"
3460,"40,131,132"
3461,"26,23,0"
3462,"40,131,132"
3463,"3,116,447"
3464,"350,26,23"
3465,"40,128"
3466,"10,64"
3467,"3,28,330"
3468,"4,3"
3469,"3,36,35"
3470,"3,148,147"
3471,"0,216,304"
3472,"4,3,19"
3473,"402,40,145"
3474,"64,10,65"
3475,"10,11"
3476,0
3477,"3,158,108"
3478,"23,74,38"
3479,"10,11"
3480,"231,26,23"
3481,"23,118,74"
3482,"3,147,148"
3483,"3,170"
3484,"4,19,3"
3485,"3,21,379"
3486,"3,17,168"
3487,"169,199,343"
3488,"170,169"
3489,3
3490,"84,23,74"
3491,"23,32,31"
3492,3
3493,"128,40,129"
3494,"3,21"
3495,"89,26,23"
3496,"169,199"
3497,"43,24,23"
3498,"199,169,281"
3499,"0,8"
3500,"0,271"
3501,"3,21"
3502,"40,135,189"
3503,"44,145,45"
3504,"281,199,169"
3505,3
3506,"11,10,109"
3507,"118,74,23"
3508,"220,10,242"
3509,"0,206,8"
3510,"0,271,456"
3511,"10,64,65"
3512,"23,231,26"
3513,31
3514,"3,35,36"
3515,"43,24,23"
3516,"169,199,356"
3517,"10,11"
3518,"40,160,302"
3519,"44,67,145"
3520,"3,21"
3521,"11,10,109"
3522,"54,10,40"
3523,"151,152,40"
3524,"3,21"
3525,"309,23"
3526,"296,169,411"
3527,"3,85"
3528,"3,48"
3529,"40,41,324"
3530,"3,111,53"
3531,"220,10,221"
3532,"23,74"
3533,"24,23,10"
3534,"3,148"
3535,"169,199,259"
3536,3
3537,"3,147"
3538,3
3539,"85,3,86"
3540,"23,26,89"
3541,"49,23,24"
3542,"0,418,265"
3543,"3,147,148"
3544,"131,40,226"
3545,"26,89,23"
3546,"0,206,8"
3547,"23,396"
3548,140
3549,"271,40,0"
3550,"32,23,31"
3551,"40,0,402"
3552,"456,0,271"
3553,"169,170"
3554,"3,13"
3555,"0,271,456"
3556,"17,3,168"
3557,"139,40,153"
3558,"118,74,23"
3559,"4,70,3"
3560,"169,171,199"
3561,"3,21,379"
3562,375
3563,"40,41,324"
3564,"64,10,93"
3565,"3,30,17"
3566,"3,111"
3567,"31,96"
3568,"3,21"
3569,"281,169,199"
3570,"40,131,466"
3571,"23,74,118"
3572,"64,10"
3573,"199,169"
3574,"3,13"
3575,"10,11,12"
3576,"23,40"
3577,"220,221,10"
3578,"25,24,23"
3579,"128,186,40"
3580,"64,10,448"
3581,"0,271,456"
3582,"45,44,40"
3583,"3,32"
3584,169
3585,3
3586,"43,23,24"
3587,"3,21"
3588,"135,40,138"
3589,"231,23,26"
3590,"220,10,221"
3591,"0,220,235"
3592,"169,199"
3593,"23,26"
3594,"23,74"
3595,"60,10,23"
3596,"296,169,428"
3597,"32,23,31"
3598,207
3599,"241,131,40"
3600,"17,168,3"
3601,"111,23"
3602,"3,112,111"
3603,"3,33,21"
3604,"3,147,148"
3605,"11,10,205"
3606,"0,271,355"
3607,141
3608,"49,10,24"
3609,"3,85"
3610,"3,21"
3611,"3,204,21"
3612,"23,64"
3613,"368,184,40"
3614,3
3615,0
3616,"64,10,448"
3617,"54,10,322"
3618,"169,199"
3619,"3,35,36"
3620,"0,271,456"
3621,"170,260,169"
3622,23
3623,"3,4,174"
3624,"3,21"
3625,"220,10,221"
3626,"31,258,23"
3627,"402,10,145"
3628,"40,131,226"
3629,160
3630,"23,89,26"
3631,"10,64,93"
3632,23
3633,"152,151,40"
3634,"26,23,313"
3635,"3,4,111"
3636,"11,109,10"
3637,"128,40,129"
3638,"17,3,168"
3639,"40,145,524"
3640,"10,44"
3641,"3,53,287"
3642,"145,40"
3643,"40,131"
3644,"40,368,111"
3645,"3,147"
3646,"10,44"
3647,"53,3,287"
3648,"339,169,337"
3649,"74,23,84"
3650,"169,170"
3651,"3,4"
3652,"105,23,25"
3653,"169,170,23"
3654,"118,74,23"
3655,3
3656,"95,54,10"
3657,"44,145,109"
3658,"3,147,148"
3659,"0,257,255"
3660,"169,199,281"
3661,"44,40"
3662,"0,456,271"
3663,"3,158,301"
3664,"402,40,145"
3665,"64,10,93"
3666,"26,23,89"
3667,"10,11,109"
3668,"3,28,190"
3669,"40,146,145"
3670,"145,40,44"
3671,"10,64,93"
3672,"3,21,187"
3673,"4,3,435"
3674,"44,145,40"
3675,"40,184,185"
3676,"74,165,23"
3677,"13,3,204"
3678,"0,456"
3679,"0,271,456"
3680,334
3681,"3,21,158"
3682,"199,169,343"
3683,"3,15,16"
3684,"3,127,21"
3685,"3,53"
3686,"40,224,41"
3687,"26,0"
3688,"40,155,139"
3689,"131,40,134"
3690,21
3691,"169,170,260"
3692,"23,26"
3693,"138,40,135"
3694,"23,309,3"
3695,216
3696,"10,44,54"
3697,"3,48"
3698,"85,3,158"
3699,"3,68"
3700,"0,169,355"
3701,"21,3,33"
3702,"169,199,281"
3703,"111,267,3"
3704,"3,30,66"
3705,"169,374,199"
3706,40
3707,"160,40,315"
3708,"49,24,23"
3709,"3,21"
3710,"3,4"
3711,"220,10,221"
3712,"3,28,30"
3713,"23,74"
3714,"10,64,90"
3715,"220,10,221"
3716,"0,456,271"
3717,"220,221,10"
3718,23
3719,"95,10,54"
3720,"3,28,66"
3721,"10,64,90"
3722,"23,74"
3723,"147,148,3"
3724,"32,31,23"
3725,"3,4"
3726,"4,3"
3727,"346,313,26"
3728,"26,23,89"
3729,23
3730,"74,118,107"
3731,"3,53"
3732,"0,8"
3733,44
3734,"23,59,24"
3735,"220,10,242"
3736,"169,281,199"
3737,"26,89,23"
3738,"23,74,303"
3739,"3,21"
3740,"10,54,95"
3741,"0,8,235"
3742,"8,23,308"
3743,"23,24,59"
3744,"0,277,216"
3745,"0,475,218"
3746,"220,10,221"
3747,"4,3,19"
3748,"71,23,38"
3749,54
3750,"3,17,168"
3751,"31,478,23"
3752,"8,0,308"
3753,"111,3"
3754,"26,23,89"
3755,"169,171,199"
3756,"3,53,325"
3757,23
3758,"40,145,402"
3759,"23,31,454"
3760,"23,106,105"
3761,"90,64,10"
3762,"10,234,60"
3763,"23,49,24"
3764,"169,199"
3765,"23,40"
3766,"74,118,23"
3767,"220,10,242"
3768,"60,10,176"
3769,"31,454,23"
3770,"169,138,199"
3771,"3,21"
3772,"350,26,23"
3773,"3,21"
3774,"0,308"
3775,"0,265,340"
3776,"23,25,24"
3777,"40,160"
3778,"4,3"
3779,40
3780,"3,4,188"
3781,"3,35,36"
3782,"184,40,185"
3783,40
3784,"17,168,3"
3785,"64,10,79"
3786,"3,169"
3787,"216,380,0"
3788,"8,0,206"
3789,"3,523,53"
3790,"3,34"
3791,"0,456,271"
3792,"0,8,285"
3793,"64,10"
3794,"64,10,65"
3795,"40,131,406"
3796,"220,10,242"
3797,"3,147"
3798,"296,169"
3799,"23,26,89"
3800,"169,281,199"
3801,"3,34,263"
3802,"40,44,145"
3803,"23,24"
3804,"11,109,10"
3805,"26,23,89"
3806,"44,40,145"
3807,"11,109"
3808,"40,131,406"
3809,3
3810,"23,137"
3811,"40,145,10"
3812,"3,28"
3813,"40,131,241"
3814,"89,26,23"
3815,"40,386,135"
3816,"3,447"
3817,"10,54,95"
3818,"3,30,4"
3819,3
3820,"44,145"
3821,"0,271,280"
3822,"26,23,89"
3823,"40,334,160"
3824,"220,221,10"
3825,"3,15,16"
3826,44
3827,"23,74,454"
3828,"3,4,188"
3829,"23,31,454"
3830,"265,0,490"
3831,10
3832,44
3833,"128,129,40"
3834,"3,85,379"
3835,"220,10,242"
3836,"0,271"
3837,"3,375,4"
3838,"0,214,213"
3839,"220,10,221"
3840,"456,0,271"
3841,"145,40,402"
3842,"43,24,23"
3843,"17,3,168"
3844,"0,206,8"
3845,"102,21,3"
3846,"220,10,221"
3847,"169,171,199"
3848,"11,109,10"
3849,"40,131,406"
3850,3
3851,10
3852,"40,146,145"
3853,"281,199,169"
3854,0
3855,"23,96"
3856,"169,417,296"
3857,"3,15,16"
3858,"3,147"
3859,"3,85,379"
3860,"42,21,126"
3861,"64,10,93"
3862,"3,34,263"
3863,"160,40,315"
3864,"53,287"
3865,"220,242,10"
3866,"131,241,406"
3867,"169,199,89"
3868,"23,49,24"
3869,"0,271"
3870,"74,118,23"
3871,"11,10,12"
3872,169
3873,"129,128,40"
3874,145
3875,"23,240"
3876,"0,271"
3877,"3,21"
3878,"3,447,116"
3879,"0,8"
3880,"10,11"
3881,"23,74,519"
3882,"3,4"
3883,"40,44,145"
3884,"0,271,291"
3885,"3,13"
3886,"8,0,206"
3887,"23,74,118"
3888,"15,3,16"
3889,"199,323,169"
3890,"11,10,109"
3891,"23,74"
3892,"0,521"
3893,"3,4"
3894,"40,160"
3895,"3,28"
3896,3
3897,"199,169,343"
3898,"23,39,38"
3899,"26,231,23"
3900,"40,41,42"
3901,169
3902,"38,23,39"
3903,"0,413,277"
3904,"162,40,23"
3905,"26,23,89"
3906,"0,304,216"
3907,"0,8,235"
3908,"23,26,350"
3909,"169,171,199"
3910,"44,145,40"
3911,"139,155,40"
3912,"3,111,119"
3913,"10,93,64"
3914,"220,10,221"
3915,"74,303,165"
3916,"10,60,61"
3917,"3,21"
3918,"402,40,145"
3919,"131,40,368"
3920,"111,112,3"
3921,"10,11,109"
3922,"59,24,23"
3923,"184,40,185"
3924,"43,23,24"
3925,"49,23,24"
3926,"53,23"
3927,"23,31"
3928,"3,21,33"
3929,169
3930,"3,28"
3931,"10,11,12"
3932,"64,10"
3933,"220,10,221"
3934,"40,224,41"
3935,0
3936,"3,30,66"
3937,"24,23,49"
3938,"10,64,80"
3939,"138,135,40"
3940,"40,54,402"
3941,"23,43,24"
3942,0
3943,40
3944,"0,271,456"
3945,"169,199,343"
3946,"10,54,95"
3947,"64,10,448"
3948,"23,84,162"
3949,"10,11,12"
3950,"89,26"
3951,"3,111"
3952,23
3953,"11,10,59"
3954,145
3955,10
3956,"204,13,14"
3957,"308,8,0"
3958,"40,131,134"
3959,"23,137,38"
3960,"64,23,24"
3961,"23,91,38"
3962,"3,21,500"
3963,"0,265,10"
3964,"31,478"
3965,"23,74,303"
3966,"8,0"
3967,"220,10,221"
3968,"23,91,25"
3969,"0,8"
3970,"53,3,467"
3971,"24,23,49"
3972,"3,111,267"
3973,"3,53"
3974,"0,206,8"
3975,"456,0,271"
3976,"4,3,19"
3977,"3,472,111"
3978,23
3979,"0,272,271"
3980,"10,64,90"
3981,"11,10,205"
3982,"0,211,319"
3983,"0,235,8"
3984,"0,271"
3985,"339,169,337"
3986,"40,145,402"
3987,"44,145,40"
3988,"40,131,406"
3989,"40,139"
3990,"74,118,23"
3991,"40,224,41"
3992,"128,129,40"
3993,"0,218,465"
3994,"40,145"
3995,"220,10,242"
3996,"23,137"
3997,"4,3,70"
3998,"3,33"
3999,"169,339,337"
4000,"0,8"
4001,"0,271,456"
4002,"111,267,3"
4003,"3,30,66"
4004,"3,4,238"
4005,199
4006,"169,339,337"
4007,"40,151"
4008,"8,0"
4009,23
4010,"23,74"
4011,"74,317,23"
4012,"10,64"
4013,"3,21"
4014,"3,34,168"
4015,"3,5,133"
4016,"64,10,93"
4017,"8,308,23"
4018,"169,296"
4019,"3,30"
4020,"169,170,260"
4021,0
4022,"23,24,43"
4023,"23,26,89"
4024,"3,48,21"
4025,"3,21,127"
4026,"3,28"
4027,"3,53,523"
4028,10
4029,111
4030,"169,171,170"
4031,"3,53"
4032,"0,208,265"
4033,"23,24"
4034,"3,4"
4035,"23,38,107"
4036,"3,4,183"
4037,"23,105,318"
4038,"105,326"
4039,"3,21"
4040,"54,10,95"
4041,"3,28,330"
4042,"3,111"
4043,"296,306,169"
4044,"3,21"
4045,"11,10,12"
4046,"0,273,265"
4047,"3,15"
4048,"0,366,271"
4049,"0,216"
4050,"8,0,308"
4051,"402,55"
4052,"41,42,40"
4053,"169,199,170"
4054,"0,235,8"
4055,"145,40,402"
4056,"128,195,40"
4057,"31,40,193"
4058,"23,38"
4059,"0,354"
4060,"3,17"
4061,"169,507"
4062,"128,186,40"
4063,"10,64"
4064,"220,10,221"
4065,"111,3"
4066,"3,158,85"
4067,"3,147"
4068,"3,34,187"
4069,"10,64"
4070,"54,322,10"
4071,"3,21"
4072,"135,40,244"
4073,"40,162,128"
4074,0
4075,"160,40,302"
4076,"44,10"
4077,"0,214,213"
4078,"3,85,293"
4079,"0,214,213"
4080,109
4081,"234,10,11"
4082,"23,24,43"
4083,"281,199,169"
4084,"131,40"
4085,23
4086,"40,131,406"
4087,"111,3,119"
4088,"74,23,303"
4089,"343,199,169"
4090,"32,23,31"
4091,"232,23,231"
4092,"408,21,40"
4093,3
4094,"40,41"
4095,"23,118"
4096,"220,10,221"
4097,"40,129,128"
4098,"31,32,23"
4099,"23,137,38"
4100,"10,11,12"
4101,"40,395,128"
4102,23
4103,"0,255,462"
4104,"31,23,32"
4105,"281,199,169"
4106,"350,26,23"
4107,"24,43,23"
4108,10
4109,"3,48"
4110,"40,42,41"
4111,"395,40,128"
4112,"10,11,12"
4113,"40,145,44"
4114,"45,10,44"
4115,"10,218,11"
4116,"3,34"
4117,"64,10"
4118,"309,23"
4119,"131,40,134"
4120,"4,3,19"
4121,"10,220,221"
4122,"3,4,53"
4123,"0,214,213"
4124,"23,26,89"
4125,"23,43,24"
4126,"3,4"
4127,"40,131,226"
4128,"23,89,26"
4129,"25,24,44"
4130,23
4131,"40,139"
4132,"17,3,168"
4133,"40,41"
4134,49
4135,"3,53,287"
4136,"3,53,287"
4137,"5,57,3"
4138,"3,187,53"
4139,"0,8"
4140,"3,4"
4141,"162,163,40"
4142,23
4143,"40,131,226"
4144,"40,135,236"
4145,"40,44,145"
4146,40
4147,"40,160,151"
4148,"23,38"
4149,"281,199,169"
4150,"170,169,260"
4151,"3,238"
4152,"10,64"
4153,"296,169"
4154,"40,41,286"
4155,"129,128,130"
4156,"0,229,421"
4157,"64,10,80"
4158,"21,127,3"
4159,"317,74,23"
4160,"296,0"
4161,"0,214,213"
4162,"138,135,40"
4163,3
4164,"10,512"
4165,"17,168,3"
4166,"220,242,10"
4167,"23,89,26"
4168,"169,199,281"
4169,"3,113"
4170,3
4171,"224,111,41"
4172,"3,30,66"
4173,"0,23"
4174,"32,31,23"
4175,"17,3,168"
4176,"0,271"
4177,"3,21"
4178,"105,23,326"
4179,"0,271"
4180,"0,271,456"
4181,"40,151,152"
4182,"74,23,118"
4183,"11,10,24"
4184,96
4185,"220,10,221"
4186,"23,43,24"
4187,"74,23,118"
4188,"220,221,10"
4189,"23,10"
4190,"74,23,303"
4191,"23,24"
4192,"10,64,93"
4193,"0,8,235"
4194,"3,30,66"
4195,"199,169,343"
4196,"8,0"
4197,"128,40,195"
4198,"4,3"
4199,"165,74,23"
4200,"3,53"
4201,"64,10"
4202,"23,216,0"
4203,"40,184,185"
4204,"44,145"
4205,"220,10,242"
4206,"89,26,23"
4207,"74,23,118"
4208,"73,11,109"
4209,"4,3,19"
4210,"23,26"
4211,"64,10,93"
4212,"169,199"
4213,"82,23,39"
4214,0
4215,"220,242,10"
4216,3
4217,"0,456,271"
4218,"0,206"
4219,"169,199"
4220,"40,131"
4221,"23,24,49"
4222,"0,218,465"
4223,3
4224,"17,168,3"
4225,"111,267,125"
4226,"23,74"
4227,"74,23,118"
4228,0
4229,"40,131,159"
4230,"3,447,34"
4231,"0,370"
4232,"40,145,10"
4233,"402,40,145"
4234,3
4235,"224,40,111"
4236,"23,43"
4237,"3,53,287"
4238,"43,24,23"
4239,"350,23,26"
4240,"24,43,23"
4241,"3,21"
4242,"3,15"
4243,"10,64,93"
4244,"3,21"
4245,"8,308,26"
4246,"0,456,271"
4247,74
4248,"3,147,113"
4249,40
4250,"3,21"
4251,"10,64,93"
4252,"296,169,411"
4253,"23,38,309"
4254,"109,11,10"
4255,"3,85,379"
4256,"40,131,132"
4257,11
4258,"3,4"
4259,"3,85,267"
4260,"0,8,235"
4261,"17,168,3"
4262,"3,4"
4263,"40,139"
4264,"14,3"
4265,"23,26,350"
4266,"3,4"
4267,"10,64,90"
4268,"3,111"
4269,"24,23"
4270,"11,205,10"
4271,"3,111"
4272,"3,17"
4273,"0,8,285"
4274,"23,39,38"
4275,"169,199,343"
4276,"171,169,199"
4277,"169,199,0"
4278,"3,21,187"
4279,3
4280,"3,21"
4281,"169,199,323"
4282,"43,24,23"
4283,"169,170"
4284,"40,406,131"
4285,"199,169"
4286,"10,64"
4287,"40,184,185"
4288,"220,10,221"
4289,"220,221,10"
4290,"220,25,10"
4291,"23,118,74"
4292,"44,40,145"
4293,23
4294,3
4295,"130,128,129"
4296,"23,8,308"
4297,"0,8"
4298,"40,139"
4299,"24,23"
4300,"54,10,55"
4301,"169,170"
4302,"138,135,40"
4303,"10,239,60"
4304,"23,74"
4305,"0,220,235"
4306,"11,109,10"
4307,"129,128,130"
4308,"31,23,258"
4309,"43,24,23"
4310,"24,23,49"
4311,"169,281,199"
4312,"40,131,406"
4313,"40,152,151"
4314,"93,64,10"
4315,"3,17,320"
4316,23
4317,"89,26,23"
4318,"23,26,231"
4319,"84,74,23"
4320,"74,23,165"
4321,"286,41,40"
4322,"11,109,10"
4323,23
4324,"169,171,199"
4325,"24,23,43"
4326,0
4327,"26,23,350"
4328,"10,64"
4329,"40,139,153"
4330,"231,26,23"
4331,"74,23,303"
4332,"24,43,23"
4333,"3,21,33"
4334,40
4335,"60,61"
4336,"93,64,10"
4337,"3,21,85"
4338,"3,30"
4339,"401,53,287"
4340,"3,15,16"
4341,"23,137"
4342,"40,151,152"
4343,"131,40,406"
4344,"44,145,45"
4345,"3,4,375"
4346,"339,169,337"
4347,"10,11"
4348,"169,199"
4349,"3,48,21"
4350,"3,21,147"
4351,"64,10"
4352,"24,43,23"
4353,"74,118,23"
4354,"0,271,456"
4355,"199,169,323"
4356,"21,3,127"
4357,"138,135,40"
4358,"3,13"
4359,"184,40,185"
4360,"40,131,145"
4361,"169,171,199"
4362,"11,10,109"
4363,"0,380,216"
4364,"8,26,308"
4365,"40,152,151"
4366,"28,3,190"
4367,"96,23,31"
4368,"118,74,23"
4369,"0,353,271"
4370,"3,21"
4371,"3,113,28"
4372,"11,10,109"
4373,"74,23,84"
4374,"139,40,153"
4375,"3,21,48"
4376,"31,23"
4377,"40,128"
4378,"40,42,41"
4379,518
4380,"4,3,19"
4381,"220,10,221"
4382,"23,328"
4383,"40,131,406"
4384,"3,21,48"
4385,"147,3,148"
4386,"64,10,93"
4387,"3,4,174"
4388,"220,10,242"
4389,"44,145,45"
4390,"151,152,40"
4391,"10,55"
4392,23
4393,"74,84,23"
4394,"281,199,223"
4395,"10,64,93"
4396,"220,10,221"
4397,"17,168,3"
4398,"23,71,38"
4399,"3,21"
4400,"26,89,23"
4401,"118,74,23"
4402,"131,406,169"
4403,"220,10,221"
4404,"44,40,145"
4405,3
4406,"23,38"
4407,"10,64"
4408,"170,169,260"
4409,40
4410,"23,26,89"
4411,"32,23,31"
4412,"169,230"
4413,"3,21,48"
4414,"3,379,17"
4415,"3,21"
4416,"40,131,406"
4417,"0,271,456"
4418,"10,169,323"
4419,"3,21,187"
4420,23
4421,"135,40,244"
4422,"3,21"
4423,"43,23,24"
4424,0
4425,"10,64"
4426,"456,0,271"
4427,"23,24,49"
4428,"10,60"
4429,"0,271,456"
4430,"3,21,187"
4431,"3,68"
4432,"11,10,12"
4433,"169,281,199"
4434,"162,163,40"
4435,"40,139,153"
4436,"3,219,30"
4437,"4,3"
4438,"0,271,522"
4439,"23,26"
4440,"23,89,26"
4441,"23,24"
4442,"23,105"
4443,3
4444,"0,8,206"
4445,"10,64,93"
4446,"40,44,145"
4447,"10,44"
4448,"40,131,132"
4449,"64,10,93"
4450,"15,3,16"
4451,23
4452,"199,323,169"
4453,"25,23"
4454,"220,10,242"
4455,"128,129,40"
4456,"40,395,496"
4457,"220,10,221"
4458,"350,26,23"
4459,"406,131,40"
4460,"10,64,80"
4461,"40,241,128"
4462,"220,10,221"
4463,"3,5,57"
4464,"10,64,93"
4465,"199,169,343"
4466,"3,168,17"
4467,"93,10,64"
4468,"40,141,135"
4469,"23,64,38"
4470,"3,21"
4471,"0,206,8"
4472,"0,279"
4473,"11,10"
4474,"3,21,108"
4475,199
4476,"171,169,199"
4477,"169,199,248"
4478,"3,111,112"
4479,113
4480,"216,169,304"
4481,"131,40,241"
4482,111
4483,"40,160,315"
4484,"0,279,249"
4485,"60,23,239"
4486,"3,15,85"
4487,"303,74,23"
4488,"3,53"
4489,"152,40,151"
4490,"64,10,80"
4491,"170,169"
4492,0
4493,"271,0,272"
4494,"0,208"
4495,3
4496,"0,513"
4497,"40,146,145"
4498,"40,131,226"
4499,"111,112,3"
4500,"456,0,271"
4501,"40,131,226"
4502,3
4503,"43,23,24"
4504,"118,23"
4505,"350,26,23"
4506,"23,49,24"
4507,"220,10,221"
4508,"0,313"
4509,"23,74,118"
4510,"147,3"
4511,"317,74,23"
4512,"11,10,205"
4513,"0,8"
4514,"3,28"
4515,"111,3,112"
4516,"40,160,423"
4517,"0,8,391"
4518,"40,131"
4519,"40,145"
4520,"128,129,130"
4521,40
4522,23
4523,"23,105,10"
4524,"31,258,23"
4525,"3,21,199"
4526,"279,249,0"
4527,"131,40,134"
4528,"0,216,304"
4529,"10,11,12"
4530,"4,3,19"
4531,"3,147,85"
4532,"131,40,406"
4533,"0,8"
4534,"11,10"
4535,"3,379,85"
4536,"3,41"
4537,"64,10,93"
4538,"10,402,145"
4539,"151,152,40"
4540,"220,242,10"
4541,"3,53,187"
4542,"40,149"
4543,"169,260,170"
4544,"31,96,23"
4545,"85,3,86"
4546,"3,21,48"
4547,"40,151,152"
4548,"3,23"
4549,"139,153,155"
4550,"3,188"
4551,"23,24,49"
4552,"64,10,93"
4553,"23,74,165"
4554,"169,199"
4555,"40,145"
4556,"44,45,145"
4557,"3,17,320"
4558,"3,21"
4559,"40,145,23"
4560,3
4561,"40,241,128"
4562,"10,64"
4563,"3,21"
4564,"10,11,205"
4565,"40,160,315"
4566,"23,31,328"
4567,0
4568,"74,317,23"
4569,"3,5"
4570,"43,24,23"
4571,"10,234,11"
4572,"169,199,248"
4573,"23,60"
4574,"10,43"
4575,"40,406"
4576,"11,10"
4577,"10,64,93"
4578,"8,0,308"
4579,"3,21,187"
4580,"199,169,281"
4581,"26,23,89"
4582,"199,169"
4583,23
4584,"3,53"
4585,"23,74"
4586,"3,15,16"
4587,"44,73"
4588,"3,85"
4589,"0,271"
4590,"26,23,89"
4591,"3,21,127"
4592,28
4593,"184,185,40"
4594,"23,62,24"
4595,"3,21,108"
4596,"169,507,311"
4597,"23,26,89"
4598,"3,34,263"
4599,419
4600,"220,10,242"
4601,26
4602,3
4603,"40,128"
4604,"10,64,54"
4605,40
4606,"40,160,315"
4607,"0,348"
4608,"74,23,118"
4609,"220,10"
4610,"40,139"
4611,"459,170,169"
4612,"0,280,271"
4613,"3,4"
4614,"339,169,337"
4615,"3,53,467"
4616,"3,53"
4617,"131,134,40"
4618,"74,23,118"
4619,"23,25"
4620,"131,40,226"
4621,"10,60,64"
4622,"0,304"
4623,"3,21,108"
4624,"40,131"
4625,"3,4"
4626,"10,199,323"
4627,"3,21"
4628,"3,53"
4629,"11,10,12"
4630,"10,64,93"
4631,"23,494"
4632,"23,26,89"
4633,"23,31,454"
4634,"3,17,34"
4635,"10,169"
4636,"160,40"
4637,"40,41"
4638,"40,131,406"
4639,"26,23,89"
4640,"3,147"
4641,"3,21"
4642,"23,24,49"
4643,"74,23"
4644,"3,21"
4645,"64,10,93"
4646,"23,137,105"
4647,"169,339,337"
4648,"10,60,93"
4649,"3,21"
4650,"220,242,10"
4651,"40,128"
4652,"281,199,169"
4653,"23,43,24"
4654,"10,54"
4655,"147,3"
4656,"3,28,29"
4657,"10,11,109"
4658,"26,89,23"
4659,"0,279,249"
4660,"456,0,271"
4661,"169,199"
4662,"3,21,48"
4663,"40,41,42"
4664,"40,146,145"
4665,"10,11,234"
4666,"146,40,54"
4667,"3,5,228"
4668,"0,271,456"
4669,"26,23,89"
4670,"199,169,343"
4671,"23,77,31"
4672,"0,271"
4673,"74,23,118"
4674,"3,21,187"
4675,"40,131"
4676,"199,169,281"
4677,"170,169,260"
4678,"40,186,128"
4679,"26,350,23"
4680,"23,74,303"
4681,3
4682,"170,459,169"
4683,"169,281,199"
4684,"3,21,182"
4685,"10,64,93"
4686,"23,31,113"
4687,3
4688,"0,211,319"
4689,"40,160,302"
4690,"0,218,457"
4691,"0,8,308"
4692,"21,3,127"
4693,"3,111"
4694,"23,26,231"
4695,23
4696,"4,3"
4697,"3,379,85"
4698,"40,145"
4699,"64,10,93"
4700,"171,169,170"
4701,"169,170"
4702,"3,156,147"
4703,"220,10,242"
4704,"32,31,23"
4705,"0,255,462"
4706,"3,21,148"
4707,"131,40,226"
4708,"296,169"
4709,23
4710,"169,199"
4711,"220,10,242"
4712,"64,10,80"
4713,"23,106,25"
4714,"23,38,309"
4715,"0,271"
4716,"11,24,10"
4717,"0,456,271"
4718,"3,147,148"
4719,"0,216"
4720,23
4721,"281,431,199"
4722,"23,26"
4723,"139,40,153"
4724,"0,254"
4725,"128,129,40"
4726,"74,23,118"
4727,"4,3,19"
4728,23
4729,"17,168,3"
4730,"3,21,187"
4731,"3,85,158"
4732,3
4733,"40,55,10"
4734,"220,10,221"
4735,"10,60,61"
4736,"3,17"
4737,"3,85"
4738,"169,171,199"
4739,11
4740,"3,147,148"
4741,"3,53,147"
4742,"3,170"
4743,"169,426,312"
4744,"3,379,85"
4745,3
4746,"3,388,85"
4747,"71,23,38"
4748,"317,74,23"
4749,"54,10"
4750,"220,10,242"
4751,"0,348,280"
4752,"31,23,328"
4753,"199,169,248"
4754,"40,184,185"
4755,"0,8,235"
4756,"40,134,131"
4757,"0,235,8"
4758,"3,21,127"
4759,"3,53"
4760,"3,34,237"
4761,"147,3,148"
4762,"3,21,127"
4763,"23,74,137"
4764,"162,163,40"
4765,"3,53"
4766,"40,162,163"
4767,"0,11,24"
4768,"11,10,109"
4769,0
4770,"40,160,334"
4771,"3,5"
4772,"54,95,44"
4773,3
4774,"3,28,190"
4775,"3,21,127"
4776,"3,169"
4777,"3,21,127"
4778,"0,271,456"
4779,"220,10,221"
4780,"53,3,467"
4781,"44,45,145"
4782,"31,23,96"
4783,"64,10,90"
4784,"3,34,187"
4785,"3,16,15"
4786,"23,26,231"
4787,"5,228,3"
4788,"3,102"
4789,"350,26,23"
4790,"54,10,55"
4791,"3,21"
4792,"0,206,8"
4793,"23,74,165"
4794,"3,238,4"
4795,"23,506"
4796,"0,271,272"
4797,3
4798,0
4799,"170,169,459"
4800,"40,41"
4801,"204,3,13"
4802,"220,10,242"
4803,"40,286,41"
4804,"169,199,343"
4805,"3,85,158"
4806,"0,2,1"
4807,"147,148,3"
4808,"118,74,23"
4809,"43,24,23"
4810,"11,10,205"
4811,"139,40,153"
4812,"85,3,158"
4813,"10,60,61"
4814,"23,24,49"
4815,"64,10,448"
4816,"296,169"
4817,"0,279"
4818,"25,24"
4819,"3,21,187"
4820,"199,169,281"
4821,"0,206,8"
4822,"3,17,168"
4823,"44,23,145"
4824,"3,56"
4825,"32,3,31"
4826,62
4827,"11,10,109"
4828,"128,129,40"
4829,3
4830,"10,54,199"
4831,"26,89,23"
4832,"0,249,8"
4833,"131,40,226"
4834,"0,8,308"
4835,"3,147,148"
4836,44
4837,"40,146,145"
4838,"17,3,168"
4839,"21,102,3"
4840,"169,170,251"
4841,"169,260,199"
4842,3
4843,"71,23"
4844,11
4845,3
4846,"3,148,147"
4847,"220,10"
4848,"3,17,34"
4849,"402,40,145"
4850,"0,206,8"
4851,"128,40,195"
4852,"40,162"
4853,"40,74"
4854,"3,113"
4855,"43,24,23"
4856,"129,40,128"
4857,"220,10,242"
4858,"49,24,23"
4859,"220,10,221"
4860,3
4861,"10,64,322"
4862,"40,41,160"
4863,"169,199"
4864,3
4865,"128,129,40"
4866,"49,24,23"
4867,3
4868,"32,31,23"
4869,"0,363"
4870,"64,10"
4871,"169,170,171"
4872,"220,221,10"
4873,"169,281,199"
4874,"165,74,23"
4875,"3,182,68"
4876,"17,168,3"
4877,"0,254,216"
4878,"40,128,41"
4879,0
4880,"402,31,328"
4881,"23,137,74"
4882,"220,10,221"
4883,"3,53"
4884,"0,313,346"
4885,"128,175,23"
4886,"3,21,127"
4887,"3,15"
4888,"3,147,156"
4889,"169,259,199"
4890,"10,11,205"
4891,"199,169,323"
4892,"3,85"
4893,"0,271"
4894,"44,145,40"
4895,"0,206,8"
4896,"10,95,54"
4897,"23,74,303"
4898,"21,3,108"
4899,"3,21"
4900,"3,301,21"
4901,"11,10,205"
4902,"296,169"
4903,"171,169,199"
4904,"40,160,423"
4905,"169,199,281"
4906,"10,64,473"
4907,"0,216,304"
4908,"3,104,30"
4909,"17,3,168"
4910,"23,74"
4911,"10,54"
4912,"3,21,108"
4913,"43,23,24"
4914,"64,448,10"
4915,"3,68,182"
4916,"220,10,221"
4917,0
4918,"23,74"
4919,"23,309,38"
4920,"3,30,66"
4921,23
4922,"64,10,80"
4923,"265,169,281"
4924,"15,16,3"
4925,"40,41"
4926,"64,10,80"
4927,"3,164"
4928,"11,10,109"
4929,"40,128"
4930,"40,184"
4931,"3,28,113"
4932,"40,41,128"
4933,"10,64,80"
4934,"220,10,221"
4935,"118,74,23"
4936,"220,10,242"
4937,"169,260,170"
4938,"40,41"
4939,"279,0,249"
4940,"169,199"
4941,"0,212,211"
4942,"23,31,49"
4943,"23,71,38"
4944,"49,23,24"
4945,"220,10,242"
4946,"128,129,405"
4947,"454,31,23"
4948,"40,41,151"
4949,40
4950,"113,3,28"
4951,"26,231,23"
4952,"206,0,8"
4953,"4,3"
4954,"31,23"
4955,"40,402,145"
4956,"220,10,242"
4957,"26,23,350"
4958,"10,64,93"
4959,"11,44,109"
4960,"169,199,281"
4961,"169,111,296"
4962,"5,3"
4963,"222,100,414"
4964,"0,206,8"
4965,"3,102"
4966,"10,109"
4967,"3,4"
4968,23
4969,"220,242,10"
4970,"71,38,23"
4971,"220,10,221"
4972,"220,10,242"
4973,"3,21,41"
4974,"4,19,3"
4975,"24,23"
4976,"3,48,21"
4977,3
4978,"74,23,118"
4979,"354,0"
4980,"0,216,254"
4981,40
4982,"169,170,426"
4983,"40,139,153"
4984,"3,21"
4985,"3,30,66"
4986,"23,74,118"
4987,"40,128,241"
4988,279
4989,"40,131,406"
4990,"303,23,74"
4991,"10,109,11"
4992,3
4993,"28,3,190"
4994,"40,41,224"
4995,"64,10,448"
4996,"31,23,454"
4997,"169,199"
4998,"220,10,221"
4999,"64,10,93"
5000,"10,54"
5001,"4,3,238"
5002,3
5003,"74,317,23"
5004,"115,3,21"
5005,169
5006,"26,89,23"
5007,"199,281,169"
5008,"40,151,152"
5009,"40,131"
5010,"23,249,279"
5011,"0,361,272"
5012,40
5013,"3,4,183"
5014,23
5015,"64,93,10"
5016,"64,10,93"
5017,4
5018,"248,169,199"
5019,"169,170,323"
5020,"138,135,40"
5021,"10,419,11"
5022,"64,10,80"
5023,169
5024,"5,3,97"
5025,"3,21,281"
5026,"313,0,346"
5027,"40,286,41"
5028,"3,111,53"
5029,"147,203,151"
5030,"0,8,350"
5031,"4,3,238"
5032,"138,135,459"
5033,"199,169,343"
5034,34
5035,"0,8,308"
5036,"147,148,3"
5037,"296,169"
5038,"169,170"
5039,"406,40,131"
5040,"43,24,23"
5041,"64,10,473"
5042,"231,23,26"
5043,"10,11"
5044,"10,93,64"
5045,"128,40,129"
5046,"147,3,148"
5047,"4,3"
5048,"74,165,23"
5049,"3,85,86"
5050,"3,34,263"
5051,"184,40,494"
5052,"40,131,406"
5053,"15,16,3"
5054,"74,118,23"
5055,"3,4,174"
5056,"64,10,90"
5057,"3,147,148"
5058,"10,40,54"
5059,"3,311"
5060,"3,53,111"
5061,"3,21,99"
5062,"169,170"
5063,"3,21,127"
5064,0
5065,"3,4,183"
5066,"0,8"
5067,"3,4,238"
5068,"40,131,406"
5069,"3,4,238"
5070,"340,0"
5071,"64,10,442"
5072,"145,44,40"
5073,"40,135,244"
5074,"3,34"
5075,"3,21"
5076,"3,21"
5077,"3,21"
5078,"220,10"
5079,40
5080,"64,10,80"
5081,"220,10,242"
5082,"165,23,74"
5083,"169,296"
5084,"10,54"
5085,"3,21"
5086,"184,40,185"
5087,"17,168,3"
5088,"40,131,226"
5089,"3,115"
5090,"169,199,281"
5091,"23,25,44"
5092,"220,10,221"
5093,"10,220"
5094,"10,11,12"
5095,"71,38,23"
5096,"10,11,109"
5097,"10,64,93"
5098,"0,216"
5099,"44,40,109"
5100,"296,169,411"
5101,"128,129,40"
5102,"170,169,459"
5103,"162,163,40"
5104,"23,31"
5105,"169,199"
5106,"34,3,263"
5107,"3,17,168"
5108,"32,3"
5109,"17,168,320"
5110,"3,21"
5111,"40,395,128"
5112,"3,147,148"
5113,"3,15,16"
5114,"3,21,164"
5115,10
5116,"169,199"
5117,"0,279,249"
5118,"3,147,148"
5119,"3,28,30"
5120,"3,111"
5121,"10,54,64"
5122,"3,147"
5123,"3,111,53"
5124,"10,64,90"
5125,44
5126,"40,131,406"
5127,"23,169"
5128,"40,131"
5129,"128,129,40"
5130,"220,10,221"
5131,"84,23,162"
5132,"23,74"
5133,"220,10,221"
5134,"402,40,145"
5135,0
5136,"40,139"
5137,"3,15"
5138,"0,206,8"
5139,"0,342"
5140,"10,64,93"
5141,"64,93,10"
5142,"10,64"
5143,"171,169,199"
5144,"26,23,350"
5145,"3,5,228"
5146,105
5147,"402,10"
5148,"0,216"
5149,"3,21,126"
5150,"64,10"
5151,3
5152,"64,10,80"
5153,141
5154,"10,11,12"
5155,"11,109,10"
5156,3
5157,"169,21"
5158,"40,395,241"
5159,"23,105,106"
5160,"3,238,4"
5161,3
5162,"199,169,343"
5163,"220,10,242"
5164,23
5165,"218,0,512"
5166,"23,31,77"
5167,"17,3,320"
5168,"220,242"
5169,"105,23,318"
5170,23
5171,"40,129,128"
5172,"3,21"
5173,"3,147"
5174,"24,23,49"
5175,"3,53"
5176,"147,148,3"
5177,"281,169,3"
5178,"170,169,260"
5179,"24,10,23"
5180,"10,109,40"
5181,0
5182,"10,220"
5183,"26,231,23"
5184,"11,10,109"
5185,"23,26,89"
5186,"3,21,108"
5187,"23,231,118"
5188,"3,5,228"
5189,"40,139,153"
5190,3
5191,"169,199,64"
5192,"402,40,10"
5193,"23,71"
5194,"40,3"
5195,"23,49,24"
5196,"10,12,11"
5197,54
5198,"139,40,153"
5199,"77,31"
5200,23
5201,"3,17,168"
5202,"129,128,40"
5203,"23,26,89"
5204,"23,232,118"
5205,"40,42,41"
5206,"28,3,113"
5207,3
5208,"0,8,206"
5209,"182,68,3"
5210,"23,0,39"
5211,"40,145"
5212,"169,281,199"
5213,"40,149"
5214,"3,111"
5215,"40,145"
5216,40
5217,"184,40"
5218,"199,323,169"
5219,"11,205,10"
5220,23
5221,"3,22,21"
5222,"24,10,95"
5223,"23,38,91"
5224,"128,40,129"
5225,"508,426,31"
5226,"26,89,23"
5227,10
5228,"0,456,271"
5229,"11,109,10"
5230,"26,89,23"
5231,"0,218"
5232,"3,85"
5233,"102,40,21"
5234,"128,129,40"
5235,"45,44,145"
5236,"169,199,26"
5237,"170,260,169"
5238,"10,64,93"
5239,"199,169"
5240,"10,11,109"
5241,"3,111"
5242,"26,23,89"
5243,"220,10,221"
5244,"137,23,38"
5245,"3,21,48"
5246,"151,152,40"
5247,"3,4,19"
5248,"169,170"
5249,"40,131,406"
5250,"40,131"
5251,"23,74,118"
5252,"21,3,102"
5253,3
5254,"23,74,118"
5255,"0,313,346"
5256,"169,281,199"
5257,"40,145,146"
5258,"109,10"
5259,"0,206,8"
5260,"26,89,23"
5261,"23,74"
5262,"10,60,61"
5263,"23,26"
5264,"23,454,31"
5265,"220,10,221"
5266,"339,337,169"
5267,"169,199,323"
5268,"4,238,3"
5269,"21,3,108"
5270,"0,271,456"
5271,40
5272,10
5273,"459,170,169"
5274,"40,131,132"
5275,"31,23,328"
5276,"0,8,206"
5277,"26,23,350"
5278,169
5279,"3,21"
5280,"26,23,89"
5281,"40,23"
5282,96
5283,"74,317,23"
5284,"0,271"
5285,"3,147,148"
5286,"34,3,263"
5287,"3,53,287"
5288,"3,30,66"
5289,"40,160"
5290,"3,21"
5291,"3,147,148"
5292,23
5293,"0,271,366"
5294,23
5295,"169,199"
5296,"162,163,40"
5297,23
5298,"281,199,169"
5299,"220,10,242"
5300,"43,24,23"
5301,40
5302,"169,507"
5303,"43,23,24"
5304,"25,24,23"
5305,0
5306,"3,263,34"
5307,"40,128,175"
5308,"40,145"
5309,"10,64,90"
5310,"74,23,165"
5311,"11,10,109"
5312,40
5313,"231,26,23"
5314,"0,271,291"
5315,"73,44,109"
5316,"0,357,249"
5317,"3,111,115"
5318,"0,265,349"
5319,"3,17"
5320,"53,3"
5321,"40,131,226"
5322,"3,34,143"
5323,"8,26,89"
5324,24
5325,"189,135"
5326,"111,3,112"
5327,"169,281,199"
5328,"17,320,3"
5329,"23,38"
5330,"317,74,23"
5331,"40,131"
5332,"105,23,326"
5333,"3,30,66"
5334,"138,40,135"
5335,"111,3,119"
5336,"199,169,343"
5337,"32,31,23"
5338,"169,199,171"
5339,"40,131,159"
5340,"169,171,170"
5341,169
5342,"3,21,164"
5343,199
5344,"54,10,95"
5345,23
5346,"11,109,10"
5347,"23,26,231"
5348,"350,0,8"
5349,23
5350,296
5351,"3,21,126"
5352,"40,131,134"
5353,"11,109,10"
5354,"54,10,95"
5355,"40,134,131"
5356,"3,467"
5357,"23,71"
5358,"3,30,66"
5359,"23,49,24"
5360,"23,26,89"
5361,"3,21,127"
5362,"23,309,38"
5363,3
5364,"10,11,109"
5365,3
5366,"3,147,148"
5367,"170,459,169"
5368,"169,170,459"
5369,"3,21"
5370,"4,3"
5371,"64,10,80"
5372,347
5373,"0,265,340"
5374,"64,10,199"
5375,"40,131,406"
5376,"281,199,169"
5377,"199,169,281"
5378,"3,4,174"
5379,"10,170"
5380,"23,105,106"
5381,"128,40"
5382,"220,242,10"
5383,"0,271,456"
5384,"40,131"
5385,"0,271,456"
5386,"96,31,23"
5387,"17,10,168"
5388,"10,11,12"
5389,"40,128,145"
5390,"44,145"
5391,"10,64,93"
5392,"296,169"
5393,"3,21"
5394,"402,40,145"
5395,"25,23,260"
5396,"118,74,23"
5397,"0,8,391"
5398,"0,8"
5399,23
5400,"3,21,48"
5401,"199,169,323"
5402,"49,24,10"
5403,"40,149,41"
5404,"0,271,522"
5405,"40,241,131"
5406,"40,186,128"
5407,"26,23,350"
5408,"169,199"
5409,"3,147,148"
5410,"0,206,8"
5411,"296,169"
5412,"169,251,199"
5413,"64,10,93"
5414,"216,0"
5415,31
5416,"3,147"
5417,"3,21,13"
5418,"10,11,109"
5419,145
5420,"17,168,3"
5421,"3,21,187"
5422,"3,21,187"
5423,"3,34,263"
5424,"10,93,64"
5425,"169,170"
5426,"467,3,53"
5427,"49,23,24"
5428,"64,10"
5429,"220,10,242"
5430,"3,34"
5431,"4,3,19"
5432,"23,309"
5433,14
5434,"0,8,235"
5435,"64,10"
5436,"71,38,23"
5437,"0,235,8"
5438,"26,23,89"
5439,"40,146,145"
5440,"23,26"
5441,"23,454"
5442,"0,266,8"
5443,0
5444,"3,111,325"
5445,"40,145,402"
5446,"0,271,352"
5447,"502,40"
5448,23
5449,"40,184,185"
5450,"10,239,60"
5451,"3,21"
5452,"296,169,300"
5453,"3,187,21"
5454,"169,170,0"
5455,"40,41,139"
5456,"0,366"
5457,"21,3"
5458,258
5459,"17,3,320"
5460,"3,147,148"
5461,"43,24,23"
5462,"140,23,139"
5463,"3,21,108"
5464,"3,28"
5465,338
5466,"0,265"
5467,"459,170,169"
5468,"43,24,23"
5469,"0,8,350"
5470,0
5471,"169,199"
5472,"74,317,23"
5473,"0,265"
5474,"0,271"
5475,"3,147,148"
5476,"3,111"
5477,"10,64"
5478,23
5479,"296,169,460"
5480,"169,199,281"
5481,"111,123,119"
5482,"169,171,199"
5483,"0,206,8"
5484,"3,53,68"
5485,"296,169,306"
5486,"53,3,287"
5487,"281,169,199"
5488,"31,32,23"
5489,"296,169"
5490,"3,164,21"
5491,64
5492,"3,21"
5493,"10,64"
5494,"3,30,66"
5495,"0,271,355"
5496,"128,40,129"
5497,"26,23,350"
5498,"3,17,168"
5499,"13,14"
5500,"10,11,12"
5501,"54,71,95"
5502,"23,74"
5503,"64,10,80"
5504,"23,118,74"
5505,"241,23,131"
5506,"0,8,377"
5507,"0,211,319"
5508,"23,271"
5509,"169,323,199"
5510,"3,21"
5511,"3,21,187"
5512,"374,169,199"
5513,"3,104,30"
5514,"242,220,10"
5515,"44,40,45"
5516,"40,131,406"
5517,"10,64,80"
5518,40
5519,"3,21,33"
5520,"23,71"
5521,"350,26,23"
5522,"23,105,318"
5523,3
5524,"220,10,242"
5525,"3,28,190"
5526,"31,328"
5527,"0,229,230"
5528,"111,119,3"
5529,"10,11,109"
5530,"3,85,158"
5531,"40,145,44"
5532,"23,91"
5533,"169,199,248"
5534,"3,15"
5535,0
5536,"3,506,13"
5537,"34,3,143"
5538,"169,170"
5539,"11,10"
5540,"74,23,303"
5541,"10,60,43"
5542,"3,21"
5543,"0,271,355"
5544,"23,71,38"
5545,"125,111,267"
5546,"43,23,24"
5547,"3,281,169"
5548,"17,3,320"
5549,"10,11"
5550,"138,40,135"
5551,"138,374,169"
5552,289
5553,"169,170"
5554,"0,271,291"
5555,23
5556,23
5557,"23,74"
5558,"0,208"
5559,23
5560,"3,15"
5561,3
5562,"10,11,12"
5563,"220,10,221"
5564,"43,24,23"
5565,0
5566,44
5567,"339,337,169"
5568,"3,5,228"
5569,"224,40,41"
5570,"220,10,221"
5571,"43,23,24"
5572,"169,323,199"
5573,"3,21"
5574,"40,21,102"
5575,"105,23,106"
5576,"169,171,199"
5577,0
5578,"0,8"
5579,"220,10,242"
5580,"128,129,40"
5581,"11,10,109"
5582,"3,70"
5583,"138,40,135"
5584,"40,131"
5585,"44,145,40"
5586,"138,169,135"
5587,"220,10,242"
5588,"130,128,129"
5589,"3,21,201"
5590,"0,355,271"
5591,"118,74,23"
5592,"40,131,134"
5593,"40,41,42"
5594,"220,10,221"
5595,"23,89,26"
5596,"0,271"
5597,"296,169"
5598,"40,496"
5599,"0,271,456"
5600,"3,113"
5601,10
5602,"127,21,3"
5603,"26,23,350"
5604,"23,309,3"
5605,"10,11"
5606,"220,10,221"
5607,"26,89,23"
5608,"220,242,10"
5609,"60,10,24"
5610,"3,4"
5611,"0,348"
5612,0
5613,"3,68,53"
5614,"23,26,231"
5615,"3,15,16"
5616,"10,64"
5617,"0,456,271"
5618,"26,350,0"
5619,"3,5"
5620,"10,64,93"
5621,"220,221,10"
5622,"128,40"
5623,"0,273"
5624,"0,456,271"
5625,3
5626,"40,44,145"
5627,"199,406,169"
5628,23
5629,220
5630,"60,10,96"
5631,"53,23,325"
5632,"128,40,195"
5633,"199,169,382"
5634,"170,459,169"
5635,"64,10,93"
5636,"171,169,199"
5637,"26,23,89"
5638,"11,205,10"
5639,"337,339,169"
5640,"128,129,40"
5641,"0,456,271"
5642,"169,199,281"
5643,"139,153,40"
5644,"199,169,323"
5645,"350,26"
5646,"322,54"
5647,"64,10,448"
5648,"23,74"
5649,"23,309,38"
5650,"3,28,190"
5651,"296,169"
5652,"0,216"
5653,"23,38,137"
5654,"4,3"
5655,"0,346"
5656,"3,21"
5657,"3,21,127"
5658,"3,147,148"
5659,"3,111,119"
5660,"40,41,224"
5661,"10,64,80"
5662,"146,40,145"
5663,"231,26,23"
5664,"0,271"
5665,"0,271"
5666,"139,40,153"
5667,"139,40,153"
5668,"23,118,74"
5669,"54,95,10"
5670,"265,0,349"
5671,"64,10,80"
5672,44
5673,"23,131,74"
5674,"64,10,80"
5675,"3,111,472"
5676,"74,23"
5677,"296,169,277"
5678,"118,74,23"
5679,"21,127,3"
5680,0
5681,"54,10,95"
5682,"3,21"
5683,44
5684,"40,149,41"
5685,"30,66,3"
5686,"3,147,148"
5687,"10,11,109"
5688,"23,26"
5689,"3,396,21"
5690,64
5691,"40,175,128"
5692,"296,169"
5693,23
5694,"23,26"
5695,"23,26,231"
5696,10
5697,"4,3,238"
5698,"49,24,23"
5699,"147,3,203"
5700,"160,302,40"
5701,"296,169,371"
5702,"21,3,126"
5703,"10,54"
5704,"10,64,93"
5705,"53,287,3"
5706,"16,15,3"
5707,"40,131,184"
5708,"169,170,426"
5709,"40,139"
5710,"10,60,239"
5711,"8,0,26"
5712,"0,355,271"
5713,"220,10,221"
5714,"40,131"
5715,169
5716,"169,170,260"
5717,"11,10,12"
5718,3
5719,"40,406,131"
5720,"199,171,169"
5721,"3,21,108"
5722,"23,220,24"
5723,"40,131,134"
5724,"10,64,65"
5725,"3,523,53"
5726,"0,366,271"
5727,"3,4,238"
5728,"169,199,343"
5729,"25,23,24"
5730,"10,199,323"
5731,0
5732,"271,170"
5733,"74,23,303"
5734,"40,146,145"
5735,"147,3"
5736,"23,38,105"
5737,"31,258,328"
5738,"3,379,21"
5739,"10,64"
5740,"4,3"
5741,"23,49,24"
5742,"220,10,221"
5743,"4,3,238"
5744,"0,265,349"
5745,"3,147"
5746,"10,64"
5747,40
5748,"10,54,95"
5749,"64,10,473"
5750,"220,10,242"
5751,"40,152,151"
5752,"138,169"
5753,"31,402,10"
5754,"40,151"
5755,"43,24,23"
5756,"169,199,343"
5757,"3,14,13"
5758,"40,152,151"
5759,"216,380,0"
5760,"220,10,221"
5761,"40,131,226"
5762,"3,28"
5763,10
5764,"4,19,3"
5765,"3,111"
5766,"10,11"
5767,"224,40,41"
5768,"23,231,26"
5769,"169,281,199"
5770,"3,164"
5771,"26,23,89"
5772,"54,10,322"
5773,"10,60"
5774,"3,21,48"
5775,"95,54,10"
5776,"44,145"
5777,"68,3,472"
5778,"21,3,127"
5779,"3,48,164"
5780,"89,26"
5781,"3,21"
5782,"55,40,145"
5783,"3,139,153"
5784,"3,174"
5785,317
5786,"169,281,199"
5787,"220,10,242"
5788,"74,23,317"
5789,"23,38,137"
5790,"26,23,350"
5791,"31,23"
5792,"10,64,90"
5793,"13,204,14"
5794,"11,10,220"
5795,"169,199,405"
5796,"199,169,171"
5797,"44,145,40"
5798,"31,23,260"
5799,"23,84,74"
5800,"11,10"
5801,"40,151,152"
5802,"23,91"
5803,"43,23,24"
5804,23
5805,"0,271"
5806,"0,413"
5807,"0,485"
5808,"3,147,148"
5809,23
5810,"11,10,109"
5811,"15,3,16"
5812,"281,169,199"
5813,"3,21"
5814,0
5815,"26,23,89"
5816,"15,46,170"
5817,"406,40,129"
5818,"328,31,23"
5819,"199,343,169"
5820,"220,10,242"
5821,"0,8,206"
5822,"0,265"
5823,"23,345,24"
5824,"10,11"
5825,"71,23,38"
5826,"23,309"
5827,"3,53,325"
5828,"220,10,221"
5829,"43,10,64"
5830,"96,31"
5831,"3,126,190"
5832,"23,31"
5833,"23,26,89"
5834,"89,26,23"
5835,"129,128,40"
5836,"4,19,3"
5837,"220,242,10"
5838,"3,187,53"
5839,"220,10,242"
5840,"40,131"
5841,"40,160,302"
5842,"11,10,109"
5843,"281,199,169"
5844,"3,21,379"
5845,"346,0,313"
5846,3
5847,"21,3"
5848,"0,369,3"
5849,"169,296"
5850,"220,10,242"
5851,"64,10"
5852,"23,74"
5853,"3,53,111"
5854,"199,169,343"
5855,"40,131"
5856,"0,249,23"
5857,"131,40"
5858,"17,3,168"
5859,"0,216,304"
5860,"10,64,93"
5861,"23,71"
5862,"40,145,44"
5863,"375,4,3"
5864,"40,402,145"
5865,"184,40,185"
5866,"23,309,38"
5867,"220,242,10"
5868,"10,43"
5869,"5,3,6"
5870,"3,85"
5871,"0,2,1"
5872,"64,10"
5873,"11,10,109"
5874,"3,21"
5875,"40,131,226"
5876,"287,169"
5877,"32,31,23"
5878,"0,2,1"
5879,"40,127,395"
5880,"40,160,315"
5881,"48,3"
5882,"40,131"
5883,"169,199,281"
5884,"23,454"
5885,0
5886,"23,220,221"
5887,"10,12,11"
5888,"23,24,49"
5889,"162,163,40"
5890,"23,25,24"
5891,"3,85"
5892,"0,366,271"
5893,"3,48,21"
5894,"23,31"
5895,"0,265"
5896,"17,168"
5897,"3,4,238"
5898,3
5899,"23,31,96"
5900,"131,40"
5901,"431,135,40"
5902,"135,40"
5903,"169,170"
5904,"74,118,23"
5905,"3,183,4"
5906,"11,10,109"
5907,"40,324"
5908,"169,459,170"
5909,"64,10,93"
5910,"0,211,319"
5911,"135,138,40"
5912,"23,25,24"
5913,"40,139"
5914,"0,8"
5915,"25,24,23"
5916,"131,40,406"
5917,"40,131,226"
5918,"40,128"
5919,"3,85"
5920,"11,109"
5921,"71,23"
5922,"0,304,216"
5923,"43,24,23"
5924,0
5925,"3,28,190"
5926,"64,10,80"
5927,"17,320"
5928,"3,30"
5929,"4,3"
5930,"169,199"
5931,"10,11,62"
5932,"10,93,64"
5933,"21,3,379"
5934,"3,4,174"
5935,"169,199"
5936,"0,10,11"
5937,23
5938,"23,26"
5939,"160,40,315"
5940,0
5941,"64,10,80"
5942,"3,4"
5943,"220,221,10"
5944,"3,4"
5945,"141,40,135"
5946,"118,23,74"
5947,"23,26"
5948,"220,10,242"
5949,"208,0"
5950,"145,40,44"
5951,0
5952,"199,23,281"
5953,"3,48"
5954,"40,149,41"
5955,"138,135,40"
5956,"3,147"
5957,"3,15,16"
5958,"3,33"
5959,169
5960,"3,263,21"
5961,23
5962,"3,21"
5963,"145,44,40"
5964,"147,3,148"
5965,"0,218,11"
5966,"40,131,226"
5967,40
5968,"15,16,3"
5969,"199,169,343"
5970,23
5971,169
5972,"23,43,24"
5973,"206,0,8"
5974,"3,21,187"
5975,"23,74,303"
5976,"40,135,3"
5977,220
5978,"17,3,168"
5979,"64,10"
5980,23
5981,"0,265"
5982,"0,304"
5983,"11,10,109"
5984,"169,199,281"
5985,"3,4,238"
5986,"40,160,41"
5987,"0,216"
5988,"231,26,23"
5989,"3,21"
5990,"21,3"
5991,"0,8"
5992,"0,211,319"
5993,"10,220,221"
5994,"40,131"
5995,"448,64,10"
5996,"4,3,19"
5997,"220,10,242"
5998,"5,3,4"
5999,"40,128,395"
6000,"10,64,93"
6001,"3,523,53"
6002,"3,53,287"
6003,"0,304,216"
6004,"165,23,74"
6005,"60,10"
6006,"40,406,131"
6007,"105,23,3"
6008,3
6009,"3,21"
6010,"10,64"
6011,"3,5,228"
6012,"64,10,93"
6013,"54,95,10"
6014,3
6015,"3,68"
6016,"3,21"
6017,"199,79"
6018,"0,218"
6019,"112,3,111"
6020,"64,43,10"
6021,"0,456,271"
6022,"0,8,206"
6023,"3,21"
6024,"0,206"
6025,"10,12,64"
6026,"3,21"
6027,"0,235,255"
6028,"3,147,156"
6029,"40,131,406"
6030,"3,21"
6031,"74,23,118"
6032,"0,348,255"
6033,"40,145,402"
6034,"3,111"
6035,"135,138,40"
6036,"40,145"
6037,"74,118,23"
6038,"231,26,23"
6039,3
6040,"151,152,40"
6041,"406,40,131"
6042,"111,3"
6043,"138,135,374"
6044,"279,0,249"
6045,"40,131,226"
6046,"220,10,242"
6047,"43,24,23"
6048,"44,109,11"
6049,23
6050,"74,23,165"
6051,"71,23"
6052,"10,64,17"
6053,"40,139,41"
6054,40
6055,"10,17,168"
6056,"40,3,241"
6057,"0,216"
6058,356
6059,"23,63"
6060,"40,128,186"
6061,40
6062,"23,74,241"
6063,40
6064,3
6065,"23,74"
6066,"3,104,30"
6067,"118,23,74"
6068,"169,199"
6069,"4,3,435"
6070,"3,4"
6071,"3,5,228"
6072,0
6073,"296,169,306"
6074,"3,53"
6075,40
6076,"44,145,40"
6077,"0,361,272"
6078,"199,169"
6079,"43,24,23"
6080,"10,11,109"
6081,"3,379"
6082,"0,304,216"
6083,"0,216"
6084,"23,26,89"
6085,"10,64,60"
6086,"40,160,315"
6087,"303,74,23"
6088,"49,23,24"
6089,"24,43,95"
6090,"10,64,93"
6091,"10,64,80"
6092,"169,199,323"
6093,40
6094,"31,23,478"
6095,"350,26,23"
6096,"3,21"
6097,10
6098,"4,3"
6099,"64,93,10"
6100,"8,0,206"
6101,"162,163,40"
6102,169
6103,"0,271,456"
6104,"169,199"
6105,"169,296,420"
6106,"0,208"
6107,"494,40,184"
6108,"10,11,12"
6109,"3,30,66"
6110,"10,11,61"
6111,"23,105,106"
6112,"40,139"
6113,"199,169,323"
6114,"220,10,242"
6115,"199,169,323"
6116,"0,216,212"
6117,"0,265,340"
6118,"23,26"
6119,"11,10,205"
6120,"0,206,249"
6121,"10,54,95"
6122,"3,15,16"
6123,"151,152,40"
6124,"3,21"
6125,0
6126,"3,17"
6127,"3,48,21"
6128,"40,128,186"
6129,"44,145"
6130,"3,30,21"
6131,"3,17,168"
6132,"40,102,139"
6133,"0,352,271"
6134,"10,64,80"
6135,"3,147,148"
6136,"109,11,10"
6137,"3,30,66"
6138,"3,21"
6139,"3,21"
6140,"3,21,108"
6141,"40,145,44"
6142,"10,64,93"
6143,"64,10,93"
6144,"109,44,11"
6145,"224,41,40"
6146,"45,44"
6147,"0,89,355"
6148,"3,17,168"
6149,"64,10,93"
6150,"3,190,28"
6151,"23,31"
6152,"281,169,199"
6153,"199,169,356"
6154,"96,31,23"
6155,"220,221,10"
6156,"3,53"
6157,71
6158,40
6159,"40,131"
6160,"0,313,346"
6161,"3,15,16"
6162,"152,40,151"
6163,"169,170,260"
6164,169
6165,"10,95"
6166,"170,169,459"
6167,"220,242,10"
6168,"10,54,95"
6169,3
6170,"4,3,19"
6171,"296,169"
6172,"3,21"
6173,"10,60,61"
6174,"74,23,113"
6175,10
6176,"40,151,152"
6177,"40,23,129"
6178,3
6179,"169,199"
6180,"40,151,152"
6181,"220,221,10"
6182,"23,24,25"
6183,"31,258,23"
6184,"26,23,231"
6185,"3,104,30"
6186,"17,168,3"
6187,"23,49"
6188,"64,24,43"
6189,"74,23,118"
6190,"8,350,0"
6191,"74,317,23"
6192,"271,26"
6193,40
6194,"23,71,38"
6195,"23,105,106"
6196,"3,21"
6197,"3,21"
6198,"118,74,23"
6199,"43,24,23"
6200,"28,3,190"
6201,"10,64,93"
6202,"271,0"
6203,"23,96,60"
6204,"40,151,152"
6205,"23,26,89"
6206,"64,10"
6207,"139,153,40"
6208,"0,216"
6209,"3,21"
6210,"0,8,235"
6211,"3,22,21"
6212,"184,40,185"
6213,"26,23,89"
6214,"3,15,16"
6215,"10,11,12"
6216,40
6217,"31,77"
6218,"43,24,23"
6219,"40,131"
6220,"220,10,221"
6221,"0,271"
6222,3
6223,"40,131,406"
6224,"239,10,60"
6225,"220,242,10"
6226,"220,10,242"
6227,"64,10,80"
6228,"128,129,40"
6229,"3,21,187"
6230,"0,216"
6231,"0,266,265"
6232,"105,23,318"
6233,"0,214,216"
6234,"3,296"
6235,"3,21"
6236,"3,66,30"
6237,"129,128,130"
6238,"44,23,145"
6239,"44,45"
6240,"170,169,171"
6241,"40,226,131"
6242,"3,15"
6243,"3,21"
6244,"169,171,199"
6245,"40,135"
6246,"169,199,323"
6247,"3,21,127"
6248,"169,274"
6249,"253,24,23"
6250,"40,151,152"
6251,"0,216,257"
6252,"3,48,21"
6253,3
6254,"242,10,220"
6255,"147,3,148"
6256,"138,135"
6257,"0,255,462"
6258,"23,309"
6259,"0,313,346"
6260,"105,23,326"
6261,"40,184,185"
6262,"0,249,279"
6263,40
6264,"281,169,260"
6265,"10,93"
6266,3
6267,"3,21"
6268,"3,4"
6269,3
6270,"184,40,185"
6271,"3,187,21"
6272,"3,147,148"
6273,"3,147,85"
6274,"11,10,109"
6275,3
6276,"0,214,213"
6277,"11,10,109"
6278,"169,345"
6279,"17,168,3"
6280,"0,360,271"
6281,"375,4,100"
6282,"4,3,435"
6283,40
6284,"3,4,238"
6285,"3,4,238"
6286,"0,280,348"
6287,"64,10,93"
6288,"169,171,199"
6289,"111,3,112"
6290,"32,31,23"
6291,"40,139,131"
6292,"49,23,24"
6293,"3,53"
6294,"23,3"
6295,"44,10"
6296,"53,287,3"
6297,"206,8,0"
6298,"111,112,3"
6299,"10,11,64"
6300,"40,131"
6301,"199,169"
6302,"0,208,304"
6303,"402,145"
6304,"0,271,355"
6305,"11,109,23"
6306,"356,199,169"
6307,23
6308,"10,11"
6309,"127,21,3"
6310,"43,24,23"
6311,"10,12"
6312,"49,23,24"
6313,"169,281"
6314,44
6315,"118,74,23"
6316,"3,85,158"
6317,"44,45,145"
6318,"64,10,80"
6319,"64,10,80"
6320,3
6321,"43,24,10"
6322,"10,64,448"
6323,"10,54,95"
6324,199
6325,"128,129,130"
6326,"281,169,199"
6327,"4,3,19"
6328,"169,170,171"
6329,"220,242,10"
6330,"17,320,3"
6331,"3,4,28"
6332,"23,32,31"
6333,"10,64"
6334,"10,54"
6335,"82,23,38"
6336,3
6337,"3,13,168"
6338,"3,15,16"
6339,"23,26,231"
6340,"3,158,85"
6341,"13,14,3"
6342,"44,109,40"
6343,"10,64"
6344,"0,8"
6345,"0,206"
6346,"40,44,145"
6347,"220,10,242"
6348,0
6349,"3,53,287"
6350,"169,199,248"
6351,"40,152,151"
6352,"0,265,340"
6353,"0,462,255"
6354,3
6355,"54,10,95"
6356,"3,147"
6357,"96,31,23"
6358,"3,4,238"
6359,"74,146,40"
6360,"0,208,505"
6361,"169,306,296"
6362,"43,23,24"
6363,"224,41,111"
6364,"3,21"
6365,"40,146,283"
6366,"129,128,40"
6367,"258,31,328"
6368,"220,10,242"
6369,"111,3,119"
6370,"11,109,10"
6371,23
6372,"0,212"
6373,"111,3,119"
6374,"220,10,242"
6375,"40,131,406"
6376,"3,34"
6377,"23,24,49"
6378,"40,184,185"
6379,"3,53"
6380,"0,265,340"
6381,"271,456,0"
6382,"0,271,291"
6383,"220,10,242"
6384,"126,42"
6385,"24,23,62"
6386,"0,8,285"
6387,"169,199,281"
6388,"206,0,8"
6389,"3,523"
6390,"74,23,303"
6391,"242,10,220"
6392,"23,74"
6393,"199,169,3"
6394,"40,145,44"
6395,199
6396,"40,184"
6397,"169,199,281"
6398,"0,280"
6399,"220,10,221"
6400,"11,109,10"
6401,"0,399,265"
6402,"147,3,203"
6403,"3,158,85"
6404,"10,64,93"
6405,"43,24,23"
6406,"369,0,208"
6407,"40,146,145"
6408,3
6409,"0,313"
6410,"3,28,190"
6411,"23,74,84"
6412,"15,16,3"
6413,"23,24"
6414,"237,3,34"
6415,3
6416,"3,4,435"
6417,"74,317,23"
6418,"184,169"
6419,"40,131,406"
6420,"135,138"
6421,"3,4"
6422,"40,128"
6423,"169,199,170"
6424,"64,10,448"
6425,"3,204,13"
6426,"0,235,8"
6427,"40,145,131"
6428,"3,147,523"
6429,"131,40,226"
6430,"0,8,410"
6431,"199,169"
6432,"11,10,205"
6433,"49,24,23"
6434,"0,26"
6435,"184,185,40"
6436,"118,74,107"
6437,23
6438,"3,147,148"
6439,"3,17,168"
6440,"131,40,159"
6441,"26,23,89"
6442,"169,199"
6443,"107,74"
6444,"10,64,93"
6445,"3,4"
6446,"40,184,185"
6447,"4,19,3"
6448,"10,419"
6449,"3,17,168"
6450,"169,199"
6451,"40,135"
6452,"39,38,23"
6453,"0,8,206"
6454,"44,145,40"
6455,"45,44,40"
6456,"8,0,308"
6457,"3,15,16"
6458,"40,396,395"
6459,"3,21"
6460,"64,10,448"
6461,"0,313,485"
6462,"220,242,10"
6463,"113,28,23"
6464,"31,23,32"
6465,3
6466,"64,93,10"
6467,"0,456,271"
6468,"10,24,60"
6469,"40,241,131"
6470,"0,230,229"
6471,"40,139"
6472,"43,24,23"
6473,"3,147,148"
6474,"3,523,147"
6475,"131,40,226"
6476,"41,42,40"
6477,3
6478,"0,216,304"
6479,"42,21,41"
6480,"0,214,213"
6481,237
6482,"296,411,169"
6483,"40,149"
6484,402
6485,"0,216,277"
6486,"0,465"
6487,3
6488,"131,134,40"
6489,23
6490,"3,267,111"
6491,"0,8"
6492,"169,170"
6493,"28,190,3"
6494,"10,64,93"
6495,"296,460"
6496,"64,10,335"
6497,"170,169,459"
6498,"8,0,206"
6499,"169,260,170"
6500,"44,10,95"
6501,"3,15"
6502,"0,206,369"
6503,"31,23,77"
6504,"220,10,221"
6505,"10,64,90"
6506,"0,304,314"
6507,40
6508,"11,109,10"
6509,"128,129,40"
6510,"40,145,44"
6511,"3,21"
6512,"169,199,282"
6513,"34,3"
6514,"10,11,109"
6515,"221,10,220"
6516,"11,10,109"
6517,"40,145"
6518,"11,10,109"
6519,"303,74,165"
6520,"40,131,406"
6521,25
6522,"3,523,53"
6523,"19,4,3"
6524,"40,145,402"
6525,"169,170,171"
6526,169
6527,"160,40,315"
6528,"3,30,66"
6529,"3,147"
6530,"3,21"
6531,"23,25"
6532,"23,89,26"
6533,"3,4,174"
6534,"281,199,169"
6535,"23,105"
6536,"40,123,41"
6537,"3,111"
6538,3
6539,"129,128,40"
6540,"40,145,402"
6541,"128,129,40"
6542,"169,170"
6543,"220,0,10"
6544,"3,21,108"
6545,"23,309"
6546,"64,10,335"
6547,"3,147"
6548,"40,151,152"
6549,"40,186,128"
6550,"40,131,132"
6551,"23,313,26"
6552,"44,145,40"
6553,"64,10,93"
6554,"220,10,221"
6555,"3,111,112"
6556,"11,205,10"
6557,"169,171,170"
6558,"23,32,31"
6559,23
6560,"169,199"
6561,"322,10,54"
6562,"31,258,23"
6563,"23,40"
6564,"71,23,165"
6565,"23,71,38"
6566,"139,40"
6567,"3,21"
6568,"3,17"
6569,"169,199"
6570,"0,2"
6571,"8,0,308"
6572,"23,26,231"
6573,"26,23,89"
6574,"23,49,24"
6575,"111,3,112"
6576,"339,169,337"
6577,"11,10,109"
6578,0
6579,"281,169,135"
6580,"44,40,145"
6581,"23,24,49"
6582,"40,131,406"
6583,"126,21,3"
6584,"151,152,40"
6585,"23,137,74"
6586,"15,16,3"
6587,"43,24,23"
6588,"220,10"
6589,0
6590,23
6591,"40,128,162"
6592,"40,153,139"
6593,"220,10,242"
6594,"145,40,502"
6595,"23,63"
6596,10
6597,"3,33"
6598,"4,3"
6599,"220,10,242"
6600,"23,91,38"
6601,"44,45"
6602,"21,3,126"
6603,"64,10,448"
6604,"224,40,41"
6605,"3,21,182"
6606,"3,147,148"
6607,"281,199,169"
6608,"74,23,118"
6609,"10,64,93"
6610,"3,147,148"
6611,"0,271,291"
6612,23
6613,"11,10,109"
6614,"3,170"
6615,"40,138,135"
6616,"3,4,238"
6617,"131,241,40"
6618,"128,40,129"
6619,"17,168,3"
6620,"3,21"
6621,"44,40,145"
6622,"0,211,319"
6623,"206,0,8"
6624,"169,199,170"
6625,"10,11,12"
6626,"138,135,40"
6627,"3,158,21"
6628,"220,221,10"
6629,6
6630,"0,26,350"
6631,0
6632,"3,21,127"
6633,0
6634,23
6635,"74,118,23"
6636,"26,23,350"
6637,"3,85"
6638,"23,26,89"
6639,"64,10,448"
6640,"147,3,148"
6641,"0,271,342"
6642,"169,199"
6643,"23,137"
6644,"3,21,127"
6645,"26,23,231"
6646,"44,145,40"
6647,"171,199,169"
6648,"405,169,8"
6649,"4,3"
6650,"199,169,281"
6651,"10,54,95"
6652,"224,40,41"
6653,"23,24,49"
6654,"74,317,23"
6655,"3,21,48"
6656,41
6657,"23,38"
6658,"199,281,169"
6659,"3,34,187"
6660,"220,10,221"
6661,"43,24,23"
6662,"402,23"
6663,"40,128,129"
6664,"220,221"
6665,"3,147"
6666,"0,216,346"
6667,"16,15,3"
6668,"40,131,406"
6669,"131,40"
6670,"40,396"
6671,"26,89,23"
6672,"23,74"
6673,"23,10"
6674,0
6675,"96,31,23"
6676,"64,10,93"
6677,"199,169,343"
6678,40
6679,"0,8,206"
6680,"0,279,249"
6681,23
6682,"10,54,322"
6683,"64,10,448"
6684,"3,21,301"
6685,"138,169"
6686,"160,40"
6687,"3,21"
6688,0
6689,"0,271,361"
6690,10
6691,40
6692,"199,169,281"
6693,"3,21"
6694,"0,271,280"
6695,"147,3,148"
6696,3
6697,"3,53,68"
6698,"40,406,131"
6699,"3,85"
6700,3
6701,"10,11,12"
6702,"40,128"
6703,"220,221,10"
6704,"3,13"
6705,"23,26,89"
6706,"13,14,3"
6707,"23,24,105"
6708,"15,3,16"
6709,"10,64"
6710,"0,313"
6711,"10,64,93"
6712,"3,21,108"
6713,"199,343,169"
6714,"23,74,303"
6715,"199,169"
6716,"220,221,10"
6717,"43,23,24"
6718,"0,8,391"
6719,"0,308"
6720,"74,23"
6721,"23,24"
6722,"44,40,145"
6723,"23,47"
6724,"220,10,221"
6725,"40,131,241"
6726,"199,169,171"
6727,"0,424,271"
6728,"3,15,16"
6729,"40,131,226"
6730,0
6731,"171,199,169"
6732,"3,187,21"
6733,3
6734,"109,11"
6735,"26,89,23"
6736,"23,38,137"
6737,"10,402,40"
6738,"220,10,221"
6739,"3,85,86"
6740,"206,0,8"
6741,"169,199"
6742,"59,23,24"
6743,"220,221,10"
6744,"0,8,206"
6745,"3,13"
6746,"74,23"
6747,"169,23"
6748,"3,17"
6749,"3,111"
6750,"3,4,238"
6751,"0,271"
6752,"40,127"
6753,"40,127,151"
6754,"140,139"
6755,"296,169"
6756,"220,10,221"
6757,23
6758,3
6759,3
6760,"26,23,89"
6761,"10,11,12"
6762,"169,199,343"
6763,"26,231,23"
6764,3
6765,3
6766,"271,0,456"
6767,"44,45"
6768,"220,242,10"
6769,"169,199"
6770,35
6771,0
6772,"118,23,74"
6773,"40,160"
6774,"3,21,53"
6775,"3,4,19"
6776,"17,3,168"
6777,"296,169"
6778,"40,129,128"
6779,"0,456,271"
6780,"17,3,168"
6781,"40,131,406"
6782,"23,231,118"
6783,"169,199,281"
6784,"44,40,145"
6785,"0,314"
6786,"10,221"
6787,"40,131,132"
6788,"10,60"
6789,"169,23,31"
6790,23
6791,"322,10,54"
6792,"0,235,8"
6793,"220,10"
6794,"10,49"
6795,"0,355,271"
6796,"431,281,199"
6797,"23,63"
6798,"3,21"
6799,"3,4,364"
6800,"4,3,238"
6801,"23,71,38"
6802,"3,85"
6803,"0,271,456"
6804,10
6805,"23,105"
6806,25
6807,"339,169,337"
6808,"169,296"
6809,"3,4,238"
6810,"0,348,280"
6811,40
6812,"3,21,30"
6813,"3,34"
6814,"3,4"
6815,"11,10"
6816,"160,40"
6817,"281,199,169"
6818,"3,28,21"
6819,"3,21"
6820,"0,280,265"
6821,"0,271"
6822,23
6823,40
6824,"0,271,280"
6825,"64,10"
6826,431
6827,"40,131,226"
6828,"0,304"
6829,"54,10,95"
6830,"23,32,31"
6831,"64,10"
6832,"170,169,260"
6833,"3,21,182"
6834,"3,53,523"
6835,"135,40,295"
6836,"4,19,3"
6837,"64,10,80"
6838,23
6839,"23,74"
6840,"220,10,242"
6841,"169,296"
6842,"23,24,43"
6843,"23,26,89"
6844,"286,41,40"
6845,"0,271,424"
6846,"402,10,145"
6847,"34,263,3"
6848,"10,11,109"
6849,"43,24,23"
6850,"3,21"
6851,10
6852,"10,64,448"
6853,220
6854,44
6855,3
6856,"23,105"
6857,"3,15,16"
6858,"206,8,0"
6859,"0,313,8"
6860,"199,169,343"
6861,"199,169,343"
6862,"3,147,33"
6863,"44,45,10"
6864,"11,10,12"
6865,"162,163,40"
6866,"169,296"
6867,"10,64"
6868,"0,456"
6869,"64,10,80"
6870,"3,113"
6871,"40,159,131"
6872,"40,131,406"
6873,"23,24"
6874,"0,214,213"
6875,"26,23,350"
6876,"169,199,259"
6877,"89,26,23"
6878,"339,337,169"
6879,"3,21,187"
6880,"0,206,8"
6881,"220,10,242"
6882,"199,281,169"
6883,"10,43,23"
6884,"350,23"
6885,"296,169"
6886,40
6887,"10,60,43"
6888,"21,3,127"
6889,"10,11,109"
6890,"0,363,271"
6891,"106,23,105"
6892,"26,350,23"
6893,"214,0,213"
6894,"23,89,26"
6895,"43,23,24"
6896,40
6897,"0,340,265"
6898,"105,23,318"
6899,"128,129,130"
6900,"23,63"
6901,"11,10"
6902,"281,23,199"
6903,"10,220,221"
6904,"23,38"
6905,"23,318,26"
6906,"74,303,23"
6907,"3,15"
6908,"118,74,23"
6909,"40,145,44"
6910,"8,0,391"
6911,"16,15,3"
6912,"169,171,199"
6913,"40,131,226"
6914,"0,8"
6915,"8,206,0"
6916,"74,317,23"
6917,"23,137,38"
6918,"31,23,328"
6919,"101,222,100"
6920,"3,4,30"
6921,"220,10,221"
6922,"3,238,4"
6923,"118,74,23"
6924,"303,74,23"
6925,"216,77,380"
6926,"26,23,89"
6927,"220,10,221"
6928,"0,214,213"
6929,"23,74"
6930,3
6931,"64,10,80"
6932,"40,151,152"
6933,"169,199"
6934,"10,220"
6935,"85,3,86"
6936,"3,17"
6937,"54,95,10"
6938,"3,53"
6939,"10,11"
6940,"165,74,23"
6941,"0,265"
6942,"10,54"
6943,"169,199,171"
6944,"4,3"
6945,"23,105,106"
6946,"169,170"
6947,"0,8"
6948,"3,156,21"
6949,"5,6,57"
6950,"3,56"
6951,"10,64,93"
6952,"23,49,24"
6953,"169,3,311"
6954,"220,10,221"
6955,"64,448,10"
6956,"220,221,10"
6957,"15,16,3"
6958,"220,10,221"
6959,"169,0"
6960,"3,30"
6961,"3,21,115"
6962,"145,44,40"
6963,"4,3"
6964,"241,40"
6965,"281,199,169"
6966,"23,26,89"
6967,"26,23,89"
6968,"0,366,370"
6969,"49,10,23"
6970,"3,85"
6971,"3,21"
6972,"131,241,406"
6973,"44,40,45"
6974,"71,23,38"
6975,"169,171,170"
6976,"220,10,221"
6977,"3,21,379"
6978,3
6979,"8,0,206"
6980,"3,21"
6981,"220,10"
6982,"199,64,169"
6983,"64,10,93"
6984,"40,149,41"
6985,"40,41"
6986,"199,323"
6987,"169,417"
6988,"40,160"
6989,"170,169,459"
6990,"170,260,169"
6991,"26,89,23"
6992,"224,41,40"
6993,"296,169"
6994,"23,38,309"
6995,"4,3"
6996,"3,187,21"
6997,"40,184,185"
6998,"169,199"
6999,"131,134,40"
7000,"64,10,93"
7001,"64,10,90"
7002,0
7003,"64,10,473"
7004,"3,168,17"
7005,"128,129,40"
7006,"296,169,371"
7007,40
7008,"3,147,148"
7009,"4,3,238"
7010,"4,3"
7011,"40,131"
7012,"3,21"
7013,"23,165"
7014,"0,399,363"
7015,"32,31,23"
7016,"40,145,44"
7017,"0,363,271"
7018,"17,320,3"
7019,"3,53,111"
7020,"23,118,500"
7021,"55,402,10"
7022,"40,128"
7023,"11,10,109"
7024,"31,23"
7025,"111,3,119"
7026,21
7027,44
7028,"0,475,218"
7029,"40,139,153"
7030,"40,224,41"
7031,"3,53,113"
7032,"3,17,21"
7033,"26,89,23"
7034,"0,271,272"
7035,"24,253"
7036,"109,10,11"
7037,"3,34,263"
7038,"40,184,185"
7039,"10,11,12"
7040,"169,507,296"
7041,"328,23"
7042,"10,60,64"
7043,"10,64"
7044,"10,54,95"
7045,"138,40,135"
7046,45
7047,"95,54"
7048,"3,21"
7049,"40,41"
7050,"0,169,223"
7051,"8,405,169"
7052,"350,26,23"
7053,"220,242,10"
7054,"40,149,160"
7055,"169,507,296"
7056,"23,24,25"
7057,"26,23,206"
7058,"3,99,53"
7059,23
7060,"3,21"
7061,"3,15,16"
7062,"74,317,23"
7063,169
7064,"89,23,26"
7065,"40,128,395"
7066,"0,271,291"
7067,"220,242,10"
7068,"199,169,382"
7069,"0,206"
7070,"74,23,118"
7071,"296,169,371"
7072,"137,23,38"
7073,"23,105,326"
7074,10
7075,"10,242,220"
7076,"0,265,280"
7077,"10,54"
7078,"23,74,118"
7079,"23,169,170"
7080,"17,3,168"
7081,"45,40"
7082,"220,10"
7083,"169,170,171"
7084,"0,8,235"
7085,"53,3"
7086,23
7087,23
7088,"43,24,23"
7089,"3,147,148"
7090,"3,4"
7091,"10,93,64"
7092,"23,105"
7093,3
7094,"3,14,13"
7095,"54,95,10"
7096,"21,3"
7097,"220,221,10"
7098,"3,287,53"
7099,"31,23,258"
7100,"0,313,285"
7101,"32,31,23"
7102,"23,24,59"
7103,23
7104,"74,23,303"
7105,"40,151,152"
7106,"145,40,44"
7107,"23,24,49"
7108,"10,12,11"
7109,23
7110,"10,11,12"
7111,"118,74,23"
7112,169
7113,"31,40"
7114,23
7115,"26,350,23"
7116,"40,145"
7117,"43,23,24"
7118,"25,242,10"
7119,"40,131,406"
7120,"128,40"
7121,"145,44,40"
7122,"0,8,235"
7123,"138,169,135"
7124,3
7125,"96,31,23"
7126,169
7127,"3,21"
7128,"220,10,242"
7129,"64,10,93"
7130,"3,53"
7131,0
7132,"10,11"
7133,"0,271"
7134,"64,10,335"
7135,"313,0,346"
7136,"169,170"
7137,"0,265"
7138,"3,111"
7139,"3,267"
7140,"21,3"
7141,"40,128,395"
7142,"105,23,326"
7143,"220,10,221"
7144,"169,199"
7145,"169,296"
7146,"23,165,74"
7147,"0,456,271"
7148,"40,128"
7149,40
7150,3
7151,3
7152,"199,169,356"
7153,"281,169,199"
7154,"0,206,8"
7155,"44,145,45"
7156,"111,3,161"
7157,"3,4"
7158,"3,169,199"
7159,"23,175"
7160,"40,160"
7161,"23,77,31"
7162,"169,171,199"
7163,"3,53,502"
7164,"111,40,3"
7165,"170,260,169"
7166,"311,169,21"
7167,"23,74,165"
7168,"3,111"
7169,"3,21,127"
7170,"95,54"
7171,"40,160,423"
7172,"40,149,160"
7173,"4,3,407"
7174,"0,8,235"
7175,"15,16,3"
7176,0
7177,"3,30,104"
7178,"0,255,462"
7179,0
7180,"138,135,40"
7181,"131,241"
7182,40
7183,"231,26,23"
7184,"296,169,371"
7185,"402,10,54"
7186,"402,10,54"
7187,3
7188,"64,10,442"
7189,"220,242,10"
7190,"3,53"
7191,"3,30,66"
7192,"10,64"
7193,"40,131,406"
7194,"128,129,40"
7195,"0,456,271"
7196,"40,160,315"
7197,"11,10,109"
7198,"40,41,42"
7199,"40,44,145"
7200,"0,8,285"
7201,"40,139"
7202,"64,10"
7203,"0,279"
7204,"199,169,343"
7205,"54,10,95"
7206,"40,402,145"
7207,"0,216"
7208,"3,21"
7209,59
7210,"3,4"
7211,"15,16,3"
7212,"3,4,238"
7213,"129,128,40"
7214,"43,23,24"
7215,"10,80,64"
7216,"3,287,53"
7217,"169,170,459"
7218,"169,199"
7219,"10,64,93"
7220,"220,221,10"
7221,"23,105,318"
7222,"45,44,145"
7223,"199,343,169"
7224,"220,10,221"
7225,"199,169,374"
7226,"3,21"
7227,"3,53"
7228,3
7229,"40,131,406"
7230,"3,85"
7231,"40,128,241"
7232,"0,23,271"
7233,"23,74,303"
7234,"3,17,447"
7235,"32,23,31"
7236,"220,10,242"
7237,"40,44,145"
7238,"3,21,108"
7239,"3,105,50"
7240,"3,168,13"
7241,"169,199"
7242,"3,147"
7243,"199,169,356"
7244,"13,150,3"
7245,"3,238,21"
7246,"160,40,315"
7247,"3,30,66"
7248,"40,146,136"
7249,"23,118"
7250,169
7251,"3,147,156"
7252,"3,21"
7253,"31,258,23"
7254,"128,129,130"
7255,"44,40,145"
7256,"140,139,320"
7257,3
7258,199
7259,"0,265,490"
7260,"43,24,23"
7261,3
7262,"169,31"
7263,"163,162,40"
7264,"0,366,216"
7265,169
7266,23
7267,"0,456,271"
7268,"3,66,30"
7269,"199,169,343"
7270,"105,23"
7271,"3,21"
7272,"3,170,53"
7273,"40,41"
7274,"3,34"
7275,"0,456,271"
7276,"26,23,257"
7277,"43,23,24"
7278,"406,40,131"
7279,"40,151,152"
7280,"3,17,168"
7281,"4,3,238"
7282,"40,395,396"
7283,"45,44,145"
7284,"0,522"
7285,"3,147"
7286,"0,265,273"
7287,"339,169,337"
7288,"3,53"
7289,"199,169"
7290,"3,4,70"
7291,"146,40,145"
7292,"32,23,31"
7293,"3,127,21"
7294,"131,40,406"
7295,"3,53"
7296,"0,206,8"
7297,"49,24,23"
7298,"0,522,271"
7299,"23,26"
7300,"10,11,109"
7301,"64,10,93"
7302,"339,169,337"
7303,"11,10,109"
7304,"339,169,337"
7305,"145,40,44"
7306,"17,3,320"
7307,"345,23"
7308,"10,93"
7309,"29,28,3"
7310,"3,30"
7311,"3,4,435"
7312,"11,10,12"
7313,"43,60,10"
7314,"0,265"
7315,"0,271,360"
7316,"131,406,40"
7317,"3,147"
7318,"23,74"
7319,"296,169"
7320,"74,23,118"
7321,"111,112"
7322,"40,131"
7323,"3,187,34"
7324,"31,216"
7325,"23,26,89"
7326,"26,231,23"
7327,"3,21,124"
7328,"281,199,431"
7329,"0,456,271"
7330,"3,168,17"
7331,"32,31,23"
7332,"224,41,40"
7333,"128,40,129"
7334,"0,271,424"
7335,"169,281,199"
7336,"281,199,169"
7337,"23,74,303"
7338,"10,60"
7339,"128,129,40"
7340,"15,16,3"
7341,23
7342,"40,186,128"
7343,"3,21"
7344,"171,169,199"
7345,"21,127,3"
7346,"40,123"
7347,"3,104,34"
7348,"231,26,23"
7349,"3,21,48"
7350,"40,283,74"
7351,0
7352,23
7353,"40,131"
7354,"0,340,265"
7355,"10,64"
7356,"13,3"
7357,"169,199"
7358,3
7359,"3,169"
7360,"129,128,130"
7361,"3,367,100"
7362,"40,226,131"
7363,"4,3,19"
7364,"35,36,3"
7365,"64,10"
7366,169
7367,"74,23,118"
7368,"3,286,41"
7369,"23,137,38"
7370,"220,10,242"
7371,"0,216"
7372,"15,16,3"
7373,"3,111"
7374,"3,85"
7375,"23,137,38"
7376,"44,145,73"
7377,10
7378,"40,128,129"
7379,"3,4,28"
7380,169
7381,"3,21,127"
7382,"220,242,10"
7383,"3,53,187"
7384,"0,457"
7385,"211,0,319"
7386,"4,19,3"
7387,"10,11,12"
7388,"23,31"
7389,"3,147,148"
7390,"3,21"
7391,"40,128,129"
7392,"54,95,10"
7393,"77,31"
7394,23
7395,"96,31"
7396,"169,170"
7397,"3,28,4"
7398,"220,10,221"
7399,"89,23,26"
7400,"45,40"
7401,"105,23,318"
7402,"64,10"
7403,23
7404,"40,128,395"
7405,"64,10,448"
7406,40
7407,"0,279,249"
7408,"169,199"
7409,"43,24,64"
7410,"3,21"
7411,"162,163,40"
7412,"40,244,135"
7413,"3,287"
7414,"3,147,156"
7415,44
7416,"10,54"
7417,"169,259,426"
7418,"40,131"
7419,"23,395"
7420,218
7421,"21,3,187"
7422,0
7423,"10,64,90"
7424,"23,454"
7425,"3,21,379"
7426,"10,11,109"
7427,"0,265,490"
7428,"3,85,86"
7429,"10,109,11"
7430,"224,111,161"
7431,"26,23,350"
7432,"169,374,459"
7433,"74,23"
7434,"169,199,296"
7435,"40,128"
7436,3
7437,10
7438,"0,456,271"
7439,23
7440,"350,26,23"
7441,"10,11,12"
7442,"169,281,199"
7443,"10,11"
7444,"199,169"
7445,3
7446,"23,74"
7447,"23,31,96"
7448,"3,21,127"
7449,"24,49,23"
7450,"22,3,21"
7451,"3,21"
7452,"44,40,145"
7453,"3,53"
7454,"23,89,26"
7455,"3,4"
7456,"296,169"
7457,"10,64,90"
7458,"23,74,118"
7459,10
7460,"26,23,350"
7461,"168,17,3"
7462,"49,23,24"
7463,"3,21,127"
7464,"169,199,374"
7465,"21,3,379"
7466,"23,40"
7467,"0,206,8"
7468,"74,303"
7469,"3,51,4"
7470,"31,23,96"
7471,"63,23,38"
7472,"199,169,323"
7473,"199,169"
7474,"0,522,271"
7475,"17,3"
7476,"160,40,423"
7477,"169,138"
7478,10
7479,"0,363,280"
7480,"3,21,127"
7481,"10,11"
7482,"170,169,260"
7483,"287,53,3"
7484,"0,291"
7485,"64,10,80"
7486,"0,370,216"
7487,"40,131,134"
7488,"255,0,462"
7489,"406,40,131"
7490,3
7491,"201,40,41"
7492,"128,40,152"
7493,"220,242,10"
7494,0
7495,"23,345,24"
7496,"224,40,41"
7497,"220,10"
7498,"26,23,0"
7499,"199,169,343"
7500,"3,4,19"
7501,"0,271,424"
7502,"11,10,109"
7503,"0,271,355"
7504,"169,454,31"
7505,169
7506,"23,74,118"
7507,"3,53"
7508,"171,169"
7509,"23,74,71"
7510,"3,147"
7511,"165,71,23"
7512,"0,271,355"
7513,"10,239,93"
7514,"23,118,74"
7515,"126,42,40"
7516,"3,21,48"
7517,"199,169,382"
7518,"40,131,159"
7519,"40,139"
7520,"220,10,242"
7521,"23,26,89"
7522,"25,24,23"
7523,"169,170"
7524,"0,465"
7525,"40,131,406"
7526,"3,147,148"
7527,"40,131,241"
7528,"3,111,4"
7529,"169,170,184"
7530,"10,23,93"
7531,"10,11,109"
7532,"40,145,437"
7533,"3,238,4"
7534,"3,16,15"
7535,"25,24,23"
7536,"64,10,65"
7537,3
7538,"3,447"
7539,"206,23,0"
7540,"3,135"
7541,"169,281"
7542,"40,21,127"
7543,"32,31,23"
7544,"0,366,271"
7545,"3,68,187"
7546,0
7547,10
7548,"0,255"
7549,"145,40"
7550,"401,40,3"
7551,"0,319,271"
7552,"3,187,21"
7553,"15,3,16"
7554,"10,64,90"
7555,"220,10,242"
7556,"290,31,23"
7557,"4,3,238"
7558,40
7559,"169,170,459"
7560,23
7561,3
7562,"199,169"
7563,"43,23,10"
7564,"3,16,15"
7565,"10,234"
7566,"220,10,242"
7567,"206,0,8"
7568,"220,10,221"
7569,"85,3,86"
7570,"10,64,93"
7571,"42,40,41"
7572,"44,145"
7573,"220,10,242"
7574,40
7575,"23,26"
7576,"4,3"
7577,"131,241,40"
7578,"169,170,260"
7579,"10,60"
7580,"23,74,454"
7581,"44,45"
7582,"0,216"
7583,"3,15"
7584,"40,131,128"
7585,3
7586,"3,21"
7587,"24,23,43"
7588,3
7589,"10,11,45"
7590,"3,66,30"
7591,"40,139,395"
7592,"3,147,148"
7593,"4,3,19"
7594,"16,15,3"
7595,"0,304"
7596,"24,43,23"
7597,40
7598,23
7599,"345,169,199"
7600,"281,169,199"
7601,"43,23,24"
7602,"23,71,38"
7603,"131,40"
7604,"23,74"
7605,"0,363,271"
7606,"26,350,23"
7607,"3,147"
7608,"220,10,242"
7609,"49,23"
7610,"0,357"
7611,"3,21"
7612,"64,10"
7613,0
7614,"10,11,12"
7615,"0,271,456"
7616,"220,10,242"
7617,"44,40,145"
7618,"3,52,51"
7619,"105,23,326"
7620,"43,23,10"
7621,"11,10,109"
7622,"10,239,64"
7623,3
7624,"171,169,199"
7625,"0,8"
7626,3
7627,"17,3,168"
7628,"3,21,126"
7629,"40,151,152"
7630,23
7631,"3,53,111"
7632,"43,23,24"
7633,"220,10,242"
7634,"23,26,89"
7635,"3,21,170"
7636,"10,60,239"
7637,31
7638,"152,151,40"
7639,"3,21"
7640,"49,24,23"
7641,"290,31,23"
7642,0
7643,"521,0,31"
7644,"3,21,187"
7645,"74,317"
7646,"5,3,228"
7647,"255,462,0"
7648,"23,105"
7649,"0,516"
7650,"169,296,300"
7651,"220,10,221"
7652,"160,40,315"
7653,"115,40"
7654,"10,64"
7655,"26,23,89"
7656,"43,10"
7657,"3,17"
7658,"137,23,38"
7659,"3,21"
7660,"3,51,52"
7661,"40,131,241"
7662,"220,10,221"
7663,"23,71"
7664,"169,170"
7665,"40,131,406"
7666,431
7667,"3,168,17"
7668,"147,3,148"
7669,"339,230"
7670,"0,280"
7671,"169,171,199"
7672,"10,220,242"
7673,"10,220,221"
7674,"459,170,169"
7675,10
7676,128
7677,"31,23,454"
7678,"43,23,24"
7679,"3,21"
7680,"3,21,182"
7681,"169,171,199"
7682,"40,132,131"
7683,"26,23,89"
7684,"3,21"
7685,"454,10"
7686,"0,265,349"
7687,"3,4,176"
7688,"138,40,135"
7689,"3,53"
7690,"3,111"
7691,"138,40,135"
7692,"241,131,40"
7693,"64,10,448"
7694,"17,3,168"
7695,"0,10,109"
7696,"0,208,521"
7697,"28,3,330"
7698,"141,135,40"
7699,"49,23"
7700,"169,170"
7701,"23,40,193"
7702,169
7703,"64,10,93"
7704,"23,89,26"
7705,"40,128,195"
7706,"3,275,147"
7707,"3,85,21"
7708,"145,25"
7709,"128,129,130"
7710,"40,151,160"
7711,"23,26"
7712,"3,0,393"
7713,"165,74,23"
7714,"0,350,26"
7715,24
7716,"169,426"
7717,40
7718,"10,64"
7719,"3,5,85"
7720,"40,131,406"
7721,"64,10"
7722,"3,21,126"
7723,"118,23,74"
7724,"3,53,128"
7725,"10,54"
7726,"21,126,42"
7727,"10,64,448"
7728,"40,146,145"
7729,"139,40"
7730,"17,40,139"
7731,"171,169,170"
7732,"21,3,379"
7733,"23,89,26"
7734,"64,10"
7735,"60,10,61"
7736,135
7737,"3,147"
7738,"40,315,151"
7739,"17,168,3"
7740,60
7741,"290,31,23"
7742,"3,4,174"
7743,3
7744,"3,21"
7745,"3,21"
7746,"41,40"
7747,"3,21"
7748,"231,26"
7749,"40,41,224"
7750,"10,322,54"
7751,"4,3,19"
7752,0
7753,"139,40,153"
7754,"23,265,0"
7755,17
7756,"3,21,115"
7757,"23,258"
7758,"23,32,31"
7759,"454,31,23"
7760,23
7761,"0,348,280"
7762,"40,402,145"
7763,"89,26,23"
7764,"23,26,89"
7765,"16,15,3"
7766,"64,10,93"
7767,3
7768,"15,16,3"
7769,"135,40,236"
7770,"147,3"
7771,"3,85,86"
7772,3
7773,"199,169,323"
7774,"0,2,1"
7775,"0,8"
7776,"3,147,148"
7777,"23,26"
7778,"131,40,134"
7779,"10,493"
7780,"10,11"
7781,"3,21,127"
7782,"74,165,23"
7783,"0,2"
7784,4
7785,"220,10,242"
7786,"3,111,267"
7787,"23,26"
7788,"0,313,346"
7789,"23,89,26"
7790,23
7791,"11,10,109"
7792,21
7793,"40,395,128"
7794,"220,10,221"
7795,"111,3,123"
7796,"220,242,10"
7797,"64,10,199"
7798,"169,296"
7799,"39,23,38"
7800,"241,131,40"
7801,"10,95"
7802,"74,23"
7803,"23,62,3"
7804,"17,3,168"
7805,3
7806,"40,131"
7807,"3,53"
7808,"105,23,3"
7809,"10,11,419"
7810,0
7811,"3,21"
7812,"10,11"
7813,"0,304,216"
7814,"169,199"
7815,"40,224,41"
7816,"139,153,40"
7817,"64,10,90"
7818,3
7819,"3,21"
7820,"10,64,43"
7821,"71,145,44"
7822,"0,271,355"
7823,23
7824,"15,16,3"
7825,"53,287,3"
7826,"135,431"
7827,0
7828,"89,26,23"
7829,"0,271,456"
7830,"23,231,26"
7831,"169,199,507"
7832,"77,31,0"
7833,40
7834,"3,30,28"
7835,"64,199,79"
7836,"169,170,251"
7837,"170,169,260"
7838,"11,10,205"
7839,"44,145"
7840,"3,68,182"
7841,"26,23,89"
7842,40
7843,"28,29,3"
7844,"265,0,490"
7845,"43,23,24"
7846,"40,131,226"
7847,"40,160"
7848,"3,4,238"
7849,"3,17"
7850,"21,3"
7851,"3,147"
7852,"128,129,130"
7853,"8,206,0"
7854,"10,23"
7855,"169,170"
7856,"44,40"
7857,40
7858,40
7859,"0,208"
7860,"0,8,235"
7861,"3,4"
7862,"23,74,118"
7863,"40,146,145"
7864,"105,23,318"
7865,"53,287,3"
7866,"54,95"
7867,"49,23,24"
7868,"0,314"
7869,"3,53,111"
7870,"64,93,10"
7871,"23,49,24"
7872,"3,433"
7873,10
7874,"26,23,89"
7875,"23,74,303"
7876,23
7877,"10,64,90"
7878,"40,41"
7879,0
7880,"40,42"
7881,3
7882,"64,10,93"
7883,"10,60,43"
7884,"40,135,138"
7885,0
7886,"17,168,320"
7887,"147,148,3"
7888,"0,265"
7889,"23,32,118"
7890,"17,168,3"
7891,"0,249,279"
7892,"234,10,60"
7893,"0,8,235"
7894,"147,148,3"
7895,"14,13,3"
7896,"40,74,135"
7897,"169,199,171"
7898,40
7899,"3,168,17"
7900,"10,220,249"
7901,"23,31"
7902,"0,271"
7903,"350,0,26"
7904,"3,21,108"
7905,"3,53,68"
7906,"171,169,199"
7907,"3,53"
7908,"281,199,169"
7909,"23,31"
7910,"171,199,169"
7911,"40,44,23"
7912,"74,23,165"
7913,0
7914,"64,93,10"
7915,"3,238,4"
7916,"3,53,111"
7917,43
7918,"44,45"
7919,"170,169,260"
7920,"169,260,170"
7921,"220,10,242"
7922,"169,336"
7923,"64,448,10"
7924,"3,53"
7925,"23,74"
7926,"10,64,93"
7927,"23,106,105"
7928,"74,303,23"
7929,"40,131,226"
7930,"0,456,271"
7931,"3,13"
7932,"0,265,349"
7933,"3,85,158"
7934,3
7935,"0,426,223"
7936,"467,53,3"
7937,"0,8,206"
7938,10
7939,"16,15,3"
7940,"141,135,40"
7941,"23,118"
7942,"10,11,12"
7943,"135,431"
7944,"128,129,40"
7945,"31,23"
7946,169
7947,"24,23,43"
7948,"135,138,40"
7949,"10,54,95"
7950,23
7951,"3,17,168"
7952,"4,19,3"
7953,"40,131,226"
7954,"0,216,304"
7955,"160,40,315"
7956,"3,85,86"
7957,"40,145,54"
7958,"40,102"
7959,"0,265,349"
7960,"199,169,259"
7961,"0,216,304"
7962,"45,44,95"
7963,"4,3,238"
7964,3
7965,"3,13,379"
7966,"15,16,3"
7967,"3,28"
7968,"23,24,45"
7969,"339,3,337"
7970,"40,41"
7971,"244,40,135"
7972,"40,131,241"
7973,"3,21"
7974,"0,456,271"
7975,"26,23,350"
7976,23
7977,23
7978,"0,422"
7979,"40,3"
7980,"10,43,64"
7981,23
7982,"40,131,406"
7983,"23,111"
7984,"3,21,33"
7985,"40,131"
7986,10
7987,"40,129,128"
7988,"168,0,17"
7989,"220,221"
7990,"89,26,23"
7991,"23,24,43"
7992,"46,3,34"
7993,"11,10,205"
7994,"10,64,60"
7995,"281,169,199"
7996,"0,271"
7997,"3,21"
7998,28
7999,"26,231,23"
8000,"169,296,199"
8001,"74,303"
8002,"40,131"
8003,"111,3,119"
8004,"89,23,26"
8005,"140,139"
8006,"64,10"
8007,"3,15,16"
8008,3
8009,"231,26,23"
8010,"26,350,23"
8011,"3,111,275"
8012,23
8013,"23,96,31"
8014,"0,271,352"
8015,"0,8"
8016,"199,169,343"
8017,"21,3"
8018,"40,21"
8019,44
8020,"234,10,60"
8021,"3,21,127"
8022,"23,38"
8023,40
8024,"10,61,60"
8025,40
8026,"111,138,3"
8027,"10,12,11"
8028,"0,366,271"
8029,"3,4"
8030,"34,3"
8031,"169,170"
8032,"23,89,26"
8033,"17,168,3"
8034,258
8035,"301,3,21"
8036,"74,23,317"
8037,"40,145,146"
8038,"152,151,40"
8039,"64,10,65"
8040,"3,21"
8041,"31,23,328"
8042,"139,155,153"
8043,0
8044,"169,199"
8045,"220,242,10"
8046,3
8047,"3,28,13"
8048,"13,3"
8049,169
8050,"3,17,168"
8051,"26,350,23"
8052,"0,206,8"
8053,3
8054,"17,3,320"
8055,"95,54,10"
8056,"23,31,40"
8057,"23,89,26"
8058,3
8059,"23,118"
8060,"220,10,221"
8061,"220,10,221"
8062,241
8063,"128,129,40"
8064,"10,60"
8065,"417,169"
8066,"3,52,51"
8067,"3,85"
8068,"3,85"
8069,"40,145,402"
8070,"17,3"
8071,"10,11,12"
8072,"10,145,44"
8073,"135,138,40"
8074,"31,23"
8075,"71,23,38"
8076,"184,40,185"
8077,14
8078,"54,10,95"
8079,"3,22,21"
8080,"40,241"
8081,"43,24,23"
8082,"89,26,23"
8083,"40,131,226"
8084,"40,395"
8085,"128,129,40"
8086,"3,34"
8087,"0,279,249"
8088,"0,265"
8089,"8,0,308"
8090,"0,313"
8091,"3,113"
8092,45
8093,"220,10,242"
8094,"199,169,96"
8095,"169,199,259"
8096,"131,40,226"
8097,"3,238"
8098,220
8099,"145,40,44"
8100,"23,31,39"
8101,"169,171,199"
8102,"23,26,89"
8103,"3,19"
8104,"3,30"
8105,3
8106,"40,145"
8107,"3,21,127"
8108,"3,53,523"
8109,"271,0,456"
8110,"3,147,148"
8111,"24,23,43"
8112,"31,23"
8113,"3,4"
8114,"128,40,162"
8115,"23,74,303"
8116,"147,3"
8117,"220,10,242"
8118,3
8119,"23,308,0"
8120,"26,23,231"
8121,"43,23,24"
8122,"15,16,3"
8123,"23,74,317"
8124,"296,306,169"
8125,"169,199,323"
8126,"10,11,109"
8127,"44,73,145"
8128,"23,96,60"
8129,"40,184,243"
8130,"74,118,23"
8131,"0,265,273"
8132,"32,31,23"
8133,"152,151,40"
8134,"220,10,221"
8135,"0,218"
8136,"296,169,306"
8137,"3,15"
8138,"3,108,21"
8139,"220,10"
8140,"23,303,74"
8141,"3,21"
8142,"44,145,45"
8143,"199,169,323"
8144,"296,169,336"
8145,40
8146,"17,168,3"
8147,"3,447,116"
8148,"3,4"
8149,"26,89,23"
8150,"296,169"
8151,"0,8,235"
8152,"160,40,302"
8153,"60,10"
8154,"0,522,271"
8155,"3,102,21"
8156,"0,313,346"
8157,"23,74,317"
8158,"8,0,308"
8159,40
8160,40
8161,"184,185,40"
8162,"3,169,199"
8163,3
8164,"23,24,25"
8165,"40,151,152"
8166,"64,10"
8167,"3,21,127"
8168,"3,4"
8169,"3,21,127"
8170,"0,462"
8171,"253,23,10"
8172,"199,169,343"
8173,"26,23,89"
8174,"0,254,216"
8175,"0,271,522"
8176,"40,131,406"
8177,23
8178,"0,265"
8179,"3,4"
8180,"169,170"
8181,"40,131,406"
8182,"139,40,155"
8183,23
8184,"131,40"
8185,"10,402,220"
8186,3
8187,"3,68"
8188,"3,21"
8189,"199,169"
8190,"96,31,23"
8191,"40,128,186"
8192,"3,15,16"
8193,"64,10,93"
8194,"3,28,330"
8195,"23,137"
8196,"40,145,45"
8197,"85,3,86"
8198,23
8199,"64,10,93"
8200,"220,10,242"
8201,"211,319,0"
8202,"3,17"
8203,"3,104,30"
8204,"23,26"
8205,"0,8,206"
8206,"89,26,23"
8207,"0,271,456"
8208,"241,40,131"
8209,"145,323,199"
8210,"0,8,308"
8211,59
8212,"23,307,74"
8213,"0,257,235"
8214,"309,23,69"
8215,"0,271,456"
8216,"220,10,242"
8217,"17,168,3"
8218,"4,3,19"
8219,"49,23,24"
8220,"3,21"
8221,"23,49,24"
8222,"105,23,326"
8223,"3,85"
8224,"23,24,49"
8225,"169,323"
8226,"23,74"
8227,17
8228,"23,26,89"
8229,"131,40"
8230,"3,21,127"
8231,"0,456,271"
8232,"74,165,23"
8233,"43,24,23"
8234,"3,53,287"
8235,23
8236,"23,74,63"
8237,"3,113"
8238,3
8239,"0,357,381"
8240,"0,271,352"
8241,"43,60,24"
8242,"4,3,19"
8243,"40,406,131"
8244,"151,40,152"
8245,"40,145"
8246,"234,10,60"
8247,23
8248,"3,4,238"
8249,0
8250,"23,74,118"
8251,"169,199"
8252,"0,280,348"
8253,"0,206"
8254,"64,10"
8255,"10,64,442"
8256,"10,64"
8257,3
8258,10
8259,"40,131,134"
8260,"60,23,43"
8261,"10,64,93"
8262,"25,24"
8263,"3,187,21"
8264,"370,0,23"
8265,"199,169,343"
8266,3
8267,"10,239"
8268,"169,199,281"
8269,"74,303,23"
8270,"0,319,211"
8271,"459,170,21"
8272,"169,199"
8273,"23,0,8"
8274,"3,4"
8275,"24,23,43"
8276,"23,74,137"
8277,"17,3"
8278,"3,523,53"
8279,"31,23,32"
8280,"220,221,10"
8281,"131,406,40"
8282,"3,16,15"
8283,"296,169"
8284,"0,522"
8285,"131,40,134"
8286,"160,40,196"
8287,3
8288,"3,104,30"
8289,"4,3,19"
8290,"23,43,24"
8291,402
8292,"10,64,80"
8293,"40,184"
8294,"49,23,24"
8295,"206,0"
8296,"199,169,343"
8297,3
8298,"134,131,40"
8299,"3,4"
8300,"0,216"
8301,"169,0,339"
8302,"3,30,66"
8303,23
8304,"23,26,89"
8305,"3,53,523"
8306,"3,51,52"
8307,"0,206"
8308,"5,3,228"
8309,"40,42,41"
8310,"21,3,40"
8311,"0,313,485"
8312,"10,64,93"
8313,"23,303,74"
8314,23
8315,"3,21,85"
8316,"0,214,213"
8317,"21,3,301"
8318,"199,169"
8319,"49,23,24"
8320,"169,170,339"
8321,"111,3,161"
8322,"24,23,43"
8323,"64,10"
8324,"64,10,448"
8325,"10,64,90"
8326,"169,260,170"
8327,"129,128,40"
8328,"74,23"
8329,"508,426,23"
8330,"10,220"
8331,3
8332,"10,95,54"
8333,"11,10"
8334,"3,147"
8335,"3,17,168"
8336,"3,287,21"
8337,"250,135,40"
8338,"21,3,102"
8339,"160,40,334"
8340,"17,168,3"
8341,"3,21"
8342,"3,4"
8343,"0,8,235"
8344,"64,10,93"
8345,"26,23"
8346,"3,21,33"
8347,"41,286,40"
8348,"31,23,77"
8349,"74,23,118"
8350,"23,62,24"
8351,"10,11,109"
8352,10
8353,"23,26,89"
8354,10
8355,"528,3,35"
8356,"93,64,10"
8357,"3,4,238"
8358,"23,74,317"
8359,"10,220"
8360,"23,105,106"
8361,"169,199,281"
8362,"169,199,171"
8363,89
8364,"184,74,23"
8365,"0,271"
8366,"3,4,111"
8367,"3,30,32"
8368,"11,10,109"
8369,"15,3,16"
8370,"23,63,38"
8371,"26,23,89"
8372,"169,199,248"
8373,"23,328,31"
8374,"40,152,151"
8375,"17,168,3"
8376,"11,205,10"
8377,"0,313,346"
8378,"15,16,3"
8379,"10,11,109"
8380,"23,71,165"
8381,3
8382,208
8383,"74,303,23"
8384,"44,40,145"
8385,"0,8"
8386,"169,3"
8387,"10,54"
8388,"3,53"
8389,"220,10,221"
8390,"111,3,119"
8391,"40,160"
8392,3
8393,"3,21,127"
8394,"32,31,23"
8395,"3,68,21"
8396,"0,265,340"
8397,"45,44"
8398,"169,171"
8399,"31,23,258"
8400,"10,11,109"
8401,"23,74"
8402,"3,147"
8403,"169,199,281"
8404,"169,199"
8405,169
8406,"23,89,26"
8407,"23,253,24"
8408,"3,168,17"
8409,"3,111"
8410,"74,303,23"
8411,"26,23,89"
8412,"31,10"
8413,"23,24"
8414,"64,10,93"
8415,"11,109,10"
8416,54
8417,"10,64"
8418,"3,15"
8419,"303,23,74"
8420,"0,456,271"
8421,"64,10,80"
8422,"26,23,89"
8423,"138,169,170"
8424,"131,40,134"
8425,"40,131,226"
8426,"23,106,105"
8427,"231,26"
8428,"43,23,24"
8429,"40,10"
8430,139
8431,"281,169,199"
8432,"0,271"
8433,"64,10,448"
8434,"10,11"
8435,"3,21"
8436,"3,379,85"
8437,"0,340,265"
8438,"23,345,309"
8439,"3,85,111"
8440,128
8441,"17,168,3"
8442,"0,8,206"
8443,"3,17,320"
8444,"71,23,38"
8445,23
8446,"281,199,169"
8447,"10,109,11"
8448,"0,456,271"
8449,"3,5,4"
8450,"0,8"
8451,23
8452,"3,53,523"
8453,0
8454,"128,129,40"
8455,23
8456,"23,197"
8457,"115,21"
8458,"169,170"
8459,"0,265"
8460,0
8461,"346,26,313"
8462,"23,38"
8463,"23,24"
8464,40
8465,"40,151"
8466,"26,23"
8467,"224,41,40"
8468,"23,31,96"
8469,"44,145,40"
8470,"17,3,168"
8471,"0,1,277"
8472,"169,199,281"
8473,"64,10,93"
8474,"169,60,170"
8475,"8,0,206"
8476,0
8477,"64,10"
8478,"220,221,10"
8479,258
8480,"3,15,16"
8481,"220,10,221"
8482,"8,0,405"
8483,"10,220,242"
8484,"281,199,169"
8485,"220,221,10"
8486,"21,3"
8487,"199,356,169"
8488,74
8489,"10,64"
8490,"169,199"
8491,"40,128"
8492,"230,229"
8493,"3,28"
8494,"105,23"
8495,"23,74,31"
8496,"271,0,272"
8497,"10,64,93"
8498,"10,64,80"
8499,169
8500,"169,199"
8501,"28,3"
8502,"8,0,206"
8503,31
8504,"169,426,312"
8505,"10,239,60"
8506,3
8507,"169,199,248"
8508,"10,11"
8509,"40,160,315"
8510,"105,23"
8511,"199,169,323"
8512,241
8513,"3,523"
8514,"199,0"
8515,"17,168,3"
8516,"169,426,312"
8517,"169,199"
8518,0
8519,"44,45,145"
8520,"199,169,356"
8521,"147,3,148"
8522,"23,26"
8523,0
8524,"40,139,135"
8525,"10,234,60"
8526,"26,23"
8527,"10,11,12"
8528,"111,112,3"
8529,"40,241,139"
8530,"199,169"
8531,"105,262"
8532,"3,53,523"
8533,"3,4"
8534,"220,221,10"
8535,"3,21"
8536,"40,44,145"
8537,"23,26,350"
8538,"23,24"
8539,"0,8,308"
8540,"3,21"
8541,"138,169,170"
8542,"111,31,77"
8543,"3,40"
8544,"220,221,10"
8545,"3,30,66"
8546,"0,255,462"
8547,"3,34,263"
8548,"40,146"
8549,"8,0,26"
8550,"40,151,152"
8551,"0,216,212"
8552,11
8553,"17,3,18"
8554,"3,85"
8555,"3,21,104"
8556,3
8557,"0,339,485"
8558,23
8559,"220,10,221"
8560,"64,10"
8561,"11,10,419"
8562,"64,10,335"
8563,"231,26,23"
8564,"23,64"
8565,"0,8,308"
8566,"40,402,145"
8567,"170,169,459"
8568,"170,169,260"
8569,"40,131"
8570,"3,21,124"
8571,"3,21,127"
8572,"220,10,221"
8573,"281,199,169"
8574,"0,291,271"
8575,"111,3,119"
8576,"220,10,242"
8577,"3,156,147"
8578,"431,281,135"
8579,"43,24,23"
8580,"3,29"
8581,"38,39,23"
8582,"23,303,74"
8583,"3,111,119"
8584,"26,350,23"
8585,"128,129,40"
8586,"3,30,28"
8587,"23,74"
8588,"10,11,109"
8589,"105,23"
8590,139
8591,10
8592,"43,24,23"
8593,"169,170"
8594,23
8595,"169,343"
8596,"64,10,80"
8597,"0,213,214"
8598,"281,199,169"
8599,"15,16,3"
8600,"40,195,128"
8601,"64,10,80"
8602,"170,459,169"
8603,"33,21"
8604,334
8605,"3,34,311"
8606,"111,3,112"
8607,"11,10,109"
8608,"169,170"
8609,"169,170"
8610,"3,21,187"
8611,"118,74,23"
8612,"23,24,25"
8613,"11,109,10"
8614,"0,271,362"
8615,"23,309,38"
8616,"0,271,456"
8617,"10,239,23"
8618,"3,46,34"
8619,"60,61,10"
8620,"33,21,127"
8621,"3,85"
8622,"17,379,208"
8623,"169,199,259"
8624,"17,168,3"
8625,"40,131"
8626,"220,10,221"
8627,23
8628,"151,152,40"
8629,"105,23,318"
8630,"3,5,57"
8631,"21,3"
8632,"26,350,23"
8633,"296,169"
8634,"40,139"
8635,"3,111"
8636,"43,24,10"
8637,"3,85,86"
8638,"241,23,131"
8639,"3,147"
8640,23
8641,"40,41,149"
8642,"40,131,134"
8643,"26,23,350"
8644,"44,145,40"
8645,"208,100,0"
8646,"3,21"
8647,"23,77,31"
8648,"40,151,152"
8649,"3,147"
8650,"3,21"
8651,"23,265,340"
8652,0
8653,"128,129,40"
8654,160
8655,"25,10"
8656,"3,28,190"
8657,"131,40,159"
8658,"23,49,96"
8659,"49,24,23"
8660,"129,128,130"
8661,"0,271,456"
8662,"11,10,12"
8663,"40,131"
8664,"44,45,11"
8665,"40,131,226"
8666,"0,366,271"
8667,"426,427,169"
8668,"4,3,19"
8669,"23,26,350"
8670,3
8671,"0,23"
8672,"220,10,221"
8673,0
8674,"40,135,139"
8675,3
8676,"10,64,90"
8677,"3,21,127"
8678,"169,199,281"
8679,"24,49,23"
8680,"281,169,199"
8681,"0,8,206"
8682,"3,21"
8683,"3,21"
8684,"169,199,281"
8685,"3,53,523"
8686,"169,199,259"
8687,"24,43,23"
8688,"10,64"
8689,"0,8"
8690,"169,199,281"
8691,"3,34,447"
8692,"40,41"
8693,"21,3,301"
8694,"64,10,80"
8695,"138,135,40"
8696,"64,10,448"
8697,"10,64,93"
8698,"220,10,242"
8699,"0,8,235"
8700,"0,216,304"
8701,"10,64,80"
8702,"3,35"
8703,"3,147"
8704,"2,0"
8705,"43,24,23"
8706,"139,40,153"
8707,"23,38"
8708,"26,23,89"
8709,"23,95,25"
8710,"454,23,31"
8711,40
8712,"350,26,23"
8713,"74,23,40"
8714,"10,145,322"
8715,"171,169,199"
8716,"126,42,40"
8717,"40,128,21"
8718,"64,10,93"
8719,"21,0,3"
8720,"0,361,272"
8721,3
8722,"3,30,66"
8723,"32,31,23"
8724,135
8725,"44,24,40"
8726,"10,64,65"
8727,"23,49,24"
8728,"74,23,118"
8729,"17,3,168"
8730,"131,40,134"
8731,"0,352,271"
8732,"10,40"
8733,"138,169,199"
8734,123
8735,"151,152,40"
8736,"3,48"
8737,"24,23,43"
8738,10
8739,169
8740,"23,49,24"
8741,"26,23,89"
8742,"53,3"
8743,"169,199"
8744,"220,10"
8745,"0,214,213"
8746,"40,145,44"
8747,3
8748,"296,169"
8749,"26,0,23"
8750,"0,218"
8751,"0,271,456"
8752,"145,40,146"
8753,"0,8,346"
8754,"10,11,12"
8755,"175,40"
8756,"0,265,340"
8757,"220,10,221"
8758,"0,208"
8759,"60,10,61"
8760,"111,3,119"
8761,23
8762,"281,199"
8763,"138,135,40"
8764,"3,15"
8765,"0,271,362"
8766,"32,31,23"
8767,"71,23,38"
8768,"10,11,109"
8769,"131,406,193"
8770,"0,456"
8771,"220,221,10"
8772,"23,26,89"
8773,"10,220,242"
8774,"40,131,406"
8775,"10,64,93"
8776,"201,3"
8777,"3,21"
8778,"43,23,24"
8779,"3,21,127"
8780,"295,135,40"
8781,"0,265,266"
8782,"40,145,146"
8783,"281,169,199"
8784,"169,281"
8785,"10,64,448"
8786,10
8787,"43,24,23"
8788,"21,3,127"
8789,"74,303,23"
8790,"220,10,242"
8791,"220,10,221"
8792,"23,26,89"
8793,23
8794,"3,287,21"
8795,"3,28,30"
8796,0
8797,"13,3,204"
8798,"64,10,93"
8799,"3,21"
8800,"40,152"
8801,"26,23"
8802,23
8803,"220,10"
8804,10
8805,"0,277,413"
8806,"10,11,12"
8807,"49,23,24"
8808,"3,267,111"
8809,"32,23,31"
8810,"26,0"
8811,"28,3,190"
8812,"10,64,93"
8813,"0,1,2"
8814,"118,74,23"
8815,"3,21,126"
8816,"3,21"
8817,"3,21"
8818,"0,216"
8819,"23,26,89"
8820,"74,23"
8821,"0,271,424"
8822,"169,260,170"
8823,"0,216"
8824,"0,23"
8825,"23,71,38"
8826,"3,15,16"
8827,"169,199,281"
8828,"3,148"
8829,"8,0"
8830,"0,271,308"
8831,"17,3,168"
8832,"40,395,145"
8833,"13,3,14"
8834,"3,85"
8835,"0,8,235"
8836,0
8837,"169,171,199"
8838,"23,74,118"
8839,"313,0,346"
8840,"3,21,158"
8841,"128,129,40"
8842,"23,74,84"
8843,"3,126,21"
8844,"23,49,24"
8845,"74,118,3"
8846,"169,170,251"
8847,"3,21"
8848,"146,40,145"
8849,"40,146,145"
8850,"64,10,80"
8851,"40,128,395"
8852,"220,10,242"
8853,"281,199,169"
8854,"281,199,169"
8855,"40,131,406"
8856,"10,242,220"
8857,"40,145,44"
8858,"10,220,242"
8859,"26,350"
8860,"23,318"
8861,169
8862,"4,3,407"
8863,"10,64,90"
8864,"23,74,84"
8865,"10,60,61"
8866,"169,170,199"
8867,"339,169,337"
8868,"23,32"
8869,3
8870,"23,74,118"
8871,"199,169,323"
8872,"11,10"
8873,"4,3,19"
8874,"40,145"
8875,"40,131,466"
8876,"3,30,104"
8877,"26,231,23"
8878,"8,206,0"
8879,"169,199"
8880,"21,3,127"
8881,"11,10,205"
8882,"0,271,456"
8883,"64,40,10"
8884,"4,3"
8885,40
8886,"3,379"
8887,"220,10,221"
8888,23
8889,3
8890,"402,145,10"
8891,"169,170,171"
8892,"169,0"
8893,169
8894,"0,265,24"
8895,"3,85,17"
8896,"0,271,361"
8897,"3,15,16"
8898,"220,10,242"
8899,"3,147"
8900,"206,0,369"
8901,"199,169,323"
8902,"40,139"
8903,23
8904,"45,10"
8905,"3,147,148"
8906,"4,3,7"
8907,"131,40,134"
8908,"367,100,3"
8909,"40,151"
8910,"23,32,31"
8911,"71,23,38"
8912,3
8913,"169,337"
8914,"3,147,148"
8915,"162,163,40"
8916,"152,151,494"
8917,"40,131,132"
8918,"59,24"
8919,3
8920,"74,23,118"
8921,"169,199"
8922,"25,23,24"
8923,"3,5"
8924,"0,235"
8925,31
8926,"129,128,40"
8927,"10,64,93"
8928,"3,21,126"
8929,"3,15,16"
8930,23
8931,"296,169,371"
8932,"60,61,10"
8933,"10,54,95"
8934,"367,40,100"
8935,"231,26,23"
8936,"3,147,148"
8937,"49,23,24"
8938,"0,279"
8939,"26,350"
8940,"23,105"
8941,"3,263,34"
8942,"169,199,281"
8943,"220,242,10"
8944,"0,218"
8945,"26,231"
8946,"0,235,8"
8947,"23,26,89"
8948,"10,60"
8949,"220,10,242"
8950,"3,21"
8951,"131,40,406"
8952,"34,155,3"
8953,"23,31"
8954,"93,10,64"
8955,"169,138,374"
8956,"145,40"
8957,"171,169"
8958,"3,21"
8959,"128,129,130"
8960,"220,10,242"
8961,"23,165,74"
8962,"224,40,41"
8963,"23,105,106"
8964,"40,145,44"
8965,40
8966,3
8967,3
8968,"3,4"
8969,"3,21,108"
8970,"3,15,16"
8971,"40,250,135"
8972,"3,17,379"
8973,"0,380,216"
8974,"40,160,315"
8975,"3,85"
8976,"53,3,68"
8977,"131,40,134"
8978,"44,40,45"
8979,"64,10,80"
8980,"220,10,221"
8981,3
8982,"40,44,145"
8983,"3,147,156"
8984,"417,169,296"
8985,10
8986,"216,23,0"
8987,"26,23,89"
8988,"23,26,89"
8989,"171,169,199"
8990,"147,3,148"
8991,"40,152,151"
8992,"40,145,45"
8993,"74,23"
8994,"23,38"
8995,"44,95,10"
8996,"64,10,338"
8997,"40,152,151"
8998,"10,60,61"
8999,"3,4,5"
9000,"3,111,123"
9001,169
9002,"220,10,221"
9003,"40,145,44"
9004,"10,220,242"
9005,"135,40,138"
9006,"64,10"
9007,"3,30"
9008,"40,145,23"
9009,"3,4"
9010,"0,516"
9011,"23,318,350"
9012,"10,11,109"
9013,"220,10,221"
9014,"220,10,221"
9015,"10,220"
9016,"3,17"
9017,"3,385"
9018,"11,10,205"
9019,"11,59,205"
9020,"23,71"
9021,"40,286,102"
9022,"3,5,228"
9023,169
9024,"0,216"
9025,"0,348,255"
9026,"17,3,168"
9027,"3,21"
9028,"23,43"
9029,"60,61,10"
9030,109
9031,"23,38,345"
9032,"21,102,40"
9033,"220,10,221"
9034,"3,36,35"
9035,"0,229,230"
9036,"3,17,168"
9037,"10,64,93"
9038,"169,296"
9039,"147,3,148"
9040,"0,271,456"
9041,"49,24,23"
9042,"40,160,302"
9043,"23,26,89"
9044,"3,5"
9045,"0,424,271"
9046,"3,34"
9047,"10,64,93"
9048,"64,10,80"
9049,"3,21"
9050,"220,221,10"
9051,"0,366,271"
9052,"3,21,301"
9053,3
9054,"220,10,221"
9055,"3,21"
9056,"111,3,112"
9057,"43,23,24"
9058,"40,395"
9059,"32,31,23"
9060,"0,8,327"
9061,11
9062,"40,128,186"
9063,"11,23,109"
9064,"3,22"
9065,"162,40,163"
9066,"169,199,356"
9067,"74,118,23"
9068,"17,168,3"
9069,"3,14"
9070,"220,10,242"
9071,"23,232"
9072,44
9073,"169,199"
9074,"199,169,323"
9075,"0,271,456"
9076,"10,64"
9077,229
9078,"135,138,40"
9079,"3,15,16"
9080,"265,0"
9081,"151,152,40"
9082,"64,10,80"
9083,23
9084,"281,40,199"
9085,"3,4"
9086,"281,169,199"
9087,"0,279,8"
9088,0
9089,"15,3,16"
9090,"31,55,402"
9091,"169,199,281"
9092,"281,199,169"
9093,"0,206,8"
9094,"170,169"
9095,"3,15,16"
9096,"169,199"
9097,"10,64"
9098,3
9099,"4,3,238"
9100,"49,23,24"
9101,23
9102,"60,10,61"
9103,3
9104,"165,23"
9105,"40,139"
9106,"10,220,242"
9107,"10,11,234"
9108,"0,265,24"
9109,"54,95,10"
9110,"139,40"
9111,"3,21,85"
9112,"152,151,40"
9113,"10,220,242"
9114,"281,169,199"
9115,"11,109,10"
9116,"3,113,28"
9117,10
9118,"74,165"
9119,"74,303,23"
9120,"128,40,129"
9121,"330,3,28"
9122,3
9123,"0,279,249"
9124,"10,220,242"
9125,"169,199"
9126,3
9127,"11,10,205"
9128,0
9129,"74,23,118"
9130,"111,3"
9131,"10,11"
9132,"3,48,30"
9133,"23,105,106"
9134,"23,38,309"
9135,"40,55,145"
9136,10
9137,"40,244"
9138,"32,23,31"
9139,"10,234,11"
9140,"44,73,145"
9141,"128,129,130"
9142,"220,10,242"
9143,"3,30,147"
9144,"169,426,427"
9145,"32,23,31"
9146,"128,40,129"
9147,"287,53,124"
9148,0
9149,"26,23,89"
9150,"169,199,281"
9151,"10,64"
9152,3
9153,10
9154,"296,169,300"
9155,"187,3,21"
9156,"3,4,19"
9157,"23,137"
9158,"220,242,10"
9159,"218,512,0"
9160,"169,296"
9161,"40,41"
9162,"23,89,26"
9163,"169,171,199"
9164,"64,10,93"
9165,"64,10,448"
9166,"0,214,213"
9167,"21,3,127"
9168,"4,3,19"
9169,64
9170,"0,271"
9171,"23,118,231"
9172,"169,199"
9173,"26,23,89"
9174,"10,11,12"
9175,"3,108,21"
9176,"0,8,206"
9177,"64,10,80"
9178,"40,431,135"
9179,"43,24,23"
9180,"64,10,448"
9181,40
9182,"220,221,10"
9183,"3,53"
9184,"11,10,12"
9185,145
9186,"128,129,40"
9187,"0,206,8"
9188,"17,3,168"
9189,77
9190,"10,60"
9191,"64,10,80"
9192,"54,95,10"
9193,23
9194,"151,152,40"
9195,"23,137"
9196,"3,53"
9197,"199,169"
9198,"216,0"
9199,"0,327,8"
9200,"126,3,21"
9201,"220,10,242"
9202,"3,17,168"
9203,10
9204,"53,467"
9205,"199,169,248"
9206,"21,3,127"
9207,"40,131,226"
9208,"456,0,271"
9209,"129,128,40"
9210,"199,169,343"
9211,"23,26,350"
9212,"54,10,95"
9213,"3,5,228"
9214,"437,401,40"
9215,"25,23,24"
9216,3
9217,"0,304"
9218,"111,3,119"
9219,"220,242,10"
9220,10
9221,"23,25,24"
9222,"23,26"
9223,"64,10,93"
9224,"3,168"
9225,"53,287,105"
9226,"64,10,80"
9227,0
9228,"10,64,93"
9229,287
9230,"169,170,459"
9231,"23,71"
9232,"3,21,127"
9233,10
9234,"160,40,315"
9235,"40,160"
9236,"0,8,23"
9237,"53,287,3"
9238,"8,206,0"
9239,"296,169,420"
9240,"147,3,148"
9241,"40,21,3"
9242,"23,105"
9243,"0,8"
9244,"3,21"
9245,"40,135,141"
9246,"128,129,130"
9247,0
9248,111
9249,"0,8"
9250,"40,194"
9251,"64,80,10"
9252,"64,10,448"
9253,"3,30,21"
9254,"0,366,271"
9255,"169,199"
9256,"23,74,303"
9257,"350,0"
9258,"147,3,148"
9259,"281,169,199"
9260,"199,169"
9261,"74,118,23"
9262,"135,40,236"
9263,"242,40,220"
9264,"3,21,339"
9265,"303,74,23"
9266,"3,4"
9267,0
9268,"28,364,330"
9269,"199,169,171"
9270,"0,214,213"
9271,"128,129,40"
9272,"11,10,205"
9273,"53,467,3"
9274,3
9275,23
9276,"23,165,74"
9277,"74,303,23"
9278,"85,3,86"
9279,"3,147,523"
9280,"10,93,64"
9281,"3,21"
9282,"3,21"
9283,"44,109,11"
9284,"170,169,459"
9285,"220,10,221"
9286,"23,84,74"
9287,"23,89,26"
9288,169
9289,"23,105,318"
9290,"23,26,89"
9291,"220,242,10"
9292,"10,3"
9293,"5,3,228"
9294,"0,11,24"
9295,"0,255,280"
9296,"3,301,21"
9297,"40,128,186"
9298,"0,211"
9299,"23,38,137"
9300,53
9301,"23,74,303"
9302,"44,45"
9303,"0,265,340"
9304,"3,21,187"
9305,"169,199,248"
9306,"162,163,40"
9307,"23,77"
9308,"11,10,205"
9309,"4,3,19"
9310,"64,10,93"
9311,"10,64,93"
9312,3
9313,"89,26,23"
9314,"64,10,448"
9315,"317,74,23"
9316,"13,204,3"
9317,"3,5,228"
9318,"3,4,435"
9319,"3,53,287"
9320,"26,23"
9321,"74,118,23"
9322,"23,24,49"
9323,"199,10,169"
9324,"286,41,40"
9325,"0,272,361"
9326,"169,199"
9327,"40,215"
9328,"220,10,221"
9329,"26,23,103"
9330,"3,187,21"
9331,"3,147,148"
9332,"139,40,153"
9333,"23,253,24"
9334,3
9335,"23,49,24"
9336,"4,3,238"
9337,"111,3,119"
9338,"40,41"
9339,"10,64,17"
9340,"10,64,239"
9341,"199,169,281"
9342,"64,10"
9343,"118,74,23"
9344,"74,317,23"
9345,"3,21,108"
9346,"23,74,165"
9347,"0,271"
9348,145
9349,"0,216,214"
9350,340
9351,"169,26"
9352,"3,147,85"
9353,"64,10"
9354,"23,231,26"
9355,"4,3"
9356,"169,171,199"
9357,"3,21,124"
9358,431
9359,"281,199,169"
9360,"3,21"
9361,"0,206,8"
9362,"169,171,199"
9363,"3,111,119"
9364,"199,169,343"
9365,"3,21"
9366,"43,24,23"
9367,"199,169,248"
9368,"26,23,89"
9369,"14,13,3"
9370,"3,30,66"
9371,"4,3,19"
9372,"3,156"
9373,"3,53"
9374,"40,160"
9375,"220,10,221"
9376,"8,0"
9377,"64,10"
9378,"10,43,24"
9379,"0,257,216"
9380,141
9381,"8,308,0"
9382,"3,502"
9383,"118,74,23"
9384,"0,206,8"
9385,"10,64"
9386,"0,304,216"
9387,"0,8,206"
9388,"40,160"
9389,"40,184"
9390,"0,8,206"
9391,"23,40"
9392,"3,147,148"
9393,"0,8,308"
9394,"0,218,512"
9395,"296,169"
9396,"3,158,85"
9397,0
9398,"43,24,23"
9399,"3,147,148"
9400,"105,23,495"
9401,"40,128"
9402,0
9403,"151,40,152"
9404,"199,169,323"
9405,"40,131,241"
9406,10
9407,"3,21"
9408,"3,147,148"
9409,"10,60,322"
9410,"128,129,40"
9411,17
9412,"234,10,322"
9413,"231,26,23"
9414,"145,40"
9415,"23,49,24"
9416,"23,26"
9417,"4,3"
9418,"23,31"
9419,"49,23"
9420,"3,85,379"
9421,"0,355"
9422,"199,169,343"
9423,40
9424,"3,13,14"
9425,"17,168,3"
9426,"4,3"
9427,"10,54,322"
9428,"17,168,3"
9429,"169,260,170"
9430,"11,10,12"
9431,"0,218"
9432,"4,3"
9433,"3,21,108"
9434,"350,0,26"
9435,"15,16,3"
9436,"220,10,221"
9437,"3,21"
9438,"10,64"
9439,"431,40"
9440,"40,131,226"
9441,"40,41"
9442,"3,21,127"
9443,"0,271"
9444,"74,23,118"
9445,26
9446,"23,231,26"
9447,"169,199,382"
9448,"40,145"
9449,"21,3,127"
9450,"3,85"
9451,"0,216"
9452,"0,206,8"
9453,"71,23,38"
9454,"10,64,93"
9455,"26,23,350"
9456,"0,257,216"
9457,"40,3"
9458,"26,23,89"
9459,"508,169"
9460,"23,74,84"
9461,"8,0,391"
9462,"3,21,187"
9463,"3,30,66"
9464,"0,8,235"
9465,"138,135,40"
9466,"109,11"
9467,"26,23,350"
9468,"40,139"
9469,"10,60"
9470,"406,131"
9471,"3,21"
9472,"23,31"
9473,"45,40,145"
9474,"0,169"
9475,"40,131"
9476,"3,6,53"
9477,"220,10,242"
9478,"64,10,335"
9479,"23,74,118"
9480,"402,10"
9481,"170,169,459"
9482,"64,10,65"
9483,"0,216,370"
9484,"23,38,137"
9485,"147,3,148"
9486,"40,41,191"
9487,"23,131,78"
9488,0
9489,"17,3,168"
9490,"3,21"
9491,"206,0,8"
9492,"15,16,3"
9493,"0,212,211"
9494,0
9495,"23,26"
9496,"3,53"
9497,"64,10,80"
9498,"128,129,40"
9499,3
9500,"296,333,169"
9501,"40,160,315"
9502,"74,165,303"
9503,"10,220,221"
9504,"220,10,221"
9505,"40,139"
9506,"0,249,279"
9507,0
9508,40
9509,"169,281,199"
9510,"11,10"
9511,"0,271"
9512,"3,85,5"
9513,"11,109,10"
9514,"277,0,296"
9515,"74,506,222"
9516,"169,199"
9517,"3,21,111"
9518,"23,454,31"
9519,"3,21"
9520,3
9521,"169,199,231"
9522,"40,131,241"
9523,"170,169,260"
9524,41
9525,"40,145"
9526,"0,26,23"
9527,0
9528,"201,40"
9529,"21,3,127"
9530,"4,3,19"
9531,"89,26"
9532,"64,10,90"
9533,"0,279,249"
9534,"17,3,168"
9535,"0,257"
9536,"23,26,89"
9537,"3,318"
9538,"10,11"
9539,"208,0,369"
9540,3
9541,"23,24"
9542,"271,456,0"
9543,"454,31"
9544,"220,10,221"
9545,"3,48"
9546,"128,40,129"
9547,"23,24,43"
9548,"74,23,303"
9549,"129,128,40"
9550,"3,21"
9551,"0,216"
9552,"0,277"
9553,"3,147"
9554,"40,162,163"
9555,"4,3,238"
9556,"64,10,448"
9557,"10,11,205"
9558,10
9559,"10,64,93"
9560,"220,242,10"
9561,"171,169,199"
9562,"220,10,242"
9563,169
9564,"146,40,145"
9565,"216,0"
9566,"10,11,12"
9567,"23,49,24"
9568,"43,24,23"
9569,"31,23"
9570,3
9571,"23,71,165"
9572,"23,137,38"
9573,"23,89"
9574,"339,169,337"
9575,"10,220"
9576,"0,313,346"
9577,3
9578,"10,64,448"
9579,"8,0,405"
9580,"0,2,1"
9581,"3,21"
9582,"43,24,23"
9583,"74,23,75"
9584,"3,33"
9585,"26,89,23"
9586,"402,40"
9587,"279,0,249"
9588,"4,3"
9589,"170,169,459"
9590,"3,21,111"
9591,"11,10,109"
9592,"40,131"
9593,"169,170,171"
9594,"32,23,31"
9595,"32,31,23"
9596,"3,30,66"
9597,"40,131"
9598,60
9599,0
9600,"128,129,130"
9601,"118,74,23"
9602,"17,3,168"
9603,0
9604,"23,91,38"
9605,"23,38"
9606,169
9607,40
9608,"170,169,459"
9609,518
9610,"54,145"
9611,"111,119,3"
9612,"0,206,8"
9613,"23,74"
9614,3
9615,"3,4,19"
9616,"281,169,199"
9617,506
9618,10
9619,"24,49,23"
9620,"131,241,40"
9621,31
9622,"3,5,6"
9623,"0,271,522"
9624,"10,64,448"
9625,"170,169,260"
9626,"3,34"
9627,"296,169"
9628,"169,199,323"
9629,23
9630,0
9631,"43,23,24"
9632,"3,21,127"
9633,"23,49,24"
9634,"0,8,206"
9635,"169,171,199"
9636,"23,49,24"
9637,"0,257,216"
9638,"170,169"
9639,"152,151,23"
9640,"3,21"
9641,"24,10"
9642,"169,274,296"
9643,"23,49"
9644,"169,199,281"
9645,"23,26,89"
9646,"3,147,148"
9647,40
9648,"54,95,10"
9649,"3,53"
9650,"169,199,171"
9651,"224,40,41"
9652,"40,131,226"
9653,0
9654,"0,216"
9655,"40,146,145"
9656,"10,64,338"
9657,23
9658,"3,68"
9659,"64,10,93"
9660,"43,24,23"
9661,"60,61,10"
9662,"23,165,71"
9663,"0,26"
9664,"199,169,281"
9665,"220,242,10"
9666,"169,281,199"
9667,"3,68,53"
9668,"3,119,111"
9669,"93,64"
9670,"281,199,169"
9671,"169,323,199"
9672,"131,40,134"
9673,"3,104"
9674,"3,53,281"
9675,"10,64,93"
9676,"11,10"
9677,"32,23,31"
9678,"26,23,89"
9679,"74,23,118"
9680,3
9681,"3,28,21"
9682,3
9683,"290,23"
9684,"220,10,221"
9685,"220,10,242"
9686,"170,10"
9687,"199,169,323"
9688,"199,169,343"
9689,"138,40,135"
9690,"3,111,119"
9691,"3,219,30"
9692,"139,155,153"
9693,"169,356,199"
9694,"3,147,148"
9695,"10,11,109"
9696,"0,304,40"
9697,"220,10,221"
9698,"40,131,406"
9699,"0,475,218"
9700,"220,10,221"
9701,"0,255,462"
9702,"11,10,205"
9703,"169,170,337"
9704,"74,118,23"
9705,"23,137,38"
9706,"44,145,40"
9707,"40,145"
9708,195
9709,"169,199"
9710,64
9711,40
9712,40
9713,"3,28,190"
9714,"170,169,459"
9715,"10,64"
9716,40
9717,"169,199,281"
9718,"199,169,323"
9719,"44,40,145"
9720,"0,208,348"
9721,"0,313,346"
9722,"3,68,21"
9723,"3,147,148"
9724,"3,22,21"
9725,"3,108,21"
9726,"4,3"
9727,"40,241,131"
9728,"10,40,44"
9729,"64,10,65"
9730,"23,84,74"
9731,"3,111"
9732,"3,147,148"
9733,"0,456,271"
9734,"17,168,3"
9735,"23,24,49"
9736,"3,34,447"
9737,"64,93,10"
9738,"4,19,3"
9739,"40,135"
9740,"3,21"
9741,"220,10,221"
9742,"11,205"
9743,"64,10"
9744,"74,23,303"
9745,"44,73,145"
9746,"40,201,41"
9747,3
9748,"25,10"
9749,"23,38"
9750,"103,0"
9751,"169,199,248"
9752,"26,23"
9753,"0,8"
9754,"60,303,74"
9755,"220,10,221"
9756,"40,402,145"
9757,"40,131,226"
9758,"3,30,66"
9759,"25,40,145"
9760,"395,40"
9761,"71,74,23"
9762,"3,21,111"
9763,"220,10,221"
9764,"3,170,21"
9765,40
9766,"3,21,127"
9767,"24,23"
9768,"169,199,323"
9769,"3,21"
9770,"220,10,221"
9771,"4,19,3"
9772,"184,40,185"
9773,"10,64,93"
9774,23
9775,"40,146,145"
9776,"10,64,90"
9777,"3,21"
9778,"169,260"
9779,"53,3,325"
9780,"3,21,187"
9781,"170,169,459"
9782,"64,10"
9783,"26,23"
9784,"169,171,170"
9785,"3,4,238"
9786,"0,277,413"
9787,"0,265,349"
9788,"3,34,46"
9789,"128,129,130"
9790,"23,89"
9791,"10,169,170"
9792,10
9793,"40,139,241"
9794,"44,10"
9795,"43,24,23"
9796,"10,64"
9797,"40,149,41"
9798,"128,40,129"
9799,"10,220"
9800,"43,24,23"
9801,"169,311"
9802,"386,135,40"
9803,"3,30,66"
9804,"0,366,254"
9805,"17,3,168"
9806,"23,3"
9807,"3,21"
9808,14
9809,"113,23,74"
9810,"3,21"
9811,199
9812,"40,3,127"
9813,"43,24,23"
9814,"10,54,95"
9815,"139,40,153"
9816,"3,48"
9817,0
9818,"17,168,3"
9819,"64,10,80"
9820,"10,402"
9821,106
9822,"0,211,319"
9823,"40,131,406"
9824,"17,168,3"
9825,23
9826,"64,10"
9827,"31,23,328"
9828,135
9829,"169,199,281"
9830,"3,5"
9831,"3,28"
9832,"3,17"
9833,3
9834,"11,10"
9835,"456,0,271"
9836,"15,16,3"
9837,"220,10,221"
9838,"24,43,23"
9839,"169,199,374"
9840,3
9841,"4,3"
9842,23
9843,"10,54,95"
9844,"43,23,24"
9845,"40,151,152"
9846,"44,45,40"
9847,"0,271"
9848,"10,326,0"
9849,"64,10,90"
9850,"23,105,318"
9851,"3,158,85"
9852,"350,26,346"
9853,"43,10,64"
9854,"8,308,0"
9855,"3,21,127"
9856,"224,40,41"
9857,"220,10,221"
9858,"23,71,38"
9859,"3,147,148"
9860,40
9861,"199,169,281"
9862,3
9863,"10,242,220"
9864,"328,31,0"
9865,"0,361,211"
9866,"3,34,187"
9867,"3,21,187"
9868,"281,169,199"
9869,"74,317,23"
9870,"10,11"
9871,"3,147,523"
9872,"8,0,206"
9873,"281,169,199"
9874,"171,169,199"
9875,"3,53"
9876,0
9877,"3,28"
9878,"0,271,424"
9879,"40,42,41"
9880,"0,271,456"
9881,"281,199,169"
9882,"3,21,187"
9883,"199,343,169"
9884,"220,10,221"
9885,"129,128,130"
9886,"147,3,148"
9887,"74,118"
9888,"105,23"
9889,"0,271,352"
9890,"25,220,24"
9891,"3,4"
9892,"64,10,93"
9893,"169,171,199"
9894,"40,151,152"
9895,3
9896,"169,417,304"
9897,3
9898,"105,23,318"
9899,"21,3,127"
9900,"26,23,350"
9901,"40,145,31"
9902,26
9903,"10,64,90"
9904,"10,64"
9905,"3,35,36"
9906,0
9907,"96,31,23"
9908,"156,3,147"
9909,"3,85"
9910,"40,135,250"
9911,145
9912,"10,109,11"
9913,169
9914,"0,319,211"
9915,"29,230,28"
9916,"3,21,263"
9917,"23,38"
9918,"40,41"
9919,"10,43,95"
9920,"17,320,3"
9921,"40,160"
9922,"3,301,158"
9923,"3,115"
9924,"152,151,40"
9925,"40,128,186"
9926,"0,463"
9927,"11,10,109"
9928,23
9929,"17,3,168"
9930,"3,156,85"
9931,"169,0,199"
9932,"95,54,10"
9933,"169,274"
9934,"224,40,41"
9935,"3,15,16"
9936,"13,3,14"
9937,"0,271,257"
9938,"0,271"
9939,"169,170,260"
9940,"3,68,53"
9941,"10,64"
9942,"23,317,74"
9943,"10,239"
9944,"64,10"
9945,0
9946,"0,8,235"
9947,"0,26"
9948,"3,523,53"
9949,"31,96,23"
9950,"220,10,242"
9951,"8,0,206"
9952,"199,169,343"
9953,"220,10,221"
9954,"3,21,301"
9955,"3,28,301"
9956,"3,53,325"
9957,"401,13,3"
9958,"40,241,128"
9959,"15,16,3"
9960,"3,4"
9961,"220,10,242"
9962,"162,163,40"
9963,"131,40,226"
9964,"3,34,187"
9965,"3,301,21"
9966,"169,23"
9967,10
9968,"0,271"
9969,"23,74,31"
9970,"3,15,16"
9971,"3,21,187"
9972,"40,131"
9973,"3,144"
9974,"128,129,40"
9975,"169,171,199"
9976,"17,168,3"
9977,"0,265"
9978,"478,10,322"
9979,"24,23,43"
9980,"3,53,523"
9981,10
9982,"220,10,221"
9983,"0,354"
9984,"3,15"
9985,"3,21"
9986,"26,89,23"
9987,23
9988,0
9989,"3,4"
9990,"40,139,155"
9991,"40,131"
9992,10
9993,199
9994,"3,53,325"
9995,"220,221,10"
9996,"40,145,44"
9997,"71,23,38"
9998,"169,199,171"
9999,"346,313,0"
10000,"23,0"
10001,"3,147"
10002,"0,212"
10003,"169,199"
10004,"4,3,70"
10005,"0,229,421"
10006,"220,10"
10007,"10,0"
10008,"40,131"
10009,"23,31,258"
10010,"220,242,10"
10011,"170,459,169"
10012,"23,74"
10013,"3,21"
10014,"40,135,386"
10015,"0,485"
10016,"40,131,466"
10017,"10,64"
10018,"40,146"
10019,"0,271,272"
10020,"379,3"
10021,"23,34"
10022,"40,151"
10023,"402,40,145"
10024,3
10025,"43,23,24"
10026,"0,8,308"
10027,8
10028,23
10029,"74,151,40"
10030,"40,368"
10031,0
10032,"220,10,242"
10033,3
10034,"3,17"
10035,"204,13"
10036,"135,236"
10037,"3,53"
10038,"43,24,23"
10039,"160,21,127"
10040,"64,10,93"
10041,"26,89,23"
10042,"40,146,145"
10043,"40,131,128"
10044,"74,317,23"
10045,"169,199,170"
10046,"71,23,38"
10047,"220,10,221"
10048,"40,152,151"
10049,"11,10,109"
10050,"160,40"
10051,199
10052,"0,271"
10053,"0,206,369"
10054,"3,21"
10055,"3,17,168"
10056,"147,3,148"
10057,"169,199,259"
10058,"3,13,150"
10059,"17,3,168"
10060,"95,10"
10061,"367,3,40"
10062,"0,265,340"
10063,"31,23"
10064,"0,223"
10065,"10,64,239"
10066,"184,40,185"
10067,"199,169,281"
10068,"10,64,80"
10069,"220,221,10"
10070,"3,4"
10071,3
10072,"220,10,221"
10073,"23,89,26"
10074,"40,42,41"
10075,"40,128,129"
10076,"4,3,174"
10077,"64,10,338"
10078,"206,0,8"
10079,"171,199,169"
10080,"40,406,131"
10081,"10,64,93"
10082,"3,15,16"
10083,"478,23,31"
10084,"26,89,23"
10085,"3,22,21"
10086,"74,23"
10087,"10,54,55"
10088,"128,129,40"
10089,"3,85"
10090,"0,366,271"
10091,"3,21,48"
10092,"10,11,109"
10093,"40,152,151"
10094,"3,15,147"
10095,"10,11,205"
10096,23
10097,"3,53,287"
10098,"3,111,119"
10099,"3,21,379"
10100,307
10101,"3,364,28"
10102,"3,147"
10103,"0,265"
10104,"3,21,127"
10105,"25,23,24"
10106,"3,447,51"
10107,85
10108,"64,10,335"
10109,"169,260,170"
10110,"169,281,199"
10111,"0,279,249"
10112,"281,169,199"
10113,"3,21"
10114,"95,54,10"
10115,"40,241,131"
10116,0
10117,"220,10,221"
10118,"0,304"
10119,3
10120,"3,21"
10121,"221,220,10"
10122,"169,260,170"
10123,"0,304,216"
10124,"199,169,281"
10125,"10,60"
10126,"220,10,221"
10127,"44,40,109"
10128,"0,456,271"
10129,"40,145,10"
10130,"138,135,40"
10131,"0,271"
10132,"0,370"
10133,"3,85,158"
10134,3
10135,"350,23,26"
10136,"10,64"
10137,"111,112"
10138,"10,54,322"
10139,3
10140,"350,26,0"
10141,"10,11,12"
10142,"169,274,296"
10143,"281,169,199"
10144,"0,213"
10145,"40,145,44"
10146,"138,135"
10147,"0,304,216"
10148,"169,199"
10149,"3,15,16"
10150,"10,64"
10151,"41,224,40"
10152,"220,221,10"
10153,"129,128,40"
10154,"13,14,3"
10155,"3,48,21"
10156,"40,149,41"
10157,"0,3,28"
10158,"169,199"
10159,"49,24,23"
10160,"23,26,89"
10161,"64,10"
10162,"40,131"
10163,"49,24,23"
10164,"17,3,168"
10165,"169,507,296"
10166,"23,24,44"
10167,"0,271"
10168,"10,402"
10169,"10,64,80"
10170,"25,23"
10171,3
10172,"3,21"
10173,"3,147,148"
10174,"40,139,153"
10175,"3,66,30"
10176,"3,21"
10177,"40,184,185"
10178,"3,21"
10179,"3,21"
10180,"10,60,93"
10181,"139,40,153"
10182,"281,199,169"
10183,"10,11,12"
10184,271
10185,"135,40,236"
10186,23
10187,"3,46,147"
10188,"10,64,93"
10189,"220,10,242"
10190,"3,21,22"
10191,40
10192,"95,40,44"
10193,"44,145,40"
10194,"10,64"
10195,"40,42,241"
10196,"64,10"
10197,"3,148,147"
10198,"64,10"
10199,"23,74"
10200,"199,241,131"
10201,"3,30,66"
10202,"266,265,0"
10203,"220,10,221"
10204,"220,10,242"
10205,"10,54,11"
10206,"10,60,239"
10207,0
10208,"216,0,380"
10209,"10,54,95"
10210,"3,21"
10211,"10,234,60"
10212,"23,26"
10213,"31,402,328"
10214,"26,23,89"
10215,"11,10,109"
10216,10
10217,0
10218,"3,21,127"
10219,147
10220,"23,31,55"
10221,0
10222,169
10223,"3,28"
10224,"23,91,303"
10225,"89,26,336"
10226,"130,129,128"
10227,"40,41"
10228,3
10229,"23,454"
10230,"3,21"
10231,"5,3,6"
10232,"244,135,40"
10233,"3,111,267"
10234,"0,271,456"
10235,"40,145,64"
10236,"220,10,242"
10237,"169,138,374"
10238,10
10239,"40,160"
10240,"3,21,182"
10241,"23,38,91"
10242,"26,23,313"
10243,"169,260"
10244,"23,271"
10245,"44,23"
10246,"40,145"
10247,3
10248,"199,169,281"
10249,"3,4"
10250,"0,8,206"
10251,"74,23"
10252,23
10253,23
10254,"64,10,80"
10255,3
10256,"26,89,23"
10257,"0,352,271"
10258,"128,195,40"
10259,"8,0,391"
10260,23
10261,"3,108"
10262,"64,10"
10263,"10,220,95"
10264,"3,17"
10265,"40,149,41"
10266,"3,53"
10267,"0,271"
10268,10
10269,"199,323,169"
10270,"15,16,3"
10271,"32,23,31"
10272,"317,74,243"
10273,"3,21"
10274,"3,53,287"
10275,"40,184,131"
10276,"0,313"
10277,"41,40,42"
10278,"15,16,3"
10279,"10,64,90"
10280,23
10281,"23,24"
10282,"3,21"
10283,23
10284,"23,24"
10285,"33,3,147"
10286,"220,10,242"
10287,"317,74,23"
10288,"23,24,43"
10289,0
10290,3
10291,"3,17,21"
10292,"24,10,64"
10293,"3,111,119"
10294,"220,221,10"
10295,"146,40,54"
10296,"3,53,21"
10297,"10,11,12"
10298,"10,95,54"
10299,"138,135,40"
10300,"23,26"
10301,"0,456,271"
10302,"40,139"
10303,"3,21,127"
10304,"3,21,126"
10305,"0,8"
10306,"3,147,148"
10307,"3,48,21"
10308,"40,146,145"
10309,"10,11,12"
10310,"3,53"
10311,"3,147,156"
10312,40
10313,"402,40,145"
10314,"135,386,40"
10315,"3,523"
10316,169
10317,"3,108,21"
10318,"23,89"
10319,"169,170,459"
10320,"40,128,0"
10321,"0,216"
10322,"17,40"
10323,"220,10"
10324,"8,308,514"
10325,"126,42,40"
10326,"49,23,24"
10327,"64,10,43"
10328,"3,21"
10329,"3,4"
10330,"26,89,277"
10331,"3,48,21"
10332,0
10333,"40,128,129"
10334,"43,23,24"
10335,3
10336,"0,279,249"
10337,"0,280,271"
10338,"169,260"
10339,"17,168,3"
10340,"31,96,23"
10341,"3,21"
10342,23
10343,"40,146,145"
10344,"23,74,303"
10345,"74,23,118"
10346,"0,8,308"
10347,"0,218"
10348,"23,131,24"
10349,"31,96,23"
10350,"40,127,151"
10351,"64,10,65"
10352,"3,21"
10353,"239,60,10"
10354,"0,348,280"
10355,"169,296,460"
10356,"3,21"
10357,"152,151,40"
10358,"74,118,23"
10359,"199,169,281"
10360,"23,40"
10361,"74,23,118"
10362,"11,109,10"
10363,"3,148,147"
10364,0
10365,"169,170,260"
10366,"10,54"
10367,"0,255,462"
10368,"23,105,326"
10369,"10,109,11"
10370,"0,216,211"
10371,24
10372,"0,211"
10373,"111,125,3"
10374,"96,31,23"
10375,40
10376,"74,23,118"
10377,"248,169,199"
10378,"64,10,93"
10379,"40,131,368"
10380,"24,59,23"
10381,"169,312"
10382,"0,23,455"
10383,"10,220"
10384,"40,131"
10385,"402,10,145"
10386,"3,53"
10387,"42,3,40"
10388,"10,64,93"
10389,10
10390,"0,8,457"
10391,"23,71,165"
10392,0
10393,"3,4,435"
10394,3
10395,"23,105"
10396,"4,3,433"
10397,31
10398,0
10399,"131,241,40"
10400,89
10401,"234,10"
10402,"169,454"
10403,"199,169,281"
10404,10
10405,"95,145"
10406,"3,68,53"
10407,"3,147,148"
10408,"199,64,10"
10409,"43,23,24"
10410,10
10411,3
10412,"0,327,8"
10413,"26,23,89"
10414,3
10415,"3,15,16"
10416,"40,131"
10417,"3,4"
10418,"0,265"
10419,"10,11,12"
10420,10
10421,"64,10,80"
10422,"64,10,93"
10423,"64,10"
10424,40
10425,"74,303,23"
10426,"43,23,24"
10427,"3,21,53"
10428,"169,199,323"
10429,"402,40,145"
10430,"138,169,199"
10431,"10,11,12"
10432,402
10433,"32,23"
10434,"3,28,21"
10435,"23,26"
10436,"4,3,19"
10437,"169,282,199"
10438,"21,3,126"
10439,"31,23,96"
10440,"3,53"
10441,"169,405"
10442,"234,60,3"
10443,"10,95"
10444,"3,21"
10445,"296,169,241"
10446,3
10447,"199,169"
10448,"171,169,199"
10449,"169,199,343"
10450,"40,44,145"
10451,"40,41"
10452,"169,199,281"
10453,"3,4"
10454,"281,169,199"
10455,"10,64,93"
10456,"40,146,145"
10457,"0,8,206"
10458,"10,220,221"
10459,0
10460,"118,74,23"
10461,"10,11,12"
10462,"0,271,272"
10463,"3,4"
10464,"162,163,40"
10465,"10,83,54"
10466,"10,11,60"
10467,0
10468,"8,0,514"
10469,0
10470,"220,10"
10471,"23,87,38"
10472,"220,10,221"
10473,"4,3,19"
10474,"169,199"
10475,"3,48,21"
10476,"169,296"
10477,"3,17"
10478,"513,169,23"
10479,"40,151,152"
10480,"3,4"
10481,"40,160"
10482,40
10483,"31,96,23"
10484,"220,10,221"
10485,"43,24,23"
10486,"169,199,323"
10487,"169,199"
10488,"3,85"
10489,"296,169,460"
10490,"3,21"
10491,"281,199,169"
10492,"64,10"
10493,"40,131,134"
10494,"171,169,199"
10495,"3,17,168"
10496,"11,10,12"
10497,"3,147,148"
10498,"169,374,199"
10499,"169,199,2"
10500,"277,26,89"
10501,"64,93,10"
10502,"40,139,466"
10503,"0,208,229"
10504,"23,175,128"
10505,"3,4,435"
10506,"89,26,23"
10507,"3,21"
10508,"31,23,74"
10509,"64,10,448"
10510,40
10511,"131,406,241"
10512,"23,26,89"
10513,"23,231,26"
10514,"43,23,24"
10515,"40,131"
10516,206
10517,"10,11,12"
10518,0
10519,"23,26,89"
10520,"10,64,93"
10521,"64,10,448"
10522,"40,149,41"
10523,17
10524,"3,66,30"
10525,"169,199,382"
10526,"44,10"
10527,"145,40,10"
10528,60
10529,"220,242,10"
10530,"8,0,391"
10531,"40,149,41"
10532,"10,11"
10533,"3,21,187"
10534,"0,346,8"
10535,"4,3"
10536,"23,26,89"
10537,"3,21"
10538,"23,74,303"
10539,"160,40,315"
10540,"3,21,108"
10541,"10,64,93"
10542,"199,169,323"
10543,"3,147,160"
10544,"111,3"
10545,"26,89,23"
10546,176
10547,"11,10,109"
10548,"147,3,148"
10549,"0,291,522"
10550,"32,31,23"
10551,"10,54,402"
10552,"3,111,112"
10553,"296,169,460"
10554,"111,224,41"
10555,"10,64,80"
10556,"3,111"
10557,"23,49,24"
10558,"40,41,128"
10559,"40,131,134"
10560,"23,8,0"
10561,23
10562,"10,199,60"
10563,"44,45,10"
10564,"44,40,145"
10565,"111,3,119"
10566,10
10567,"64,10,338"
10568,"43,23,24"
10569,"3,5,133"
10570,"3,21,33"
10571,"40,386"
10572,"23,26,89"
10573,"105,23"
10574,"10,11,12"
10575,"74,23"
10576,"0,456,271"
10577,23
10578,"3,34"
10579,"131,40,406"
10580,"220,242,10"
10581,0
10582,"169,3,34"
10583,0
10584,"169,281,199"
10585,"0,265"
10586,"23,59,24"
10587,"40,131"
10588,"10,11,109"
10589,23
10590,"3,21"
10591,"170,260,169"
10592,"44,40,145"
10593,"105,23"
10594,"40,241,131"
10595,"21,3,102"
10596,10
10597,"0,265"
10598,"74,23,118"
10599,"23,24,71"
10600,0
10601,"17,3,320"
10602,"10,54,234"
10603,"128,129,40"
10604,"296,169"
10605,70
10606,"448,64,10"
10607,"111,3,119"
10608,"3,147,148"
10609,"17,320"
10610,"40,131"
10611,"3,21,127"
10612,"10,64,93"
10613,"199,169,323"
10614,"3,21"
10615,"3,85"
10616,"3,21,126"
10617,"145,40,44"
10618,"3,21"
10619,"10,64"
10620,"21,3,127"
10621,"129,128,130"
10622,"169,199,170"
10623,"137,23,38"
10624,"128,23,129"
10625,"26,23,89"
10626,"220,10"
10627,"277,413,0"
10628,"169,199,170"
10629,"3,5"
10630,"3,21,102"
10631,"26,23,350"
10632,"220,242,10"
10633,"265,0,208"
10634,"10,64,80"
10635,"271,0"
10636,3
10637,"3,147,33"
10638,"3,17"
10639,"40,224,41"
10640,"8,308,0"
10641,0
10642,"0,357"
10643,"5,3,6"
10644,"24,43,23"
10645,"40,145,44"
10646,"160,40,315"
10647,0
10648,"23,89,26"
10649,"64,10"
10650,"54,10,40"
10651,"44,45"
10652,"23,38,137"
10653,"3,21"
10654,"40,128,129"
10655,"11,10,109"
10656,"40,131"
10657,"0,456,271"
10658,"26,231,23"
10659,"0,8,350"
10660,"16,15,3"
10661,"40,139"
10662,"10,60"
10663,"25,23"
10664,"417,169,296"
10665,"0,271"
10666,"40,41,324"
10667,"3,156"
10668,"23,26,89"
10669,"312,169"
10670,"220,221,10"
10671,"0,216,257"
10672,"40,128,195"
10673,"23,24,25"
10674,"0,313"
10675,"3,21"
10676,"10,54,322"
10677,0
10678,"49,24,23"
10679,"31,96"
10680,"0,304,216"
10681,3
10682,"102,40,21"
10683,"226,40,131"
10684,40
10685,"3,21,127"
10686,"0,271,456"
10687,"169,170,508"
10688,"23,118,74"
10689,"494,151,152"
10690,"169,199,281"
10691,"169,281,199"
10692,"53,3"
10693,"147,3,148"
10694,"0,8,285"
10695,"128,40"
10696,"3,5,228"
10697,"4,3"
10698,"3,53,52"
10699,0
10700,"64,10"
10701,145
10702,"3,21"
10703,"64,448,10"
10704,"220,0,221"
10705,"0,8"
10706,"40,131,215"
10707,"3,4"
10708,"3,48,21"
10709,"3,21,187"
10710,"68,169,199"
10711,"0,8,235"
10712,"43,23,24"
10713,"169,199"
10714,"10,64,93"
10715,"0,265"
10716,"64,10,93"
10717,"43,23"
10718,"3,4"
10719,"96,23,31"
10720,"170,169,459"
10721,"10,60,322"
10722,"296,300"
10723,"4,3,183"
10724,"111,3,112"
10725,"24,49,23"
10726,"10,220,221"
10727,"170,169"
10728,"11,109,10"
10729,"0,273,265"
10730,"0,304,216"
10731,"43,24,10"
10732,"0,271"
10733,"17,3,168"
10734,"3,21,292"
10735,"0,271,456"
10736,"10,64"
10737,"3,30,66"
10738,"3,115,21"
10739,"147,148,3"
10740,"3,21,127"
10741,"23,137,38"
10742,"11,10,109"
10743,"111,3"
10744,"199,169"
10745,"312,169,427"
10746,"0,462,255"
10747,"45,44"
10748,"64,10,338"
10749,"5,3,228"
10750,"3,17,168"
10751,"23,24"
10752,"169,199"
10753,"10,220"
10754,"40,193"
10755,"44,40,145"
10756,"0,313,277"
10757,"45,44"
10758,"3,4,238"
10759,"8,23,0"
10760,"17,18"
10761,"74,107,118"
10762,3
10763,3
10764,"128,129,40"
10765,"3,4"
10766,"313,0,346"
10767,"3,17,168"
10768,169
10769,"3,147,148"
10770,"10,64,93"
10771,"281,169,199"
10772,"40,149,160"
10773,"281,199,169"
10774,"10,11,109"
10775,40
10776,3
10777,"220,10,242"
10778,"3,21"
10779,"0,265,266"
10780,"3,4"
10781,"220,242,10"
10782,"0,257,216"
10783,"3,53,187"
10784,"111,3"
10785,"3,34"
10786,"21,127,3"
10787,"23,24,59"
10788,0
10789,0
10790,0
10791,"43,23,24"
10792,"0,214,213"
10793,"3,15"
10794,"199,169,281"
10795,"40,41,42"
10796,"4,3,238"
10797,"199,169,382"
10798,"3,21"
10799,"10,60,61"
10800,"419,10"
10801,"40,146,136"
10802,"74,317,23"
10803,"23,24,43"
10804,"0,255,235"
10805,"64,448,10"
10806,"11,10,205"
10807,"3,21,108"
10808,"10,64"
10809,"89,23,26"
10810,"138,40,135"
10811,"3,148"
10812,"10,64,239"
10813,"0,229"
10814,3
10815,"169,199"
10816,"44,145,45"
10817,"231,26,23"
10818,"26,23"
10819,"64,10,93"
10820,"0,271"
10821,"3,30,66"
10822,"220,10,221"
10823,"169,96,199"
10824,"64,10"
10825,"23,43,24"
10826,"220,10"
10827,23
10828,"169,296,306"
10829,"334,215,111"
10830,"10,11,205"
10831,165
10832,0
10833,"34,3,263"
10834,"4,19,3"
10835,"3,379,21"
10836,"23,71"
10837,"23,303,91"
10838,"3,187,17"
10839,0
10840,"40,131"
10841,"74,23"
10842,"0,422,291"
10843,"0,304"
10844,"0,216"
10845,"3,53,287"
10846,"339,169,337"
10847,"3,21,182"
10848,"23,26,350"
10849,"3,85,5"
10850,"64,10,93"
10851,"0,257,216"
10852,"44,45,145"
10853,"23,231,26"
10854,"3,21"
10855,"26,23,231"
10856,"162,163,40"
10857,"0,271"
10858,"25,24,23"
10859,"23,169"
10860,"23,279,249"
10861,"23,74,118"
10862,"3,311"
10863,"220,10,242"
10864,3
10865,"10,64"
10866,"454,31,23"
10867,"10,220,242"
10868,"11,10,220"
10869,"10,60"
10870,"17,3,168"
10871,"220,221,10"
10872,"0,271,456"
10873,"40,135,244"
10874,"40,131,406"
10875,"0,366,271"
10876,"0,462,255"
10877,"74,165,23"
10878,"40,128"
10879,"118,74,23"
10880,"0,8,206"
10881,"23,74"
10882,"3,15"
10883,"147,3"
10884,"31,328,23"
10885,"23,317,74"
10886,"220,10,221"
10887,10
10888,"64,10"
10889,"44,145,40"
10890,"3,275,53"
10891,"3,21"
10892,"356,169,199"
10893,"15,16,3"
10894,"0,271"
10895,"4,3"
10896,"3,5"
10897,"3,111"
10898,"3,30,66"
10899,31
10900,3
10901,"3,22,21"
10902,"40,139"
10903,"40,21"
10904,"131,40"
10905,"10,55,54"
10906,"3,53"
10907,169
10908,"296,460,169"
10909,138
10910,"3,4,435"
10911,"3,53"
10912,"64,10,90"
10913,"231,26,23"
10914,"3,22"
10915,"44,73,145"
10916,"10,64,93"
10917,"0,522"
10918,"26,23,89"
10919,"4,3"
10920,"4,3"
10921,64
10922,40
10923,"10,64"
10924,"0,8"
10925,"40,41,149"
10926,23
10927,"296,169"
10928,"3,17,168"
10929,"40,128,41"
10930,"3,28"
10931,"10,64,93"
10932,"24,23,43"
10933,"0,265"
10934,"23,24"
10935,"10,54,40"
10936,"23,26,313"
10937,"10,64"
10938,"3,102"
10939,"3,13"
10940,"10,239,60"
10941,"3,21"
10942,"0,271,308"
10943,"24,23,49"
10944,"4,19,3"
10945,"21,3,127"
10946,"0,218"
10947,"138,135,40"
10948,"64,10,80"
10949,"23,26,89"
10950,"0,8,206"
10951,"230,229,0"
10952,"3,30,147"
10953,"11,205,10"
10954,"402,40,145"
10955,"23,63"
10956,"220,10,242"
10957,"4,3,19"
10958,"3,21"
10959,"23,24,49"
10960,"0,339"
10961,"3,30,66"
10962,"111,169,3"
10963,"44,40,45"
10964,"43,24,23"
10965,"43,23,24"
10966,"40,324,41"
10967,"169,281,199"
10968,"3,21"
10969,"508,169,426"
10970,"48,3,81"
10971,"456,0,271"
10972,"3,147,148"
10973,"40,138,135"
10974,31
10975,"3,53,523"
10976,"43,24,23"
10977,"3,85,21"
10978,"3,53"
10979,"0,279,216"
10980,"189,135,40"
10981,"3,15,16"
10982,"169,3,311"
10983,"24,25,23"
10984,"10,43,23"
10985,"3,112,111"
10986,"350,0,26"
10987,"129,128,40"
10988,"3,182,21"
10989,"220,10,221"
10990,"0,354,216"
10991,"0,128"
10992,"128,129,40"
10993,"3,111,472"
10994,"17,3,168"
10995,"115,21,3"
10996,"3,111,112"
10997,"23,74"
10998,"40,131"
10999,"3,21,108"
11000,"296,169,411"
11001,"169,171,199"
11002,"23,24,25"
11003,"89,26,23"
11004,"40,149,41"
11005,3
11006,"10,11,12"
11007,"162,163"
11008,"23,26"
11009,"64,10,448"
11010,"10,239,60"
11011,"220,10,221"
11012,"10,220,402"
11013,"40,131,134"
11014,10
11015,40
11016,"0,355,271"
11017,"169,170"
11018,"402,40,145"
11019,"169,170,426"
11020,"40,41,324"
11021,"8,0,391"
11022,"44,145,40"
11023,"40,145"
11024,"281,169,199"
11025,"43,23,24"
11026,"128,129,40"
11027,"296,169,333"
11028,3
11029,"10,60,64"
11030,"23,137,38"
11031,"169,171,199"
11032,"31,96,23"
11033,"0,271,522"
11034,"313,0,485"
11035,23
11036,"3,4,238"
11037,"40,145"
11038,23
11039,"23,118,231"
11040,"485,3,108"
11041,"171,169,170"
11042,"3,28,190"
11043,"0,265,349"
11044,0
11045,"0,314,313"
11046,"3,178,111"
11047,"23,296"
11048,0
11049,"0,279,249"
11050,"271,0,456"
11051,"296,169,411"
11052,"3,30"
11053,"220,221,10"
11054,"23,118,231"
11055,"23,24,49"
11056,"40,131,226"
11057,"74,23,303"
11058,"64,10,93"
11059,"31,96"
11060,"170,169"
11061,10
11062,3
11063,"40,334,73"
11064,"40,128,129"
11065,"64,10,448"
11066,0
11067,44
11068,"64,10,80"
11069,"8,0,308"
11070,"24,23,43"
11071,169
11072,"3,21"
11073,"220,10,242"
11074,"3,48"
11075,3
11076,"129,128,40"
11077,3
11078,"169,60,199"
11079,"10,64"
11080,"0,456,271"
11081,"128,129,40"
11082,"3,17,168"
11083,"3,15"
11084,"44,10"
11085,"23,24,49"
11086,"169,23"
11087,145
11088,"11,10,109"
11089,"0,304,216"
11090,"40,402,145"
11091,"3,30,66"
11092,"105,53,23"
11093,"8,206,0"
11094,"26,23,350"
11095,"160,40,315"
11096,"0,456,271"
11097,"23,63,74"
11098,"23,454,31"
11099,"131,40,226"
11100,"23,24"
11101,23
11102,"31,23,96"
11103,3
11104,"3,238,4"
11105,"169,170"
11106,44
11107,"40,3"
11108,"0,280,255"
11109,"40,131,406"
11110,"44,40"
11111,"64,10,448"
11112,"23,74,165"
11113,"395,396,40"
11114,"3,21,53"
11115,"169,199,345"
11116,"0,8,206"
11117,"220,10,242"
11118,"64,10,90"
11119,"152,151,40"
11120,"96,31,169"
11121,"3,21,30"
11122,"0,218"
11123,"3,21,379"
11124,"4,3,19"
11125,"3,85,158"
11126,"40,131,406"
11127,"23,32,316"
11128,"0,214,213"
11129,"0,355"
11130,"61,60,10"
11131,"40,478,402"
11132,"74,165,23"
11133,"0,366,271"
11134,"74,23,118"
11135,"0,8"
11136,0
11137,0
11138,"0,218"
11139,"17,168,3"
11140,"160,40,315"
11141,"0,279"
11142,"0,271"
11143,3
11144,"40,131,241"
11145,"220,10,221"
11146,"3,15,16"
11147,"26,89,23"
11148,"40,315,160"
11149,"40,139,135"
11150,"231,26,23"
11151,"111,23"
11152,"43,23,24"
11153,"64,10,93"
11154,3
11155,40
11156,"40,131,134"
11157,"10,60"
11158,23
11159,"169,89,199"
11160,"21,3,127"
11161,"220,242,10"
11162,"402,40,145"
11163,"115,3,21"
11164,"21,102,3"
11165,"43,23,24"
11166,"220,10,221"
11167,"40,145,402"
11168,"220,10,242"
11169,"220,10"
11170,"64,10,448"
11171,"3,5"
11172,"0,366,271"
11173,"40,162,163"
11174,"23,105,106"
11175,"26,23"
11176,"10,11,12"
11177,"3,147"
11178,"40,149,131"
11179,169
11180,"10,45"
11181,"3,263,34"
11182,40
11183,"23,74,24"
11184,"199,343,169"
11185,"23,24,25"
11186,"3,68,182"
11187,"199,169,323"
11188,"3,13,122"
11189,"0,8,206"
11190,"402,40,145"
11191,"26,23,231"
11192,"0,8"
11193,"3,30"
11194,"3,435,4"
11195,"23,38"
11196,"23,24"
11197,169
11198,"169,199,170"
11199,"169,199"
11200,"64,10,80"
11201,"23,309,38"
11202,0
11203,"0,348,280"
11204,"3,21,111"
11205,"64,10,93"
11206,"23,74"
11207,"35,36,3"
11208,"145,40,478"
11209,10
11210,"43,23,24"
11211,"0,304,216"
11212,"0,8"
11213,3
11214,"40,131,406"
11215,"64,10,448"
11216,"199,343,169"
11217,"11,109,10"
11218,40
11219,"3,34,263"
11220,"44,145,67"
11221,"23,26,89"
11222,"49,23,24"
11223,"0,271,355"
11224,"40,131,406"
11225,"199,281,169"
11226,"10,220,242"
11227,"3,21,187"
11228,"15,3,16"
11229,"23,26,89"
11230,0
11231,"23,24,49"
11232,0
11233,"25,10,24"
11234,"23,26,89"
11235,"23,106,105"
11236,"131,40,406"
11237,"3,21"
11238,"17,3,320"
11239,"43,24,23"
11240,3
11241,"40,134,131"
11242,"23,309"
11243,"0,271"
11244,"10,64,65"
11245,"0,211,319"
11246,"3,30,66"
11247,"220,10,242"
11248,"3,48,21"
11249,"3,15,16"
11250,169
11251,"199,343,169"
11252,0
11253,"3,40"
11254,"31,328,23"
11255,"23,24"
11256,"10,11"
11257,"10,64,80"
11258,"15,16,3"
11259,"10,64"
11260,"64,10,448"
11261,"10,221"
11262,"199,169,356"
11263,"40,45,44"
11264,"3,147,156"
11265,"169,281,199"
11266,"40,128,241"
11267,"11,10"
11268,"40,151,152"
11269,"139,155,40"
11270,0
11271,"21,3,108"
11272,"0,208,369"
11273,"43,23,24"
11274,"0,23"
11275,"10,54,95"
11276,"40,146"
11277,"135,40,244"
11278,"0,271,456"
11279,23
11280,"339,169,337"
11281,23
11282,44
11283,"3,34,263"
11284,"0,216,212"
11285,"40,131"
11286,10
11287,"169,170"
11288,10
11289,"169,170,459"
11290,"10,40,44"
11291,"40,145,402"
11292,"3,4,188"
11293,"89,26,23"
11294,"32,31,23"
11295,"17,3,168"
11296,"10,64"
11297,"169,199,343"
11298,"426,3"
11299,"64,10"
11300,"60,23,10"
11301,"135,138,40"
11302,"3,21"
11303,"0,304"
11304,"10,64,93"
11305,"3,96"
11306,"53,3,287"
11307,"40,60,61"
11308,"23,137"
11309,"0,418,265"
11310,3
11311,"201,40,41"
11312,"265,0,349"
11313,"10,239"
11314,"138,374"
11315,"23,84,74"
11316,"3,85"
11317,"220,242,10"
11318,"281,169,199"
11319,"170,260,169"
11320,"3,4"
11321,"40,145"
11322,"0,216,304"
11323,"10,220"
11324,"60,10,61"
11325,"64,10"
11326,10
11327,"3,204,13"
11328,"89,26,23"
11329,23
11330,"169,296,428"
11331,"74,243,23"
11332,"23,74,118"
11333,3
11334,"169,170"
11335,"220,10,242"
11336,"111,3,119"
11337,"128,40,195"
11338,0
11339,"10,64,43"
11340,"169,199"
11341,"0,266,8"
11342,"131,171,199"
11343,"220,10,221"
11344,"3,13"
11345,"10,93,64"
11346,"3,21"
11347,"40,131,226"
11348,"10,239,60"
11349,"170,23"
11350,"40,201"
11351,"3,284,111"
11352,"31,328,23"
11353,"10,93,64"
11354,"169,170"
11355,"3,74"
11356,"3,5,228"
11357,"169,199,281"
11358,"0,235,8"
11359,"21,3"
11360,"295,0"
11361,"10,64"
11362,"23,145"
11363,"3,17,168"
11364,"44,109,45"
11365,"3,48"
11366,"220,242,10"
11367,"3,4"
11368,"10,11"
11369,3
11370,"0,271,456"
11371,"40,395,128"
11372,"3,126"
11373,"40,145"
11374,"135,40,138"
11375,"0,271"
11376,"3,21"
11377,"220,10,221"
11378,"0,271,456"
11379,"220,10,221"
11380,"131,40,134"
11381,"17,168,3"
11382,"0,8,308"
11383,"23,8"
11384,"49,23,24"
11385,23
11386,"23,26"
11387,"3,21"
11388,"3,187"
11389,"3,85,147"
11390,"10,11"
11391,"3,53,68"
11392,"40,131"
11393,"152,151,40"
11394,"402,145,40"
11395,"220,10,221"
11396,"131,406"
11397,"26,23,231"
11398,"23,26,231"
11399,"0,169,199"
11400,"169,170,260"
11401,"0,456,271"
11402,"395,40,41"
11403,"0,249"
11404,"402,145,40"
11405,"162,40,84"
11406,"3,147,156"
11407,"8,0"
11408,"220,10,221"
11409,"3,5"
11410,"23,74,303"
11411,"138,135,40"
11412,"3,21,127"
11413,"3,21,108"
11414,"23,63"
11415,74
11416,"113,28,147"
11417,"23,74,40"
11418,"281,199,169"
11419,"10,54,95"
11420,"169,199"
11421,23
11422,"287,53,325"
11423,"0,8"
11424,23
11425,40
11426,"3,0"
11427,"128,40,129"
11428,"49,24,23"
11429,"0,216,304"
11430,"220,242,10"
11431,"128,129,40"
11432,"3,28"
11433,"10,11,12"
11434,"220,10,242"
11435,"109,11,10"
11436,"40,129,128"
11437,"31,23,77"
11438,"3,4,238"
11439,"40,145,146"
11440,"40,184"
11441,"40,145"
11442,"3,156,147"
11443,"147,3"
11444,"402,145,40"
11445,"3,21,127"
11446,"295,40,135"
11447,"40,160"
11448,169
11449,"3,15,16"
11450,"10,64"
11451,"40,128,129"
11452,"3,15"
11453,"0,369,208"
11454,23
11455,"3,147,148"
11456,"11,10,205"
11457,"220,10,242"
11458,"3,85,21"
11459,"44,73"
11460,"8,308,0"
11461,24
11462,"3,147,33"
11463,"220,10,221"
11464,"105,262"
11465,"3,147,156"
11466,"220,221"
11467,"3,30,66"
11468,"3,15"
11469,"23,74,165"
11470,"281,199,169"
11471,"23,31"
11472,"3,4"
11473,"10,45"
11474,"23,59,24"
11475,3
11476,13
11477,"0,271,456"
11478,"3,53,287"
11479,"64,10"
11480,"71,23"
11481,"109,11,10"
11482,3
11483,"10,54,322"
11484,"199,323,169"
11485,"0,271,456"
11486,"220,10,221"
11487,"199,169"
11488,"26,89,23"
11489,"3,4"
11490,"3,287,16"
11491,"40,131,226"
11492,"23,49,24"
11493,"169,199,171"
11494,"0,212,216"
11495,0
11496,"23,74,118"
11497,"3,53"
11498,"169,356,170"
11499,"31,23,96"
11500,"0,8,235"
11501,"3,4,111"
11502,"3,147,148"
11503,"23,26,89"
11504,"3,17,168"
11505,"3,147"
11506,"74,23,303"
11507,"5,3,228"
11508,"3,158,85"
11509,"170,459,169"
11510,"3,15,16"
11511,"10,64"
11512,"3,238,4"
11513,"3,34"
11514,"220,10,242"
11515,"296,169,460"
11516,0
11517,"3,34"
11518,"40,41,149"
11519,"169,170"
11520,"111,3,85"
11521,"40,151,152"
11522,"128,0"
11523,23
11524,"91,23,44"
11525,"170,260,169"
11526,"220,221,10"
11527,"64,10,93"
11528,23
11529,"199,169,343"
11530,"169,199,323"
11531,"3,147,148"
11532,"40,0"
11533,"4,3,238"
11534,"10,11,64"
11535,"3,53,287"
11536,"23,26,89"
11537,"11,109"
11538,"73,44,145"
11539,"10,11,64"
11540,"53,287,3"
11541,"44,45,40"
11542,"169,0"
11543,"64,10,93"
11544,"40,139,41"
11545,"10,109,11"
11546,"3,53"
11547,"3,30,66"
11548,"40,31,23"
11549,40
11550,"40,131,159"
11551,"402,145,40"
11552,"40,128,129"
11553,"138,135,40"
11554,"23,406"
11555,"231,26,23"
11556,"3,21,187"
11557,"10,64"
11558,"23,38,309"
11559,"3,21"
11560,"3,182,21"
11561,"220,10,221"
11562,40
11563,0
11564,3
11565,"40,131"
11566,10
11567,"40,128,129"
11568,"0,376"
11569,320
11570,"23,199,169"
11571,"49,23,24"
11572,"10,11"
11573,"162,74,23"
11574,"8,0,206"
11575,"0,265,340"
11576,"23,105,318"
11577,"64,79,10"
11578,"3,34,170"
11579,"3,147,148"
11580,"0,350"
11581,0
11582,"23,24,25"
11583,"3,147"
11584,"3,158,85"
11585,"3,30"
11586,"118,23,74"
11587,"15,3,16"
11588,"0,456"
11589,3
11590,"64,10"
11591,"152,151,40"
11592,"199,169,323"
11593,"95,10"
11594,"0,220,235"
11595,"281,169,68"
11596,"10,64,199"
11597,"10,64"
11598,"3,21"
11599,"239,10,60"
11600,"74,23,118"
11601,"199,169,356"
11602,"3,263,34"
11603,"23,74,303"
11604,"10,64"
11605,"0,265,456"
11606,"40,160,151"
11607,"234,60,10"
11608,"0,456,271"
11609,96
11610,"139,40,153"
11611,"10,64,93"
11612,"3,85"
11613,"64,10,93"
11614,3
11615,"0,265"
11616,"17,3,320"
11617,"23,241"
11618,"23,71,38"
11619,"40,406"
11620,"40,145,146"
11621,"169,281,199"
11622,"3,21,126"
11623,"74,165,23"
11624,"3,17,320"
11625,"44,145,40"
11626,"39,38,23"
11627,"0,266"
11628,"3,21,127"
11629,"169,199"
11630,40
11631,"23,303,24"
11632,"3,53,523"
11633,"220,10,221"
11634,"23,74,118"
11635,"54,10,95"
11636,"3,21,108"
11637,"11,10,12"
11638,"23,105,25"
11639,"23,74"
11640,"10,60,239"
11641,"10,64,93"
11642,"49,24,23"
11643,"71,23"
11644,"3,21"
11645,54
11646,"40,226,131"
11647,10
11648,"3,53,99"
11649,"40,131,159"
11650,"11,109,10"
11651,"3,21"
11652,"0,8,308"
11653,"0,211,319"
11654,"43,24,23"
11655,"10,11,109"
11656,"40,131,406"
11657,"3,21"
11658,"3,4"
11659,"26,89,23"
11660,"3,111"
11661,"220,10"
11662,"43,24,23"
11663,"220,10,221"
11664,"34,3,263"
11665,"3,17"
11666,"10,220"
11667,"138,40,135"
11668,"10,11,109"
11669,"169,296,507"
11670,"3,17"
11671,"23,137"
11672,23
11673,"74,303,23"
11674,23
11675,"169,170,508"
11676,"459,170,169"
11677,"199,169,343"
11678,"456,0,271"
11679,"0,456,271"
11680,"10,64,338"
11681,"24,43"
11682,"220,10,221"
11683,"64,10,93"
11684,"199,323,169"
11685,"169,199"
11686,"111,267,3"
11687,"408,128,395"
11688,"23,25,24"
11689,"3,85"
11690,"23,74,118"
11691,40
11692,"10,64,93"
11693,"4,3,19"
11694,0
11695,"5,3"
11696,"271,0,169"
11697,"0,319,216"
11698,"0,346,313"
11699,"3,238,21"
11700,"170,169,260"
11701,"3,147"
11702,0
11703,"40,145,402"
11704,"10,402,64"
11705,3
11706,"3,53,147"
11707,"17,3,168"
11708,"239,10,60"
11709,0
11710,"138,135,40"
11711,"4,3,183"
11712,"23,24"
11713,10
11714,"64,10,93"
11715,"3,53"
11716,"10,199,323"
11717,"40,149,41"
11718,"199,169,281"
11719,"26,23,89"
11720,"3,21,126"
11721,"3,34,46"
11722,"3,53"
11723,"10,60"
11724,40
11725,0
11726,"339,169"
11727,"11,10,109"
11728,"111,123,3"
11729,"25,24,23"
11730,"4,3,19"
11731,"23,89,0"
11732,40
11733,"40,131"
11734,3
11735,"31,258,23"
11736,"3,111"
11737,"74,23,303"
11738,"0,8,206"
11739,95
11740,"10,220"
11741,"3,147"
11742,"3,21"
11743,"169,296,306"
11744,"3,21,301"
11745,"3,523"
11746,"3,104,30"
11747,"3,17"
11748,"3,15"
11749,"169,199,281"
11750,"40,41,186"
11751,0
11752,"3,21"
11753,"11,10,109"
11754,"96,31"
11755,"43,10,64"
11756,"10,11,205"
11757,"96,31,23"
11758,"64,10"
11759,"10,93,64"
11760,"23,38,94"
11761,"118,74,23"
11762,"3,21"
11763,"3,125,111"
11764,"3,147,148"
11765,"3,17"
11766,"0,304,216"
11767,"3,158,85"
11768,"3,15,16"
11769,"199,169,281"
11770,"3,21,108"
11771,"3,21"
11772,"15,16,3"
11773,"339,337,169"
11774,"169,356,170"
11775,"131,40,241"
11776,"64,80,10"
11777,"3,53,21"
11778,"64,10,448"
11779,"10,11,109"
11780,"64,10"
11781,"170,459,169"
11782,"170,169,260"
11783,"23,24,49"
11784,"43,23,24"
11785,"23,24"
11786,"199,169,323"
11787,"4,3,19"
11788,"10,93,64"
11789,"40,131,226"
11790,"3,156,147"
11791,"129,128,40"
11792,"105,23"
11793,23
11794,23
11795,"8,0,405"
11796,"23,74,63"
11797,"10,11"
11798,"23,38,137"
11799,3
11800,"0,257"
11801,"3,21"
11802,3
11803,3
11804,"3,147,53"
11805,3
11806,"3,21,187"
11807,23
11808,"23,74,345"
11809,"10,64"
11810,40
11811,"402,40,145"
11812,"3,85,52"
11813,"3,17,320"
11814,"40,145,44"
11815,"40,184,406"
11816,"162,163,40"
11817,"4,19,3"
11818,"10,11,109"
11819,"0,2,169"
11820,"3,30"
11821,"152,151,40"
11822,"23,26"
11823,"220,10,221"
11824,"456,0,271"
11825,3
11826,"54,10,95"
11827,"0,23"
11828,"40,139"
11829,"10,234,60"
11830,"11,10,3"
11831,"199,169"
11832,"10,220,242"
11833,"3,147"
11834,0
11835,"128,195"
11836,0
11837,0
11838,"40,131,134"
11839,"3,21,48"
11840,"40,162,163"
11841,"3,4,375"
11842,"10,338,12"
11843,0
11844,"26,8,23"
11845,"10,64"
11846,23
11847,"199,169,323"
11848,"0,216"
11849,"55,54,10"
11850,"118,74,23"
11851,"346,313,0"
11852,"0,273"
11853,0
11854,"3,21,187"
11855,"220,10,221"
11856,"10,60,11"
11857,"64,10,80"
11858,"3,111"
11859,"3,53"
11860,"0,8,457"
11861,"10,11,90"
11862,"23,74,118"
11863,"220,10,221"
11864,3
11865,40
11866,"54,95,10"
11867,"169,199,281"
11868,"64,10,90"
11869,"17,3,168"
11870,"3,85,158"
11871,"23,24,25"
11872,"3,4,238"
11873,"45,40,44"
11874,"17,320,3"
11875,"0,265"
11876,"23,74"
11877,"16,15,3"
11878,"0,206"
11879,"160,40,315"
11880,"40,478,64"
11881,"40,128"
11882,"138,374,169"
11883,"170,259"
11884,"0,235,8"
11885,"26,89,23"
11886,"3,21"
11887,"8,0,206"
11888,"3,4"
11889,"3,21,523"
11890,"0,8,266"
11891,"220,10,221"
11892,"3,17,320"
11893,"296,169"
11894,"24,23,199"
11895,"23,89"
11896,"220,10,221"
11897,"10,220,221"
11898,"10,11"
11899,"3,17"
11900,"199,169,248"
11901,"3,21,187"
11902,"171,169,170"
11903,"169,199,508"
11904,3
11905,"11,10"
11906,"10,54"
11907,"10,64,80"
11908,"3,17,168"
11909,"138,40,135"
11910,"169,170,459"
11911,"3,15,16"
11912,"4,3,19"
11913,"11,205,10"
11914,"55,402,10"
11915,"23,26,74"
11916,"317,74,23"
11917,"64,10,93"
11918,"23,24,62"
11919,"10,64"
11920,23
11921,"3,21"
11922,"3,85,21"
11923,"23,63,74"
11924,"169,170,459"
11925,"14,13"
11926,"40,244,135"
11927,40
11928,0
11929,"3,4"
11930,"23,74,303"
11931,"23,24"
11932,"296,169"
11933,"0,211,319"
11934,"3,113,28"
11935,"3,148,147"
11936,"23,24"
11937,"135,431"
11938,"40,131,226"
11939,3
11940,"3,85,158"
11941,40
11942,"147,148,3"
11943,40
11944,"64,10"
11945,"11,10,109"
11946,"3,4"
11947,"169,199"
11948,"44,145"
11949,"40,135,141"
11950,"10,11,12"
11951,"10,95,54"
11952,23
11953,"220,10,221"
11954,"3,85,86"
11955,0
11956,"23,406"
11957,"10,64,93"
11958,"40,149,41"
11959,3
11960,23
11961,"311,3,169"
11962,"23,71"
11963,"229,230,0"
11964,"0,211"
11965,"3,147,33"
11966,"296,192"
11967,"3,53"
11968,"23,71,38"
11969,"64,10,338"
11970,"169,199,281"
11971,"64,10,80"
11972,"145,44,95"
11973,"0,206,8"
11974,"281,199,169"
11975,"40,186,128"
11976,"23,220"
11977,"170,169"
11978,"169,199,343"
11979,"24,43,23"
11980,"3,34,263"
11981,"23,38"
11982,"169,426,312"
11983,"0,271,456"
11984,"89,26,23"
11985,"3,21"
11986,"138,135,40"
11987,"10,95,54"
11988,"40,131,134"
11989,"0,206,8"
11990,"3,28"
11991,3
11992,40
11993,"3,13,11"
11994,"199,169,248"
11995,"0,456,429"
11996,"10,221,220"
11997,"40,131"
11998,"220,10,242"
11999,"3,21"
12000,"90,64,10"
12001,"40,402,145"
12002,"3,66,30"
12003,"40,146,145"
12004,"3,21,127"
12005,"128,130,129"
12006,"3,21,182"
12007,"170,3,287"
12008,"147,3,148"
12009,60
12010,"40,131,132"
12011,"40,145"
12012,"3,21"
12013,"3,53"
12014,"169,374,459"
12015,"0,355"
12016,"184,368,40"
12017,"3,17"
12018,"64,10,338"
12019,3
12020,"40,41"
12021,"131,23,96"
12022,"40,184,185"
12023,"3,17,168"
12024,"3,21"
12025,"4,3"
12026,"23,26"
12027,"44,40,145"
12028,"417,169"
12029,"31,23,258"
12030,"162,23,74"
12031,"40,128"
12032,"3,34,46"
12033,"40,131,406"
12034,"0,216,357"
12035,"3,53"
12036,"8,0,308"
12037,"23,45"
12038,"23,74"
12039,"3,68,182"
12040,"3,5,228"
12041,"23,309"
12042,"26,89,23"
12043,"23,25,24"
12044,0
12045,"23,303,38"
12046,3
12047,"281,169"
12048,"25,23,24"
12049,"64,10,93"
12050,"169,171,199"
12051,"0,265"
12052,"64,10"
12053,"3,46"
12054,"3,168,17"
12055,"26,23,89"
12056,"169,171,199"
12057,"74,118,23"
12058,"220,242,10"
12059,3
12060,"402,40,10"
12061,"40,131"
12062,"3,34,263"
12063,"23,105,318"
12064,"3,17"
12065,"64,10,90"
12066,"45,44,40"
12067,"43,23,24"
12068,"3,30,66"
12069,"11,10,109"
12070,"26,89,23"
12071,"0,216,212"
12072,"40,149,41"
12073,"44,45,145"
12074,"10,64,80"
12075,"17,168,18"
12076,"199,323"
12077,"11,109,10"
12078,3
12079,"40,131"
12080,"3,96"
12081,"64,10,93"
12082,"402,40,145"
12083,"10,11"
12084,3
12085,"146,40"
12086,"64,10"
12087,"10,64,90"
12088,"3,53"
12089,"170,169,459"
12090,"3,147"
12091,"40,160"
12092,"3,379"
12093,"220,221,10"
12094,"3,158,85"
12095,"43,23,24"
12096,"23,105"
12097,"0,8,410"
12098,"350,0,26"
12099,"0,456,271"
12100,"3,53,287"
12101,"23,49,24"
12102,"44,40,145"
12103,"21,3"
12104,"8,0,405"
12105,"64,448,10"
12106,"3,21,127"
12107,"3,17"
12108,"3,17,168"
12109,"23,25,24"
12110,3
12111,"64,10,93"
12112,"296,169"
12113,"3,21"
12114,0
12115,"64,93,10"
12116,"145,40,44"
12117,"54,10,83"
12118,"0,348,280"
12119,"10,64,93"
12120,"43,24"
12121,"0,2,1"
12122,"43,24,23"
12123,"0,2,1"
12124,"43,23,24"
12125,"8,0"
12126,"26,23,89"
12127,"3,215"
12128,"23,49,24"
12129,"3,21"
12130,"3,13,204"
12131,"13,40"
12132,"234,60,10"
12133,"40,149,41"
12134,"40,145,146"
12135,"299,477,3"
12136,"23,43,24"
12137,"0,279,249"
12138,"64,10,338"
12139,"3,34,21"
12140,"0,271,456"
12141,"220,10,221"
12142,0
12143,"145,44"
12144,"199,169,281"
12145,"281,3,169"
12146,"64,10"
12147,"169,145"
12148,"0,304"
12149,"220,10,242"
12150,"0,271,456"
12151,"43,23,24"
12152,"402,10,40"
12153,"43,24,23"
12154,"23,39,38"
12155,"43,23,24"
12156,"135,40,138"
12157,"55,54,10"
12158,"10,60"
12159,"40,151,152"
12160,"40,131,159"
12161,"171,169,199"
12162,"456,0,271"
12163,"220,10,242"
12164,"0,456,271"
12165,"281,199,169"
12166,"224,40,41"
12167,"138,135,40"
12168,"40,131,406"
12169,"32,31,3"
12170,"10,64,93"
12171,"224,40,41"
12172,"40,162,163"
12173,"10,60,64"
12174,"49,24,23"
12175,"118,74,23"
12176,"23,303,74"
12177,"3,34"
12178,"40,151,152"
12179,3
12180,"169,199"
12181,0
12182,"128,40,129"
12183,"139,40,155"
12184,"23,26"
12185,"26,23"
12186,"0,271"
12187,"28,330"
12188,"226,131,40"
12189,"0,279,249"
12190,"16,15,3"
12191,"23,26,350"
12192,"3,17,168"
12193,"23,309"
12194,169
12195,"0,23,8"
12196,"3,21"
12197,"26,23,89"
12198,"10,0,64"
12199,"40,241,131"
12200,"8,0,308"
12201,"28,3,190"
12202,"128,40,129"
12203,"44,45,109"
12204,23
12205,"3,68,182"
12206,169
12207,"16,15,3"
12208,"26,23,89"
12209,"0,366"
12210,"3,15,16"
12211,"10,44"
12212,"3,4,238"
12213,"40,128,41"
12214,"0,8"
12215,"3,17,320"
12216,3
12217,169
12218,"40,131,132"
12219,"15,16,3"
12220,"3,21,182"
12221,"0,476,277"
12222,"23,26"
12223,"0,271,291"
12224,"3,4,19"
12225,"23,26,350"
12226,"216,0,304"
12227,"3,5"
12228,40
12229,"40,224,41"
12230,"3,15,16"
12231,"147,3,148"
12232,"3,21,187"
12233,"23,40,137"
12234,"3,21"
12235,"234,10"
12236,"3,21,48"
12237,"3,34,263"
12238,"10,64,90"
12239,"102,3"
12240,"456,0,271"
12241,"3,379,21"
12242,"199,23,169"
12243,"17,168,3"
12244,"64,10"
12245,23
12246,"40,149,41"
12247,"0,271,362"
12248,"184,40,185"
12249,0
12250,"3,33,21"
12251,"23,165"
12252,40
12253,"3,111,267"
12254,"220,10,221"
12255,"0,280,348"
12256,"10,64,93"
12257,"494,40,184"
12258,"258,31,23"
12259,"0,339"
12260,"23,38"
12261,23
12262,23
12263,"386,40,135"
12264,"0,361,272"
12265,0
12266,73
12267,"21,3,127"
12268,"24,23,43"
12269,"40,145,54"
12270,"40,145,194"
12271,"431,135,40"
12272,"74,23,118"
12273,"0,8"
12274,"40,184,185"
12275,"11,10,109"
12276,"3,4,174"
12277,"10,24"
12278,"49,24,23"
12279,"3,21,127"
12280,"230,0"
12281,"40,160,334"
12282,"0,216"
12283,"3,85"
12284,"23,303"
12285,"0,342,271"
12286,138
12287,10
12288,258
12289,"40,145"
12290,"10,64,338"
12291,"3,4"
12292,"220,10,221"
12293,"40,131,226"
12294,"23,137"
12295,"40,131,406"
12296,"3,158,85"
12297,"23,32,118"
12298,40
12299,"10,60,239"
12300,0
12301,"10,64,90"
12302,95
12303,"184,40"
12304,"64,10,93"
12305,"0,271"
12306,"10,64,93"
12307,25
12308,"0,271,265"
12309,"8,405,23"
12310,"128,129,40"
12311,23
12312,"4,3"
12313,"3,28,204"
12314,"11,10,205"
12315,"40,131"
12316,"199,169,343"
12317,"0,266,265"
12318,"11,10,12"
12319,"131,40,134"
12320,"35,36,3"
12321,"3,111"
12322,"26,23,89"
12323,"23,26"
12324,"203,3,147"
12325,"23,24,25"
12326,53
12327,"224,40,41"
12328,"3,17,168"
12329,"231,23,26"
12330,"40,135"
12331,0
12332,"169,199,374"
12333,"44,40,145"
12334,"10,11,205"
12335,"23,8,308"
12336,"3,28"
12337,"40,131,406"
12338,"100,208"
12339,"0,216,380"
12340,3
12341,"258,23"
12342,169
12343,"0,313"
12344,128
12345,"128,129,40"
12346,"21,3,124"
12347,"10,220,221"
12348,"3,4"
12349,"23,322,24"
12350,"128,195,40"
12351,"23,84,74"
12352,"3,147"
12353,"3,160,40"
12354,"10,11,109"
12355,"0,265"
12356,"0,206,8"
12357,"169,170,459"
12358,"23,345,24"
12359,"220,10,221"
12360,"169,199,323"
12361,"40,131,226"
12362,"3,68,111"
12363,"0,8,285"
12364,40
12365,"23,24,49"
12366,"3,147"
12367,"11,10,12"
12368,"3,204,13"
12369,"41,286,40"
12370,"64,10,93"
12371,"169,199,248"
12372,"40,241,131"
12373,"0,457,8"
12374,"3,147"
12375,"40,145"
12376,"4,3"
12377,40
12378,"220,10,242"
12379,"5,3,228"
12380,"0,265,340"
12381,"40,41"
12382,"218,0,475"
12383,169
12384,"306,296,169"
12385,"40,186,128"
12386,"54,10,95"
12387,"3,21,182"
12388,3
12389,169
12390,"199,169,23"
12391,"10,64,93"
12392,"339,337,169"
12393,"169,199,281"
12394,"128,40,129"
12395,"45,10,44"
12396,"11,10,12"
12397,"169,417,170"
12398,"0,220,235"
12399,"281,199,169"
12400,"23,137"
12401,"44,45,145"
12402,40
12403,"3,21,124"
12404,"44,145,45"
12405,"23,32,31"
12406,"23,105,326"
12407,"281,169,199"
12408,"10,24,23"
12409,"169,296"
12410,"224,41,40"
12411,"0,271,456"
12412,"40,145"
12413,"3,523,53"
12414,"151,11,205"
12415,"10,64,60"
12416,3
12417,"3,85"
12418,"40,151"
12419,"169,199,170"
12420,0
12421,169
12422,"23,74"
12423,"23,105"
12424,"40,145,44"
12425,"4,188,3"
12426,402
12427,"0,8,40"
12428,"40,131,115"
12429,"64,24,23"
12430,"74,23,303"
12431,3
12432,"220,10,221"
12433,"40,184,243"
12434,"0,2,1"
12435,"408,128,40"
12436,"26,23,89"
12437,"3,21"
12438,"40,149,160"
12439,"23,231"
12440,"40,42,41"
12441,"115,3,21"
12442,"169,281,199"
12443,"11,10,109"
12444,"3,53,30"
12445,"220,242,10"
12446,"3,28"
12447,"3,28"
12448,"11,10,109"
12449,"303,74"
12450,"3,4,183"
12451,"60,10,239"
12452,"0,11,24"
12453,"44,45"
12454,"220,10"
12455,"64,10,448"
12456,"40,131"
12457,"220,10"
12458,"3,21,127"
12459,"0,216"
12460,"169,281,199"
12461,"38,39,23"
12462,"40,195,128"
12463,"169,426,427"
12464,"3,53,21"
12465,"3,147,156"
12466,"340,0,265"
12467,"3,111"
12468,"3,147,148"
12469,"53,3"
12470,"0,271"
12471,"26,89,0"
12472,"169,199,343"
12473,"8,0,206"
12474,"26,23"
12475,"368,184,40"
12476,"23,118,74"
12477,"3,56"
12478,"10,11,12"
12479,"60,23"
12480,"23,24,43"
12481,40
12482,"128,130,129"
12483,"23,105,137"
12484,"3,111"
12485,"169,199"
12486,"271,0,456"
12487,"23,395"
12488,"169,199,417"
12489,"3,34"
12490,"23,89,26"
12491,"3,147,148"
12492,"138,169,374"
12493,"169,0"
12494,"10,64,93"
12495,"10,64,239"
12496,"220,10,242"
12497,3
12498,"10,11,12"
12499,"3,4"
12500,"64,10,80"
12501,"23,165,74"
12502,8
12503,"118,74,23"
12504,"34,3,263"
12505,"3,311"
12506,71
12507,"40,184,185"
12508,"3,15"
12509,0
12510,"0,265,266"
12511,"169,170"
12512,"147,3,15"
12513,"21,3"
12514,"128,129,130"
12515,"23,89,26"
12516,40
12517,"3,21"
12518,169
12519,"3,21"
12520,"64,10,90"
12521,"3,287"
12522,"211,0,319"
12523,"23,62,24"
12524,"54,95,10"
12525,"10,64"
12526,0
12527,"0,255,462"
12528,"40,160,423"
12529,"15,3,16"
12530,"0,38,23"
12531,"32,31,23"
12532,"23,24,49"
12533,220
12534,"3,111"
12535,"10,23,11"
12536,"11,10,109"
12537,"40,41"
12538,"3,21"
12539,"0,214,213"
12540,"128,130,40"
12541,"169,339,337"
12542,"10,11,109"
12543,"0,206,8"
12544,"23,74"
12545,"74,23,84"
12546,"44,10"
12547,"28,3,30"
12548,"3,147"
12549,"3,4,238"
12550,"54,10,322"
12551,"3,183"
12552,"40,395"
12553,"296,169,306"
12554,"3,21"
12555,"3,21"
12556,"169,170,459"
12557,"169,199,281"
12558,145
12559,10
12560,"0,271,313"
12561,"128,129,40"
12562,"32,31,23"
12563,"265,0,208"
12564,"49,23,24"
12565,"265,0,208"
12566,"169,199"
12567,"0,366,271"
12568,0
12569,"0,216,211"
12570,"3,23,309"
12571,"11,10,109"
12572,"3,21,182"
12573,"23,25,24"
12574,"40,139,153"
12575,3
12576,"21,3"
12577,"3,21"
12578,"49,23,24"
12579,"23,26"
12580,"44,45"
12581,"11,10,12"
12582,"3,30,66"
12583,"23,74"
12584,"3,147,148"
12585,"40,131"
12586,"85,3"
12587,"4,3,238"
12588,"30,66,3"
12589,"0,211,319"
12590,"3,53"
12591,"128,3"
12592,"350,23,26"
12593,3
12594,40
12595,"74,118,23"
12596,"40,131,406"
12597,"169,281,199"
12598,"15,3,16"
12599,"3,85,86"
12600,"3,17,168"
12601,"26,89,23"
12602,"49,23,24"
12603,"266,0,344"
12604,23
12605,"0,271"
12606,"64,10,90"
12607,"0,265,349"
12608,"40,396,128"
12609,"0,363"
12610,"10,60,322"
12611,"3,21,22"
12612,"26,350,23"
12613,"3,111,53"
12614,"3,523,147"
12615,"3,41"
12616,0
12617,3
12618,"0,1,2"
12619,"147,3,148"
12620,"3,5,57"
12621,"402,40,145"
12622,23
12623,"366,0,271"
12624,"10,419,11"
12625,"11,10,12"
12626,10
12627,"169,199,23"
12628,"3,21"
12629,"0,208,505"
12630,3
12631,"10,60"
12632,"0,249,279"
12633,"0,456,271"
12634,"3,15,16"
12635,"3,21,108"
12636,"3,147"
12637,40
12638,"0,266,490"
12639,"15,3,16"
12640,"3,0,53"
12641,"3,15"
12642,"40,139,41"
12643,"23,309,38"
12644,"74,23,118"
12645,"24,23,49"
12646,23
12647,"28,190,3"
12648,"10,64,93"
12649,"40,41,42"
12650,"23,0"
12651,"3,30"
12652,"402,54,10"
12653,"3,108"
12654,3
12655,"339,337,169"
12656,"0,265,349"
12657,"3,34,263"
12658,"0,355,271"
12659,"23,74,118"
12660,"10,402,40"
12661,"3,147"
12662,"322,54,10"
12663,"3,4,188"
12664,"23,24"
12665,"10,64,65"
12666,3
12667,"220,10,221"
12668,"40,139,153"
12669,40
12670,"0,271,361"
12671,"54,95,10"
12672,"3,287,17"
12673,"234,10,60"
12674,"10,11"
12675,"162,23"
12676,"139,102,40"
12677,"3,281,21"
12678,"64,10"
12679,"21,127,3"
12680,"131,40,134"
12681,169
12682,"0,8"
12683,"23,406"
12684,"59,24,23"
12685,"199,169,343"
12686,"281,169,199"
12687,"218,0,11"
12688,"26,89,23"
12689,"169,306,296"
12690,"281,169"
12691,"10,220"
12692,"3,4"
12693,"64,10,448"
12694,"199,169,343"
12695,"10,220"
12696,"3,21,115"
12697,21
12698,"0,456,271"
12699,"281,199,169"
12700,"40,201,41"
12701,"23,49,24"
12702,"3,85,111"
12703,"160,40,315"
12704,0
12705,"131,40,226"
12706,"40,145"
12707,"53,3,467"
12708,"23,26,89"
12709,"23,26"
12710,"64,10,93"
12711,"43,24,23"
12712,"10,11,109"
12713,"10,220"
12714,"3,21,320"
12715,"0,354"
12716,"151,152,40"
12717,"3,17,168"
12718,"339,169,337"
12719,"220,10,221"
12720,"40,160"
12721,"169,426"
12722,"3,21,127"
12723,"3,17,320"
12724,"40,160"
12725,"74,23,303"
12726,"44,40,145"
12727,"3,34"
12728,21
12729,44
12730,"23,105,318"
12731,"370,24,23"
12732,0
12733,"199,169,248"
12734,"3,21,187"
12735,"111,161,3"
12736,"71,23,24"
12737,"74,118,23"
12738,"350,26,0"
12739,"3,168"
12740,"3,30,66"
12741,402
12742,"0,271,456"
12743,"96,31,23"
12744,"17,320,3"
12745,"10,64,90"
12746,"40,131"
12747,"0,271,360"
12748,"0,418"
12749,"40,406,131"
12750,"0,422,216"
12751,"10,64"
12752,"0,363,280"
12753,"31,23,96"
12754,"456,0,271"
12755,23
12756,"10,64"
12757,"55,54,10"
12758,"170,169"
12759,"40,396,128"
12760,23
12761,"3,4"
12762,"17,168,3"
12763,"0,235,8"
12764,0
12765,"0,8,206"
12766,"43,24,23"
12767,"4,3,19"
12768,"220,10"
12769,"64,10,80"
12770,23
12771,23
12772,"0,8,235"
12773,"118,74,23"
12774,"3,147,523"
12775,"21,3"
12776,"220,10,242"
12777,"3,68,53"
12778,"43,23,24"
12779,"3,21,164"
12780,"23,26,89"
12781,"147,3,148"
12782,"64,10,93"
12783,"10,64,90"
12784,"16,15,3"
12785,"43,24,23"
12786,"3,33,147"
12787,"199,169,382"
12788,"0,456,271"
12789,"169,170,459"
12790,"170,260,169"
12791,"64,10"
12792,"231,23,26"
12793,"3,53,523"
12794,"3,4,435"
12795,"303,23,74"
12796,"23,49,239"
12797,"10,54,55"
12798,"199,323,169"
12799,"3,4"
12800,"402,31,328"
12801,"15,3,16"
12802,"3,182,68"
12803,"10,64"
12804,"10,60,61"
12805,"3,147"
12806,"0,8,522"
12807,"10,64,90"
12808,"3,15,16"
12809,"169,170,459"
12810,"0,279,249"
12811,"169,199"
12812,"64,10,93"
12813,"0,266,265"
12814,"64,10"
12815,"33,40,127"
12816,3
12817,3
12818,"170,169,171"
12819,"369,208,0"
12820,"169,10,170"
12821,"3,34,263"
12822,169
12823,"21,3,124"
12824,"169,417,170"
12825,"24,23,49"
12826,"40,131,226"
12827,"281,169,199"
12828,"169,260,170"
12829,3
12830,"64,448,10"
12831,"17,168,3"
12832,"10,11,12"
12833,"111,3,161"
12834,"3,85,86"
12835,"26,23,0"
12836,"64,10,93"
12837,"3,168,17"
12838,"40,3"
12839,"220,10,221"
12840,"3,15,16"
12841,0
12842,"74,23,165"
12843,"241,131,23"
12844,"3,17"
12845,"23,26,89"
12846,40
12847,"3,30"
12848,"3,28,364"
12849,"220,10,221"
12850,"128,0,8"
12851,"3,53"
12852,"4,3,375"
12853,"40,127,151"
12854,"54,10,95"
12855,"169,260,281"
12856,"10,11,12"
12857,"0,265,340"
12858,"21,3"
12859,"220,10,221"
12860,169
12861,"4,3"
12862,"15,16,3"
12863,"0,265"
12864,"3,21,108"
12865,"3,21"
12866,"220,10,242"
12867,"10,64"
12868,"3,21,111"
12869,"0,206,8"
12870,"17,168,3"
12871,"31,40,328"
12872,"281,169,3"
12873,"10,64,80"
12874,23
12875,0
12876,"10,45,95"
12877,"3,4"
12878,"220,10,242"
12879,"17,3,320"
12880,"0,8,206"
12881,3
12882,"3,30"
12883,"131,40,241"
12884,"229,0,521"
12885,"169,171,199"
12886,"3,15"
12887,"162,163,40"
12888,"3,34,111"
12889,3
12890,"23,89,26"
12891,"3,147"
12892,169
12893,"118,74,23"
12894,"0,355"
12895,"40,41,42"
12896,"89,23,26"
12897,"169,199"
12898,"8,391,0"
12899,"169,31"
12900,"40,128"
12901,"3,21,187"
12902,"281,199,3"
12903,"0,366,271"
12904,40
12905,"43,24,23"
12906,"10,54,402"
12907,"199,169,281"
12908,"40,131,132"
12909,"44,145,45"
12910,40
12911,"26,23,89"
12912,"3,34,263"
12913,"3,147,148"
12914,"43,24,23"
12915,"3,34,263"
12916,"24,43,64"
12917,"23,8"
12918,3
12919,"10,43"
12920,3
12921,"10,54,95"
12922,"3,147,148"
12923,"169,199,281"
12924,"138,135,40"
12925,"220,221"
12926,"23,74"
12927,"152,151,169"
12928,"3,147,148"
12929,"127,21,3"
12930,"25,67,44"
12931,"216,89,23"
12932,"0,8,206"
12933,0
12934,"3,28,30"
12935,"220,242,10"
12936,"74,23,317"
12937,"0,206,8"
12938,"4,3,238"
12939,"145,40,44"
12940,0
12941,"169,199,171"
12942,"11,10,109"
12943,"340,265,0"
12944,"10,64,90"
12945,"220,242,10"
12946,"10,93,64"
12947,23
12948,"3,111"
12949,0
12950,"3,4,238"
12951,"10,220"
12952,"3,21,127"
12953,"147,3,148"
12954,"10,11,109"
12955,"3,4,238"
12956,"171,169,199"
12957,"23,49,24"
12958,"128,129,40"
12959,0
12960,"74,23,141"
12961,"169,199"
12962,"0,218,465"
12963,"74,165,23"
12964,"89,23,26"
12965,"3,168,17"
12966,"10,64,43"
12967,"3,147,148"
12968,"152,151,40"
12969,"33,3,21"
12970,"23,165"
12971,"40,146,145"
12972,"169,199,170"
12973,"11,10,220"
12974,"23,26,231"
12975,"296,169,411"
12976,"0,456,271"
12977,"129,128,130"
12978,40
12979,"3,4,238"
12980,"3,21"
12981,"40,241,131"
12982,"74,23,165"
12983,"10,64,93"
12984,"170,169"
12985,"0,2,1"
12986,"162,163,40"
12987,3
12988,"23,49,24"
12989,"23,8"
12990,"169,199"
12991,"402,40,145"
12992,"95,10,54"
12993,0
12994,"0,220,235"
12995,10
12996,"21,3,127"
12997,"43,23,24"
12998,"40,145,10"
12999,"10,54,23"
13000,"3,379,21"
13001,"170,169"
13002,"3,21,126"
13003,3
13004,"24,23,25"
13005,40
13006,"64,10,335"
13007,"3,21"
13008,"0,522"
13009,"40,45,44"
13010,105
13011,"17,168,3"
13012,"95,10,54"
13013,"23,74,303"
13014,3
13015,"44,145,73"
13016,"313,346,0"
13017,"147,3,148"
13018,"3,4"
13019,"0,271"
13020,"109,11,10"
13021,135
13022,3
13023,"10,64,93"
13024,"23,26,89"
13025,"32,23,31"
13026,"17,3"
13027,"40,160"
13028,"169,10,323"
13029,"0,214,213"
13030,"26,89,23"
13031,"169,170"
13032,"23,63"
13033,"26,23,89"
13034,"71,165,23"
13035,0
13036,"31,23"
13037,"169,281,199"
13038,40
13039,"281,169,199"
13040,"3,147"
13041,"199,169,343"
13042,"220,10"
13043,"0,218,512"
13044,"3,85,21"
13045,0
13046,"3,53,68"
13047,339
13048,"3,147,85"
13049,"10,220"
13050,"3,21,108"
13051,40
13052,"74,23"
13053,"23,74"
13054,"64,10,338"
13055,"23,137,38"
13056,"3,21,108"
13057,"23,199"
13058,"89,26,395"
13059,"199,169,281"
13060,109
13061,"89,26,346"
13062,"406,131,40"
13063,"296,169"
13064,"10,64"
13065,"17,320,3"
13066,"279,0,249"
13067,"23,74"
13068,3
13069,"74,3,303"
13070,"23,74"
13071,"220,10,221"
13072,"220,10,221"
13073,"23,303,74"
13074,"40,131,406"
13075,"40,160,149"
13076,"102,40"
13077,"151,152,40"
13078,"32,31"
13079,"43,23,24"
13080,"10,64,80"
13081,"0,214"
13082,"170,260,169"
13083,"10,44"
13084,"169,170"
13085,"169,199,281"
13086,"10,239,60"
13087,"85,3,86"
13088,"40,128,129"
13089,"4,3"
13090,"0,216"
13091,106
13092,"28,3"
13093,"0,213,214"
13094,169
13095,23
13096,"0,26"
13097,"28,364,3"
13098,"0,279,249"
13099,40
13100,"0,206,8"
13101,"220,10,242"
13102,"49,24,10"
13103,"40,139"
13104,"224,40,41"
13105,"40,131,142"
13106,"74,23,118"
13107,31
13108,"3,15"
13109,"23,62,24"
13110,"23,118,231"
13111,"40,131,139"
13112,"11,10,109"
13113,23
13114,"3,21,108"
13115,"118,74,23"
13116,"10,54,322"
13117,"3,147"
13118,"85,3,86"
13119,"0,208,369"
13120,"40,302,160"
13121,"3,4,19"
13122,"199,169,248"
13123,"0,456,271"
13124,"130,128,129"
13125,10
13126,"3,5,228"
13127,"402,40,145"
13128,"74,23,118"
13129,"26,231,23"
13130,"3,111"
13131,"0,229,208"
13132,"128,40,129"
13133,"40,184,185"
13134,"10,11,109"
13135,"258,23"
13136,"0,208,369"
13137,"64,10,93"
13138,"44,145,40"
13139,"23,345"
13140,"220,10,221"
13141,"3,21"
13142,"10,64"
13143,"0,313,346"
13144,"3,375"
13145,"11,10,109"
13146,"175,128,23"
13147,"3,17"
13148,"0,255,462"
13149,"135,40,138"
13150,"220,10,11"
13151,"3,147,156"
13152,"40,128,129"
13153,"0,8,327"
13154,"11,10,109"
13155,"3,15"
13156,"40,131,226"
13157,"309,38,23"
13158,"3,108,21"
13159,"0,8"
13160,10
13161,"3,53,325"
13162,"3,4"
13163,"3,48,21"
13164,"0,206,8"
13165,"10,11,60"
13166,"10,239,60"
13167,"10,234,11"
13168,"17,168,3"
13169,"4,3"
13170,"3,147"
13171,3
13172,"169,199"
13173,"169,199"
13174,"0,265,100"
13175,"3,53,523"
13176,"176,4"
13177,"170,169,260"
13178,"64,10,448"
13179,"24,25,23"
13180,"23,89,26"
13181,"10,64,93"
13182,"64,10,448"
13183,"43,23,24"
13184,"3,147,148"
13185,"8,0,308"
13186,"40,162,163"
13187,"220,10,221"
13188,64
13189,"40,131,132"
13190,"131,40,134"
13191,"3,53"
13192,"10,24,322"
13193,23
13194,"0,8,308"
13195,"0,271"
13196,"169,199"
13197,"0,271"
13198,"3,17"
13199,"339,169,337"
13200,"3,21"
13201,"40,145,146"
13202,3
13203,"113,3,53"
13204,"17,168,3"
13205,"220,221,10"
13206,"11,205,10"
13207,"10,239,60"
13208,"11,10,12"
13209,"23,31,60"
13210,3
13211,"128,40,129"
13212,3
13213,10
13214,"43,24,23"
13215,"3,85,293"
13216,169
13217,"109,258,11"
13218,"234,10,60"
13219,"3,147,188"
13220,"169,23"
13221,"44,45,145"
13222,"31,328,402"
13223,"0,348"
13224,"13,169"
13225,"3,17,168"
13226,"40,131,134"
13227,"3,4"
13228,"23,24,25"
13229,"393,109"
13230,"281,169,199"
13231,"169,170,199"
13232,"151,152,494"
13233,10
13234,"10,64,93"
13235,"286,41,40"
13236,"60,23"
13237,"3,104,30"
13238,"3,21"
13239,"3,111,119"
13240,"402,40,145"
13241,"40,44,145"
13242,"64,10,93"
13243,"220,10,221"
13244,"111,3,119"
13245,"40,131"
13246,"44,40,145"
13247,"64,10,335"
13248,"3,158,21"
13249,"138,169,199"
13250,"0,218,475"
13251,"23,62"
13252,"322,10,54"
13253,44
13254,"44,109,45"
13255,"10,64,79"
13256,"3,21,22"
13257,0
13258,"170,135,138"
13259,"3,56"
13260,"40,129,128"
13261,0
13262,"322,40"
13263,169
13264,"64,10,448"
13265,"84,23,74"
13266,"10,64,93"
13267,"10,54,95"
13268,"3,147"
13269,"10,11"
13270,"169,199,281"
13271,"64,10,80"
13272,"26,350,23"
13273,"40,151,152"
13274,"34,263,3"
13275,"131,40,241"
13276,"23,137"
13277,"74,317,23"
13278,"64,10,80"
13279,"0,197"
13280,"3,53,99"
13281,169
13282,10
13283,"26,23,89"
13284,"10,54,322"
13285,"23,303,74"
13286,"40,324,41"
13287,169
13288,"23,24"
13289,"53,290,325"
13290,"17,168,3"
13291,"220,10,221"
13292,"40,131,132"
13293,"0,271,522"
13294,"23,87,38"
13295,3
13296,"3,158"
13297,"0,8,206"
13298,3
13299,"10,60"
13300,3
13301,"8,0,391"
13302,"3,51,52"
13303,"0,218,8"
13304,"169,170,260"
13305,"220,10,221"
13306,"0,216,212"
13307,"129,40,128"
13308,"0,271,456"
13309,"40,152,151"
13310,"10,402"
13311,"17,3,168"
13312,"128,40,129"
13313,"3,147"
13314,"169,171,199"
13315,"40,402"
13316,40
13317,"43,23,24"
13318,"10,11,109"
13319,"169,199,281"
13320,"0,265,490"
13321,"8,0,235"
13322,11
13323,"402,40,145"
13324,"239,10,60"
13325,"40,186,128"
13326,"241,494"
13327,"199,169,248"
13328,"271,0,456"
13329,"199,281,169"
13330,"3,187,21"
13331,0
13332,"0,271,362"
13333,"40,145,402"
13334,"10,11,109"
13335,3
13336,"45,44,40"
13337,"10,64,93"
13338,"40,160,302"
13339,23
13340,"23,38,91"
13341,"3,53"
13342,"169,171,199"
13343,"64,10"
13344,"169,281,199"
13345,"23,105,25"
13346,"26,23,350"
13347,169
13348,10
13349,"3,111,267"
13350,"23,74,118"
13351,"0,8,235"
13352,"3,53,325"
13353,"26,23,350"
13354,"40,145,44"
13355,"0,229,230"
13356,"3,21,187"
13357,"24,23,49"
13358,"11,10,109"
13359,"23,24,59"
13360,10
13361,"10,11,109"
13362,"3,21,182"
13363,"44,45,145"
13364,"23,105,318"
13365,"11,10,109"
13366,"199,169,343"
13367,"4,3"
13368,"40,131,368"
13369,"40,149,41"
13370,"160,40,302"
13371,0
13372,"0,8"
13373,"3,523"
13374,"26,0,350"
13375,"23,31,96"
13376,"40,131,226"
13377,"40,139,153"
13378,"199,343,169"
13379,"169,339"
13380,"33,3,21"
13381,"3,21"
13382,"296,169,428"
13383,"220,10,242"
13384,3
13385,"128,129,40"
13386,"23,105,53"
13387,"3,21,17"
13388,"17,168"
13389,"23,26,89"
13390,"199,169"
13391,"199,40,169"
13392,"24,43"
13393,"258,23,31"
13394,"40,128,129"
13395,"23,71"
13396,"21,3,126"
13397,"131,406"
13398,"40,41,286"
13399,44
13400,"220,10,242"
13401,"147,3,156"
13402,"8,0,308"
13403,"3,4,435"
13404,"168,17,3"
13405,"220,10,0"
13406,"40,146,145"
13407,"10,93,54"
13408,"281,199,169"
13409,"3,15,16"
13410,"3,147,148"
13411,"0,214,213"
13412,"23,67"
13413,"111,3"
13414,"3,85"
13415,"128,129,40"
13416,"11,10,205"
13417,"23,38"
13418,"165,74,23"
13419,"23,32,31"
13420,"3,21"
13421,"44,145,40"
13422,"24,49,23"
13423,"3,147"
13424,"3,15,16"
13425,"40,128,195"
13426,"169,296"
13427,"95,24"
13428,"23,26"
13429,"23,137"
13430,"26,23"
13431,"17,3,168"
13432,"64,10,93"
13433,"3,4"
13434,45
13435,3
13436,"0,23,313"
13437,"11,0,205"
13438,0
13439,"10,64,93"
13440,"0,8,235"
13441,"23,25"
13442,"10,220,221"
13443,"40,145,44"
13444,"3,21"
13445,"10,23"
13446,"23,25"
13447,23
13448,"32,31,3"
13449,"40,241,131"
13450,"3,15,147"
13451,3
13452,"49,23,24"
13453,"3,4,435"
13454,"11,10,205"
13455,"26,23,199"
13456,"5,3,228"
13457,"43,23,24"
13458,10
13459,74
13460,"158,85,3"
13461,"23,89,26"
13462,"25,23,24"
13463,"3,34"
13464,"0,8,308"
13465,"10,60,239"
13466,"64,10,43"
13467,"24,23,43"
13468,"89,26"
13469,"0,265,418"
13470,"17,320,3"
13471,"281,169,199"
13472,"8,0,206"
13473,"4,70"
13474,3
13475,"10,64,338"
13476,"184,40,368"
13477,"40,149,41"
13478,"23,94"
13479,"26,23,89"
13480,169
13481,"147,3,167"
13482,"0,350"
13483,"23,74"
13484,"170,260,169"
13485,"64,10,93"
13486,"169,199,281"
13487,"0,216"
13488,"4,3,183"
13489,3
13490,"10,54"
13491,"169,199,248"
13492,"74,23"
13493,"3,53"
13494,"26,23,350"
13495,"165,74,23"
13496,"21,3,127"
13497,"54,10,95"
13498,"10,93"
13499,"3,21"
13500,"130,40,128"
13501,"3,111,119"
13502,"169,170,436"
13503,"3,4"
13504,"26,23,89"
13505,"151,152,40"
13506,"160,40"
13507,"26,23,89"
13508,"169,170"
13509,3
13510,3
13511,"3,33,21"
13512,"40,131"
13513,"43,24"
13514,"169,199,281"
13515,"3,53"
13516,"23,74"
13517,"4,3,238"
13518,"3,169"
13519,"3,168,17"
13520,"8,308,23"
13521,"23,38,39"
13522,"3,34"
13523,"59,24,23"
13524,23
13525,"0,304,360"
13526,10
13527,"23,49,24"
13528,"38,23,71"
13529,"3,53"
13530,0
13531,23
13532,"23,105,318"
13533,"220,221,10"
13534,"64,10,65"
13535,"74,118,23"
13536,"3,21"
13537,"241,131,23"
13538,"64,10,448"
13539,"23,62"
13540,"3,85,21"
13541,"40,131"
13542,"199,281,169"
13543,"311,169"
13544,"64,10,80"
13545,"40,131,226"
13546,"23,31,32"
13547,"26,231,23"
13548,"43,24,23"
13549,"28,3,190"
13550,"0,424"
13551,"40,131,406"
13552,"0,313,346"
13553,"40,128,129"
13554,"40,131"
13555,"10,60"
13556,"3,5,228"
13557,"3,85,86"
13558,"23,106,105"
13559,"8,0,206"
13560,"3,21,379"
13561,"3,34,263"
13562,"3,147,148"
13563,"43,10,64"
13564,54
13565,"220,10,221"
13566,"40,160,315"
13567,"3,147,148"
13568,"0,216"
13569,"40,146,145"
13570,"64,10,93"
13571,"0,271"
13572,"3,28"
13573,"0,208"
13574,"3,153,139"
13575,"3,15"
13576,"3,21,127"
13577,"64,10,93"
13578,"44,145,40"
13579,"356,169"
13580,"0,271"
13581,"3,500,21"
13582,"3,21"
13583,"21,3"
13584,"11,10,109"
13585,517
13586,"131,241,40"
13587,"10,64,93"
13588,"281,169,199"
13589,"3,21"
13590,"0,265,208"
13591,"111,3"
13592,"23,26"
13593,"10,64,93"
13594,"3,15,147"
13595,"10,64,93"
13596,"0,271"
13597,"3,127,21"
13598,"0,206,8"
13599,3
13600,"0,265"
13601,"23,31,32"
13602,"23,231"
13603,"3,21"
13604,"199,169,281"
13605,"43,23,24"
13606,"184,40,185"
13607,"3,34,263"
13608,"64,442"
13609,0
13610,3
13611,"43,24,23"
13612,"170,459,169"
13613,3
13614,"3,17"
13615,"0,265"
13616,"152,151,40"
13617,"170,459,169"
13618,"3,147,148"
13619,"3,21"
13620,"23,49,24"
13621,"21,3,201"
13622,"271,26"
13623,"5,3,6"
13624,"281,199,23"
13625,"10,64,93"
13626,"23,128"
13627,"64,10,90"
13628,"0,8,206"
13629,"367,40,3"
13630,"3,111,267"
13631,"0,271,456"
13632,"74,23"
13633,"24,10,43"
13634,"3,21,127"
13635,"64,10,448"
13636,"13,204,3"
13637,"60,10,23"
13638,"40,139"
13639,"169,296,306"
13640,"3,34,21"
13641,"43,24,23"
13642,"26,23,89"
13643,"23,26,89"
13644,"3,187,169"
13645,"40,131,226"
13646,10
13647,"23,49,24"
13648,"40,131,406"
13649,"0,206,249"
13650,"3,21"
13651,"0,422,216"
13652,"15,16,3"
13653,"118,74,23"
13654,"220,10,221"
13655,"220,221"
13656,"24,43,10"
13657,"22,3,21"
13658,"199,169"
13659,"135,40,236"
13660,"3,15"
13661,"3,15,16"
13662,"402,10,54"
13663,"3,176"
13664,"0,271,314"
13665,"199,169,356"
13666,"10,54"
13667,10
13668,"0,212"
13669,3
13670,"40,139,395"
13671,"303,74,23"
13672,"296,169,306"
13673,"23,26,231"
13674,"23,32,31"
13675,"74,317,23"
13676,"0,348,280"
13677,"220,10,221"
13678,"0,11,24"
13679,"3,379,85"
13680,"199,169,323"
13681,"11,10"
13682,3
13683,"0,8,206"
13684,"169,241,199"
13685,"11,10"
13686,"3,28"
13687,"220,221,10"
13688,"3,21"
13689,"26,89,23"
13690,"40,131,134"
13691,23
13692,"23,74"
13693,"3,53"
13694,"23,309,135"
13695,"3,53,287"
13696,"23,89"
13697,"3,199"
13698,"128,40,186"
13699,"3,4,435"
13700,3
13701,"43,24,23"
13702,"64,10,93"
13703,"220,10,242"
13704,"10,40,145"
13705,"64,10,80"
13706,"3,13,204"
13707,"224,40"
13708,3
13709,"10,64,90"
13710,"40,128,129"
13711,"10,60,239"
13712,"3,53,21"
13713,"0,265,349"
13714,"4,3,188"
13715,"313,0,501"
13716,"2,0,169"
13717,"74,23,118"
13718,"170,260,169"
13719,"40,396,128"
13720,"199,169"
13721,"23,49"
13722,"3,21,33"
13723,169
13724,"296,169,333"
13725,3
13726,"3,5"
13727,"13,3,14"
13728,"3,170,30"
13729,405
13730,"313,0,346"
13731,3
13732,"3,111,472"
13733,3
13734,"3,111,112"
13735,"11,10,205"
13736,"169,199,248"
13737,"23,74"
13738,"402,145,40"
13739,"0,363,271"
13740,"3,53"
13741,"3,21"
13742,3
13743,"23,26,281"
13744,"10,64"
13745,105
13746,"127,21,151"
13747,23
13748,0
13749,"74,23,303"
13750,"169,296"
13751,"21,3,187"
13752,"3,111"
13753,"5,3,228"
13754,"239,10,60"
13755,"64,473"
13756,"281,169,199"
13757,"40,160,149"
13758,"40,131"
13759,"40,524,145"
13760,"40,241,128"
13761,"0,279,249"
13762,"220,10,221"
13763,"10,64"
13764,"10,64,93"
13765,"3,15,16"
13766,"169,199,171"
13767,271
13768,"199,169,281"
13769,"44,145,40"
13770,"0,265,349"
13771,"260,170,169"
13772,"3,111"
13773,"40,131"
13774,"64,10,93"
13775,"44,45,145"
13776,"3,28"
13777,"11,10,205"
13778,"23,71,38"
13779,"521,0,208"
13780,"0,77,31"
13781,"0,456,271"
13782,"3,34,263"
13783,"4,3,238"
13784,"23,24"
13785,"3,53"
13786,"40,44,145"
13787,"0,218,465"
13788,"25,24,23"
13789,"4,3,19"
13790,"129,40,128"
13791,"3,34,263"
13792,10
13793,3
13794,"23,24"
13795,"220,10,221"
13796,"64,10,80"
13797,"138,40,135"
13798,23
13799,"169,199"
13800,"3,147,148"
13801,"74,118,23"
13802,"151,152,40"
13803,"17,3,168"
13804,"3,126,21"
13805,"89,26,23"
13806,"23,26,89"
13807,"220,221,10"
13808,169
13809,"406,131,40"
13810,"49,24,23"
13811,"220,242,10"
13812,"220,10"
13813,"23,24,59"
13814,"21,3,126"
13815,169
13816,"11,10,12"
13817,"4,19,70"
13818,"23,24"
13819,"23,26"
13820,"64,10,43"
13821,"3,30,66"
13822,"0,280"
13823,"23,24"
13824,"23,74,303"
13825,10
13826,"3,53"
13827,"74,23"
13828,"4,3,238"
13829,"32,23,31"
13830,"0,271"
13831,"17,18,168"
13832,"3,53"
13833,"296,169,411"
13834,"195,128,0"
13835,"169,199,311"
13836,"0,8,206"
13837,"64,10,80"
13838,"3,30,66"
13839,"0,211,319"
13840,"40,145"
13841,"3,40"
13842,"10,54"
13843,"3,4"
13844,"40,128"
13845,"43,24,23"
13846,"64,10,448"
13847,"0,265,273"
13848,"64,10,93"
13849,"3,21,187"
13850,"13,14"
13851,23
13852,"147,3,148"
13853,"26,89,23"
13854,"3,21"
13855,"0,271,456"
13856,"3,21"
13857,"10,60,43"
13858,"10,64"
13859,"147,3,148"
13860,"0,271,456"
13861,"220,221,10"
13862,"40,146,145"
13863,"96,31"
13864,"0,327,265"
13865,"220,221,10"
13866,3
13867,"23,26,89"
13868,"23,309"
13869,3
13870,"3,111,112"
13871,"32,23,31"
13872,"23,77,31"
13873,"3,13,150"
13874,"23,118,74"
13875,64
13876,"3,17"
13877,"23,26,350"
13878,"40,128,129"
13879,"64,10"
13880,"220,10"
13881,"10,64,90"
13882,"96,147"
13883,"3,28"
13884,"77,40,31"
13885,"3,158,301"
13886,"0,265,340"
13887,"220,221,10"
13888,"128,40,129"
13889,"40,145,79"
13890,3
13891,"3,17"
13892,"64,10,65"
13893,"44,45"
13894,"89,26,40"
13895,"10,239"
13896,"128,40,195"
13897,"169,230"
13898,"40,41"
13899,"61,10,60"
13900,"199,343,169"
13901,"0,271,456"
13902,"3,21,187"
13903,"64,10,93"
13904,"170,169,459"
13905,"3,21,108"
13906,"15,16,3"
13907,45
13908,"23,165,74"
13909,"40,160,334"
13910,"224,40,41"
13911,"3,21,187"
13912,"26,350,23"
13913,"40,131,132"
13914,"169,274"
13915,"220,10,242"
13916,"26,23"
13917,8
13918,"10,64"
13919,169
13920,3
13921,40
13922,"231,26,23"
13923,"3,21"
13924,"3,523,53"
13925,"64,10,93"
13926,"40,128,186"
13927,"34,143,169"
13928,"184,185,283"
13929,"71,23,38"
13930,"3,4"
13931,40
13932,"17,3,146"
13933,"25,23,40"
13934,"23,26"
13935,"111,3"
13936,"151,152,40"
13937,"339,337,169"
13938,3
13939,"11,10,12"
13940,10
13941,"162,163,40"
13942,"296,169,411"
13943,"23,25,106"
13944,"220,10,242"
13945,"64,10"
13946,"220,10,242"
13947,"10,12"
13948,"23,74"
13949,"3,57,5"
13950,"8,0"
13951,"3,17,168"
13952,"11,10,205"
13953,"417,169,0"
13954,"169,374,199"
13955,"4,3,238"
13956,"3,4,19"
13957,169
13958,"296,169,428"
13959,"10,93,64"
13960,"3,21"
13961,"296,169,336"
13962,"118,74,23"
13963,169
13964,"0,271"
13965,"40,128,395"
13966,"3,53"
13967,"0,212,216"
13968,"0,235"
13969,"0,313,346"
13970,3
13971,"3,15,16"
13972,"199,169,281"
13973,"138,135,40"
13974,"74,118,23"
13975,"456,271,0"
13976,"3,68,53"
13977,"0,216,77"
13978,"44,145,40"
13979,0
13980,23
13981,"151,152,40"
13982,"231,23,26"
13983,3
13984,"111,3,119"
13985,"111,3,112"
13986,"64,10,338"
13987,"220,10,242"
13988,"15,16,3"
13989,3
13990,"64,10,93"
13991,"31,23,96"
13992,"10,64"
13993,"3,147"
13994,"40,195,0"
13995,"3,17,320"
13996,"93,10,64"
13997,"3,447"
13998,"40,131"
13999,"3,53,287"
14000,"49,23"
14001,"0,255,348"
14002,"4,3,19"
14003,"0,366,271"
14004,"44,145,73"
14005,"21,3"
14006,"54,10,173"
14007,"3,17"
14008,"10,11,12"
14009,"220,10,221"
14010,"64,10,80"
14011,10
14012,"3,21"
14013,3
14014,"169,170,199"
14015,"0,214,213"
14016,40
14017,"3,34"
14018,"40,131"
14019,"3,147"
14020,"3,301,21"
14021,"199,169,281"
14022,40
14023,"109,11,10"
14024,"312,169,426"
14025,"3,85"
14026,"40,146,145"
14027,"128,129,40"
14028,"0,216,254"
14029,"3,34,263"
14030,"303,74,23"
14031,"3,22,108"
14032,"3,85,147"
14033,"40,131,226"
14034,"96,31,23"
14035,"26,23,89"
14036,"40,131,226"
14037,"40,41,224"
14038,"23,26"
14039,"23,137,38"
14040,"40,184"
14041,"0,216"
14042,3
14043,"64,10,80"
14044,"3,21,187"
14045,"3,14"
14046,"5,3,228"
14047,"10,64,80"
14048,"0,8,206"
14049,"169,199,171"
14050,105
14051,"23,74"
14052,"10,64,93"
14053,"169,171,199"
14054,"138,135,40"
14055,"40,42,41"
14056,"0,271,522"
14057,"26,89,23"
14058,"3,53"
14059,"23,74,303"
14060,"0,271"
14061,"26,89,23"
14062,23
14063,"128,129,40"
14064,"3,30,66"
14065,"44,145,73"
14066,"21,3"
14067,"40,145,146"
14068,"3,21,187"
14069,"129,128,40"
14070,"23,26,350"
14071,"23,74"
14072,"3,290,147"
14073,"0,313"
14074,"0,366,271"
14075,"10,60,64"
14076,"199,169,343"
14077,"199,169,343"
14078,"15,16,3"
14079,"26,23,89"
14080,"0,354"
14081,3
14082,"40,128,186"
14083,"169,170"
14084,"64,10,93"
14085,"184,40,243"
14086,"40,151,128"
14087,3
14088,"11,10"
14089,"40,128,129"
14090,"406,40"
14091,10
14092,"224,111,161"
14093,"0,339,337"
14094,"23,74,118"
14095,"31,23,96"
14096,23
14097,"23,74,303"
14098,"85,3,158"
14099,"3,15"
14100,"4,19,3"
14101,145
14102,"401,3"
14103,"0,8"
14104,"40,41,324"
14105,"4,3,238"
14106,"265,0,3"
14107,"3,21"
14108,3
14109,"23,24,31"
14110,"40,131,134"
14111,23
14112,"105,23,318"
14113,"40,131,226"
14114,"406,131,40"
14115,"3,21"
14116,"3,281"
14117,"231,26"
14118,"10,64,93"
14119,"0,218"
14120,"220,10,242"
14121,23
14122,"64,10,448"
14123,"4,3"
14124,"23,74,317"
14125,"3,156,85"
14126,"128,40"
14127,"169,170"
14128,"40,131,226"
14129,"74,23"
14130,"74,23,118"
14131,"10,3"
14132,"40,160"
14133,"40,131,134"
14134,"24,49,23"
14135,"40,41,286"
14136,"0,216,304"
14137,"40,131"
14138,"11,109,10"
14139,"0,271"
14140,169
14141,"0,354,214"
14142,"24,23,43"
14143,"3,21"
14144,"23,31,49"
14145,"0,366,271"
14146,"184,40,185"
14147,"184,40,3"
14148,"23,62,24"
14149,"3,147,30"
14150,"0,348"
14151,"0,216"
14152,"220,10,221"
14153,"0,211,319"
14154,"0,8,206"
14155,3
14156,"10,64,93"
14157,"3,5,133"
14158,0
14159,"3,156,147"
14160,"43,23,24"
14161,"64,10,335"
14162,"0,265,24"
14163,"40,131,241"
14164,"10,64,93"
14165,"199,169"
14166,"8,0,206"
14167,"10,11"
14168,"3,34,263"
14169,"24,23,59"
14170,"220,10,221"
14171,"15,16,3"
14172,"131,226,40"
14173,"199,60,169"
14174,"220,10,242"
14175,3
14176,"169,199,170"
14177,"3,28,30"
14178,"199,169,343"
14179,"138,40,135"
14180,40
14181,"32,23,31"
14182,44
14183,"23,32"
14184,3
14185,"169,199,323"
14186,"13,204,3"
14187,"43,23,24"
14188,"3,156,147"
14189,"3,53"
14190,"3,21"
14191,"26,23,231"
14192,0
14193,"26,23"
14194,"0,271,456"
14195,"32,31,3"
14196,"3,168"
14197,23
14198,"26,89,23"
14199,"169,199"
14200,"13,14"
14201,"8,0,391"
14202,"3,53,287"
14203,"3,21"
14204,"31,258"
14205,"170,169,260"
14206,"0,265,340"
14207,"11,10,109"
14208,"0,206,369"
14209,"0,271,522"
14210,"0,220,235"
14211,"40,152"
14212,"199,169,323"
14213,"40,140,100"
14214,"128,129,130"
14215,"10,64,65"
14216,"265,0,340"
14217,"74,303,23"
14218,"0,216,304"
14219,3
14220,"3,379"
14221,"0,456,271"
14222,140
14223,"169,343,199"
14224,"0,235,8"
14225,"26,23,89"
14226,"40,224,41"
14227,"40,139"
14228,"23,43,60"
14229,"23,24,43"
14230,"24,43,23"
14231,"10,11,109"
14232,"40,406,131"
14233,"0,485"
14234,"0,213,214"
14235,"23,74"
14236,"100,222,3"
14237,"64,90,10"
14238,"23,82"
14239,"218,0"
14240,"17,3,168"
14241,"3,21,147"
14242,"8,0,206"
14243,"10,402,54"
14244,23
14245,"23,135"
14246,"0,271,456"
14247,"84,23,74"
14248,"3,34,263"
14249,"169,260,170"
14250,"89,26,23"
14251,8
14252,"21,3,127"
14253,"54,10,258"
14254,"0,218,475"
14255,"147,203"
14256,"3,15,16"
14257,"220,10,242"
14258,"40,145"
14259,"3,53,287"
14260,"23,26,89"
14261,"10,11"
14262,"128,17"
14263,"11,205,10"
14264,"3,21"
14265,"3,21,48"
14266,"40,135,395"
14267,"11,10"
14268,"64,448,10"
14269,"0,8"
14270,"281,169,199"
14271,"21,3,115"
14272,"220,10,221"
14273,"3,15"
14274,"169,260,170"
14275,"21,3,127"
14276,"105,23"
14277,"17,168,3"
14278,0
14279,"21,3,102"
14280,"40,131,406"
14281,"40,186,128"
14282,"24,23,43"
14283,"242,25,220"
14284,"3,111"
14285,"105,23,106"
14286,"10,64"
14287,"23,32,31"
14288,"4,3"
14289,"128,129,130"
14290,"4,3,19"
14291,"74,23,75"
14292,"0,280"
14293,"89,23,26"
14294,"64,10,80"
14295,"40,194,100"
14296,"40,395"
14297,"0,271,522"
14298,"0,376"
14299,"3,85"
14300,"0,313"
14301,"199,169,356"
14302,"10,60"
14303,"4,3,238"
14304,"402,40,145"
14305,"3,53"
14306,"231,26,23"
14307,"44,40,145"
14308,"40,145,44"
14309,"4,3"
14310,"64,10,93"
14311,"169,296,306"
14312,"0,280,348"
14313,"10,54"
14314,"279,249,0"
14315,"296,169"
14316,"330,4,3"
14317,"0,342"
14318,"43,23,24"
14319,"3,4"
14320,"21,3,126"
14321,"68,3,53"
14322,3
14323,"0,265,349"
14324,"0,265,340"
14325,"64,10"
14326,199
14327,"15,16,3"
14328,"313,26,0"
14329,"206,0,8"
14330,"64,10,80"
14331,"281,169,199"
14332,"3,147,148"
14333,"3,5,228"
14334,"10,64,93"
14335,"40,160"
14336,"296,169"
14337,0
14338,"0,216"
14339,23
14340,"234,10"
14341,"3,21,379"
14342,"3,5,57"
14343,"23,8,26"
14344,"169,199,170"
14345,"4,19,3"
14346,"281,199,169"
14347,"129,128,40"
14348,"3,158,85"
14349,"169,199,281"
14350,"296,169"
14351,"23,43,24"
14352,"0,216"
14353,"169,459"
14354,"126,3"
14355,"40,128,395"
14356,"220,10,242"
14357,"40,241,131"
14358,"296,336,169"
14359,"24,23,43"
14360,"10,64"
14361,"0,265"
14362,"4,3,174"
14363,"169,170"
14364,0
14365,"40,41"
14366,"3,21"
14367,"134,131,40"
14368,"3,4,238"
14369,"60,10,61"
14370,"23,26,89"
14371,"44,45"
14372,"10,64,93"
14373,"3,28"
14374,"218,14,3"
14375,"96,10,60"
14376,"23,44,25"
14377,60
14378,"220,10,242"
14379,"74,23,118"
14380,40
14381,3
14382,"0,265"
14383,"3,48"
14384,"74,165,23"
14385,"3,127,21"
14386,"0,271,456"
14387,"3,15,16"
14388,"169,199,171"
14389,"44,145"
14390,"301,3,21"
14391,0
14392,"32,23,31"
14393,"64,10,93"
14394,"34,263,3"
14395,"11,10,12"
14396,"0,273,23"
14397,"4,3"
14398,"169,199,170"
14399,"128,129,40"
14400,"3,4"
14401,"11,109,23"
14402,"10,93,64"
14403,419
14404,"11,10,109"
14405,"3,22,21"
14406,"169,170"
14407,"24,23,43"
14408,"3,30"
14409,"40,160,423"
14410,"40,152,151"
14411,"111,3,112"
14412,"40,162,128"
14413,"220,10,221"
14414,40
14415,"0,218,280"
14416,"23,105,326"
14417,"23,454"
14418,"111,3,112"
14419,"40,131"
14420,"10,60,197"
14421,"169,171,170"
14422,"32,31,23"
14423,"10,11,419"
14424,"40,128,131"
14425,"128,40,129"
14426,"234,60,10"
14427,"220,10,242"
14428,"0,216,485"
14429,"64,10,448"
14430,"396,40,395"
14431,"23,32,31"
14432,"138,135,40"
14433,"10,11,109"
14434,"21,3"
14435,"3,111,68"
14436,"3,5"
14437,"15,16,3"
14438,"23,113"
14439,"71,23,165"
14440,"45,109,11"
14441,"26,23,89"
14442,0
14443,10
14444,3
14445,"26,89"
14446,"23,74,165"
14447,"3,21"
14448,"3,144,15"
14449,"129,128,40"
14450,"10,64"
14451,"25,24,23"
14452,"128,40,129"
14453,"105,23"
14454,"160,40"
14455,3
14456,"40,131,134"
14457,"23,309,38"
14458,"40,145,44"
14459,"4,19,3"
14460,"10,64,93"
14461,"0,271"
14462,"220,221,10"
14463,"10,54,322"
14464,"402,40"
14465,"40,115,146"
14466,"17,168,3"
14467,"138,40,135"
14468,"0,271"
14469,"25,24,242"
14470,"128,129,40"
14471,"10,60"
14472,"64,10,93"
14473,"10,60,64"
14474,"26,23,0"
14475,"11,109,10"
14476,"23,38,137"
14477,"10,95,54"
14478,"32,31,23"
14479,"3,147,148"
14480,"26,89,23"
14481,"3,36"
14482,"3,53,23"
14483,40
14484,"3,147,148"
14485,"3,21,182"
14486,"4,3"
14487,"111,112,3"
14488,"4,19,3"
14489,"84,23,74"
14490,"3,21"
14491,"43,24,23"
14492,"296,169,460"
14493,"13,3"
14494,"31,328,23"
14495,"10,54,95"
14496,"169,170"
14497,"3,52,51"
14498,"40,131,132"
14499,"0,206,369"
14500,"40,151,152"
14501,"3,147,148"
14502,"63,23"
14503,"44,145,40"
14504,"3,158,85"
14505,"10,64"
14506,"40,41,286"
14507,"118,74,23"
14508,"10,64"
14509,"3,147"
14510,"3,158,85"
14511,"10,11,109"
14512,"220,10,221"
14513,"23,24"
14514,"23,74"
14515,328
14516,23
14517,"44,40,145"
14518,"23,32,31"
14519,"40,146,145"
14520,"147,3,148"
14521,"11,10,12"
14522,"220,10,221"
14523,"199,169,323"
14524,"3,113,53"
14525,"17,168,3"
14526,"40,151"
14527,"3,28,190"
14528,"0,280,348"
14529,"199,169"
14530,3
14531,"11,10"
14532,3
14533,"26,23,231"
14534,"0,361,271"
14535,"140,40"
14536,"10,93,64"
14537,"0,257,216"
14538,"3,187,21"
14539,"3,15"
14540,"17,320"
14541,"0,456,271"
14542,"10,11,109"
14543,"3,4,238"
14544,"40,145,402"
14545,"199,169"
14546,"10,64,93"
14547,"23,38,137"
14548,"23,74"
14549,"10,54,95"
14550,"40,152,151"
14551,"23,74"
14552,"160,40,302"
14553,"0,346,313"
14554,"0,191"
14555,"171,169,199"
14556,"26,231,23"
14557,"40,215"
14558,"3,15"
14559,"3,21"
14560,"3,4"
14561,"10,220,221"
14562,"40,131,226"
14563,"53,287,3"
14564,"168,17,3"
14565,"17,10,168"
14566,"43,24,23"
14567,"0,271,291"
14568,"32,23,31"
14569,"3,147,148"
14570,"64,93,10"
14571,"3,15,85"
14572,"40,328,31"
14573,"158,3,85"
14574,"23,26,89"
14575,"40,160,302"
14576,"220,10,221"
14577,"10,64,93"
14578,"40,146"
14579,3
14580,"220,10,242"
14581,"64,10,93"
14582,10
14583,"4,3,238"
14584,"220,10,221"
14585,"128,129,130"
14586,"23,454"
14587,"139,40"
14588,"3,111,474"
14589,"3,4"
14590,"23,38,91"
14591,"23,49,24"
14592,"3,111"
14593,"281,3,169"
14594,"74,23,165"
14595,"43,24,23"
14596,"3,68,53"
14597,"64,10,93"
14598,"44,40"
14599,"23,49,24"
14600,"3,21,108"
14601,"3,28"
14602,"139,153,40"
14603,"23,31,32"
14604,"40,145"
14605,"0,456,271"
14606,"281,199,169"
14607,"3,34"
14608,"3,4,238"
14609,"0,456,271"
14610,"129,128,130"
14611,"4,3,238"
14612,"74,23,118"
14613,"44,24,49"
14614,"10,93,64"
14615,"64,10,90"
14616,"64,10,80"
14617,"40,146,145"
14618,"10,11"
14619,"74,303,165"
14620,"0,211"
14621,"23,74"
14622,"10,11,205"
14623,"169,199,171"
14624,"199,169,171"
14625,"64,10,80"
14626,"21,108"
14627,"395,40,187"
14628,"8,0,308"
14629,"3,21,127"
14630,"11,10"
14631,"11,10,205"
14632,"296,169,306"
14633,"220,10,221"
14634,"40,128,186"
14635,"10,60"
14636,3
14637,"220,10,242"
14638,"45,44"
14639,"105,23"
14640,169
14641,"3,21"
14642,"3,187,21"
14643,"220,10,242"
14644,"40,41"
14645,"8,308,0"
14646,"3,53"
14647,"71,23,38"
14648,"3,147,148"
14649,"508,169,426"
14650,169
14651,"3,111"
14652,"0,8"
14653,"229,230,0"
14654,"40,41,128"
14655,"3,111"
14656,"3,21"
14657,"13,3,14"
14658,"74,23,118"
14659,"40,160"
14660,"40,128"
14661,"40,160"
14662,"10,54"
14663,"23,38"
14664,"40,184,146"
14665,"74,23"
14666,"0,8,206"
14667,"40,131"
14668,"10,64,239"
14669,"3,5,6"
14670,"23,74"
14671,"3,53,21"
14672,"3,147,156"
14673,"0,216"
14674,"216,0,380"
14675,40
14676,"40,129,128"
14677,"16,15,3"
14678,"199,169,248"
14679,"169,199,343"
14680,"0,456,271"
14681,"23,74"
14682,"40,139,141"
14683,"40,131,406"
14684,"3,85"
14685,"10,64"
14686,"24,43,23"
14687,"111,161,3"
14688,"3,34"
14689,"3,53,21"
14690,"10,64"
14691,"74,317,23"
14692,"71,23,38"
14693,"296,169,420"
14694,"40,160,315"
14695,"43,24,23"
14696,"160,40,315"
14697,"44,40,145"
14698,"0,265,340"
14699,"3,147,30"
14700,"290,31,23"
14701,"40,135,244"
14702,"40,41"
14703,"3,21,108"
14704,"3,85"
14705,"40,162,163"
14706,"3,147,156"
14707,"17,320,58"
14708,"3,21,127"
14709,"24,23,49"
14710,"169,0,296"
14711,"169,259,199"
14712,"169,170"
14713,"8,0,206"
14714,"169,405,8"
14715,"32,31,23"
14716,10
14717,"3,125,267"
14718,"23,74,118"
14719,"10,64,90"
14720,"139,153,40"
14721,"31,40,23"
14722,"44,40"
14723,"147,3,148"
14724,"0,265,10"
14725,"220,221,10"
14726,"44,109,11"
14727,"23,89,26"
14728,23
14729,74
14730,"64,10"
14731,"0,220,235"
14732,"3,21,187"
14733,"3,21,126"
14734,"220,10,221"
14735,3
14736,"60,239,10"
14737,23
14738,"4,3,19"
14739,"0,211,216"
14740,"220,10,242"
14741,"220,10,221"
14742,10
14743,"40,243,146"
14744,"40,131,406"
14745,"64,10,448"
14746,"23,74"
14747,"0,271,456"
14748,"31,23"
14749,"74,23,303"
14750,"74,23,118"
14751,524
14752,"171,199,169"
14753,"10,79,64"
14754,"0,216,380"
14755,"40,41"
14756,"426,0,271"
14757,"3,15,16"
14758,40
14759,"40,131,241"
14760,"85,3,86"
14761,"170,169,459"
14762,"3,147"
14763,"10,72"
14764,"199,169,343"
14765,"3,40,21"
14766,"169,199,343"
14767,"48,21,23"
14768,"40,131,226"
14769,"118,74,23"
14770,"0,361,272"
14771,"24,49,23"
14772,"0,522,291"
14773,"21,3,124"
14774,"17,168"
14775,"3,21,108"
14776,"3,34"
14777,"169,199,259"
14778,3
14779,"30,66,3"
14780,170
14781,"40,145"
14782,"8,0,514"
14783,"3,147,148"
14784,"23,24,49"
14785,"23,137,38"
14786,"3,147,148"
14787,10
14788,"31,23,77"
14789,"64,10,448"
14790,"350,26,23"
14791,"40,160,302"
14792,"49,23,24"
14793,"10,44"
14794,"10,64,90"
14795,"40,146,145"
14796,3
14797,"74,23"
14798,"40,145,146"
14799,"0,216,170"
14800,23
14801,"169,170,459"
14802,"169,260,170"
14803,"3,228,5"
14804,"23,26,89"
14805,"0,254,211"
14806,"3,126,21"
14807,"40,494,184"
14808,"23,43,24"
14809,3
14810,"4,3"
14811,"3,53,467"
14812,"0,216"
14813,"3,21"
14814,"23,24,10"
14815,"23,24"
14816,"3,204,13"
14817,"10,11"
14818,"220,10,221"
14819,"23,89,26"
14820,"23,74"
14821,"85,3,86"
14822,"138,40,135"
14823,"0,471,266"
14824,"281,199,169"
14825,"3,53,367"
14826,"5,6"
14827,"0,516"
14828,"4,3,183"
14829,"128,40,129"
14830,"23,74,303"
14831,"3,17"
14832,"220,242"
14833,"10,11,109"
14834,"0,462"
14835,"23,231,74"
14836,"100,222,40"
14837,"40,41"
14838,"23,71,165"
14839,"220,10,221"
14840,"0,271"
14841,"3,30"
14842,"26,23,350"
14843,"32,31,23"
14844,"147,3,148"
14845,"169,296"
14846,"129,128,40"
14847,"21,3"
14848,"40,160"
14849,"3,28,111"
14850,"220,10,242"
14851,"3,147,148"
14852,"23,74,317"
14853,"0,255"
14854,"11,10,12"
14855,"26,23,350"
14856,"40,128,129"
14857,"0,8,206"
14858,"40,224,41"
14859,"23,49,24"
14860,"40,131"
14861,"3,21"
14862,"3,21,187"
14863,"201,40"
14864,"224,41,40"
14865,"40,146,145"
14866,3
14867,"3,28"
14868,"44,45,145"
14869,"40,151,315"
14870,23
14871,"10,11,109"
14872,"4,3"
14873,"3,15,16"
14874,"220,242,10"
14875,"169,199,281"
14876,"17,3,168"
14877,"3,147,148"
14878,"220,242,10"
14879,"3,34"
14880,"111,112,3"
14881,0
14882,"3,21,40"
14883,"23,49,24"
14884,73
14885,"4,3,19"
14886,"23,26"
14887,"89,23"
14888,"26,23,350"
14889,"3,13"
14890,"147,148,3"
14891,"10,64,80"
14892,"33,3,21"
14893,"3,34"
14894,"96,31,23"
14895,"0,265,340"
14896,"281,199,169"
14897,"40,145,402"
14898,"23,105,318"
14899,"0,265,349"
14900,"10,54,95"
14901,"74,317,23"
14902,"40,131,134"
14903,"10,402,64"
14904,"170,169,459"
14905,"151,152,40"
14906,"45,44"
14907,"138,135,40"
14908,"40,151,152"
14909,"26,23"
14910,"3,13"
14911,"40,395,128"
14912,"0,216"
14913,"40,131,241"
14914,"0,11,24"
14915,"64,10,80"
14916,"23,24"
14917,"199,281"
14918,"3,17,168"
14919,"199,169"
14920,23
14921,"296,169"
14922,"40,41,224"
14923,"43,23,24"
14924,"0,456"
14925,"0,280,213"
14926,3
14927,"11,10,109"
14928,"40,131,226"
14929,"3,21,126"
14930,"339,169,337"
14931,"26,89,23"
14932,23
14933,"220,10"
14934,"169,199,96"
14935,"169,417,296"
14936,"0,304"
14937,"241,40,131"
14938,23
14939,3
14940,"0,271,361"
14941,"220,10,242"
14942,"3,53"
14943,"3,17,168"
14944,"3,21"
14945,"40,160,149"
14946,"3,435"
14947,"74,23,317"
14948,"296,169,306"
14949,"3,426,53"
14950,10
14951,"3,147"
14952,"54,145"
14953,"0,313,346"
14954,23
14955,"31,77,23"
14956,"128,195,40"
14957,"131,226"
14958,10
14959,"40,406,131"
14960,"139,153"
14961,"23,38,26"
14962,"23,26"
14963,"0,271"
14964,"40,478,241"
14965,"23,89,26"
14966,"169,170,459"
14967,"147,3,148"
14968,"23,105,74"
14969,"4,3,19"
14970,"40,128,129"
14971,"21,40,42"
14972,"23,49"
14973,"23,137,38"
14974,"64,10,65"
14975,"171,169,199"
14976,"23,26,89"
14977,"0,456,271"
14978,"281,169,199"
14979,"10,64,93"
14980,"23,0"
14981,"40,131"
14982,"3,126,21"
14983,"40,128,186"
14984,0
14985,"23,313,346"
14986,"0,8"
14987,"89,0,26"
14988,10
14989,"23,31"
14990,"3,17"
14991,"73,44,25"
14992,0
14993,"3,4,435"
14994,"4,3,7"
14995,"3,48"
14996,"64,10,93"
14997,"169,199,323"
14998,"43,24,23"
14999,"10,64,93"
15000,"40,151,152"
15001,"3,85"
15002,"169,199"
15003,"11,10"
15004,"169,199,170"
15005,"118,74,23"
15006,"40,131"
15007,"49,23,24"
15008,"49,23,10"
15009,169
15010,"3,17"
15011,"131,406"
15012,"40,128,395"
15013,"21,3"
15014,"11,10"
15015,"3,147"
15016,"169,199,171"
15017,3
15018,"54,95,40"
15019,"171,199,169"
15020,"74,118,23"
15021,"169,199"
15022,"40,149,41"
15023,"64,10,80"
15024,"85,3,158"
15025,"8,308,23"
15026,"3,17,168"
15027,"3,21,127"
15028,"77,0,23"
15029,"40,131,226"
15030,"74,303,23"
15031,0
15032,"40,139"
15033,"3,147,148"
15034,"85,3,158"
15035,"3,147"
15036,"3,28"
15037,"3,21"
15038,"271,0,456"
15039,"0,216"
15040,"220,10,221"
15041,"169,23"
15042,"10,64,90"
15043,"8,0,206"
15044,"21,3,127"
15045,"3,21"
15046,"3,53,111"
15047,"89,23"
15048,23
15049,"64,10,93"
15050,"135,236"
15051,"4,3"
15052,"3,34"
15053,"170,169,260"
15054,"0,212,216"
15055,"309,38,23"
15056,"0,26"
15057,"40,145,44"
15058,"3,21"
15059,"23,26,89"
15060,"64,10,93"
15061,"169,199,323"
15062,"147,3,148"
15063,"199,169,323"
15064,"11,10,109"
15065,"169,296"
15066,40
15067,"3,21,108"
15068,"3,21"
15069,"3,68,53"
15070,"3,111"
15071,"4,3"
15072,"3,379,85"
15073,"112,3,111"
15074,"40,135"
15075,"169,296"
15076,"3,21"
15077,"24,43,23"
15078,"220,10,221"
15079,"3,147,148"
15080,"10,60,197"
15081,"0,8,355"
15082,"49,23,24"
15083,"23,74"
15084,"40,131,406"
15085,"10,11"
15086,"220,221,10"
15087,"0,265"
15088,"118,74,23"
15089,"23,26,313"
15090,"456,271,169"
15091,"4,3,19"
15092,"3,21,127"
15093,"402,40,145"
15094,"3,21,108"
15095,"169,170"
15096,"40,149,41"
15097,"11,10"
15098,"0,211"
15099,"0,271"
15100,"40,141"
15101,"127,21,40"
15102,"3,53,111"
15103,"17,3,168"
15104,"3,85"
15105,"0,265,418"
15106,"43,23,24"
15107,0
15108,"10,220"
15109,23
15110,"339,169,337"
15111,"3,204,13"
15112,"23,74"
15113,"25,24,242"
15114,"40,146,145"
15115,"40,131,486"
15116,"3,156"
15117,"10,11,205"
15118,"11,109,10"
15119,"0,271"
15120,"147,3,148"
15121,"3,15"
15122,"402,40,145"
15123,"11,40"
15124,23
15125,40
15126,"4,3,19"
15127,"220,10,221"
15128,0
15129,"26,231,23"
15130,"40,131"
15131,"25,23,24"
15132,"10,64"
15133,"4,3,19"
15134,"3,21"
15135,"3,183,4"
15136,"152,151"
15137,"138,135"
15138,"40,160,423"
15139,23
15140,"350,26,23"
15141,"84,74,23"
15142,3
15143,"24,43,23"
15144,"220,10,221"
15145,"23,32,74"
15146,"3,34,21"
15147,"216,380,0"
15148,"0,313,346"
15149,"43,24,23"
15150,"40,145,44"
15151,"10,64"
15152,"220,242,10"
15153,"28,3,190"
15154,"3,53,523"
15155,"96,31,23"
15156,"169,281,199"
15157,"0,313"
15158,"23,43,24"
15159,"3,147,148"
15160,"24,49,23"
15161,"171,169,199"
15162,"3,28"
15163,"23,26,89"
15164,"220,10,221"
15165,"199,169,323"
15166,53
15167,"296,169,417"
15168,"3,147,85"
15169,"40,152,151"
15170,"23,25,91"
15171,"4,3"
15172,"4,3"
15173,"10,43,24"
15174,"199,169,343"
15175,"17,320,3"
15176,"10,64,60"
15177,"169,199,281"
15178,"3,21,379"
15179,"197,54,95"
15180,"21,3,127"
15181,"3,111,21"
15182,"25,242"
15183,"220,10,242"
15184,"3,15,53"
15185,"169,296,371"
15186,"303,23,74"
15187,"3,30,66"
15188,"0,271,363"
15189,"402,145,40"
15190,"3,4"
15191,"0,249,206"
15192,"3,48,21"
15193,"23,89,91"
15194,"3,21,379"
15195,"145,40,44"
15196,"0,271,355"
15197,"3,147,148"
15198,3
15199,"40,131,226"
15200,"169,199,241"
15201,"40,128"
15202,"3,68,182"
15203,"49,23,24"
15204,"40,44,145"
15205,"0,271,265"
15206,"105,23"
15207,"3,21,124"
15208,"3,21"
15209,0
15210,"220,10,242"
15211,"220,10,242"
15212,"34,3,263"
15213,"3,21"
15214,44
15215,"3,21,127"
15216,"0,456,271"
15217,"23,303,74"
15218,"10,11,205"
15219,40
15220,"45,44,145"
15221,"0,211,319"
15222,"43,24,23"
15223,169
15224,"26,350,23"
15225,40
15226,"40,241,131"
15227,"11,10,12"
15228,169
15229,"40,131,132"
15230,"10,64,93"
15231,"23,26,89"
15232,"0,279,249"
15233,"3,14"
15234,"169,296,306"
15235,"402,10,40"
15236,"3,22,21"
15237,"135,431"
15238,"199,169,281"
15239,"220,10,242"
15240,"10,95,54"
15241,44
15242,"169,170"
15243,"11,10,205"
15244,"64,10"
15245,"3,21,127"
15246,"64,10,80"
15247,0
15248,"23,32,31"
15249,"32,31,23"
15250,"3,147,85"
15251,"281,169,199"
15252,10
15253,23
15254,"23,140,175"
15255,"0,216,304"
15256,"0,271"
15257,"281,199,169"
15258,"131,40,406"
15259,"40,226,131"
15260,"111,3,119"
15261,"3,21"
15262,"406,131,40"
15263,10
15264,"220,10,242"
15265,"74,23,303"
15266,"40,131,226"
15267,"74,23"
15268,"138,135,40"
15269,"396,21,3"
15270,"265,340,0"
15271,"34,3,263"
15272,"187,3,21"
15273,"11,10,205"
15274,"220,10,221"
15275,"0,456,271"
15276,"134,131,40"
15277,"3,30"
15278,"169,199,343"
15279,"10,64,90"
15280,"3,4,53"
15281,"3,53,21"
15282,"23,137,38"
15283,"317,74,23"
15284,44
15285,"26,89,23"
15286,"3,21,126"
15287,"169,170"
15288,"169,0,199"
15289,"3,147,148"
15290,"220,10"
15291,"3,21,53"
15292,"3,17"
15293,"3,17,168"
15294,"64,10,93"
15295,"64,10"
15296,"10,54,95"
15297,"11,10,205"
15298,"0,522,265"
15299,"339,169,337"
15300,"3,21,127"
15301,"3,28,190"
15302,"3,364"
15303,"31,23,258"
15304,"296,460,169"
15305,"40,131,139"
15306,"131,40,226"
15307,"199,169"
15308,"10,95,239"
15309,"73,40,44"
15310,"3,21"
15311,"199,169"
15312,"3,21,182"
15313,"169,199,281"
15314,"131,40,241"
15315,"169,199"
15316,"0,376"
15317,"40,149,41"
15318,"3,4,238"
15319,44
15320,"169,199"
15321,"0,456,271"
15322,"23,118,74"
15323,0
15324,"0,304"
15325,"0,271"
15326,"199,169,356"
15327,"0,348,280"
15328,3
15329,"11,109,10"
15330,"26,89,23"
15331,"17,168,3"
15332,"0,235,8"
15333,"169,170,260"
15334,"220,10,242"
15335,"3,21,127"
15336,"74,317"
15337,"3,34,187"
15338,"3,21"
15339,"40,145"
15340,"0,265"
15341,23
15342,"301,21,3"
15343,"23,74"
15344,"0,206,8"
15345,"3,147,15"
15346,"10,11"
15347,"3,53,523"
15348,3
15349,"199,169,343"
15350,3
15351,"0,271,456"
15352,"169,170"
15353,"64,10,80"
15354,"74,128,40"
15355,145
15356,"23,454,31"
15357,"89,26,23"
15358,"44,62"
15359,"40,131,226"
15360,"11,10,205"
15361,"379,3,21"
15362,"111,112,3"
15363,"3,301,21"
15364,23
15365,"64,10,93"
15366,"40,131,406"
15367,"118,74,23"
15368,"40,131"
15369,"44,40"
15370,"40,131,241"
15371,"3,21"
15372,"169,170,323"
15373,"141,135,40"
15374,"3,66,30"
15375,"145,44"
15376,"23,24,74"
15377,"40,241,131"
15378,"0,220,235"
15379,"23,26,89"
15380,"0,8"
15381,"0,208"
15382,"0,271,291"
15383,10
15384,"3,33,21"
15385,"3,147"
15386,"281,169,199"
15387,"64,93,10"
15388,"128,40,129"
15389,"40,151,152"
15390,"15,16,3"
15391,"26,23,89"
15392,"3,28"
15393,3
15394,"23,77,31"
15395,"111,3,267"
15396,"31,328,23"
15397,"160,40,334"
15398,"220,10,242"
15399,"220,10,242"
15400,"10,60,61"
15401,"0,361"
15402,"10,239"
15403,"0,304,216"
15404,"40,145,44"
15405,"10,64"
15406,"17,168,3"
15407,"96,31,23"
15408,"0,26"
15409,"87,23"
15410,"3,147,148"
15411,"15,3,16"
15412,"0,456,271"
15413,"15,16,3"
15414,169
15415,0
15416,"10,234,322"
15417,"184,40,185"
15418,"220,221,10"
15419,"3,53,523"
15420,0
15421,"23,309,316"
15422,"23,38,137"
15423,"0,266,265"
15424,"23,31,454"
15425,"0,265,266"
15426,"0,271,352"
15427,"169,199"
15428,"40,131,406"
15429,"0,360"
15430,"43,24,23"
15431,"43,23,24"
15432,"21,3,126"
15433,"31,32,23"
15434,"10,64,93"
15435,"10,40,54"
15436,"40,3,21"
15437,3
15438,"220,10,221"
15439,"3,21"
15440,"26,23,89"
15441,"10,11,109"
15442,"44,145,40"
15443,"40,44,145"
15444,"10,64,24"
15445,"3,21,127"
15446,"162,23"
15447,"124,21,3"
15448,"139,40,155"
15449,"23,38,82"
15450,"343,199,169"
15451,"40,123"
15452,"40,160,315"
15453,169
15454,0
15455,"3,21"
15456,"3,147,148"
15457,"26,89,40"
15458,"3,158,85"
15459,"135,138,40"
15460,"44,45,145"
15461,"0,235"
15462,"3,21"
15463,"3,30"
15464,"11,73,109"
15465,"3,21,164"
15466,"405,8,169"
15467,"0,314"
15468,"220,10"
15469,"3,30,147"
15470,"44,11,40"
15471,"0,211,319"
15472,"313,0,346"
15473,"23,74,283"
15474,"220,10,221"
15475,"112,111,3"
15476,"139,40,153"
15477,"10,11"
15478,"169,199,170"
15479,"40,145"
15480,17
15481,"169,199"
15482,"40,73,145"
15483,"199,169,248"
15484,"3,68,53"
15485,"23,74"
15486,"303,74,23"
15487,"0,211,319"
15488,"3,34"
15489,3
15490,"0,361"
15491,"23,24,59"
15492,169
15493,"3,21"
15494,"3,4"
15495,"10,93,64"
15496,"169,170,171"
15497,"169,199,248"
15498,"0,280,348"
15499,3
15500,"0,265"
15501,"147,3,148"
15502,"64,10,93"
15503,"40,131,132"
15504,"25,23,24"
15505,"41,40,224"
15506,"0,216"
15507,"138,40,135"
15508,"111,3,119"
15509,"23,11"
15510,"23,87,38"
15511,"271,456,0"
15512,"64,10,80"
15513,"3,5"
15514,"169,296"
15515,296
15516,"40,406,131"
15517,"23,32,31"
15518,"11,205,10"
15519,"199,169,356"
15520,"10,61,60"
15521,"40,184,185"
15522,"10,60"
15523,"17,168,3"
15524,"0,216,304"
15525,"40,41,42"
15526,"151,152,494"
15527,"3,5,228"
15528,"31,96"
15529,"0,271"
15530,"3,108,21"
15531,"134,40,131"
15532,"3,46"
15533,"405,8,169"
15534,"10,64,93"
15535,"3,4,435"
15536,"40,131,406"
15537,"40,395,128"
15538,23
15539,"11,10,12"
15540,170
15541,"231,26,23"
15542,"23,318"
15543,"231,26,23"
15544,3
15545,"10,64,90"
15546,"3,21"
15547,"10,43,24"
15548,"3,21"
15549,"204,13"
15550,"10,93,60"
15551,3
15552,"23,60,10"
15553,"23,232"
15554,10
15555,"8,0,391"
15556,"10,93,64"
15557,"3,21"
15558,"3,4,19"
15559,23
15560,"3,48,21"
15561,"220,10,242"
15562,"3,21"
15563,"40,131,226"
15564,"3,53,99"
15565,"4,3,238"
15566,3
15567,"43,23,24"
15568,"10,60"
15569,"43,24,10"
15570,"131,226,406"
15571,"34,3,46"
15572,"64,10,65"
15573,"126,3,21"
15574,"169,170,417"
15575,"0,8,206"
15576,"17,3"
15577,"23,43,24"
15578,"64,10,93"
15579,"199,169,281"
15580,"0,8"
15581,"0,352,271"
15582,"107,74,23"
15583,"0,206,8"
15584,"0,273,265"
15585,"220,10,221"
15586,"4,3,375"
15587,"10,64"
15588,"170,169,459"
15589,"169,170,171"
15590,"74,23,165"
15591,"23,25,24"
15592,"10,93,64"
15593,23
15594,"13,3,122"
15595,"220,10,242"
15596,"402,10,54"
15597,"3,111,126"
15598,"40,146,145"
15599,"0,291"
15600,"3,111,267"
15601,"3,21"
15602,"23,74"
15603,"31,23,258"
15604,169
15605,"40,44,145"
15606,"3,21,379"
15607,"169,170"
15608,"0,8"
15609,"40,131,132"
15610,"301,3,158"
15611,"3,21,187"
15612,"23,74,303"
15613,"3,147"
15614,"14,10,11"
15615,"10,402,54"
15616,"74,118,23"
15617,"128,129,40"
15618,"64,10,448"
15619,"64,10,93"
15620,"64,10,79"
15621,"3,21,127"
15622,"40,131,193"
15623,"40,184,185"
15624,"199,169,248"
15625,"128,129,40"
15626,"3,21"
15627,"8,0,405"
15628,"199,281,169"
15629,"3,4"
15630,"3,53,21"
15631,"40,128,408"
15632,0
15633,"169,170,459"
15634,"3,15,16"
15635,0
15636,"64,10,448"
15637,"40,160,152"
15638,"54,10,322"
15639,"40,408,128"
15640,"0,214,271"
15641,"11,109,10"
15642,"0,279,249"
15643,"40,41"
15644,"40,146,145"
15645,"309,23"
15646,"346,313,26"
15647,"0,8,235"
15648,"147,3,148"
15649,"3,263,34"
15650,0
15651,"3,15,16"
15652,"405,169,8"
15653,"64,10"
15654,"3,21,187"
15655,"3,21"
15656,"3,53"
15657,"40,131"
15658,"10,64,93"
15659,"44,40,145"
15660,"0,271,456"
15661,"3,34,21"
15662,"23,91,38"
15663,"23,91,38"
15664,"0,265"
15665,"199,169,281"
15666,"3,147,156"
15667,"14,13"
15668,"40,128,129"
15669,169
15670,"118,141,135"
15671,"0,272,271"
15672,"145,40"
15673,"220,10,242"
15674,"10,220,109"
15675,"3,17,168"
15676,"0,271"
15677,"0,8"
15678,"135,244,40"
15679,"23,105,106"
15680,"135,431,281"
15681,"169,171"
15682,"0,271"
15683,"0,255,462"
15684,"3,21"
15685,"3,21,127"
15686,"43,24,23"
15687,"169,23"
15688,"3,21,34"
15689,"24,49,23"
15690,"257,23,26"
15691,"184,40,185"
15692,"128,129,40"
15693,"10,11,109"
15694,"169,199,281"
15695,"0,265"
15696,"4,3"
15697,"11,109"
15698,"10,239"
15699,"23,74"
15700,"10,239,60"
15701,"23,74"
15702,"0,279,249"
15703,"169,199,343"
15704,"4,3"
15705,"3,21"
15706,"3,30"
15707,"15,16,3"
15708,"111,3"
15709,"313,0,346"
15710,"85,158"
15711,"3,4,183"
15712,"40,524"
15713,"4,3,19"
15714,"40,131"
15715,"170,169,459"
15716,"40,131,226"
15717,"43,23,24"
15718,355
15719,"40,406,184"
15720,"220,10,221"
15721,"4,3,238"
15722,"131,193,96"
15723,"204,13,3"
15724,35
15725,31
15726,"258,31,23"
15727,"4,3,176"
15728,"169,199,281"
15729,"406,40,131"
15730,"459,169,170"
15731,3
15732,"0,271"
15733,"350,0"
15734,"3,21"
15735,"3,5,228"
15736,"303,23,74"
15737,"0,271"
15738,"49,24,23"
15739,151
15740,"49,23,24"
15741,"313,346,23"
15742,"0,211,319"
15743,"0,208,265"
15744,"23,105"
15745,"23,105,106"
15746,"11,10,12"
15747,"10,11"
15748,"43,24,10"
15749,"255,0,484"
15750,"3,17,168"
15751,"3,21,187"
15752,"296,169,306"
15753,0
15754,"17,3,168"
15755,"4,3"
15756,"3,111,4"
15757,"23,24"
15758,"40,131"
15759,"60,61,10"
15760,"44,40"
15761,23
15762,"26,23"
15763,"129,128,40"
15764,"3,21"
15765,"281,199,169"
15766,"111,3,161"
15767,"96,31"
15768,"32,23,31"
15769,"21,3,102"
15770,"3,21,48"
15771,"169,296"
15772,"23,309,38"
15773,"169,199,343"
15774,"0,265"
15775,"0,366,271"
15776,"0,8,206"
15777,"40,152,151"
15778,44
15779,"43,24,23"
15780,"171,169,199"
15781,"14,3,13"
15782,"0,346,313"
15783,"10,64"
15784,3
15785,"402,145,40"
15786,"23,26,89"
15787,54
15788,"3,85"
15789,"11,10,109"
15790,"64,10,93"
15791,"169,199"
15792,"85,3,86"
15793,"10,64"
15794,"0,220,235"
15795,"220,10,221"
15796,"3,5,228"
15797,"3,28,21"
15798,"4,3"
15799,"0,218,465"
15800,"220,10,221"
15801,"139,40,153"
15802,"3,126,21"
15803,"169,171,199"
15804,"147,3,148"
15805,"4,3"
15806,"521,0,208"
15807,"0,271"
15808,3
15809,"169,296"
15810,"54,10,95"
15811,"74,23,165"
15812,"41,40,42"
15813,"220,10,242"
15814,"224,41"
15815,"3,21"
15816,"199,169"
15817,"118,23,74"
15818,"454,169,31"
15819,"0,218,465"
15820,"10,11,12"
15821,3
15822,"10,64"
15823,"109,11,45"
15824,"169,281,199"
15825,"40,131,226"
15826,"23,24,25"
15827,"23,89"
15828,"26,89,169"
15829,"340,0,265"
15830,"3,148,147"
15831,"17,168,3"
15832,"3,21"
15833,"402,40,10"
15834,"25,24,23"
15835,3
15836,"23,84,74"
15837,23
15838,"40,184,185"
15839,"10,64,93"
15840,"169,281,170"
15841,"169,199"
15842,"339,337,169"
15843,"64,10"
15844,"16,15,3"
15845,"64,10,335"
15846,"11,10"
15847,"24,49,23"
15848,"10,64"
15849,"23,26,89"
15850,23
15851,23
15852,3
15853,"23,43,24"
15854,"171,169,199"
15855,"23,31,53"
15856,146
15857,"4,3,19"
15858,3
15859,"8,0"
15860,"23,26,231"
15861,"8,0,308"
15862,"49,23,24"
15863,"4,3,435"
15864,"220,10,242"
15865,"74,23,317"
15866,"0,265,340"
15867,3
15868,"0,304"
15869,"10,11,205"
15870,"40,152,151"
15871,"10,43,24"
15872,"23,49,24"
15873,"3,21,127"
15874,"0,304,216"
15875,"151,152"
15876,"0,313"
15877,"10,64,93"
15878,23
15879,"21,102,3"
15880,40
15881,"3,147"
15882,"0,265,349"
15883,"60,61,10"
15884,"23,49,24"
15885,"3,21,187"
15886,"23,26,89"
15887,40
15888,"10,239,60"
15889,"0,366,271"
15890,3
15891,"40,186,128"
15892,"4,3,238"
15893,"3,53,68"
15894,"211,319,0"
15895,"4,3,19"
15896,"139,40,153"
15897,"162,163,40"
15898,"0,218,348"
15899,"31,23"
15900,"350,26,23"
15901,"0,218"
15902,"54,45,10"
15903,"220,10,242"
15904,"0,265,340"
15905,3
15906,"23,25"
15907,"169,171,199"
15908,"3,13,204"
15909,"3,164,36"
15910,"26,23,231"
15911,"162,163"
15912,"0,279,254"
15913,"281,199,169"
15914,3
15915,"3,21,33"
15916,"40,135,141"
15917,"40,131,226"
15918,"0,348,280"
15919,"138,135,40"
15920,"8,0,206"
15921,"3,15,16"
15922,"10,64,93"
15923,"220,10,221"
15924,"220,10,242"
15925,"64,10,93"
15926,"40,131,226"
15927,"8,0,308"
15928,3
15929,"169,199,281"
15930,"10,93,64"
15931,"8,0,308"
15932,"3,21,127"
15933,"3,34"
15934,"49,23,24"
15935,"199,169,323"
15936,"11,109,10"
15937,"3,5"
15938,"10,402"
15939,"3,187,21"
15940,"169,405,8"
15941,"118,74,23"
15942,"40,131,406"
15943,"402,10,54"
15944,"26,23,199"
15945,23
15946,"147,3,148"
15947,"23,24,43"
15948,"23,31"
15949,"3,263,34"
15950,"0,355,271"
15951,"10,220,221"
15952,"40,41,224"
15953,"220,10,242"
15954,"402,40,145"
15955,"10,95,54"
15956,"3,66,30"
15957,"0,271,362"
15958,"151,152,40"
15959,"3,4,19"
15960,40
15961,"53,3,30"
15962,"0,265,340"
15963,"3,17"
15964,"3,15"
15965,"40,395"
15966,"3,28"
15967,"64,10,93"
15968,"208,369,0"
15969,"0,370,216"
15970,"165,74"
15971,"3,30,66"
15972,3
15973,"40,145"
15974,"220,10,221"
15975,10
15976,"23,43,24"
15977,"220,10,11"
15978,"3,85"
15979,"3,34"
15980,"40,145,44"
15981,"220,10,242"
15982,"0,456,271"
15983,"10,12,11"
15984,"0,271,456"
15985,3
15986,"220,10,242"
15987,"23,303,74"
15988,"100,0,383"
15989,23
15990,"3,21,164"
15991,"220,10,221"
15992,10
15993,"26,89,23"
15994,"45,145,44"
15995,"170,459,169"
15996,"11,10,109"
15997,"89,23,26"
15998,3
15999,"169,199,281"
16000,"40,151,152"
16001,"40,128"
16002,"64,10,448"
16003,3
16004,"40,145,402"
16005,"169,3"
16006,"24,43,23"
16007,"151,152,40"
16008,"170,169,171"
16009,"3,147,148"
16010,"0,218,475"
16011,"74,322,23"
16012,"224,41,40"
16013,3
16014,3
16015,"165,74"
16016,"271,0,522"
16017,"24,25,23"
16018,"40,146,145"
16019,"139,40,153"
16020,"281,199,169"
16021,"111,3"
16022,"3,85,158"
16023,23
16024,"169,199,281"
16025,"45,44"
16026,"220,10,221"
16027,0
16028,"3,21"
16029,"3,30,66"
16030,"10,93"
16031,"21,127,3"
16032,"64,10"
16033,"3,5"
16034,"0,265"
16035,"220,10"
16036,0
16037,"23,38,137"
16038,10
16039,"41,127,21"
16040,"0,8"
16041,"128,289,40"
16042,3
16043,"206,8,0"
16044,"15,16,3"
16045,"296,169,333"
16046,"3,21,187"
16047,"10,402,220"
16048,"3,85"
16049,"40,131,241"
16050,"95,54,10"
16051,"74,23"
16052,"138,135,40"
16053,"40,131,226"
16054,"32,31,23"
16055,3
16056,"169,199,281"
16057,"23,26,89"
16058,"40,41"
16059,"0,8,206"
16060,"454,31,220"
16061,"0,8,308"
16062,"4,3,238"
16063,"64,10,93"
16064,"3,21"
16065,53
16066,"3,17"
16067,"0,271,456"
16068,"3,21"
16069,"128,40,129"
16070,"0,304,216"
16071,"3,53,13"
16072,"17,3,168"
16073,"169,170,508"
16074,"107,118,74"
16075,"74,23"
16076,"40,160,315"
16077,"40,160"
16078,"0,214"
16079,"199,169,281"
16080,"0,218,475"
16081,"3,4"
16082,"26,89,23"
16083,"3,21"
16084,"64,10"
16085,"3,21,127"
16086,"3,17,168"
16087,"169,199"
16088,"40,131,226"
16089,"23,135,309"
16090,"135,250,309"
16091,"10,64"
16092,"3,4"
16093,"10,220,402"
16094,"23,26,231"
16095,"3,30,66"
16096,"0,206,8"
16097,"199,169,323"
16098,"23,26,89"
16099,"3,4,238"
16100,"271,0,456"
16101,"23,63"
16102,"0,8,235"
16103,"64,10"
16104,"147,3,156"
16105,3
16106,23
16107,"0,521"
16108,"220,10,221"
16109,"3,147,156"
16110,"23,91,38"
16111,3
16112,"456,0,271"
16113,"10,54"
16114,"3,21"
16115,"8,0,206"
16116,"220,242,10"
16117,"64,10,79"
16118,"11,10,109"
16119,"23,74"
16120,"40,131,134"
16121,"147,13,3"
16122,"40,145,146"
16123,"13,204,14"
16124,"0,366"
16125,"3,17,168"
16126,"0,271"
16127,"199,169"
16128,"23,74,118"
16129,"169,171,199"
16130,10
16131,"43,23,24"
16132,"211,0"
16133,"3,4,183"
16134,"0,265,490"
16135,"248,169,199"
16136,"128,195,40"
16137,"220,10,221"
16138,"40,21,127"
16139,"10,11,109"
16140,"3,34,447"
16141,"49,23,24"
16142,"23,26"
16143,"31,77,23"
16144,"0,271,456"
16145,"40,131,406"
16146,"10,220,221"
16147,"23,506,74"
16148,"10,64,93"
16149,"220,10,221"
16150,"24,23,43"
16151,3
16152,"43,24,23"
16153,"170,169"
16154,"89,26,23"
16155,"3,4"
16156,"3,21"
16157,"17,168,3"
16158,44
16159,"21,3,396"
16160,"3,147,21"
16161,"220,10,221"
16162,3
16163,"23,24,25"
16164,"85,3,158"
16165,"0,206"
16166,"10,64,90"
16167,"17,3"
16168,"3,4"
16169,"64,10,448"
16170,"44,145"
16171,"350,26,23"
16172,"3,156"
16173,0
16174,"3,147,148"
16175,"199,169,281"
16176,"0,361,272"
16177,"3,34,46"
16178,0
16179,"0,8"
16180,3
16181,"3,21"
16182,"3,147,148"
16183,"169,199,281"
16184,"43,24,23"
16185,"10,64,90"
16186,"3,4,5"
16187,"199,281,169"
16188,10
16189,"3,85"
16190,"74,118,23"
16191,"10,64,90"
16192,"10,11,109"
16193,10
16194,0
16195,3
16196,"40,128"
16197,"28,0"
16198,"3,21,127"
16199,"24,23,43"
16200,23
16201,"64,10,80"
16202,169
16203,"3,21"
16204,"3,48,21"
16205,"0,271,456"
16206,"128,130,129"
16207,3
16208,"11,10"
16209,3
16210,"15,16,3"
16211,"3,15,16"
16212,3
16213,"417,169,296"
16214,"169,199"
16215,"10,64,11"
16216,"118,23,74"
16217,"3,147,148"
16218,"402,40,145"
16219,3
16220,"0,257"
16221,"3,85,158"
16222,"54,10"
16223,"85,3,86"
16224,"40,524"
16225,"3,21"
16226,40
16227,"0,206,8"
16228,"3,147,148"
16229,"23,74,49"
16230,"115,3"
16231,"23,31"
16232,"3,15,16"
16233,"10,64,338"
16234,"10,11,90"
16235,"151,152"
16236,"23,43,60"
16237,"64,10"
16238,"10,17,168"
16239,"169,170,199"
16240,"60,10,323"
16241,"3,4,238"
16242,"10,93,64"
16243,"0,216"
16244,"169,199,323"
16245,"125,111,3"
16246,"40,44"
16247,"21,3"
16248,"169,170,199"
16249,"74,23"
16250,"220,10,221"
16251,"0,216"
16252,"40,152,160"
16253,3
16254,"3,147,148"
16255,"199,323,169"
16256,"3,85"
16257,"25,242,220"
16258,"171,199,169"
16259,"3,21,102"
16260,0
16261,"17,3,168"
16262,"218,10,11"
16263,3
16264,"171,169,199"
16265,"64,10"
16266,0
16267,"3,182,68"
16268,"0,218"
16269,"10,239"
16270,"31,258,23"
16271,"40,241,131"
16272,"23,24"
16273,"64,10"
16274,"3,4"
16275,"281,169,199"
16276,"3,30"
16277,"4,3"
16278,0
16279,"40,160,423"
16280,"44,45,145"
16281,"3,85,86"
16282,"32,23,31"
16283,"0,216,380"
16284,"111,3,119"
16285,437
16286,"40,160"
16287,"40,128"
16288,3
16289,"23,43,24"
16290,"10,93"
16291,"199,323,169"
16292,"10,239"
16293,"40,139,131"
16294,"64,10,169"
16295,"23,26,89"
16296,"220,242,10"
16297,"402,40,0"
16298,"23,241,131"
16299,"131,40,226"
16300,"40,139"
16301,"40,135,244"
16302,"10,64"
16303,"11,10,220"
16304,"0,453"
16305,"40,151,152"
16306,"0,208"
16307,"3,21"
16308,"23,89"
16309,"3,127,21"
16310,3
16311,"73,44,40"
16312,"3,21"
16313,25
16314,"3,85"
16315,"64,80,10"
16316,"17,3,168"
16317,"10,11,109"
16318,"44,10,40"
16319,"64,10,473"
16320,"23,24"
16321,"129,128"
16322,"43,23,24"
16323,"0,280"
16324,"3,21,34"
16325,3
16326,"521,0,208"
16327,"23,26"
16328,"3,48,21"
16329,"3,4"
16330,"26,23,350"
16331,"138,40,135"
16332,"40,151,41"
16333,"23,24"
16334,"169,170,260"
16335,23
16336,3
16337,"0,216"
16338,"8,0,206"
16339,"3,30,28"
16340,"3,158,85"
16341,10
16342,"0,216"
16343,"8,0,23"
16344,"40,160,315"
16345,"40,41,224"
16346,"40,395"
16347,"402,55,10"
16348,"131,134,40"
16349,"64,10,80"
16350,"211,0,319"
16351,"74,23,303"
16352,23
16353,"195,128,482"
16354,"64,10,93"
16355,"77,23,0"
16356,"220,10,221"
16357,"0,271"
16358,"40,131,226"
16359,"169,199,281"
16360,"4,3"
16361,"64,10,338"
16362,40
16363,"3,4,238"
16364,"220,242,10"
16365,"220,10,221"
16366,"3,21,124"
16367,"0,279,249"
16368,3
16369,"49,23,24"
16370,"40,160"
16371,3
16372,"199,169"
16373,0
16374,"169,170"
16375,"169,199"
16376,23
16377,"3,147,148"
16378,"23,63,74"
16379,0
16380,"40,41,224"
16381,"23,26,89"
16382,"3,30,66"
16383,"3,22,21"
16384,"0,475,218"
16385,"64,10,442"
16386,"23,63"
16387,23
16388,"169,199"
16389,"311,169"
16390,10
16391,"64,10,448"
16392,64
16393,"40,151,152"
16394,"3,111"
16395,"40,146,145"
16396,"4,3,19"
16397,"145,40"
16398,"24,49,10"
16399,"0,456,271"
16400,53
16401,"64,10,93"
16402,"40,44,145"
16403,"259,169,426"
16404,"3,21"
16405,"40,395,139"
16406,"74,23,84"
16407,"10,64,80"
16408,"0,206,8"
16409,"26,23,350"
16410,"0,8"
16411,"21,124,3"
16412,"220,221,10"
16413,"23,26"
16414,"23,24,49"
16415,"0,249,216"
16416,"169,199"
16417,"21,3,126"
16418,3
16419,"231,8,0"
16420,"11,10"
16421,"40,131"
16422,"17,3,168"
16423,"32,31,23"
16424,"21,3"
16425,"220,221,10"
16426,0
16427,"3,4,238"
16428,"3,379,21"
16429,"23,89"
16430,"3,30"
16431,40
16432,"138,135,40"
16433,"40,145"
16434,"40,152,151"
16435,"3,5,228"
16436,"0,211,319"
16437,54
16438,"3,85"
16439,"10,220,242"
16440,"118,23,74"
16441,"49,24,23"
16442,"26,23"
16443,"10,220,242"
16444,"3,158,85"
16445,"199,169"
16446,"3,4,19"
16447,"44,145"
16448,"11,10,109"
16449,"23,84,74"
16450,"11,10,12"
16451,"17,168,3"
16452,"4,3"
16453,"40,160,151"
16454,"74,165,23"
16455,"3,111"
16456,3
16457,"128,40,129"
16458,"23,43,24"
16459,3
16460,"10,12,11"
16461,"3,147,33"
16462,"3,21"
16463,"44,45,40"
16464,"10,64"
16465,"296,169"
16466,"128,129,40"
16467,"368,40"
16468,10
16469,"40,145,146"
16470,"71,249"
16471,"26,89"
16472,3
16473,23
16474,"4,3,174"
16475,"151,152,40"
16476,0
16477,"23,38"
16478,"402,40"
16479,"169,199,343"
16480,"4,375,3"
16481,"23,43,24"
16482,"40,155,241"
16483,"40,41"
16484,"3,21,187"
16485,"169,199,281"
16486,"3,68,182"
16487,"169,296,411"
16488,"23,317,74"
16489,"296,306"
16490,"0,8,206"
16491,"10,64,93"
16492,"3,28"
16493,"169,251"
16494,"169,281,199"
16495,"199,169,281"
16496,"3,21,127"
16497,3
16498,"3,17,21"
16499,"40,128,408"
16500,0
16501,"24,43,64"
16502,"111,112,3"
16503,10
16504,"23,59"
16505,"3,178"
16506,"10,11,12"
16507,"287,53,3"
16508,3
16509,"3,48,21"
16510,"0,271"
16511,"43,24,23"
16512,"220,10,221"
16513,"281,169,199"
16514,"3,34,263"
16515,"10,60,239"
16516,"40,402,31"
16517,"3,21,164"
16518,"11,10,12"
16519,40
16520,"184,185,40"
16521,"21,40"
16522,"17,3,168"
16523,"3,53,287"
16524,"169,199,171"
16525,"11,10,205"
16526,"169,281,199"
16527,"0,216,304"
16528,0
16529,"43,23,24"
16530,"11,10,12"
16531,0
16532,"3,17,15"
16533,44
16534,"220,242,10"
16535,"0,456,271"
16536,"17,168,3"
16537,139
16538,"4,3,183"
16539,23
16540,"131,40,406"
16541,"11,205,10"
16542,"3,187,34"
16543,"313,346,0"
16544,"3,15"
16545,"308,440,23"
16546,"10,239"
16547,"171,169,199"
16548,131
16549,"0,357"
16550,"128,129,40"
16551,3
16552,23
16553,"169,170,171"
16554,"3,21,187"
16555,"131,241,40"
16556,"0,271,456"
16557,"10,11"
16558,"49,24,23"
16559,115
16560,"40,131,226"
16561,"23,49,24"
16562,"169,199,96"
16563,"0,265,418"
16564,"3,187,21"
16565,"138,135,40"
16566,"17,168,3"
16567,"199,169,223"
16568,"32,31,23"
16569,"0,516"
16570,"220,10,221"
16571,"220,10,242"
16572,"3,147,156"
16573,"296,169"
16574,0
16575,"220,10"
16576,44
16577,"169,170,417"
16578,59
16579,"169,170,171"
16580,"220,10,221"
16581,"26,350,23"
16582,"0,352,208"
16583,40
16584,"3,29"
16585,"74,165,23"
16586,"23,49,24"
16587,"54,10,322"
16588,"23,45,24"
16589,"0,456,271"
16590,"0,216,277"
16591,"220,10,242"
16592,"111,3,112"
16593,"23,105,318"
16594,"169,199"
16595,"3,187,53"
16596,"0,265"
16597,"0,23,49"
16598,"3,21"
16599,"24,23,59"
16600,"40,241,128"
16601,"71,23,38"
16602,40
16603,"40,131,406"
16604,3
16605,"184,185,40"
16606,"131,40,241"
16607,"43,23,24"
16608,23
16609,"10,64,93"
16610,"169,199"
16611,"265,0"
16612,"126,3,42"
16613,"31,23,454"
16614,"3,4,238"
16615,"40,162,163"
16616,"23,74"
16617,"64,93,10"
16618,"8,308,23"
16619,"0,40"
16620,"40,41,149"
16621,"10,64"
16622,"107,40,395"
16623,"23,24,49"
16624,"169,199,323"
16625,"23,26,89"
16626,"296,169"
16627,"3,21"
16628,"220,10,242"
16629,"3,239,10"
16630,"40,146"
16631,"43,23,24"
16632,"23,26,89"
16633,"0,271,456"
16634,478
16635,"127,3,40"
16636,"23,74,38"
16637,"26,23,350"
16638,"40,151,152"
16639,0
16640,"40,152,151"
16641,"3,111,267"
16642,"40,152,151"
16643,"3,147"
16644,"220,10,242"
16645,"199,169,374"
16646,"0,265,266"
16647,"309,23"
16648,"26,23,89"
16649,"40,131,241"
16650,"139,40,153"
16651,"40,41,128"
16652,"0,213,214"
16653,"23,31,454"
16654,"0,279,273"
16655,"23,74"
16656,"3,53,523"
16657,"3,48"
16658,"0,206"
16659,"4,3,238"
16660,40
16661,"0,265"
16662,"40,131,226"
16663,"0,366,271"
16664,"169,199,171"
16665,"23,137"
16666,"40,184,185"
16667,"128,40,129"
16668,"74,317,23"
16669,"115,21,3"
16670,"0,8,206"
16671,"40,131,406"
16672,"26,23,231"
16673,"11,109,10"
16674,"23,91,38"
16675,"64,10,338"
16676,"0,216,380"
16677,"3,21,48"
16678,23
16679,0
16680,"64,93,10"
16681,"309,23,105"
16682,"3,17,168"
16683,0
16684,"0,257,216"
16685,"40,139,153"
16686,0
16687,"3,4"
16688,"118,74,23"
16689,"105,23,318"
16690,"129,128,40"
16691,"64,10,448"
16692,"23,105,106"
16693,"3,21,108"
16694,"402,40,145"
16695,"44,145,40"
16696,"23,265"
16697,"31,96,23"
16698,"85,3,86"
16699,"10,24"
16700,23
16701,23
16702,"3,34,21"
16703,"100,101,3"
16704,"220,10,242"
16705,"40,241,128"
16706,"199,343,169"
16707,111
16708,"40,128,129"
16709,199
16710,"17,168,3"
16711,"128,40,129"
16712,"3,21"
16713,"170,459,169"
16714,"23,49,24"
16715,"10,64,93"
16716,"40,145"
16717,"4,3"
16718,"26,23,89"
16719,"10,64,93"
16720,"10,64,93"
16721,"426,427,0"
16722,"169,296"
16723,"40,160"
16724,"0,255,235"
16725,"169,170,171"
16726,"105,23,53"
16727,"339,169,337"
16728,"296,169"
16729,"346,313,501"
16730,"11,10,12"
16731,"199,169,281"
16732,"3,15,4"
16733,"95,54"
16734,"0,40"
16735,"3,4,28"
16736,"40,224,41"
16737,"3,112,111"
16738,"169,199"
16739,"169,296"
16740,"40,402,145"
16741,"23,26"
16742,"0,206,8"
16743,"21,3"
16744,"3,4"
16745,"3,21"
16746,"10,11"
16747,"26,231,23"
16748,"0,8,235"
16749,"54,10,95"
16750,"169,170,171"
16751,"40,139,153"
16752,"169,260,281"
16753,"350,26,23"
16754,"26,23,89"
16755,"3,4,435"
16756,"111,3,112"
16757,"169,281,199"
16758,"10,95,54"
16759,"158,3"
16760,"4,3,19"
16761,"31,23,96"
16762,"23,26,350"
16763,"169,199,311"
16764,3
16765,"128,129,40"
16766,"3,4"
16767,"169,199,61"
16768,3
16769,"11,10"
16770,"74,118,23"
16771,"171,169,199"
16772,"3,34,263"
16773,"169,260,170"
16774,"40,315,160"
16775,"0,271,211"
16776,"10,64"
16777,23
16778,23
16779,"23,74,303"
16780,"3,523,53"
16781,"23,74,118"
16782,"95,23,54"
16783,"3,147,148"
16784,"303,23,74"
16785,3
16786,169
16787,"3,523,53"
16788,3
16789,"169,170"
16790,"135,40,236"
16791,3
16792,"40,193"
16793,"221,220,10"
16794,"17,168,3"
16795,"3,21"
16796,"40,131,159"
16797,"281,199,169"
16798,23
16799,"10,64,80"
16800,"0,8"
16801,"220,10,221"
16802,"3,147,148"
16803,"3,85,111"
16804,"3,4"
16805,"3,158,85"
16806,"40,41"
16807,3
16808,"13,3"
16809,"10,64,93"
16810,"40,131,226"
16811,"199,169"
16812,"23,24,43"
16813,"309,23,38"
16814,"23,89"
16815,"40,131"
16816,"0,271"
16817,169
16818,"128,129,40"
16819,"10,11,12"
16820,169
16821,"40,184"
16822,"3,53,325"
16823,"3,13"
16824,"3,21,102"
16825,"152,151,40"
16826,"40,163,162"
16827,"3,85,293"
16828,"3,21"
16829,"454,23,31"
16830,"169,199,281"
16831,0
16832,"23,105,24"
16833,"23,38"
16834,"8,308,23"
16835,"123,111,3"
16836,"199,171,169"
16837,138
16838,"3,21"
16839,"199,169,281"
16840,"74,28,3"
16841,"23,74,94"
16842,"24,23,43"
16843,"169,199,281"
16844,"21,3"
16845,"3,15"
16846,"169,199"
16847,"131,241,406"
16848,"40,131,226"
16849,"0,206,8"
16850,"0,271,456"
16851,26
16852,"0,271,214"
16853,"220,10,242"
16854,"10,11,12"
16855,"147,3"
16856,"506,10"
16857,"10,64,93"
16858,"10,64"
16859,"3,17,168"
16860,"40,131,406"
16861,"40,131,226"
16862,"40,145,44"
16863,"23,24,62"
16864,"0,254"
16865,"26,23"
16866,"11,10,109"
16867,"4,3"
16868,"0,369,208"
16869,"64,10,448"
16870,"3,147"
16871,"3,111"
16872,"10,64,80"
16873,"17,3,168"
16874,"11,10,12"
16875,"25,23,24"
16876,"3,21"
16877,"345,23,24"
16878,"0,421,229"
16879,3
16880,"23,24"
16881,"11,10,109"
16882,"3,28"
16883,"4,19"
16884,"10,11,168"
16885,"0,216,304"
16886,3
16887,"15,16,3"
16888,"15,16,3"
16889,0
16890,"3,21,148"
16891,"23,74"
16892,"169,170"
16893,"0,218,465"
16894,"40,41,286"
16895,"0,456,271"
16896,"3,147,148"
16897,23
16898,"220,10,221"
16899,"131,406,23"
16900,"3,68,182"
16901,"145,40,44"
16902,"138,135"
16903,"0,216,257"
16904,0
16905,"4,3"
16906,"3,21,108"
16907,"220,221,10"
16908,"3,147,148"
16909,10
16910,"21,40,41"
16911,"64,10,93"
16912,"44,45,145"
16913,"0,265,266"
16914,"4,3,19"
16915,"0,475"
16916,"169,296"
16917,"24,23"
16918,"3,53,287"
16919,"23,74"
16920,"10,54,402"
16921,"74,23,118"
16922,"3,263,34"
16923,"169,199,259"
16924,"11,109,10"
16925,"0,26"
16926,"0,271,522"
16927,0
16928,"10,64,448"
16929,"171,199,169"
16930,"23,91,38"
16931,"242,25,10"
16932,"0,257,216"
16933,"184,40,185"
16934,3
16935,"105,23,318"
16936,"169,405"
16937,"24,23,43"
16938,"204,13,3"
16939,0
16940,"169,260,170"
16941,"44,145,40"
16942,"220,242,10"
16943,"23,26,89"
16944,"43,23,24"
16945,"220,10"
16946,"128,129,130"
16947,"3,17"
16948,3
16949,"128,289,346"
16950,169
16951,"31,23,258"
16952,"74,118,23"
16953,0
16954,"24,43,23"
16955,"0,265"
16956,"0,456,271"
16957,"17,168,3"
16958,169
16959,"220,10,242"
16960,"3,46"
16961,"53,3"
16962,"220,10,221"
16963,"3,30,66"
16964,"23,26,89"
16965,"43,24,23"
16966,23
16967,"328,31,402"
16968,"199,343,169"
16969,"3,287,53"
16970,"11,205,10"
16971,"286,41,3"
16972,"10,60"
16973,111
16974,"23,49,24"
16975,"8,0"
16976,"3,21"
16977,"220,242"
16978,"131,40,134"
16979,"23,49,24"
16980,"3,122"
16981,"40,145,44"
16982,"10,64,80"
16983,23
16984,"23,74"
16985,"199,169,281"
16986,"64,10,448"
16987,"3,4,238"
16988,40
16989,"129,128,40"
16990,"0,255,218"
16991,"3,17"
16992,"53,3,68"
16993,"40,131,406"
16994,"24,43,23"
16995,"10,60"
16996,"13,3,14"
16997,3
16998,"220,10,242"
16999,"328,31,77"
17000,"214,0,213"
17001,"3,6,53"
17002,"199,169,343"
17003,"3,13"
17004,40
17005,169
17006,"23,74"
17007,"3,66,30"
17008,3
17009,"220,10,221"
17010,"96,31,23"
17011,"170,169"
17012,3
17013,"10,54,64"
17014,"3,53"
17015,"281,199,169"
17016,"3,53"
17017,"10,64,93"
17018,"43,24,23"
17019,87
17020,"3,147"
17021,"45,44,40"
17022,"3,21"
17023,"23,26"
17024,"0,8"
17025,10
17026,3
17027,"43,24,23"
17028,"40,408,128"
17029,"3,21"
17030,"169,199"
17031,"40,128,129"
17032,"43,24,23"
17033,"131,40,406"
17034,"89,23,26"
17035,10
17036,"40,184,185"
17037,"3,164"
17038,"3,4"
17039,"10,220,64"
17040,"11,10"
17041,"4,3,183"
17042,"15,16,3"
17043,"3,325"
17044,"0,279,249"
17045,"3,111"
17046,"169,170"
17047,"64,10,93"
17048,"0,456,271"
17049,3
17050,"23,31,32"
17051,0
17052,"26,23"
17053,"10,64"
17054,169
17055,3
17056,"64,10,448"
17057,"3,21,127"
17058,"169,199,281"
17059,"0,456,271"
17060,3
17061,"64,10,93"
17062,"0,2,1"
17063,"3,4,70"
17064,"0,271,355"
17065,"3,21"
17066,"3,21"
17067,"131,40,226"
17068,"3,21"
17069,"3,34,263"
17070,"0,366,271"
17071,"43,23"
17072,10
17073,10
17074,"107,118"
17075,"111,112,3"
17076,"64,10,93"
17077,"11,10,205"
17078,"118,74,23"
17079,"3,4,238"
17080,"199,169,343"
17081,"10,64,65"
17082,"40,10"
17083,"74,23"
17084,"40,131,241"
17085,"3,111,21"
17086,"64,10,448"
17087,"32,23,31"
17088,"126,21,42"
17089,"123,40"
17090,"40,146,145"
17091,"3,13"
17092,"3,21,85"
17093,"23,137,105"
17094,"296,169"
17095,"4,3,7"
17096,"128,129,40"
17097,"3,21"
17098,"220,10,242"
17099,199
17100,"3,21,127"
17101,"169,199,171"
17102,"0,355,271"
17103,"0,216,304"
17104,"3,85"
17105,"169,199"
17106,"10,95,54"
17107,"0,271,456"
17108,"25,23"
17109,"40,131,226"
17110,"3,4"
17111,"74,23,118"
17112,"3,21,182"
17113,"3,85"
17114,"4,3,174"
17115,"131,40,241"
17116,23
17117,"3,21,108"
17118,"0,265"
17119,"0,280"
17120,"26,89,23"
17121,"10,44"
17122,"160,40,302"
17123,"40,160"
17124,"220,10,221"
17125,"16,15,3"
17126,"169,199,281"
17127,"169,171,199"
17128,"74,118,23"
17129,0
17130,"23,64,345"
17131,3
17132,"23,39,454"
17133,"24,43,23"
17134,"23,43,24"
17135,"0,8,218"
17136,"0,265,266"
17137,"10,11,109"
17138,"0,355,271"
17139,"3,21"
17140,"3,104"
17141,"4,3,19"
17142,"23,26"
17143,"3,447,34"
17144,"40,131,132"
17145,"40,139,153"
17146,3
17147,"211,0,319"
17148,"4,3,375"
17149,"129,128,40"
17150,"220,242,10"
17151,"10,64,338"
17152,"3,379,17"
17153,0
17154,"3,13"
17155,"11,109,10"
17156,"43,10,24"
17157,"170,169,260"
17158,"0,218"
17159,"40,160"
17160,"402,40,145"
17161,"3,46,34"
17162,"0,8,285"
17163,"10,64,93"
17164,"11,109"
17165,64
17166,3
17167,"43,23,24"
17168,"3,17,168"
17169,"24,43,23"
17170,"3,4,19"
17171,"229,230,421"
17172,"49,23,24"
17173,94
17174,"23,493"
17175,"128,129,40"
17176,"64,10"
17177,"3,21,127"
17178,"199,10,169"
17179,"40,160"
17180,"40,151,152"
17181,"220,10,242"
17182,"44,45,25"
17183,"281,199,169"
17184,"64,10,93"
17185,"169,281,199"
17186,"3,367,168"
17187,"0,8,271"
17188,"40,244,135"
17189,"339,169,337"
17190,"11,10,205"
17191,"135,40,138"
17192,0
17193,"23,84,74"
17194,"220,10,242"
17195,"199,356,169"
17196,"74,23"
17197,"10,11,109"
17198,"3,21,187"
17199,0
17200,"45,44,40"
17201,"3,147,148"
17202,"199,3,169"
17203,"220,10,221"
17204,"0,8"
17205,"11,10,12"
17206,"0,271,424"
17207,"170,169"
17208,"3,147,148"
17209,"40,139"
17210,"3,401"
17211,"26,23"
17212,"199,169,248"
17213,"220,10,221"
17214,"54,95,40"
17215,"74,23,118"
17216,"406,131,40"
17217,"0,8,206"
17218,3
17219,"3,4"
17220,"23,454"
17221,"21,3,126"
17222,"11,109,10"
17223,3
17224,"17,3,168"
17225,3
17226,"23,25,24"
17227,"10,64,80"
17228,"23,74,40"
17229,"3,21,127"
17230,"43,24,23"
17231,"106,23"
17232,"23,199,281"
17233,"3,111"
17234,"40,160,196"
17235,"3,147"
17236,"3,21,22"
17237,"199,169"
17238,"118,23,74"
17239,"64,10,448"
17240,"5,228,3"
17241,"3,21,126"
17242,"169,199"
17243,"3,4,238"
17244,"43,24,23"
17245,"220,10,242"
17246,"10,60"
17247,24
17248,"3,21,187"
17249,"3,28,330"
17250,"54,10,173"
17251,"10,64"
17252,"224,40,41"
17253,23
17254,"23,26"
17255,"303,74"
17256,"139,153,155"
17257,"74,23,165"
17258,"23,169,89"
17259,"3,53"
17260,"170,169"
17261,"40,139"
17262,"10,54,95"
17263,"3,21,164"
17264,"23,105"
17265,"26,23,350"
17266,"10,93,64"
17267,"169,171,199"
17268,"0,216,257"
17269,"40,41"
17270,"4,19,3"
17271,"10,60"
17272,"199,169,281"
17273,"3,21"
17274,40
17275,"231,10"
17276,"23,26"
17277,"8,0,391"
17278,"417,169"
17279,"169,296"
17280,"3,147,148"
17281,"23,74"
17282,"26,231,23"
17283,"3,147,148"
17284,"0,363,399"
17285,"8,26"
17286,"0,8,206"
17287,"44,45,40"
17288,"3,66,30"
17289,"40,324,41"
17290,"199,169,343"
17291,"3,21"
17292,"3,21"
17293,"220,10,242"
17294,"3,147,148"
17295,"3,111"
17296,"220,10,242"
17297,"170,169,260"
17298,"0,265"
17299,"11,10"
17300,"74,303,23"
17301,"23,91,303"
17302,"3,21,281"
17303,"339,169,337"
17304,"169,230"
17305,"10,64,90"
17306,"34,3,46"
17307,23
17308,"40,160,149"
17309,"199,169,281"
17310,"17,3,168"
17311,"3,30,66"
17312,"220,10,221"
17313,"3,15"
17314,"4,238,3"
17315,"40,23"
17316,"93,64,10"
17317,"23,105"
17318,"220,10,221"
17319,"3,4,19"
17320,"3,147"
17321,"0,265"
17322,"3,447"
17323,"10,54"
17324,3
17325,"10,54"
17326,"3,21,127"
17327,"5,3,228"
17328,"40,160"
17329,0
17330,"23,24"
17331,"74,23,118"
17332,"17,168"
17333,"24,23,43"
17334,"23,89,26"
17335,"220,10,242"
17336,"3,204,14"
17337,"10,64,90"
17338,"0,271"
17339,"10,64,448"
17340,"151,152,40"
17341,"74,165,23"
17342,"40,145,44"
17343,"23,454,31"
17344,"169,199,170"
17345,"10,49,23"
17346,"131,40,226"
17347,"89,26"
17348,"402,40,145"
17349,10
17350,"64,23"
17351,"3,147,203"
17352,"135,40,141"
17353,"23,74,303"
17354,"0,206,8"
17355,"0,456,271"
17356,"64,10,93"
17357,"10,64,93"
17358,"74,317,23"
17359,"23,74"
17360,23
17361,"23,49,24"
17362,"43,24,23"
17363,"0,257"
17364,"281,3,21"
17365,"3,30,66"
17366,"23,231,26"
17367,"40,243,184"
17368,"43,23,10"
17369,"129,40,128"
17370,"138,40,135"
17371,"10,220,242"
17372,"64,10"
17373,"23,26,89"
17374,"23,105,106"
17375,"220,10,242"
17376,"0,522,271"
17377,"40,151,152"
17378,"0,304,216"
17379,"131,40,406"
17380,0
17381,505
17382,"169,199,323"
17383,"74,23,165"
17384,"49,24,23"
17385,3
17386,169
17387,"220,10,221"
17388,"40,186,324"
17389,3
17390,10
17391,"317,74,40"
17392,"40,146,145"
17393,"220,242,10"
17394,"220,10,242"
17395,"199,169,323"
17396,"3,111,119"
17397,"3,53,467"
17398,"11,10,109"
17399,"40,131,406"
17400,"3,21,127"
17401,"40,224,41"
17402,"43,10,24"
17403,"23,105,106"
17404,"64,10,43"
17405,"26,231,23"
17406,"40,187"
17407,"26,23,231"
17408,"32,3,147"
17409,"10,64,93"
17410,"49,24,23"
17411,"3,21,48"
17412,"220,10,242"
17413,"43,24,23"
17414,"74,23,118"
17415,"40,139,153"
17416,"0,279,249"
17417,"8,0"
17418,"31,328,23"
17419,"4,238,3"
17420,"160,40"
17421,"10,60,239"
17422,"40,368,131"
17423,"10,64,65"
17424,"3,21"
17425,"64,10,80"
17426,"40,145,402"
17427,"43,24,23"
17428,"138,135,40"
17429,"23,24,43"
17430,"10,54,95"
17431,0
17432,"169,239,10"
17433,"32,23,31"
17434,"21,3,127"
17435,"3,21,187"
17436,"3,108,21"
17437,"169,199"
17438,"54,95,145"
17439,"169,170,199"
17440,"44,145,40"
17441,"366,0,271"
17442,"395,40,396"
17443,3
17444,0
17445,"111,267,3"
17446,0
17447,"3,21"
17448,"23,89,26"
17449,"3,4,70"
17450,"0,271,456"
17451,"23,74,118"
17452,"40,145,10"
17453,"281,199,169"
17454,"3,164,21"
17455,"26,89,23"
17456,"147,3,148"
17457,"0,271"
17458,"10,60,61"
17459,"23,265,340"
17460,"220,10,221"
17461,"128,129"
17462,"40,184,185"
17463,"220,10,221"
17464,"3,22,21"
17465,"281,169,199"
17466,"23,26,89"
17467,"3,4"
17468,"3,112,111"
17469,"23,26"
17470,"40,128"
17471,"73,44"
17472,"40,131,406"
17473,"64,10,80"
17474,"11,109,10"
17475,"74,118,107"
17476,23
17477,"169,508"
17478,"74,118,23"
17479,"10,220"
17480,"220,10,221"
17481,"21,3,108"
17482,"23,24,25"
17483,"220,221,10"
17484,"64,10,80"
17485,220
17486,"135,295,40"
17487,"74,23"
17488,3
17489,"0,304,216"
17490,"317,74,23"
17491,234
17492,"40,151,152"
17493,"3,4,19"
17494,40
17495,"169,199"
17496,"10,64,93"
17497,"23,74"
17498,"3,379,21"
17499,40
17500,"188,4,3"
17501,"40,41,324"
17502,"0,446,218"
17503,"64,10,93"
17504,3
17505,"0,271"
17506,"0,235,255"
17507,"0,23,89"
17508,"10,242"
17509,"3,13,122"
17510,"11,10,205"
17511,"368,184,23"
17512,"296,169"
17513,"10,64"
17514,"3,5,85"
17515,"152,40,151"
17516,"31,23,96"
17517,"22,3,21"
17518,"0,271"
17519,23
17520,"138,135,40"
17521,"3,21"
17522,"3,53,287"
17523,"40,145,10"
17524,"0,273,265"
17525,"40,145"
17526,"220,10,221"
17527,"3,4,238"
17528,"0,271"
17529,"40,131,132"
17530,"26,23"
17531,"10,169,199"
17532,"23,26"
17533,"0,265"
17534,169
17535,"23,24,345"
17536,"199,169,343"
17537,"0,8,285"
17538,"199,169,356"
17539,"0,265,349"
17540,"53,287,99"
17541,"147,3"
17542,"23,74,84"
17543,"15,3,16"
17544,"3,34"
17545,"296,169,417"
17546,"169,199"
17547,3
17548,"40,41,42"
17549,"11,10"
17550,"21,3,396"
17551,"281,199,169"
17552,"0,216"
17553,"281,199,169"
17554,"40,131,132"
17555,"3,147,148"
17556,"10,93,60"
17557,"279,249,0"
17558,"49,24,23"
17559,"0,369,208"
17560,"89,26"
17561,"10,221,220"
17562,"96,31,23"
17563,"3,190,28"
17564,"0,8,206"
17565,"3,21"
17566,"64,10"
17567,"3,21"
17568,0
17569,0
17570,"3,21,48"
17571,"3,4"
17572,"3,30"
17573,"152,151,40"
17574,"3,147"
17575,23
17576,"21,3"
17577,"10,64,90"
17578,"49,23"
17579,"64,10"
17580,"128,129,40"
17581,"10,64"
17582,"26,350,23"
17583,"3,21,187"
17584,"169,274"
17585,"11,109,10"
17586,"4,3,238"
17587,"89,26,23"
17588,"23,24,49"
17589,"85,3,86"
17590,"64,10,93"
17591,"220,10,221"
17592,"199,281,169"
17593,"11,10,109"
17594,"199,169,281"
17595,"3,147,148"
17596,"3,21"
17597,"23,26,89"
17598,"129,128,40"
17599,"40,128,129"
17600,"3,5"
17601,"11,10,12"
17602,"3,28,330"
17603,"220,10,221"
17604,"220,10"
17605,"0,456,271"
17606,"74,317,23"
17607,"3,21"
17608,"0,218,475"
17609,"220,221,10"
17610,"16,15,3"
17611,"170,459,169"
17612,"3,4,238"
17613,"105,318,23"
17614,"339,337,34"
17615,"3,34,15"
17616,"32,31,23"
17617,"5,228,3"
17618,"23,74"
17619,"3,21,182"
17620,"3,30,66"
17621,"0,216"
17622,"74,23,303"
17623,"170,260,169"
17624,"169,170,199"
17625,"10,11"
17626,0
17627,"241,40,131"
17628,"220,10,221"
17629,"3,187,21"
17630,"23,165,74"
17631,"10,95,54"
17632,"220,10,221"
17633,"16,15,3"
17634,"8,206,0"
17635,23
17636,"3,187,21"
17637,"3,21,127"
17638,"43,24,23"
17639,"54,10,95"
17640,"23,24"
17641,"40,131,466"
17642,"10,64"
17643,"169,170"
17644,"3,34"
17645,"24,43,23"
17646,"10,109,11"
17647,"231,8,26"
17648,"40,406,131"
17649,"40,33,215"
17650,"3,472,111"
17651,"32,31,23"
17652,"3,21"
17653,"11,10,109"
17654,"287,53,3"
17655,"31,23,258"
17656,170
17657,"8,405,169"
17658,"40,406,131"
17659,23
17660,"0,271"
17661,"26,23"
17662,"43,23,24"
17663,23
17664,"3,21,187"
17665,"3,85"
17666,"3,21,126"
17667,"10,64,90"
17668,"10,11,109"
17669,"0,490,271"
17670,"3,21"
17671,"105,23,326"
17672,"169,170"
17673,"3,4,238"
17674,"220,10,221"
17675,"40,241,395"
17676,"220,10,221"
17677,"118,74,23"
17678,23
17679,"23,32,31"
17680,"220,10,242"
17681,3
17682,3
17683,"8,0,308"
17684,23
17685,"169,296"
17686,"3,15,16"
17687,"23,91,74"
17688,"64,93,10"
17689,"3,320,17"
17690,"3,263,34"
17691,"3,85,86"
17692,23
17693,"169,31,170"
17694,"0,265"
17695,"40,149,41"
17696,10
17697,"3,15,147"
17698,"26,89,23"
17699,"169,281,199"
17700,10
17701,"0,265,10"
17702,"169,199"
17703,"128,129,40"
17704,"169,199,248"
17705,"43,24,23"
17706,3
17707,"10,64,93"
17708,"0,235,8"
17709,"169,199,281"
17710,"286,40,41"
17711,"26,89,23"
17712,"40,184,185"
17713,"4,3,19"
17714,"23,74"
17715,"10,220"
17716,"17,168,3"
17717,"40,146,145"
17718,"169,199"
17719,"10,11,12"
17720,"95,54"
17721,3
17722,"3,148,147"
17723,40
17724,"169,3"
17725,"271,0"
17726,"17,139"
17727,"170,169,260"
17728,"54,10,402"
17729,"3,28,30"
17730,"10,60,43"
17731,208
17732,"23,309"
17733,"15,16,144"
17734,"3,4"
17735,"220,10,221"
17736,"21,3"
17737,"43,23,24"
17738,"220,10,221"
17739,"64,10"
17740,169
17741,"169,296"
17742,"3,30"
17743,"40,146,145"
17744,"4,3,19"
17745,"40,286,241"
17746,"40,128"
17747,"4,3"
17748,"64,10,448"
17749,"3,53,85"
17750,"71,23,38"
17751,"169,199,281"
17752,"220,242,10"
17753,"17,168,3"
17754,"169,296"
17755,23
17756,"64,10"
17757,"169,171,199"
17758,10
17759,64
17760,"3,168"
17761,"71,23,44"
17762,"23,89,26"
17763,"43,24,23"
17764,10
17765,"131,40,134"
17766,"0,456,271"
17767,3
17768,"23,91,38"
17769,"3,21"
17770,23
17771,"3,21"
17772,"40,128"
17773,"40,128,129"
17774,"3,15,16"
17775,"3,85,158"
17776,"456,0,271"
17777,"169,296,460"
17778,"0,211,319"
17779,"220,10,242"
17780,0
17781,"23,74"
17782,"0,271,522"
17783,"0,271"
17784,"220,10,221"
17785,"0,271,456"
17786,3
17787,"4,3,176"
17788,"10,64,80"
17789,23
17790,"23,454,31"
17791,3
17792,"40,41"
17793,"220,221,10"
17794,"3,34,21"
17795,"40,131"
17796,"220,10,0"
17797,"21,3,301"
17798,"40,162,163"
17799,"64,10,93"
17800,"139,153"
17801,"17,168,3"
17802,"3,13,14"
17803,"169,170,199"
17804,145
17805,169
17806,40
17807,"3,21"
17808,3
17809,"3,111,267"
17810,"3,21,127"
17811,"10,54"
17812,"386,40,135"
17813,"23,71"
17814,"0,456,271"
17815,"23,31,77"
17816,"10,64"
17817,"40,149,41"
17818,"3,187"
17819,"459,170,169"
17820,"102,3"
17821,402
17822,"3,147,148"
17823,"0,216,380"
17824,40
17825,"494,40,151"
17826,"199,323,169"
17827,"64,93,10"
17828,"0,216"
17829,"74,165,23"
17830,"160,40,315"
17831,"3,21"
17832,"3,17,51"
17833,0
17834,"10,64,93"
17835,"43,95,54"
17836,"43,23,24"
17837,"145,44"
17838,"10,64,93"
17839,"0,8,308"
17840,"10,64,338"
17841,"26,231,23"
17842,"0,265,522"
17843,"64,10,338"
17844,"11,109"
17845,"11,10,109"
17846,"8,0,206"
17847,"15,16,3"
17848,"234,10,60"
17849,"4,19,3"
17850,"224,41,40"
17851,"128,195,129"
17852,"3,4,19"
17853,"40,128,129"
17854,"89,23,26"
17855,"0,271"
17856,"220,10,242"
17857,40
17858,"8,0,206"
17859,"281,169,199"
17860,"44,23"
17861,10
17862,"3,53"
17863,"10,90,64"
17864,"3,17,85"
17865,"64,10"
17866,"234,10,60"
17867,3
17868,"10,234,60"
17869,48
17870,"224,41,40"
17871,"169,426,311"
17872,"199,169,343"
17873,"10,220"
17874,"17,3,168"
17875,"220,0"
17876,"118,74,23"
17877,"40,149,41"
17878,"64,10"
17879,"128,40,195"
17880,"40,41,149"
17881,"0,357"
17882,"23,60,10"
17883,"456,0,271"
17884,"26,231,0"
17885,"0,8,308"
17886,"3,21"
17887,"23,105"
17888,"128,129,40"
17889,"0,266,265"
17890,"21,3,124"
17891,"3,68"
17892,"23,24,49"
17893,"128,129,40"
17894,"169,199"
17895,"40,395"
17896,10
17897,"3,187,21"
17898,"3,66,30"
17899,"199,169,281"
17900,"23,84,74"
17901,"3,4,183"
17902,"74,303,23"
17903,"13,14,3"
17904,"281,169,199"
17905,"0,214,424"
17906,"10,11"
17907,10
17908,"21,33,40"
17909,3
17910,"3,325,53"
17911,"23,303,74"
17912,"10,54,95"
17913,"43,23,24"
17914,"3,147"
17915,"44,145,40"
17916,"23,43,10"
17917,"10,64,93"
17918,"170,169,459"
17919,"2,0"
17920,"0,339"
17921,"40,128"
17922,"4,375,3"
17923,"147,3,148"
17924,"26,23,89"
17925,"0,8,235"
17926,"23,26,89"
17927,"40,131,406"
17928,"169,199"
17929,"23,26"
17930,0
17931,"169,417,170"
17932,"0,214,213"
17933,"40,131"
17934,"3,36,35"
17935,"3,21"
17936,"3,34,263"
17937,"3,85"
17938,"199,281,169"
17939,"0,8,206"
17940,"40,10,145"
17941,"64,10,43"
17942,"0,342"
17943,"59,24,23"
17944,"23,26,89"
17945,"23,309"
17946,"3,401,147"
17947,"317,74,23"
17948,"23,38,309"
17949,"40,224,41"
17950,"3,111"
17951,23
17952,10
17953,"3,115,21"
17954,"0,8,206"
17955,"40,160,334"
17956,"169,296,274"
17957,"10,90,64"
17958,"169,160"
17959,"0,271"
17960,"3,21,17"
17961,"11,10,12"
17962,"3,4,238"
17963,"165,74,23"
17964,"220,10,221"
17965,23
17966,"23,45,24"
17967,3
17968,3
17969,"0,357,381"
17970,"107,118,74"
17971,"169,199,281"
17972,"3,158"
17973,"3,17"
17974,"23,74,118"
17975,"0,206,8"
17976,"3,34,104"
17977,"40,128,395"
17978,"10,64,60"
17979,"0,235"
17980,"169,199"
17981,"3,147,53"
17982,40
17983,"128,40,129"
17984,"40,145"
17985,"242,10,220"
17986,"3,388,85"
17987,"43,24,23"
17988,"199,169,356"
17989,"23,105,318"
17990,"3,34,447"
17991,"4,3,19"
17992,"3,17"
17993,"28,113"
17994,23
17995,"10,11,109"
17996,"40,131,406"
17997,"21,126,3"
17998,"23,105"
17999,169
18000,"234,10,60"
18001,"11,258,10"
18002,"23,26,89"
18003,"220,10,242"
18004,"220,10,221"
18005,326
18006,"25,23"
18007,0
18008,"0,265"
18009,"3,28"
18010,"41,40,286"
18011,"3,21,305"
18012,"23,32,31"
18013,"296,169"
18014,"281,169,199"
18015,"169,171,199"
18016,"10,11,12"
18017,"0,516"
18018,"128,195,40"
18019,"64,10,338"
18020,"74,23,303"
18021,"220,10,242"
18022,23
18023,"74,118,23"
18024,"23,24"
18025,"3,147,148"
18026,"0,255,462"
18027,"40,131,406"
18028,"23,38,63"
18029,"3,21,48"
18030,"0,8,235"
18031,500
18032,"10,11,109"
18033,"23,309,128"
18034,"220,10,221"
18035,"3,21"
18036,"169,459"
18037,"296,169,306"
18038,"169,170,199"
18039,"43,24,23"
18040,"11,10"
18041,"31,258,23"
18042,"128,396,195"
18043,"3,111"
18044,"160,40,315"
18045,"3,505,15"
18046,"40,146"
18047,"64,10,65"
18048,"3,5,228"
18049,"3,111"
18050,"74,317,23"
18051,"115,21,3"
18052,"40,146,145"
18053,"23,32,31"
18054,"17,168,3"
18055,322
18056,"3,122,21"
18057,"184,40,185"
18058,"199,169,323"
18059,"3,21"
18060,"131,40,226"
18061,"40,162"
18062,"368,40,184"
18063,"11,205,10"
18064,"4,3"
18065,"220,221,10"
18066,"3,367"
18067,"40,145,44"
18068,3
18069,23
18070,"23,74,84"
18071,10
18072,"3,147"
18073,"40,184,185"
18074,"111,3,119"
18075,"10,64,93"
18076,"10,11,109"
18077,"40,131,466"
18078,"296,169,411"
18079,"5,3,228"
18080,"3,53,287"
18081,"23,74,303"
18082,"14,10,11"
18083,"10,64,90"
18084,"463,0,31"
18085,"3,85,21"
18086,3
18087,"115,3,21"
18088,"3,5"
18089,"40,152,151"
18090,"64,10,93"
18091,"32,31,23"
18092,"170,260,169"
18093,"44,23,24"
18094,"3,4"
18095,"10,64,93"
18096,"169,23,170"
18097,"64,10,65"
18098,"64,10"
18099,"206,0,8"
18100,"64,10,26"
18101,"40,162,241"
18102,"3,4"
18103,"229,220,10"
18104,"23,137"
18105,"23,26"
18106,"40,160,423"
18107,"23,32,74"
18108,"131,40,406"
18109,"11,10,109"
18110,40
18111,"40,145"
18112,"3,21,228"
18113,"5,6,3"
18114,"3,85"
18115,"111,3,123"
18116,"112,3,111"
18117,"3,85"
18118,"3,34,263"
18119,"3,21"
18120,3
18121,"10,64,93"
18122,"43,24,23"
18123,"169,31"
18124,"3,21,148"
18125,"220,10,221"
18126,"4,3,435"
18127,10
18128,0
18129,"43,23,24"
18130,"0,235,255"
18131,"15,16,3"
18132,"220,10,221"
18133,"3,5,228"
18134,"0,348,255"
18135,"3,267,111"
18136,0
18137,"49,24,23"
18138,"13,3,14"
18139,"64,10,80"
18140,"105,23"
18141,"0,271,456"
18142,"10,64"
18143,"40,131,241"
18144,"3,4,19"
18145,"220,10,221"
18146,10
18147,"3,21"
18148,"40,151,152"
18149,"4,3"
18150,"169,199"
18151,"43,24,23"
18152,"40,145"
18153,"10,64"
18154,10
18155,"10,11,205"
18156,40
18157,"135,40,236"
18158,"74,23,303"
18159,"4,3,19"
18160,"3,21,108"
18161,"3,48,21"
18162,"17,3,168"
18163,"89,26,23"
18164,"64,10,80"
18165,0
18166,3
18167,73
18168,"145,40"
18169,"3,263,34"
18170,"23,106,105"
18171,"3,21"
18172,"64,10,93"
18173,"49,23,24"
18174,"3,21"
18175,"169,171,170"
18176,"3,66,30"
18177,"23,74"
18178,"0,271,456"
18179,3
18180,"220,10,221"
18181,"3,111,284"
18182,"3,53,523"
18183,"3,34"
18184,"64,10,93"
18185,"3,15"
18186,"3,5,228"
18187,"10,60"
18188,"402,145,40"
18189,"64,10,93"
18190,"74,23,317"
18191,"0,280"
18192,"13,3,14"
18193,3
18194,"131,40,241"
18195,"3,41"
18196,"74,23,118"
18197,"10,43,60"
18198,"40,128,129"
18199,"23,26,89"
18200,23
18201,"64,10"
18202,"44,45,145"
18203,"26,23"
18204,"10,54,322"
18205,"3,21,33"
18206,"23,26"
18207,"0,271,456"
18208,"44,145,40"
18209,"43,23,24"
18210,"3,111,112"
18211,"3,5,57"
18212,"23,74,118"
18213,"48,40,21"
18214,"40,131,406"
18215,"10,60"
18216,"15,3,16"
18217,"3,53"
18218,"3,147,21"
18219,"204,3"
18220,"128,129,40"
18221,"0,456,271"
18222,"320,3,17"
18223,"3,28,190"
18224,"26,89,23"
18225,"296,169"
18226,"281,169,199"
18227,23
18228,"64,10,448"
18229,"40,131,406"
18230,"23,105"
18231,"3,21"
18232,"8,206,0"
18233,"23,84,74"
18234,"5,6,3"
18235,"3,21,17"
18236,"3,15,16"
18237,"0,271"
18238,"0,366,271"
18239,"23,74,317"
18240,"3,21,127"
18241,199
18242,"23,24,59"
18243,"147,3,148"
18244,"3,48,21"
18245,"3,147"
18246,"23,309,38"
18247,"204,3,13"
18248,"169,170"
18249,"31,23,0"
18250,"0,216,212"
18251,"170,459,169"
18252,"220,10,242"
18253,"3,21,187"
18254,"10,64,448"
18255,"40,41,42"
18256,"3,34,263"
18257,"3,4,238"
18258,"10,220,221"
18259,"74,165,23"
18260,"23,38,137"
18261,"3,4"
18262,"169,171"
18263,"11,10"
18264,"10,402"
18265,23
18266,"0,456,271"
18267,170
18268,"11,10,205"
18269,"10,220,242"
18270,3
18271,"3,17"
18272,"53,287"
18273,"128,40,129"
18274,"3,17,21"
18275,"40,466,131"
18276,"169,199"
18277,"0,304,216"
18278,"0,2,1"
18279,"23,91"
18280,"131,406,40"
18281,"44,40,145"
18282,40
18283,"3,85"
18284,"3,4,238"
18285,"0,271"
18286,"3,147"
18287,23
18288,"3,21,127"
18289,10
18290,24
18291,"169,10"
18292,"23,43,24"
18293,"3,148,147"
18294,"3,147,148"
18295,3
18296,"3,367"
18297,"40,128,129"
18298,"0,271,424"
18299,"60,239,10"
18300,"406,131,40"
18301,"21,127,40"
18302,"89,26,23"
18303,"23,74"
18304,"3,21,126"
18305,3
18306,0
18307,"0,377,8"
18308,"0,89"
18309,"23,26"
18310,"169,339,337"
18311,"169,281,199"
18312,"220,10,221"
18313,"8,0,308"
18314,"0,304,216"
18315,"3,4,70"
18316,"231,206,26"
18317,"23,131"
18318,"64,10,90"
18319,"169,171,199"
18320,"3,34,263"
18321,"24,23,43"
18322,"43,24,23"
18323,"199,169"
18324,"64,10,80"
18325,3
18326,"26,0"
18327,"64,10"
18328,131
18329,"3,52,28"
18330,"44,45"
18331,"169,170,199"
18332,"3,28,30"
18333,"40,44,145"
18334,"3,147"
18335,"40,129,128"
18336,"220,10,242"
18337,"40,151,152"
18338,"419,11,10"
18339,"40,146,145"
18340,3
18341,"3,85,86"
18342,"40,128,334"
18343,"220,10,242"
18344,"3,21"
18345,"10,64,80"
18346,"40,139,153"
18347,"10,64,93"
18348,"3,21"
18349,"169,171,170"
18350,"382,114,169"
18351,"169,199"
18352,"40,160"
18353,"129,128,40"
18354,23
18355,"64,10,93"
18356,199
18357,"3,15,16"
18358,"281,169,199"
18359,"40,41,42"
18360,40
18361,"3,4"
18362,"3,21,48"
18363,"64,10,43"
18364,"147,3"
18365,"24,23,11"
18366,17
18367,"3,34"
18368,0
18369,"40,160,149"
18370,"0,8,206"
18371,"74,23,118"
18372,"3,28,190"
18373,"199,169,343"
18374,"3,28,66"
18375,"23,306"
18376,"220,10,221"
18377,"40,131,226"
18378,0
18379,"4,3,19"
18380,"28,190,3"
18381,"10,64"
18382,"3,187,21"
18383,"23,26"
18384,"147,3,148"
18385,"40,131,226"
18386,169
18387,"54,10,95"
18388,"3,187,21"
18389,"0,216,380"
18390,"456,271,0"
18391,"40,41,128"
18392,"8,308,0"
18393,"4,3,375"
18394,"0,266,265"
18395,"231,26,23"
18396,"8,0,206"
18397,"17,320,3"
18398,"40,131,406"
18399,"199,169"
18400,"169,199,281"
18401,"3,320,17"
18402,3
18403,"220,10,242"
18404,"23,89,26"
18405,"64,10,448"
18406,"3,5,228"
18407,0
18408,"3,48,21"
18409,"3,30,104"
18410,"138,40,135"
18411,11
18412,23
18413,"3,21"
18414,"44,45"
18415,3
18416,"64,10"
18417,"3,187,21"
18418,"3,21"
18419,"0,271,272"
18420,"40,160"
18421,"169,170"
18422,3
18423,"0,216,212"
18424,"162,40,163"
18425,"199,169"
18426,"40,129,128"
18427,"3,21"
18428,"23,26,89"
18429,"74,23,303"
18430,"23,406"
18431,"74,23"
18432,"3,21"
18433,"40,395,41"
18434,"3,21"
18435,"43,23,24"
18436,"40,286"
18437,"231,26,23"
18438,"23,74,165"
18439,"3,33,147"
18440,74
18441,"281,3,199"
18442,"3,4"
18443,"3,182,68"
18444,"40,145"
18445,"64,10,335"
18446,"3,34,263"
18447,"40,41"
18448,"54,10,322"
18449,"4,3,238"
18450,"0,211,319"
18451,"23,309,38"
18452,"226,131,40"
18453,"23,74,303"
18454,"456,0,271"
18455,"0,456,271"
18456,"40,131,406"
18457,"3,267,111"
18458,"0,456,271"
18459,"169,64"
18460,"0,206,8"
18461,"74,23,303"
18462,"74,23,165"
18463,3
18464,"26,23,89"
18465,"0,211,319"
18466,"3,53,68"
18467,"10,11"
18468,"3,4,238"
18469,"11,10,109"
18470,"199,169"
18471,"111,123,3"
18472,"169,337,339"
18473,3
18474,"4,3"
18475,"89,26,23"
18476,"169,199,281"
18477,"40,160"
18478,"3,34,15"
18479,"147,3,156"
18480,"40,139,153"
18481,"64,10,80"
18482,"77,23,31"
18483,"160,315,40"
18484,3
18485,"48,21"
18486,"4,3,238"
18487,"23,74,118"
18488,"10,64"
18489,"3,187,34"
18490,"44,45,145"
18491,"10,54,322"
18492,"43,24,23"
18493,"64,10,93"
18494,"4,3,19"
18495,"0,271,363"
18496,"40,41"
18497,"169,199,248"
18498,"40,138,135"
18499,"40,145,44"
18500,"3,4"
18501,"281,199,169"
18502,"300,296,169"
18503,"10,64"
18504,"64,10,473"
18505,"23,71"
18506,11
18507,"138,40,135"
18508,"45,44,40"
18509,"74,23"
18510,"40,131"
18511,"64,10,93"
18512,"346,313,501"
18513,"3,263,34"
18514,"3,5,4"
18515,"220,10,242"
18516,"10,64"
18517,23
18518,"17,168,3"
18519,"290,31,23"
18520,"135,40,244"
18521,"0,8,391"
18522,"23,26,89"
18523,"54,95,40"
18524,"59,24,23"
18525,"10,49,24"
18526,"60,10,61"
18527,"24,25"
18528,"224,41,40"
18529,"40,41,324"
18530,"40,146,145"
18531,"23,24,11"
18532,"3,111,112"
18533,"129,128,40"
18534,"0,279,254"
18535,"3,147"
18536,"21,127,395"
18537,"34,3,263"
18538,"23,74,84"
18539,"40,162,163"
18540,"129,128,40"
18541,"4,3,238"
18542,"169,199"
18543,"0,366,271"
18544,"24,23,49"
18545,0
18546,"0,304"
18547,"155,139,419"
18548,"3,111"
18549,"0,3"
18550,"265,0,208"
18551,"23,105"
18552,"10,145"
18553,"102,40,21"
18554,"16,15,3"
18555,"16,15,3"
18556,23
18557,"23,26,89"
18558,"199,281,169"
18559,"10,11"
18560,"23,107"
18561,"44,45"
18562,"3,148,147"
18563,0
18564,"281,169,199"
18565,"129,128,40"
18566,"54,10,322"
18567,"0,31,216"
18568,"3,21,147"
18569,"26,89,23"
18570,"17,168,3"
18571,"21,3,102"
18572,169
18573,"4,3,238"
18574,"23,38,309"
18575,"3,147,148"
18576,"3,21,127"
18577,"220,242,10"
18578,"23,309,40"
18579,"50,3,262"
18580,"296,169"
18581,"138,40,135"
18582,"169,199,343"
18583,"23,303,105"
18584,"40,226,131"
18585,"199,169,323"
18586,"64,10,93"
18587,"199,169,356"
18588,"44,145,11"
18589,"10,54,322"
18590,"0,279,249"
18591,"24,23,345"
18592,"3,17,34"
18593,"3,13,14"
18594,"126,21,42"
18595,"3,111,472"
18596,"296,169,417"
18597,"3,379,21"
18598,"89,26,23"
18599,"169,405,8"
18600,"10,64,93"
18601,3
18602,"23,26,89"
18603,"131,40,226"
18604,"3,111"
18605,"40,151,152"
18606,"220,10,242"
18607,"323,199,169"
18608,"32,31,23"
18609,3
18610,"138,169"
18611,"74,23,317"
18612,23
18613,"40,149,41"
18614,"169,323,199"
18615,0
18616,"3,111"
18617,"11,10,12"
18618,"26,23,89"
18619,"0,206"
18620,"40,127"
18621,"0,255,462"
18622,"40,146,145"
18623,"10,64,220"
18624,"3,13"
18625,"10,109"
18626,"10,11,12"
18627,"135,141,40"
18628,"296,169"
18629,23
18630,"3,4,238"
18631,"3,85,86"
18632,"5,6,3"
18633,"3,53"
18634,"0,206,8"
18635,"3,111,53"
18636,"165,74,23"
18637,"220,10,221"
18638,"40,138,135"
18639,"220,10,242"
18640,"64,10"
18641,"28,3"
18642,"23,71"
18643,"10,64,90"
18644,"3,21"
18645,23
18646,"169,281,199"
18647,3
18648,"40,145,402"
18649,"59,23,24"
18650,"3,15,16"
18651,"3,158,85"
18652,"3,33"
18653,"23,105,106"
18654,"17,168,3"
18655,"41,224,40"
18656,"456,0,271"
18657,"0,456,271"
18658,23
18659,"3,21,187"
18660,"169,281,199"
18661,"0,8,206"
18662,"3,147,148"
18663,"40,131,406"
18664,"4,3,19"
18665,"44,73,145"
18666,"10,95,54"
18667,"64,10,93"
18668,"0,314,304"
18669,"160,40,315"
18670,"25,23,24"
18671,"0,265"
18672,3
18673,"128,40,195"
18674,"0,279,249"
18675,"23,48"
18676,"169,170,199"
18677,"3,6,320"
18678,"64,10,79"
18679,0
18680,"206,8,0"
18681,"40,128,186"
18682,"169,199,171"
18683,"402,145,40"
18684,"34,3"
18685,"23,49,24"
18686,"3,158"
18687,"40,241,128"
18688,"3,21"
18689,"24,23,49"
18690,"3,53,287"
18691,"23,105,106"
18692,10
18693,"10,60"
18694,"220,221,10"
18695,3
18696,"23,118,74"
18697,"31,169,454"
18698,"43,24,23"
18699,"44,109"
18700,"0,218"
18701,"169,199,281"
18702,"3,4"
18703,"26,89,0"
18704,"23,24,345"
18705,"169,436,426"
18706,"64,10"
18707,"42,40,41"
18708,"40,145"
18709,"10,54,64"
18710,"169,456,271"
18711,"93,64,10"
18712,"339,169,337"
18713,"169,170"
18714,"287,53,0"
18715,3
18716,"296,169,306"
18717,"3,53"
18718,"23,95"
18719,3
18720,"169,296"
18721,"40,146,145"
18722,"0,211,319"
18723,"23,24,10"
18724,"10,64,93"
18725,"26,23,199"
18726,"3,17"
18727,"199,169,248"
18728,"23,232"
18729,"40,152"
18730,"0,521"
18731,"23,74,71"
18732,"0,271"
18733,"40,131"
18734,"170,169,260"
18735,"230,29,28"
18736,"44,45,40"
18737,"220,242,10"
18738,169
18739,"169,339,337"
18740,"40,128,129"
18741,"147,3"
18742,"3,263,168"
18743,"313,346,0"
18744,"3,5,228"
18745,"40,131"
18746,"169,281,199"
18747,"3,32,31"
18748,"40,135"
18749,"169,199,138"
18750,40
18751,"3,33,21"
18752,"23,74,71"
18753,"40,131,406"
18754,"0,206,8"
18755,"131,193,406"
18756,"64,10,80"
18757,3
18758,"49,23,24"
18759,"0,265"
18760,"23,26"
18761,"43,24,23"
18762,"0,8,308"
18763,"3,21"
18764,"11,10,109"
18765,"105,23"
18766,"96,31,131"
18767,"26,89,23"
18768,"147,3,148"
18769,"290,3"
18770,"0,206,8"
18771,"3,53,287"
18772,23
18773,"40,131,406"
18774,"10,64,93"
18775,"5,3,57"
18776,"3,15,17"
18777,"40,131,241"
18778,"44,40"
18779,"3,21,126"
18780,"64,10"
18781,"43,24,23"
18782,"31,258,23"
18783,"169,199,138"
18784,"4,3"
18785,"31,40"
18786,"10,95,54"
18787,"0,361,272"
18788,"40,145"
18789,"64,10,448"
18790,"3,111"
18791,"10,64"
18792,"0,206,8"
18793,"3,325,53"
18794,"3,147,203"
18795,"169,199"
18796,"0,265,266"
18797,"169,508"
18798,"23,24,49"
18799,"43,23,24"
18800,"3,5,228"
18801,"199,323,10"
18802,"169,171,199"
18803,"0,271,272"
18804,"220,10,242"
18805,"147,203,3"
18806,"64,10,448"
18807,23
18808,3
18809,"220,10,221"
18810,3
18811,"3,111"
18812,"129,128,40"
18813,"26,23,350"
18814,"160,40,315"
18815,"0,8,206"
18816,"11,10,12"
18817,"44,145,40"
18818,"23,231"
18819,"197,10,23"
18820,"3,147,148"
18821,"23,38"
18822,3
18823,23
18824,"138,169"
18825,"199,169"
18826,"3,34"
18827,10
18828,"10,11,12"
18829,"0,8"
18830,"3,85,86"
18831,"199,169,323"
18832,23
18833,"3,30,66"
18834,"3,263,34"
18835,"40,10,55"
18836,"0,235"
18837,"170,169,260"
18838,"3,21,127"
18839,"10,64,80"
18840,"169,199,343"
18841,"23,89,26"
18842,"0,271,355"
18843,"21,3,127"
18844,"32,23,31"
18845,"40,184,185"
18846,"25,24"
18847,"40,152,151"
18848,"54,10,95"
18849,"23,39"
18850,"523,3,53"
18851,3
18852,"171,169,199"
18853,"3,4,238"
18854,"401,13,14"
18855,"0,271"
18856,"281,199,169"
18857,"49,24,23"
18858,"40,131,406"
18859,"201,21"
18860,"3,21,102"
18861,"0,266,265"
18862,"64,10"
18863,"10,55"
18864,"169,199,343"
18865,"199,169,3"
18866,"0,8"
18867,"10,54"
18868,"28,74,330"
18869,"4,3"
18870,"23,89"
18871,"23,44"
18872,"40,226,131"
18873,"0,313,346"
18874,"43,23,24"
18875,"3,30"
18876,"23,26"
18877,169
18878,3
18879,"16,15,3"
18880,"3,21"
18881,"3,284,111"
18882,"4,188,3"
18883,"10,239,60"
18884,"23,43,24"
18885,"220,10,242"
18886,"64,10,79"
18887,"3,21"
18888,"3,15,16"
18889,"206,8,0"
18890,"10,220"
18891,"43,23,24"
18892,0
18893,"3,187"
18894,"0,249,279"
18895,"3,21,127"
18896,10
18897,"40,145"
18898,"165,74,23"
18899,"26,89,23"
18900,"40,128,186"
18901,169
18902,"0,462,255"
18903,"64,10,80"
18904,"138,135,40"
18905,"64,10"
18906,"23,63"
18907,"40,145"
18908,"43,24,23"
18909,"23,118,74"
18910,"3,21,127"
18911,"11,10"
18912,"3,48"
18913,40
18914,0
18915,"0,304,216"
18916,"3,111,147"
18917,"11,10,419"
18918,44
18919,"17,168,3"
18920,"3,85,293"
18921,"43,23,24"
18922,"0,340"
18923,"220,10"
18924,169
18925,"17,3,168"
18926,"40,111"
18927,"169,199,248"
18928,"3,21"
18929,"40,402,145"
18930,"3,53,21"
18931,23
18932,"26,89,23"
18933,"23,105,106"
18934,23
18935,"40,146"
18936,"64,10,93"
18937,"0,363,271"
18938,"243,317,184"
18939,"10,64"
18940,"0,8,235"
18941,"0,89"
18942,"170,169,260"
18943,"3,40,53"
18944,"0,456,271"
18945,"10,11,109"
18946,"0,280,348"
18947,"40,41,286"
18948,"220,10,221"
18949,"3,34"
18950,"17,3,18"
18951,"220,10,221"
18952,"0,456,271"
18953,"0,265,349"
18954,"168,17,40"
18955,"4,3,19"
18956,"211,319,0"
18957,"0,8,235"
18958,"40,146,145"
18959,"11,10"
18960,"3,112,111"
18961,"43,23,10"
18962,"350,23,0"
18963,"23,91"
18964,"24,49,23"
18965,"456,0,271"
18966,"40,128"
18967,"3,53"
18968,"139,40,155"
18969,"11,10,109"
18970,"40,149,41"
18971,"17,168,3"
18972,"339,169,337"
18973,3
18974,"3,379,21"
18975,"3,4,183"
18976,"23,24,43"
18977,"26,23,231"
18978,"74,23,165"
18979,"71,165,23"
18980,"3,66,30"
18981,"14,13,3"
18982,"40,149,160"
18983,"10,11,90"
18984,"3,293"
18985,"40,131,134"
18986,"3,34,263"
18987,"64,10,448"
18988,"3,21"
18989,"64,10,80"
18990,"4,3,435"
18991,"100,3,194"
18992,"220,0"
18993,"3,68"
18994,"10,64"
18995,"17,168,3"
18996,"169,260,170"
18997,3
18998,"13,3,204"
18999,10
19000,"135,40,236"
19001,"17,168,3"
19002,"4,3,174"
19003,"3,154,21"
19004,"34,3,263"
19005,"0,313,346"
19006,"3,4,238"
19007,"169,199,248"
19008,169
19009,"3,17"
19010,"23,265,340"
19011,40
19012,"23,118,74"
19013,"40,131,406"
19014,"169,199"
19015,"3,21"
19016,"17,168"
19017,"3,36,35"
19018,"220,10,221"
19019,"0,271"
19020,"64,10,93"
19021,"3,28,367"
19022,"23,105,24"
19023,"220,10,242"
19024,"4,19,3"
19025,"40,131,226"
19026,"3,147"
19027,"467,53,3"
19028,"4,3"
19029,"23,91"
19030,"151,40,152"
19031,"43,24,10"
19032,"40,152,151"
19033,"5,3,228"
19034,"64,10,80"
19035,"0,218,348"
19036,3
19037,"128,129,130"
19038,23
19039,"40,128"
19040,3
19041,"3,5"
19042,"10,11"
19043,"109,11"
19044,3
19045,"3,467,53"
19046,0
19047,"3,30,66"
19048,"26,23,89"
19049,"0,456,271"
19050,"152,151,494"
19051,"64,10,93"
19052,"0,255,462"
19053,"0,456,271"
19054,"220,10,221"
19055,"0,516"
19056,0
19057,"199,169"
19058,"10,419"
19059,"40,146"
19060,3
19061,10
19062,3
19063,"199,169,343"
19064,17
19065,"5,228,3"
19066,"3,147,33"
19067,"0,522"
19068,"17,168,3"
19069,3
19070,3
19071,"3,21,182"
19072,"3,53,21"
19073,"3,22,158"
19074,"3,147,148"
19075,"23,105,24"
19076,"405,8,169"
19077,"3,4,238"
19078,"11,10,109"
19079,"44,145,40"
19080,"8,0,308"
19081,"3,53,325"
19082,"64,93,10"
19083,"169,170,260"
19084,"3,147"
19085,"26,23,0"
19086,64
19087,"32,31,23"
19088,23
19089,"128,26,0"
19090,"17,3"
19091,23
19092,"3,4"
19093,"64,23,24"
19094,0
19095,"40,128"
19096,"32,31,23"
19097,"25,24,23"
19098,"220,10,242"
19099,"10,323,199"
19100,"23,74,84"
19101,"129,128,40"
19102,"3,104,30"
19103,40
19104,"40,3"
19105,"0,271,342"
19106,"3,379,17"
19107,3
19108,"296,306,169"
19109,"10,64,90"
19110,"3,68,53"
19111,10
19112,"64,10,448"
19113,3
19114,"64,199,169"
19115,"105,23"
19116,"0,271"
19117,"55,10,40"
19118,317
19119,"3,4,364"
19120,"10,54,95"
19121,"3,85"
19122,"24,59,10"
19123,"0,279,249"
19124,"3,147,148"
19125,"49,23,24"
19126,"3,147,148"
19127,3
19128,"74,165,23"
19129,10
19130,"3,48,21"
19131,"0,271,456"
19132,"3,147,148"
19133,"171,169,199"
19134,"0,218,512"
19135,"160,40,315"
19136,"0,213,214"
19137,"40,131"
19138,"40,131"
19139,"10,11,12"
19140,0
19141,23
19142,"281,199,169"
19143,"156,3,147"
19144,"380,216,0"
19145,"118,74,23"
19146,"128,129,40"
19147,"0,8,235"
19148,"3,147,33"
19149,"10,64"
19150,"0,271,456"
19151,"3,4,19"
19152,"169,199,281"
19153,"3,168,21"
19154,23
19155,"0,456,271"
19156,23
19157,"10,218,11"
19158,"64,10,80"
19159,"10,54"
19160,23
19161,10
19162,"0,206"
19163,"23,105,318"
19164,"234,60,10"
19165,169
19166,"64,10"
19167,44
19168,0
19169,"3,147,148"
19170,"49,24,23"
19171,"3,48"
19172,"23,74"
19173,"38,23,82"
19174,"17,168,3"
19175,"64,10,93"
19176,"40,478"
19177,"10,12,338"
19178,"40,131,406"
19179,"89,23,26"
19180,"220,10,221"
19181,"0,265,340"
19182,3
19183,"346,0,313"
19184,"23,74"
19185,"0,8,206"
19186,"0,348,280"
19187,"74,23,317"
19188,"13,3,150"
19189,"220,10,242"
19190,"3,28"
19191,"10,220"
19192,146
19193,"10,239,64"
19194,"10,64,90"
19195,"23,32"
19196,"0,346"
19197,"23,0"
19198,"3,147,148"
19199,53
19200,"147,3,148"
19201,"3,17,168"
19202,"0,456,271"
19203,"0,208"
19204,3
19205,"23,24"
19206,"23,24,44"
19207,"199,169,248"
19208,23
19209,"3,28,21"
19210,23
19211,"3,238"
19212,"281,199,169"
19213,74
19214,"32,31,23"
19215,3
19216,"220,10,221"
19217,"3,147,148"
19218,44
19219,"220,10,221"
19220,"26,89,23"
19221,"3,96"
19222,"3,228,21"
19223,"74,118,23"
19224,"0,206"
19225,"10,220,221"
19226,"64,10"
19227,"170,169,260"
19228,"23,71,74"
19229,10
19230,"3,115"
19231,"23,105,318"
19232,"3,21"
19233,"40,128,186"
19234,23
19235,"131,406,40"
19236,"169,199,343"
19237,"169,281,199"
19238,23
19239,"10,60,239"
19240,"220,10"
19241,"49,23,24"
19242,"0,249,279"
19243,"170,169,459"
19244,"40,131"
19245,"23,71"
19246,"0,214,271"
19247,"0,280,223"
19248,"296,300,169"
19249,"3,4"
19250,"74,23,165"
19251,"64,10"
19252,"10,54"
19253,40
19254,"3,34"
19255,"23,25,24"
19256,"40,160,152"
19257,169
19258,"10,93,64"
19259,"40,129,128"
19260,"3,46,34"
19261,"3,187,21"
19262,0
19263,"10,93"
19264,"128,40,195"
19265,"3,21,102"
19266,"3,53"
19267,"3,21,127"
19268,"23,105"
19269,"103,38,23"
19270,"10,93,64"
19271,"3,53,287"
19272,"3,21,164"
19273,44
19274,3
19275,"153,139"
19276,"23,24,43"
19277,"3,32"
19278,"169,199"
19279,"8,206,0"
19280,"23,137"
19281,"162,163,40"
19282,"3,21"
19283,"322,10,54"
19284,"3,30,66"
19285,"3,30,66"
19286,"64,10,448"
19287,"3,32"
19288,"3,85"
19289,"0,271,456"
19290,"3,176,4"
19291,"0,216"
19292,"402,40,145"
19293,"169,296"
19294,"40,131"
19295,"40,160,315"
19296,"3,21,108"
19297,"0,271,360"
19298,"25,67"
19299,"169,199"
19300,"74,303,23"
19301,"3,21,108"
19302,"102,40"
19303,"23,32,30"
19304,"10,64,93"
19305,"40,131"
19306,"23,25"
19307,"23,38"
19308,"23,24,95"
19309,"402,40,145"
19310,"3,30,28"
19311,"10,64,93"
19312,"23,74,303"
19313,"0,8"
19314,"23,25,95"
19315,"0,380,216"
19316,"0,271"
19317,"0,11,24"
19318,"96,23,31"
19319,"0,280,271"
19320,3
19321,"40,201,41"
19322,"220,10,242"
19323,131
19324,"40,524"
19325,"218,0"
19326,"169,170,171"
19327,"26,23,89"
19328,"10,54"
19329,"3,66,30"
19330,"17,3,168"
19331,"10,54"
19332,"339,337,169"
19333,"220,10,221"
19334,"0,355"
19335,"151,152,40"
19336,"40,41"
19337,"3,53"
19338,"375,4"
19339,"169,281,199"
19340,"170,169"
19341,"111,169"
19342,"286,3,41"
19343,"8,206,0"
19344,"3,48"
19345,"71,23"
19346,"128,129,40"
19347,"0,8"
19348,"169,170,337"
19349,"23,31"
19350,"23,137,38"
19351,"64,23,24"
19352,169
19353,23
19354,"220,10,242"
19355,"31,32,23"
19356,"49,23,24"
19357,"402,40,145"
19358,"138,40,135"
19359,"23,89,26"
19360,230
19361,31
19362,"131,40,406"
19363,"3,147,156"
19364,3
19365,"0,229"
19366,"64,10"
19367,"64,10"
19368,"10,11,109"
19369,"151,40,152"
19370,"0,348"
19371,"0,355,271"
19372,"23,165,74"
19373,"40,131"
19374,147
19375,"3,17,168"
19376,"296,169,306"
19377,"281,199,169"
19378,"220,10,242"
19379,"10,45,44"
19380,"0,218,465"
19381,"11,10,109"
19382,"0,216"
19383,23
19384,"3,53,105"
19385,"0,8"
19386,"23,26,231"
19387,3
19388,10
19389,"40,41"
19390,"10,11"
19391,"0,1,277"
19392,"10,322,54"
19393,"23,24,49"
19394,"0,271"
19395,3
19396,"3,21,124"
19397,3
19398,"17,168"
19399,"10,220,242"
19400,"24,59,10"
19401,0
19402,"170,169,171"
19403,"23,105"
19404,"21,3,127"
19405,"40,145,402"
19406,"408,40,128"
19407,"169,296,417"
19408,"350,26,23"
19409,"10,64"
19410,"13,204,3"
19411,"10,11"
19412,"23,74,165"
19413,"23,74,303"
19414,23
19415,"5,3,6"
19416,"0,257"
19417,"54,10"
19418,"3,17,320"
19419,"3,21,127"
19420,"10,64,93"
19421,"71,23,38"
19422,"40,128,186"
19423,"74,23,317"
19424,3
19425,"0,206,8"
19426,"11,109,10"
19427,"147,203,3"
19428,"23,84,74"
19429,"93,64,10"
19430,"10,64,93"
19431,"34,263,3"
19432,"147,3,148"
19433,"54,40,10"
19434,3
19435,"31,96,23"
19436,"3,21"
19437,"23,89,26"
19438,"4,3"
19439,3
19440,"11,10,109"
19441,"23,49,24"
19442,"160,40,315"
19443,"23,49,24"
19444,"23,31,328"
19445,"54,322,10"
19446,"49,23,24"
19447,"24,59,10"
19448,"10,60,61"
19449,"23,74"
19450,"0,346,313"
19451,"0,456,271"
19452,"3,53"
19453,3
19454,"0,218"
19455,"17,168,3"
19456,"0,271"
19457,"0,218"
19458,3
19459,0
19460,"0,265,418"
19461,"160,40,423"
19462,"160,302,40"
19463,"3,21,33"
19464,"40,131"
19465,"11,10,205"
19466,"3,168,17"
19467,"23,26,89"
19468,"3,21"
19469,"40,324"
19470,"10,11,109"
19471,"40,184,185"
19472,"44,40,145"
19473,"3,22,21"
19474,"40,395,128"
19475,"23,131,31"
19476,3
19477,"165,74,23"
19478,3
19479,"402,145,40"
19480,"3,21"
19481,"169,170"
19482,"169,171,199"
19483,"0,271"
19484,"3,4"
19485,"199,169"
19486,"3,379"
19487,"74,23,303"
19488,"169,111,343"
19489,"3,523,147"
19490,"40,131,406"
19491,"40,131,406"
19492,"169,199"
19493,"3,22"
19494,"147,3,167"
19495,"169,199,374"
19496,"11,10,205"
19497,"10,60,54"
19498,"40,162"
19499,"170,3,53"
19500,"0,249"
19501,"3,28"
19502,"128,129,130"
19503,"10,64"
19504,"10,64,93"
19505,"74,23,118"
19506,"147,3,148"
19507,40
19508,"152,40,151"
19509,"3,21,182"
19510,"4,3,435"
19511,"353,169"
19512,220
19513,"40,145,44"
19514,"3,21,68"
19515,"23,43,10"
19516,"3,40"
19517,"40,131"
19518,"40,128,186"
19519,"11,10,109"
19520,"3,53,523"
19521,"0,8"
19522,"40,241,131"
19523,"74,317,23"
19524,"23,175"
19525,"23,10,24"
19526,"303,74,23"
19527,"64,10,90"
19528,"10,64,54"
19529,"3,85,86"
19530,"3,523"
19531,"53,290,325"
19532,"169,170,171"
19533,"169,199"
19534,"10,220"
19535,40
19536,"162,163,40"
19537,"146,40,145"
19538,"0,304,216"
19539,"40,152,128"
19540,"0,8,206"
19541,"74,23,165"
19542,"74,23,317"
19543,"53,287,523"
19544,23
19545,3
19546,"220,10,242"
19547,"17,3"
19548,"0,212,211"
19549,"147,3,148"
19550,"23,74"
19551,"3,21"
19552,"40,368,131"
19553,"23,74,84"
19554,"169,260,170"
19555,"169,339,337"
19556,"279,249,0"
19557,"11,10,109"
19558,"4,3,19"
19559,"3,53,99"
19560,"131,241,406"
19561,"31,328,23"
19562,159
19563,"40,128,129"
19564,"40,402,145"
19565,"231,26,23"
19566,"131,40,406"
19567,"3,21,127"
19568,"128,129,40"
19569,"0,355,346"
19570,"296,169,460"
19571,"4,3,70"
19572,"3,127,21"
19573,"220,10,242"
19574,"40,131,406"
19575,"23,317,74"
19576,"11,10,109"
19577,"3,104,21"
19578,"296,169,371"
19579,"4,3"
19580,"17,168,3"
19581,"10,54,95"
19582,"31,290"
19583,"128,129,40"
19584,"10,220"
19585,"3,292,53"
19586,"0,279,249"
19587,"21,127,3"
19588,"10,64"
19589,"4,3,238"
19590,"199,169,323"
19591,"3,21,187"
19592,"40,41"
19593,"0,265,24"
19594,0
19595,3
19596,"3,111,68"
19597,"40,135"
19598,"169,170,260"
19599,"111,125,3"
19600,"49,24,23"
19601,"0,355"
19602,"281,169,199"
19603,10
19604,3
19605,"3,21,102"
19606,"10,49,23"
19607,"3,28,190"
19608,"513,2"
19609,"11,10,109"
19610,"3,4,19"
19611,"3,204"
19612,"128,129,40"
19613,"3,48,21"
19614,"0,206,8"
19615,"3,111"
19616,"44,45,145"
19617,"169,199,343"
19618,169
19619,"220,10,221"
19620,"512,3,218"
19621,"3,53"
19622,"23,105,318"
19623,"74,84,23"
19624,"169,199,281"
19625,3
19626,"147,3,167"
19627,"0,206,8"
19628,"40,131,406"
19629,"84,23,74"
19630,"10,64"
19631,"0,216,212"
19632,"3,4"
19633,"26,89,23"
19634,"296,169,460"
19635,"135,138,40"
19636,"74,23"
19637,3
19638,"23,38,440"
19639,"23,24,49"
19640,"10,54,96"
19641,40
19642,"89,23,26"
19643,"40,151,152"
19644,"3,30,66"
19645,"40,145,44"
19646,"169,170"
19647,"0,26,23"
19648,"23,89,26"
19649,"23,32,31"
19650,"31,23"
19651,"23,8"
19652,3
19653,"40,145,55"
19654,"40,131,226"
19655,23
19656,"21,3,42"
19657,"3,108,21"
