id,labels
0,"64,10,93"
1,"168,3,17"
2,"53,467,3"
3,"0,216,257"
4,"10,220,242"
5,"206,0,8"
6,"40,44,145"
7,"3,21,126"
8,"49,23,24"
9,"3,21,28"
10,"24,265,0"
11,"54,10,145"
12,"169,296,507"
13,"456,0,271"
14,"23,71,38"
15,"23,38,26"
16,"10,64,80"
17,"3,267,111"
18,"10,64,93"
19,"220,10,242"
20,"10,60,64"
21,"26,89,23"
22,"5,57,3"
23,"40,41,215"
24,"0,326,208"
25,"40,131,406"
26,"3,21,108"
27,"93,64,10"
28,"17,3,168"
29,"14,13,3"
30,"43,24,23"
31,"147,3,148"
32,"131,40,226"
33,"26,23,89"
34,"220,10,242"
35,"3,48,21"
36,"3,5,133"
37,"10,109,11"
38,"4,3,238"
39,"139,155,40"
40,"26,89,23"
41,"3,22,21"
42,"135,138,40"
43,"0,291,271"
44,"11,10,12"
45,"162,163,40"
46,"17,168,3"
47,"10,234,60"
48,"128,186,40"
49,"322,10,54"
50,"23,38,82"
51,"3,147,148"
52,"10,220,221"
53,"53,3,430"
54,"3,111,472"
55,"21,3,102"
56,"10,64,90"
57,"23,74,53"
58,"118,23,74"
59,"28,190,3"
60,"11,205,109"
61,"64,10,448"
62,"0,271,280"
63,"3,99,53"
64,"208,403,0"
65,"3,22,21"
66,"131,40,226"
67,"10,93,169"
68,"17,3,168"
69,"53,287,3"
70,"64,10,65"
71,"10,64,448"
72,"40,41,224"
73,"126,21,3"
74,"220,221,10"
75,"0,265,340"
76,"3,34,187"
77,"0,313,501"
78,"23,49,24"
79,"220,221,10"
80,"64,93,10"
81,"17,168,320"
82,"11,10,12"
83,"306,296,169"
84,"10,49,60"
85,"23,63,74"
86,"40,131,406"
87,"40,41,42"
88,"26,89,23"
89,"3,53,111"
90,"10,54,95"
91,"220,10,221"
92,"0,257,216"
93,"4,238,19"
94,"31,23,328"
95,"40,145,132"
96,"49,23,24"
97,"40,131,241"
98,"402,145,40"
99,"23,26,89"
100,"231,26,23"
101,"106,23,105"
102,"24,49,23"
103,"3,85,86"
104,"23,26,59"
105,"8,0,308"
106,"10,3,60"
107,"49,24,10"
108,"0,304,271"
109,"206,0,8"
110,"3,5,228"
111,"281,199,169"
112,"3,4,238"
113,"3,34,263"
114,"220,10,242"
115,"281,199,169"
116,"0,485,313"
117,"8,10,0"
118,"146,40,322"
119,"3,21,187"
120,"147,148,3"
121,"0,265,340"
122,"11,10,205"
123,"40,41,3"
124,"3,53,287"
125,"3,21,187"
126,"230,229,0"
127,"23,24,25"
128,"0,271,456"
129,"0,218,465"
130,"10,322,64"
131,"170,260,169"
132,"23,38,74"
133,"21,3,102"
134,"28,3,30"
135,"73,44,40"
136,"0,271,456"
137,"402,145,40"
138,"0,265,340"
139,"134,131,40"
140,"395,40,42"
141,"3,111,112"
142,"169,199,343"
143,"3,85,158"
144,"10,72,61"
145,"11,10,109"
146,"4,3,7"
147,"8,405,0"
148,"64,10,448"
149,"160,196,40"
150,"295,189,23"
151,"23,63,74"
152,"4,19,3"
153,"0,265,266"
154,"199,169,382"
155,"26,350,231"
156,"40,131,406"
157,"73,44,145"
158,"40,128,129"
159,"0,216,355"
160,"0,23,8"
161,"23,82,74"
162,"40,241,131"
163,"267,3,111"
164,"0,291,522"
165,"195,128,288"
166,"10,64,90"
167,"10,64,93"
168,"11,109,10"
169,"40,41,324"
170,"185,184,243"
171,"3,85,126"
172,"23,89,26"
173,"4,3,19"
174,"169,199,248"
175,"89,26,40"
176,"64,10,448"
177,"82,38,23"
178,"3,30,21"
179,"26,89,23"
180,"3,21,127"
181,"105,3,50"
182,"340,265,0"
183,"3,85,86"
184,"128,195,40"
185,"49,23,24"
186,"0,361,272"
187,"135,236,40"
188,"64,10,80"
189,"169,199,356"
190,"169,199,323"
191,"169,199,259"
192,"184,40,185"
193,"162,163,23"
194,"0,311,169"
195,"169,199,259"
196,"40,145,55"
197,"3,127,21"
198,"40,131,132"
199,"0,271,456"
200,"24,23,25"
201,"43,24,23"
202,"3,53,287"
203,"3,4,19"
204,"169,199,260"
205,"169,260,199"
206,"43,24,23"
207,"23,91,38"
208,"10,64,24"
209,"10,64,442"
210,"5,53,6"
211,"8,0,235"
212,"0,265,340"
213,"3,68,182"
214,"384,0,297"
215,"43,10,23"
216,"23,32,118"
217,"23,71,303"
218,"3,21,187"
219,"160,40,423"
220,"38,23,39"
221,"0,271,456"
222,"3,4,238"
223,"281,199,169"
224,"302,160,40"
225,"204,3,13"
226,"10,64,448"
227,"10,64,93"
228,"5,57,6"
229,"3,17,18"
230,"54,95,10"
231,"3,85,158"
232,"26,89,23"
233,"0,3,379"
234,"40,146,145"
235,"40,131,134"
236,"53,3,287"
237,"323,199,169"
238,"402,55,10"
239,"43,24,23"
240,"313,0,346"
241,"271,0,456"
242,"151,152,494"
243,"40,131,226"
244,"0,271,352"
245,"0,40,143"
246,"234,10,60"
247,"199,169,281"
248,"3,17,168"
249,"129,128,40"
250,"10,62,23"
251,"220,242,221"
252,"3,148,147"
253,"3,17,21"
254,"105,23,326"
255,"26,23,89"
256,"3,127,21"
257,"204,3,13"
258,"129,40,128"
259,"24,45,25"
260,"64,10,93"
261,"4,3,19"
262,"64,93,10"
263,"147,3,148"
264,"3,21,102"
265,"3,21,379"
266,"23,309,38"
267,"23,74,38"
268,"10,64,93"
269,"40,160,334"
270,"3,21,33"
271,"40,131,226"
272,"23,49,24"
273,"24,23,25"
274,"10,54,95"
275,"64,10,79"
276,"23,32,31"
277,"3,28,21"
278,"118,74,23"
279,"131,40,406"
280,"23,63,38"
281,"221,10,220"
282,"265,0,266"
283,"3,21,127"
284,"3,86,85"
285,"3,4,174"
286,"64,10,448"
287,"0,277,216"
288,"64,10,93"
289,"26,23,231"
290,"0,313,271"
291,"43,23,24"
292,"11,109,24"
293,"0,24,23"
294,"3,21,53"
295,"149,40,41"
296,"40,41,324"
297,"135,40,189"
298,"169,199,343"
299,"3,17,168"
300,"15,16,3"
301,"21,3,187"
302,"71,23,38"
303,"3,111,21"
304,"169,0,170"
305,"0,271,291"
306,"40,67,145"
307,"26,89,23"
308,"10,64,80"
309,"40,139,140"
310,"0,304,271"
311,"3,287,53"
312,"3,21,126"
313,"23,24,49"
314,"168,17,3"
315,"0,271,424"
316,"23,74,105"
317,"3,228,5"
318,"303,23,74"
319,"169,170,199"
320,"0,216,212"
321,"40,151,152"
322,"74,23,21"
323,"3,53,111"
324,"160,40,315"
325,"40,131,406"
326,"28,190,3"
327,"431,135,199"
328,"43,24,23"
329,"0,216,304"
330,"43,24,23"
331,"129,128,40"
332,"211,319,0"
333,"3,123,111"
334,"0,366,271"
335,"3,21,13"
336,"43,24,23"
337,"447,3,34"
338,"3,126,21"
339,"3,147,148"
340,"220,10,221"
341,"147,3,148"
342,"129,128,40"
343,"5,3,57"
344,"241,395,128"
345,"40,145,44"
346,"169,460,296"
347,"220,10,221"
348,"3,188,147"
349,"296,300,169"
350,"10,11,205"
351,"23,74,105"
352,"296,169,411"
353,"23,89,26"
354,"3,85,158"
355,"10,44,40"
356,"23,89,26"
357,"31,23,258"
358,"0,8,271"
359,"448,64,10"
360,"31,23,74"
361,"145,40,44"
362,"3,21,22"
363,"237,459,34"
364,"169,508,426"
365,"0,271,456"
366,"0,23,8"
367,"26,231,0"
368,"23,303,74"
369,"281,199,169"
370,"3,4,238"
371,"43,24,23"
372,"118,74,23"
373,"131,40,226"
374,"206,8,0"
375,"55,10,54"
376,"169,323,170"
377,"48,81,3"
378,"40,224,41"
379,"96,31,23"
380,"3,30,143"
381,"3,21,53"
382,"169,427,426"
383,"343,169,199"
384,"17,168,3"
385,"220,221,10"
386,"10,220,221"
387,"165,74,23"
388,"0,249,279"
389,"3,99,53"
390,"220,242,10"
391,"24,23,241"
392,"0,271,8"
393,"10,64,65"
394,"10,220,11"
395,"3,111,472"
396,"23,40,135"
397,"3,21,108"
398,"337,339,169"
399,"170,169,459"
400,"45,44,145"
401,"199,169,323"
402,"3,21,85"
403,"0,208,209"
404,"3,66,30"
405,"0,8,235"
406,"3,21,127"
407,"40,131,241"
408,"3,34,263"
409,"3,21,68"
410,"21,3,126"
411,"16,15,3"
412,"23,49,24"
413,"169,199,281"
414,"8,206,0"
415,"40,131,226"
416,"26,89,23"
417,"220,221,10"
418,"31,77,478"
419,"23,74,118"
420,"170,169,31"
421,"220,221,10"
422,"0,370,216"
423,"303,74,165"
424,"26,350,313"
425,"0,363,271"
426,"296,169,333"
427,"43,24,23"
428,"145,40,44"
429,"169,199,248"
430,"128,129,195"
431,"350,26,23"
432,"10,11,12"
433,"10,64,79"
434,"234,10,60"
435,"111,41,3"
436,"0,216,208"
437,"220,10,221"
438,"40,128,130"
439,"169,339,337"
440,"30,3,23"
441,"10,220,11"
442,"3,168,17"
443,"417,169,296"
444,"0,216,370"
445,"4,238,3"
446,"0,265,340"
447,"0,249,279"
448,"10,64,442"
449,"129,128,40"
450,"0,429,456"
451,"354,0,216"
452,"296,169,526"
453,"160,40,302"
454,"303,74,23"
455,"281,199,169"
456,"131,40,193"
457,"10,64,448"
458,"3,147,33"
459,"215,241,40"
460,"0,8,308"
461,"170,169,3"
462,"23,165,71"
463,"184,185,40"
464,"0,271,265"
465,"0,271,355"
466,"350,26,23"
467,"402,10,145"
468,"11,109,10"
469,"3,53,105"
470,"131,40,134"
471,"0,456,271"
472,"10,93,64"
473,"0,279,249"
474,"350,26,23"
475,"0,265,348"
476,"8,23,0"
477,"199,169,281"
478,"141,40,41"
479,"199,169,323"
480,"395,40,128"
481,"45,44,145"
482,"40,131,132"
483,"0,23,59"
484,"3,21,379"
485,"0,8,206"
486,"10,64,80"
487,"0,212,216"
488,"165,74,23"
489,"151,152,40"
490,"10,64,90"
491,"40,74,165"
492,"10,93,64"
493,"265,349,0"
494,"164,3,21"
495,"0,213,214"
496,"40,139,41"
497,"10,220,242"
498,"0,8,206"
499,"10,54,95"
500,"3,187,21"
501,"33,3,21"
502,"23,31,96"
503,"64,10,80"
504,"17,3,168"
505,"40,131,406"
506,"10,64,93"
507,"281,199,169"
508,"21,3,28"
509,"53,3,287"
510,"10,64,93"
511,"40,186,128"
512,"271,0,355"
513,"10,60,61"
514,"3,111,267"
515,"41,324,40"
516,"3,17,168"
517,"10,60,64"
518,"21,3,187"
519,"3,16,15"
520,"10,220,11"
521,"0,212,254"
522,"402,40,145"
523,"40,131,226"
524,"118,23,32"
525,"231,26,23"
526,"74,118,23"
527,"134,131,40"
528,"296,300,169"
529,"23,454,31"
530,"10,64,442"
531,"220,10,242"
532,"44,145,40"
533,"279,249,0"
534,"169,296,274"
535,"26,89,23"
536,"3,147,148"
537,"206,0,8"
538,"40,437,145"
539,"3,53,111"
540,"0,265,8"
541,"38,23,461"
542,"23,26,89"
543,"4,3,19"
544,"224,41,40"
545,"40,184,494"
546,"10,64,65"
547,"141,40,153"
548,"3,15,16"
549,"10,239,60"
550,"135,138,40"
551,"208,369,0"
552,"128,408,40"
553,"220,242,10"
554,"11,10,12"
555,"10,60,93"
556,"10,64,93"
557,"23,89,26"
558,"10,64,93"
559,"40,128,129"
560,"220,221,10"
561,"0,265,349"
562,"220,221,10"
563,"11,109,10"
564,"3,21,126"
565,"10,64,60"
566,"346,313,501"
567,"370,0,216"
568,"118,74,23"
569,"11,109,10"
570,"10,64,54"
571,"40,38,165"
572,"3,13,379"
573,"64,10,93"
574,"10,90,64"
575,"102,21,3"
576,"64,10,93"
577,"10,54,55"
578,"3,21,53"
579,"11,109,10"
580,"23,309,24"
581,"21,3,164"
582,"214,213,0"
583,"3,53,158"
584,"170,169,459"
585,"0,8,206"
586,"220,242,10"
587,"3,147,148"
588,"23,74,40"
589,"3,21,22"
590,"23,231,38"
591,"64,10,90"
592,"459,169,170"
593,"95,54,24"
594,"220,10,221"
595,"236,135,40"
596,"23,63,38"
597,"0,208,369"
598,"3,85,111"
599,"137,38,23"
600,"74,23,165"
601,"131,40,406"
602,"3,5,57"
603,"265,0,384"
604,"3,4,238"
605,"0,456,271"
606,"40,160,315"
607,"35,36,3"
608,"0,271,366"
609,"74,23,303"
610,"43,24,23"
611,"26,231,23"
612,"24,10,59"
613,"3,21,108"
614,"129,128,40"
615,"0,348,255"
616,"40,44,145"
617,"290,3,325"
618,"23,405,24"
619,"169,199,40"
620,"23,350,26"
621,"26,89,23"
622,"108,40,267"
623,"3,21,168"
624,"3,367,100"
625,"313,346,0"
626,"281,169,199"
627,"40,159,131"
628,"40,54,402"
629,"4,3,19"
630,"31,402,328"
631,"206,0,8"
632,"199,343,169"
633,"169,356,199"
634,"0,475,218"
635,"26,350,23"
636,"40,135,236"
637,"187,127,3"
638,"40,152,151"
639,"456,0,271"
640,"23,74,303"
641,"8,0,206"
642,"40,135,236"
643,"40,131,128"
644,"3,21,164"
645,"89,26,23"
646,"3,147,148"
647,"31,23,258"
648,"4,3,19"
649,"170,260,169"
650,"54,10,95"
651,"23,26,89"
652,"10,11,205"
653,"40,160,149"
654,"31,454,23"
655,"40,131,241"
656,"3,30,126"
657,"0,206,8"
658,"3,133,5"
659,"3,13,204"
660,"40,226,131"
661,"0,216,313"
662,"21,3,108"
663,"10,43,24"
664,"11,10,419"
665,"43,24,23"
666,"64,10,473"
667,"31,96,23"
668,"23,26,89"
669,"23,0,303"
670,"23,74,165"
671,"45,44,95"
672,"220,10,242"
673,"169,223,199"
674,"40,131,135"
675,"147,3,148"
676,"10,109,448"
677,"3,17,168"
678,"3,267,111"
679,"220,10,221"
680,"8,0,206"
681,"134,131,40"
682,"10,64,448"
683,"303,23,74"
684,"23,74,165"
685,"3,15,16"
686,"402,145,40"
687,"199,169,356"
688,"23,169,25"
689,"10,220,242"
690,"523,3,53"
691,"169,40,170"
692,"3,53,325"
693,"10,64,93"
694,"0,206,8"
695,"23,74,82"
696,"71,38,23"
697,"16,15,3"
698,"3,147,203"
699,"40,406,131"
700,"17,3,320"
701,"64,10,24"
702,"23,74,94"
703,"23,74,40"
704,"74,23,63"
705,"135,138,40"
706,"131,241,40"
707,"40,41,224"
708,"0,265,266"
709,"24,49,54"
710,"3,17,320"
711,"184,283,243"
712,"16,15,144"
713,"0,212,216"
714,"21,135,23"
715,"49,23,24"
716,"147,3,148"
717,"3,4,435"
718,"21,3,126"
719,"23,303,74"
720,"3,147,148"
721,"11,10,12"
722,"3,21,124"
723,"3,147,148"
724,"5,3,228"
725,"43,24,23"
726,"53,3,287"
727,"8,0,308"
728,"323,199,169"
729,"41,40,224"
730,"169,199,23"
731,"169,296,274"
732,"3,17,320"
733,"10,11,109"
734,"199,169,382"
735,"0,271,169"
736,"10,64,93"
737,"259,169,199"
738,"10,11,205"
739,"8,0,514"
740,"26,23,89"
741,"456,271,0"
742,"3,4,111"
743,"24,23,54"
744,"402,145,40"
745,"4,3,183"
746,"74,23,53"
747,"258,31,328"
748,"3,68,53"
749,"10,44,145"
750,"42,21,41"
751,"43,24,23"
752,"3,111,119"
753,"170,459,169"
754,"417,169,296"
755,"10,64,93"
756,"44,45,40"
757,"40,23,175"
758,"3,16,15"
759,"417,169,296"
760,"169,296,336"
761,"521,208,0"
762,"10,64,93"
763,"3,21,182"
764,"3,21,126"
765,"0,8,285"
766,"0,265,273"
767,"169,199,170"
768,"0,265,340"
769,"10,61,60"
770,"111,3,472"
771,"64,10,448"
772,"15,16,3"
773,"3,28,190"
774,"169,199,281"
775,"3,21,124"
776,"3,21,187"
777,"23,119,3"
778,"4,19,3"
779,"10,54,64"
780,"64,93,10"
781,"10,64,93"
782,"0,271,456"
783,"303,74,3"
784,"3,21,30"
785,"23,38,281"
786,"0,216,271"
787,"165,23,74"
788,"8,0,308"
789,"8,0,26"
790,"21,3,127"
791,"220,242,10"
792,"44,145,40"
793,"23,103,26"
794,"281,169,260"
795,"40,131,406"
796,"3,5,228"
797,"3,53,389"
798,"131,40,406"
799,"112,111,41"
800,"152,151,459"
801,"0,40,8"
802,"0,23,89"
803,"3,17,40"
804,"3,53,287"
805,"169,199,260"
806,"89,23,26"
807,"44,145,95"
808,"281,21,199"
809,"170,169,260"
810,"59,23,24"
811,"43,24,23"
812,"44,45,11"
813,"0,291,444"
814,"102,21,3"
815,"40,395,128"
816,"3,21,53"
817,"265,365,349"
818,"3,17,168"
819,"170,260,169"
820,"462,255,0"
821,"3,17,320"
822,"169,199,170"
823,"43,24,23"
824,"3,267,111"
825,"40,145,44"
826,"8,391,0"
827,"11,10,109"
828,"169,170,296"
829,"478,40,145"
830,"10,64,90"
831,"0,214,213"
832,"109,11,10"
833,"169,199,281"
834,"3,111,119"
835,"317,74,23"
836,"169,199,170"
837,"184,40,185"
838,"3,4,183"
839,"3,228,5"
840,"402,145,40"
841,"111,3,161"
842,"3,5,228"
843,"89,26,23"
844,"10,54,258"
845,"23,192,38"
846,"169,199,343"
847,"128,129,40"
848,"0,456,271"
849,"96,31,258"
850,"111,169,3"
851,"44,45,24"
852,"32,23,31"
853,"71,38,23"
854,"111,170,112"
855,"40,41,149"
856,"49,24,23"
857,"64,10,93"
858,"3,28,30"
859,"169,459,170"
860,"26,23,89"
861,"10,60,43"
862,"40,193,169"
863,"0,255,463"
864,"3,204,13"
865,"40,324,41"
866,"3,108,21"
867,"171,169,199"
868,"3,13,122"
869,"10,60,43"
870,"395,40,396"
871,"23,74,24"
872,"3,85,86"
873,"169,199,343"
874,"0,214,213"
875,"45,44,145"
876,"3,13,204"
877,"131,40,226"
878,"171,169,199"
879,"23,38,240"
880,"3,85,158"
881,"0,369,208"
882,"40,145,402"
883,"40,149,41"
884,"40,145,44"
885,"41,42,40"
886,"169,260,170"
887,"61,60,10"
888,"3,287,53"
889,"281,199,169"
890,"40,44,145"
891,"3,111,147"
892,"74,23,303"
893,"10,54,95"
894,"23,59,105"
895,"3,523,53"
896,"226,131,406"
897,"3,21,523"
898,"41,42,40"
899,"0,271,304"
900,"0,249,279"
901,"3,126,21"
902,"25,24,23"
903,"40,131,226"
904,"64,10,93"
905,"23,38,87"
906,"8,0,23"
907,"0,8,327"
908,"3,13,14"
909,"162,163,40"
910,"220,221,10"
911,"11,10,109"
912,"478,145,31"
913,"44,40,145"
914,"64,10,448"
915,"220,10,221"
916,"4,3,435"
917,"0,271,355"
918,"3,4,435"
919,"23,3,0"
920,"3,147,156"
921,"234,322,10"
922,"28,3,113"
923,"10,64,93"
924,"40,146,145"
925,"23,303,38"
926,"234,10,60"
927,"129,128,130"
928,"53,3,21"
929,"3,66,30"
930,"89,26,23"
931,"0,229,421"
932,"82,8,0"
933,"23,137,105"
934,"10,64,93"
935,"426,508,169"
936,"3,21,48"
937,"147,3,148"
938,"3,147,53"
939,"296,169,371"
940,"4,3,19"
941,"26,23,89"
942,"147,3,148"
943,"199,281,169"
944,"4,19,3"
945,"169,199,343"
946,"0,8,206"
947,"3,21,190"
948,"118,74,23"
949,"40,241,139"
950,"271,0,456"
951,"10,54,55"
952,"169,170,459"
953,"40,31,145"
954,"49,24,23"
955,"11,10,205"
956,"40,145,402"
957,"49,24,239"
958,"234,60,10"
959,"64,10,93"
960,"169,199,170"
961,"281,169,199"
962,"11,59,24"
963,"40,139,286"
964,"10,54,55"
965,"129,128,130"
966,"10,64,448"
967,"169,339,337"
968,"3,53,325"
969,"23,74,38"
970,"40,135,138"
971,"40,160,315"
972,"74,23,118"
973,"0,255,484"
974,"220,10,242"
975,"272,361,0"
976,"0,8,206"
977,"40,41,135"
978,"3,21,187"
979,"317,160,74"
980,"49,23,24"
981,"0,235,255"
982,"168,17,3"
983,"3,21,85"
984,"131,134,40"
985,"40,152,151"
986,"105,23,318"
987,"134,131,40"
988,"10,64,93"
989,"3,21,28"
990,"3,34,263"
991,"10,54,24"
992,"169,23,231"
993,"3,111,472"
994,"43,10,64"
995,"3,169,187"
996,"169,199,281"
997,"40,131,406"
998,"40,317,201"
999,"23,74,118"
1000,"0,271,340"
1001,"3,4,238"
1002,"0,257,216"
1003,"23,77,31"
1004,"53,3,502"
1005,"169,199,311"
1006,"3,21,85"
1007,"44,145,40"
1008,"296,169,411"
1009,"10,11,205"
1010,"231,23,26"
1011,"3,21,368"
1012,"3,21,108"
1013,"10,64,448"
1014,"3,21,126"
1015,"0,265,271"
1016,"23,95,24"
1017,"23,87,38"
1018,"3,21,187"
1019,"4,3,435"
1020,"0,255,348"
1021,"220,242,10"
1022,"0,235,8"
1023,"26,89,23"
1024,"3,4,70"
1025,"162,163,40"
1026,"0,8,285"
1027,"26,89,23"
1028,"3,21,147"
1029,"43,24,23"
1030,"23,31,10"
1031,"10,64,43"
1032,"128,186,40"
1033,"21,3,108"
1034,"287,53,3"
1035,"105,287,53"
1036,"16,15,3"
1037,"3,147,148"
1038,"3,21,102"
1039,"43,24,23"
1040,"31,23,0"
1041,"40,44,145"
1042,"265,0,349"
1043,"0,304,271"
1044,"10,64,90"
1045,"71,38,165"
1046,"3,21,108"
1047,"169,109,11"
1048,"220,10,242"
1049,"0,216,304"
1050,"64,10,93"
1051,"3,21,127"
1052,"220,242,10"
1053,"64,93,10"
1054,"40,131,406"
1055,"54,10,322"
1056,"220,10,221"
1057,"3,147,16"
1058,"3,147,15"
1059,"40,139,153"
1060,"43,23,24"
1061,"3,21,301"
1062,"40,111,3"
1063,"0,211,319"
1064,"28,3,190"
1065,"152,151,40"
1066,"44,145,40"
1067,"89,23,169"
1068,"3,111,161"
1069,"267,111,3"
1070,"3,22,21"
1071,"0,265,418"
1072,"10,64,239"
1073,"8,206,0"
1074,"3,68,182"
1075,"3,21,108"
1076,"26,23,350"
1077,"156,3,174"
1078,"40,152,151"
1079,"41,224,40"
1080,"3,506,13"
1081,"3,108,204"
1082,"89,26,23"
1083,"38,309,23"
1084,"40,139,41"
1085,"64,10,79"
1086,"0,277,218"
1087,"64,10,448"
1088,"3,34,53"
1089,"40,395,128"
1090,"4,3,238"
1091,"40,139,153"
1092,"303,74,23"
1093,"21,3,40"
1094,"169,199,170"
1095,"0,216,304"
1096,"3,17,85"
1097,"40,139,153"
1098,"40,41,160"
1099,"146,40,145"
1100,"0,352,271"
1101,"0,280,271"
1102,"3,53,287"
1103,"24,43,23"
1104,"3,21,187"
1105,"23,105,3"
1106,"23,440,38"
1107,"169,171,170"
1108,"44,199,145"
1109,"281,169,199"
1110,"10,64,442"
1111,"206,0,8"
1112,"49,24,23"
1113,"3,4,238"
1114,"169,171,199"
1115,"40,160,334"
1116,"60,239,10"
1117,"0,216,304"
1118,"128,40,195"
1119,"146,40,145"
1120,"64,10,93"
1121,"3,17,320"
1122,"169,296,507"
1123,"131,40,406"
1124,"3,21,127"
1125,"199,169,343"
1126,"3,17,21"
1127,"64,10,448"
1128,"26,23,89"
1129,"366,0,271"
1130,"25,24,23"
1131,"11,10,205"
1132,"0,271,456"
1133,"64,10,80"
1134,"11,205,10"
1135,"319,211,0"
1136,"3,21,48"
1137,"169,405,336"
1138,"220,10,221"
1139,"169,199,281"
1140,"169,0,296"
1141,"158,3,85"
1142,"220,221,10"
1143,"169,199,281"
1144,"11,10,109"
1145,"23,24,74"
1146,"3,28,190"
1147,"23,89,26"
1148,"26,23,89"
1149,"3,85,158"
1150,"3,30,66"
1151,"3,40,21"
1152,"10,54,55"
1153,"220,10,40"
1154,"54,10,402"
1155,"10,60,239"
1156,"40,145,44"
1157,"0,255,218"
1158,"26,23,89"
1159,"147,148,3"
1160,"171,199,169"
1161,"3,34,263"
1162,"26,231,23"
1163,"74,84,23"
1164,"340,265,0"
1165,"23,303,74"
1166,"3,53,21"
1167,"3,147,169"
1168,"0,271,424"
1169,"44,145,40"
1170,"0,354,255"
1171,"74,23,118"
1172,"3,4,19"
1173,"23,26,231"
1174,"0,23,271"
1175,"23,74,303"
1176,"43,24,23"
1177,"0,271,291"
1178,"10,64,65"
1179,"40,160,302"
1180,"53,3,169"
1181,"1,2,0"
1182,"0,340,265"
1183,"23,38,82"
1184,"26,350,23"
1185,"32,31,23"
1186,"220,10,221"
1187,"3,15,16"
1188,"290,23,31"
1189,"171,199,169"
1190,"66,30,3"
1191,"135,40,236"
1192,"10,93,64"
1193,"40,41,324"
1194,"0,265,349"
1195,"281,199,169"
1196,"4,3,238"
1197,"152,151,40"
1198,"0,23,40"
1199,"10,239,60"
1200,"11,205,10"
1201,"23,74,118"
1202,"3,21,164"
1203,"118,23,74"
1204,"54,10,95"
1205,"95,10,54"
1206,"0,235,8"
1207,"0,265,349"
1208,"220,221,10"
1209,"43,24,23"
1210,"74,23,84"
1211,"169,199,170"
1212,"10,64,80"
1213,"169,199,260"
1214,"26,350,23"
1215,"10,220,221"
1216,"74,303,495"
1217,"147,3,148"
1218,"111,123,119"
1219,"64,10,65"
1220,"199,169,281"
1221,"220,221,10"
1222,"3,21,53"
1223,"3,85,282"
1224,"131,226,40"
1225,"11,109,10"
1226,"309,38,23"
1227,"40,152,151"
1228,"40,131,241"
1229,"10,64,93"
1230,"151,152,40"
1231,"13,3,120"
1232,"0,8,271"
1233,"26,89,23"
1234,"10,323,199"
1235,"317,74,40"
1236,"220,10,242"
1237,"279,249,0"
1238,"402,328,31"
1239,"13,3,150"
1240,"0,266,265"
1241,"3,379,21"
1242,"44,145,45"
1243,"40,128,41"
1244,"11,109,10"
1245,"0,265,255"
1246,"199,281,169"
1247,"23,165,74"
1248,"64,10,65"
1249,"199,169,323"
1250,"265,0,340"
1251,"64,10,448"
1252,"3,85,158"
1253,"131,226,406"
1254,"224,41,40"
1255,"231,23,59"
1256,"3,4,238"
1257,"0,280,349"
1258,"169,199,260"
1259,"0,266,265"
1260,"3,21,30"
1261,"40,23,467"
1262,"64,93,10"
1263,"53,99,3"
1264,"10,54,95"
1265,"40,204,3"
1266,"168,17,3"
1267,"23,395,40"
1268,"231,26,23"
1269,"3,21,48"
1270,"40,42,21"
1271,"71,38,95"
1272,"3,48,21"
1273,"406,131,454"
1274,"459,170,169"
1275,"23,26,89"
1276,"3,17,168"
1277,"3,85,147"
1278,"135,40,386"
1279,"16,15,3"
1280,"10,221,419"
1281,"3,34,46"
1282,"10,54,64"
1283,"147,148,3"
1284,"3,170,53"
1285,"3,30,66"
1286,"0,271,1"
1287,"350,26,23"
1288,"128,129,40"
1289,"229,230,421"
1290,"220,10,242"
1291,"169,199,323"
1292,"32,31,3"
1293,"231,26,23"
1294,"10,4,176"
1295,"3,472,182"
1296,"3,57,5"
1297,"3,21,108"
1298,"3,147,148"
1299,"64,10,93"
1300,"23,89,26"
1301,"23,63,74"
1302,"3,21,22"
1303,"3,53,325"
1304,"3,4,147"
1305,"3,53,523"
1306,"68,3,472"
1307,"199,169,281"
1308,"339,337,169"
1309,"4,176,23"
1310,"3,401,53"
1311,"23,71,38"
1312,"419,0,11"
1313,"45,44,40"
1314,"23,38,26"
1315,"281,53,3"
1316,"3,53,430"
1317,"383,265,0"
1318,"0,271,169"
1319,"3,111,21"
1320,"64,10,93"
1321,"220,10,242"
1322,"3,147,148"
1323,"74,303,165"
1324,"23,350,26"
1325,"3,21,53"
1326,"26,23,231"
1327,"220,10,221"
1328,"3,40,53"
1329,"3,22,21"
1330,"64,10,448"
1331,"3,238,4"
1332,"3,187,21"
1333,"169,343,199"
1334,"0,313,501"
1335,"3,28,364"
1336,"3,13,14"
1337,"220,10,221"
1338,"127,40,21"
1339,"3,147,156"
1340,"3,187,21"
1341,"40,146,145"
1342,"169,296,170"
1343,"169,281,199"
1344,"220,10,242"
1345,"40,129,128"
1346,"26,0,89"
1347,"147,148,3"
1348,"135,138,40"
1349,"10,169,323"
1350,"23,74,31"
1351,"0,313,501"
1352,"3,188,53"
1353,"0,346,313"
1354,"287,53,325"
1355,"0,271,308"
1356,"147,3,203"
1357,"3,85,86"
1358,"74,23,118"
1359,"11,10,205"
1360,"36,35,3"
1361,"128,40,129"
1362,"3,81,30"
1363,"170,169,260"
1364,"3,53,21"
1365,"323,199,169"
1366,"26,89,23"
1367,"3,28,190"
1368,"3,53,21"
1369,"165,74,23"
1370,"0,271,456"
1371,"40,324,41"
1372,"45,44,145"
1373,"55,40,145"
1374,"10,54,95"
1375,"11,109,44"
1376,"3,111,474"
1377,"169,170,323"
1378,"64,10,65"
1379,"23,74,303"
1380,"45,44,145"
1381,"206,0,369"
1382,"3,147,148"
1383,"3,111,126"
1384,"3,21,301"
1385,"40,160,315"
1386,"10,61,60"
1387,"89,23,26"
1388,"11,205,10"
1389,"3,21,108"
1390,"168,17,3"
1391,"0,354,255"
1392,"3,21,187"
1393,"40,149,41"
1394,"3,164,21"
1395,"135,138,40"
1396,"11,109,10"
1397,"0,266,265"
1398,"38,23,91"
1399,"170,169,337"
1400,"40,152,151"
1401,"170,260,169"
1402,"3,4,147"
1403,"3,447,21"
1404,"10,54,95"
1405,"10,199,323"
1406,"3,17,168"
1407,"3,111,472"
1408,"3,364,28"
1409,"10,23,24"
1410,"239,10,60"
1411,"26,23,350"
1412,"34,263,237"
1413,"54,95,10"
1414,"221,220,10"
1415,"3,17,21"
1416,"3,53,287"
1417,"3,190,28"
1418,"3,5,228"
1419,"0,266,265"
1420,"3,21,40"
1421,"23,74,118"
1422,"40,151,152"
1423,"26,23,89"
1424,"23,74,71"
1425,"3,21,127"
1426,"128,21,40"
1427,"23,350,26"
1428,"10,11,109"
1429,"3,53,111"
1430,"10,55,40"
1431,"3,21,187"
1432,"44,67,23"
1433,"64,10,80"
1434,"10,145,40"
1435,"10,64,448"
1436,"23,31,169"
1437,"169,281,199"
1438,"23,24,49"
1439,"105,23,406"
1440,"3,21,127"
1441,"3,85,66"
1442,"0,339,169"
1443,"64,10,338"
1444,"11,10,12"
1445,"10,60,239"
1446,"231,23,26"
1447,"49,24,23"
1448,"40,402,10"
1449,"127,21,3"
1450,"0,266,8"
1451,"125,111,267"
1452,"10,234,60"
1453,"3,21,127"
1454,"64,10,65"
1455,"160,40,302"
1456,"3,52,51"
1457,"224,41,40"
1458,"3,263,34"
1459,"259,199,169"
1460,"43,24,23"
1461,"111,41,3"
1462,"11,10,109"
1463,"145,44,40"
1464,"24,25,43"
1465,"129,128,40"
1466,"0,271,355"
1467,"10,60,61"
1468,"0,206,8"
1469,"118,23,74"
1470,"427,426,169"
1471,"43,64,338"
1472,"0,265,271"
1473,"5,57,3"
1474,"4,3,19"
1475,"64,10,80"
1476,"10,220,221"
1477,"4,3,174"
1478,"0,271,280"
1479,"186,324,40"
1480,"74,118,23"
1481,"10,95,54"
1482,"147,3,148"
1483,"0,355,271"
1484,"49,23,24"
1485,"3,16,15"
1486,"3,53,467"
1487,"11,10,205"
1488,"3,168,143"
1489,"40,132,131"
1490,"147,3,148"
1491,"10,64,239"
1492,"23,43,24"
1493,"271,0,456"
1494,"3,147,148"
1495,"38,23,309"
1496,"23,74,303"
1497,"40,131,406"
1498,"38,87,105"
1499,"40,131,226"
1500,"23,25,24"
1501,"158,85,3"
1502,"169,337,170"
1503,"220,242,10"
1504,"23,137,38"
1505,"3,147,30"
1506,"169,199,281"
1507,"89,26,23"
1508,"21,3,40"
1509,"0,255,394"
1510,"3,34,263"
1511,"169,170,248"
1512,"40,135,138"
1513,"0,206,8"
1514,"199,169,281"
1515,"3,111,30"
1516,"339,337,169"
1517,"128,195,40"
1518,"23,145,24"
1519,"3,66,30"
1520,"74,23,10"
1521,"43,23,24"
1522,"3,21,124"
1523,"49,23,24"
1524,"64,10,442"
1525,"11,10,109"
1526,"49,24,23"
1527,"10,64,65"
1528,"0,254,216"
1529,"31,23,454"
1530,"281,199,169"
1531,"220,10,242"
1532,"10,64,338"
1533,"24,43,23"
1534,"10,11,12"
1535,"220,221,242"
1536,"216,0,304"
1537,"417,169,296"
1538,"0,271,522"
1539,"15,3,16"
1540,"23,26,89"
1541,"169,53,3"
1542,"3,21,30"
1543,"138,135,40"
1544,"10,60,239"
1545,"129,128,40"
1546,"139,153,40"
1547,"234,60,10"
1548,"44,145,40"
1549,"10,64,448"
1550,"0,208,216"
1551,"4,3,19"
1552,"74,23,118"
1553,"3,4,435"
1554,"3,15,16"
1555,"74,23,3"
1556,"0,271,456"
1557,"3,147,148"
1558,"220,10,242"
1559,"10,64,93"
1560,"296,169,428"
1561,"10,64,65"
1562,"3,147,148"
1563,"63,23,38"
1564,"115,3,21"
1565,"459,138,135"
1566,"44,45,145"
1567,"0,355,271"
1568,"71,38,23"
1569,"8,0,206"
1570,"64,10,90"
1571,"73,40,145"
1572,"3,17,168"
1573,"296,169,306"
1574,"54,10,95"
1575,"220,10,242"
1576,"23,105,137"
1577,"147,148,3"
1578,"129,128,40"
1579,"169,199,0"
1580,"3,263,34"
1581,"3,401,53"
1582,"10,61,60"
1583,"169,417,296"
1584,"3,21,108"
1585,"135,40,250"
1586,"64,10,448"
1587,"3,21,85"
1588,"10,64,24"
1589,"74,317,23"
1590,"40,128,186"
1591,"45,44,145"
1592,"260,169,170"
1593,"171,170,199"
1594,"43,24,23"
1595,"171,199,169"
1596,"195,362,128"
1597,"147,148,167"
1598,"158,85,3"
1599,"44,145,95"
1600,"199,24,323"
1601,"40,151,152"
1602,"64,10,448"
1603,"10,11,205"
1604,"40,0,145"
1605,"3,28,111"
1606,"40,41,149"
1607,"296,169,23"
1608,"169,459,170"
1609,"3,15,16"
1610,"49,23,24"
1611,"40,494,184"
1612,"23,105,74"
1613,"3,17,21"
1614,"281,199,169"
1615,"3,56,85"
1616,"271,0,272"
1617,"23,26,231"
1618,"3,111,305"
1619,"220,10,242"
1620,"3,287,53"
1621,"281,169,199"
1622,"199,281,169"
1623,"169,296,336"
1624,"0,271,353"
1625,"23,24,47"
1626,"220,10,221"
1627,"74,23,118"
1628,"149,40,41"
1629,"40,131,134"
1630,"10,23,64"
1631,"40,145,402"
1632,"23,26,0"
1633,"3,111,267"
1634,"10,80,11"
1635,"0,249,279"
1636,"105,23,326"
1637,"0,266,265"
1638,"3,4,435"
1639,"131,406,241"
1640,"3,287,21"
1641,"3,182,21"
1642,"3,17,168"
1643,"11,10,12"
1644,"10,60,93"
1645,"0,271,456"
1646,"10,93,64"
1647,"10,65,40"
1648,"31,55,23"
1649,"74,118,23"
1650,"64,10,93"
1651,"0,265,340"
1652,"3,5,228"
1653,"0,304,216"
1654,"3,21,66"
1655,"3,147,156"
1656,"49,23,24"
1657,"170,260,169"
1658,"3,148,147"
1659,"44,145,45"
1660,"96,31,23"
1661,"169,6,3"
1662,"129,130,128"
1663,"40,131,134"
1664,"4,3,435"
1665,"45,44,40"
1666,"139,153,40"
1667,"10,350,26"
1668,"28,113,66"
1669,"131,40,134"
1670,"0,218,465"
1671,"11,10,109"
1672,"169,3,53"
1673,"287,53,40"
1674,"53,23,60"
1675,"10,64,338"
1676,"0,271,522"
1677,"448,64,79"
1678,"313,346,129"
1679,"111,3,119"
1680,"43,23,24"
1681,"0,255,218"
1682,"0,206,8"
1683,"3,108,182"
1684,"3,21,33"
1685,"0,1,2"
1686,"3,21,85"
1687,"3,40,127"
1688,"3,21,127"
1689,"131,40,132"
1690,"367,53,100"
1691,"3,21,34"
1692,"169,260,170"
1693,"3,148,147"
1694,"0,279,249"
1695,"317,74,23"
1696,"10,24,23"
1697,"40,128,129"
1698,"3,523,53"
1699,"40,128,3"
1700,"12,10,11"
1701,"85,3,86"
1702,"3,21,182"
1703,"0,265,349"
1704,"10,234,11"
1705,"3,21,147"
1706,"147,203,3"
1707,"0,271,291"
1708,"23,135,141"
1709,"151,152,40"
1710,"61,60,10"
1711,"0,257,216"
1712,"44,145,40"
1713,"169,311,0"
1714,"147,148,3"
1715,"171,199,169"
1716,"16,15,3"
1717,"0,304,216"
1718,"296,169,411"
1719,"0,23,24"
1720,"131,40,406"
1721,"43,24,23"
1722,"11,10,109"
1723,"44,40,145"
1724,"40,406,128"
1725,"220,221,10"
1726,"26,231,23"
1727,"165,23,74"
1728,"11,10,205"
1729,"512,218,0"
1730,"3,34,263"
1731,"199,169,323"
1732,"170,459,169"
1733,"64,10,93"
1734,"21,3,127"
1735,"0,271,321"
1736,"44,45,145"
1737,"3,17,320"
1738,"10,64,24"
1739,"0,216,379"
1740,"3,21,48"
1741,"3,21,126"
1742,"0,257,216"
1743,"169,0,271"
1744,"48,3,21"
1745,"3,21,127"
1746,"3,241,21"
1747,"3,4,238"
1748,"89,26,23"
1749,"64,10,448"
1750,"64,10,65"
1751,"290,31,3"
1752,"89,26,23"
1753,"271,0,355"
1754,"10,64,93"
1755,"169,199,356"
1756,"40,128,41"
1757,"23,24,345"
1758,"313,346,0"
1759,"231,23,26"
1760,"309,23,105"
1761,"3,53,85"
1762,"44,45,145"
1763,"260,170,169"
1764,"220,10,221"
1765,"41,40,127"
1766,"135,138,40"
1767,"0,257,455"
1768,"3,21,85"
1769,"3,53,68"
1770,"3,379,17"
1771,"0,8,206"
1772,"3,21,108"
1773,"21,3,124"
1774,"11,10,109"
1775,"199,169,356"
1776,"64,448,10"
1777,"3,85,111"
1778,"3,21,127"
1779,"3,21,108"
1780,"169,199,343"
1781,"0,169,271"
1782,"271,0,280"
1783,"23,74,165"
1784,"40,129,128"
1785,"169,184,170"
1786,"23,38,24"
1787,"40,145,44"
1788,"40,41,149"
1789,"281,199,169"
1790,"155,40,139"
1791,"220,242,221"
1792,"23,74,303"
1793,"10,11,109"
1794,"40,135,128"
1795,"0,254,216"
1796,"89,23,26"
1797,"10,220,221"
1798,"23,74,31"
1799,"3,21,48"
1800,"96,31,23"
1801,"0,271,216"
1802,"3,34,263"
1803,"59,24,11"
1804,"74,23,165"
1805,"0,235,8"
1806,"3,21,187"
1807,"49,24,23"
1808,"41,127,40"
1809,"31,32,23"
1810,"31,258,23"
1811,"3,28,113"
1812,"3,228,5"
1813,"220,10,221"
1814,"169,296,428"
1815,"10,25,24"
1816,"41,224,40"
1817,"21,127,3"
1818,"10,64,93"
1819,"53,287,105"
1820,"44,10,109"
1821,"118,74,23"
1822,"3,21,287"
1823,"23,26,350"
1824,"3,21,40"
1825,"23,59,24"
1826,"54,95,10"
1827,"10,64,79"
1828,"3,21,66"
1829,"171,169,199"
1830,"260,170,169"
1831,"0,1,2"
1832,"0,271,314"
1833,"3,30,474"
1834,"169,170,459"
1835,"0,501,313"
1836,"10,60,96"
1837,"44,145,40"
1838,"147,148,3"
1839,"0,3,265"
1840,"40,128,132"
1841,"3,18,17"
1842,"3,53,68"
1843,"3,21,395"
1844,"0,216,304"
1845,"40,24,25"
1846,"152,151,40"
1847,"23,74,40"
1848,"0,8,308"
1849,"15,16,3"
1850,"16,15,3"
1851,"10,64,338"
1852,"119,111,3"
1853,"131,40,241"
1854,"64,10,93"
1855,"8,0,405"
1856,"206,8,0"
1857,"128,40,129"
1858,"201,40,41"
1859,"0,291,271"
1860,"23,74,88"
1861,"135,40,141"
1862,"350,26,23"
1863,"64,10,93"
1864,"3,21,30"
1865,"134,131,40"
1866,"0,255,394"
1867,"508,169,426"
1868,"165,74,23"
1869,"206,8,0"
1870,"40,315,160"
1871,"0,271,363"
1872,"199,169,281"
1873,"0,271,265"
1874,"24,23,44"
1875,"40,395,241"
1876,"128,129,195"
1877,"43,24,23"
1878,"3,21,126"
1879,"0,313,346"
1880,"370,0,24"
1881,"10,64,93"
1882,"10,64,65"
1883,"118,74,23"
1884,"169,199,40"
1885,"3,15,4"
1886,"3,53,401"
1887,"10,64,93"
1888,"10,64,93"
1889,"3,21,33"
1890,"74,23,118"
1891,"16,15,3"
1892,"0,255,271"
1893,"220,10,242"
1894,"23,309,38"
1895,"206,0,369"
1896,"25,23,44"
1897,"64,26,335"
1898,"3,4,375"
1899,"0,501,346"
1900,"40,250,135"
1901,"3,17,18"
1902,"10,60,3"
1903,"3,21,28"
1904,"17,168,3"
1905,"147,148,3"
1906,"0,271,26"
1907,"3,111,284"
1908,"3,115,21"
1909,"3,4,238"
1910,"25,55,24"
1911,"220,242,10"
1912,"0,218,128"
1913,"3,293,388"
1914,"281,199,169"
1915,"0,271,280"
1916,"3,147,148"
1917,"0,285,271"
1918,"0,271,211"
1919,"281,199,169"
1920,"74,23,118"
1921,"64,448,10"
1922,"231,23,26"
1923,"3,4,435"
1924,"42,41,40"
1925,"3,4,19"
1926,"3,4,188"
1927,"26,23,89"
1928,"169,170,459"
1929,"3,5,6"
1930,"10,23,11"
1931,"23,24,38"
1932,"0,271,280"
1933,"3,379,21"
1934,"220,221,10"
1935,"118,74,23"
1936,"199,169,281"
1937,"41,40,286"
1938,"158,3,85"
1939,"508,169,426"
1940,"43,24,23"
1941,"10,31,23"
1942,"0,271,456"
1943,"326,105,40"
1944,"31,328,23"
1945,"74,40,317"
1946,"10,54,322"
1947,"165,74,23"
1948,"220,221,10"
1949,"10,11,205"
1950,"165,74,23"
1951,"54,10,95"
1952,"169,199,343"
1953,"3,4,435"
1954,"220,221,10"
1955,"3,21,126"
1956,"64,10,80"
1957,"3,85,293"
1958,"3,148,147"
1959,"0,456,271"
1960,"0,380,216"
1961,"3,4,28"
1962,"10,221,220"
1963,"64,93,10"
1964,"169,296,199"
1965,"74,165,23"
1966,"11,10,12"
1967,"74,23,317"
1968,"64,93,10"
1969,"0,271,456"
1970,"309,38,23"
1971,"220,221,242"
1972,"10,220,221"
1973,"303,74,23"
1974,"220,221,10"
1975,"0,271,522"
1976,"280,0,271"
1977,"105,23,318"
1978,"271,0,456"
1979,"206,8,0"
1980,"64,93,43"
1981,"3,30,66"
1982,"10,64,80"
1983,"3,147,53"
1984,"0,235,8"
1985,"24,43,23"
1986,"0,277,216"
1987,"0,313,501"
1988,"40,131,132"
1989,"10,220,242"
1990,"3,147,148"
1991,"10,54,322"
1992,"3,267,21"
1993,"3,53,13"
1994,"3,21,164"
1995,"74,63,118"
1996,"508,426,169"
1997,"281,169,199"
1998,"169,199,170"
1999,"64,335,23"
2000,"0,235,255"
2001,"10,60,23"
2002,"3,21,126"
2003,"23,24,145"
2004,"263,3,34"
2005,"281,169,199"
2006,"23,74,165"
2007,"169,0,216"
2008,"90,10,64"
2009,"10,11,234"
2010,"169,426,199"
2011,"0,271,304"
2012,"10,64,448"
2013,"0,271,280"
2014,"0,340,265"
2015,"0,8,206"
2016,"199,169,323"
2017,"40,152,186"
2018,"107,74,38"
2019,"220,10,221"
2020,"199,169,171"
2021,"21,3,127"
2022,"3,85,158"
2023,"147,3,203"
2024,"40,41,139"
2025,"169,199,248"
2026,"85,3,158"
2027,"89,26,23"
2028,"0,249,279"
2029,"11,10,109"
2030,"131,40,134"
2031,"44,40,23"
2032,"169,199,0"
2033,"24,43,23"
2034,"40,42,126"
2035,"169,199,296"
2036,"23,38,63"
2037,"5,228,3"
2038,"3,21,127"
2039,"10,221,220"
2040,"169,21,281"
2041,"3,34,187"
2042,"199,169,281"
2043,"0,218,465"
2044,"0,304,216"
2045,"3,29,287"
2046,"44,45,145"
2047,"169,135,3"
2048,"11,205,10"
2049,"111,123,119"
2050,"44,11,10"
2051,"3,21,108"
2052,"21,281,3"
2053,"40,146,145"
2054,"32,23,31"
2055,"64,10,80"
2056,"171,169,199"
2057,"0,271,456"
2058,"3,17,146"
2059,"40,41,42"
2060,"31,23,32"
2061,"3,21,126"
2062,"3,168,17"
2063,"44,45,40"
2064,"10,60,93"
2065,"169,230,296"
2066,"23,10,31"
2067,"10,64,65"
2068,"4,3,19"
2069,"49,23,24"
2070,"10,64,65"
2071,"3,17,18"
2072,"3,30,66"
2073,"71,38,23"
2074,"3,127,523"
2075,"162,163,40"
2076,"96,31,23"
2077,"147,3,148"
2078,"170,169,10"
2079,"169,259,199"
2080,"0,265,311"
2081,"160,40,302"
2082,"26,89,23"
2083,"0,216,380"
2084,"169,199,170"
2085,"169,199,251"
2086,"281,199,169"
2087,"40,41,149"
2088,"140,139,155"
2089,"266,265,0"
2090,"350,26,23"
2091,"0,208,209"
2092,"3,5,228"
2093,"0,265,218"
2094,"199,32,169"
2095,"0,255,235"
2096,"0,254,277"
2097,"215,40,3"
2098,"10,64,11"
2099,"322,54,10"
2100,"23,38,91"
2101,"3,287,21"
2102,"112,111,3"
2103,"151,152,40"
2104,"64,10,90"
2105,"129,128,40"
2106,"23,145,44"
2107,"169,171,199"
2108,"3,147,148"
2109,"220,242,221"
2110,"169,281,199"
2111,"41,42,40"
2112,"0,214,213"
2113,"64,10,93"
2114,"23,137,38"
2115,"271,0,456"
2116,"156,147,3"
2117,"271,23,0"
2118,"73,44,145"
2119,"23,105,26"
2120,"44,45,40"
2121,"350,26,23"
2122,"40,226,131"
2123,"495,23,94"
2124,"64,10,93"
2125,"49,24,23"
2126,"10,11,12"
2127,"3,147,21"
2128,"0,216,257"
2129,"3,287,53"
2130,"11,10,109"
2131,"23,165,74"
2132,"64,10,93"
2133,"74,30,48"
2134,"10,64,93"
2135,"3,111,34"
2136,"456,271,0"
2137,"10,220,54"
2138,"139,40,153"
2139,"3,4,238"
2140,"3,21,124"
2141,"40,131,226"
2142,"63,23,38"
2143,"3,28,190"
2144,"49,24,23"
2145,"64,10,93"
2146,"230,229,0"
2147,"0,271,522"
2148,"220,10,221"
2149,"24,199,323"
2150,"23,26,89"
2151,"93,64,10"
2152,"3,85,379"
2153,"40,145,131"
2154,"8,0,391"
2155,"3,85,158"
2156,"23,62,40"
2157,"10,60,93"
2158,"40,367,100"
2159,"40,44,145"
2160,"23,38,87"
2161,"393,3,113"
2162,"220,221,10"
2163,"111,119,3"
2164,"23,84,40"
2165,"171,169,199"
2166,"220,242,10"
2167,"74,317,23"
2168,"40,131,406"
2169,"10,199,323"
2170,"0,8,308"
2171,"40,151,152"
2172,"3,168,21"
2173,"40,184,243"
2174,"3,379,21"
2175,"23,26,89"
2176,"48,3,23"
2177,"26,23,350"
2178,"23,71,24"
2179,"17,168,3"
2180,"43,24,23"
2181,"40,406,131"
2182,"23,59,231"
2183,"0,8,285"
2184,"0,8,285"
2185,"3,85,147"
2186,"3,21,127"
2187,"40,151,152"
2188,"43,24,23"
2189,"3,34,53"
2190,"3,287,34"
2191,"145,40,322"
2192,"11,109,10"
2193,"17,168,3"
2194,"3,53,68"
2195,"0,271,199"
2196,"0,271,321"
2197,"40,131,241"
2198,"10,220,242"
2199,"281,199,169"
2200,"139,40,153"
2201,"456,0,271"
2202,"64,10,448"
2203,"171,169,199"
2204,"49,23,24"
2205,"281,199,169"
2206,"3,53,287"
2207,"0,271,291"
2208,"346,0,313"
2209,"169,199,356"
2210,"23,74,118"
2211,"216,304,0"
2212,"3,147,156"
2213,"3,85,111"
2214,"23,74,303"
2215,"128,195,40"
2216,"3,53,21"
2217,"131,40,406"
2218,"220,10,242"
2219,"220,242,10"
2220,"220,10,242"
2221,"131,40,226"
2222,"31,23,96"
2223,"10,64,11"
2224,"71,23,38"
2225,"3,13,4"
2226,"3,21,108"
2227,"220,10,221"
2228,"0,369,208"
2229,"0,277,513"
2230,"60,10,197"
2231,"220,242,10"
2232,"71,38,23"
2233,"10,54,95"
2234,"11,10,12"
2235,"402,145,40"
2236,"220,10,242"
2237,"8,0,391"
2238,"220,221,10"
2239,"0,265,349"
2240,"238,3,4"
2241,"96,23,31"
2242,"3,4,238"
2243,"3,30,66"
2244,"80,64,10"
2245,"402,40,145"
2246,"41,40,395"
2247,"220,242,10"
2248,"43,10,24"
2249,"54,55,10"
2250,"40,128,130"
2251,"3,17,168"
2252,"147,3,148"
2253,"220,10,221"
2254,"21,48,3"
2255,"11,10,109"
2256,"17,168,320"
2257,"0,8,235"
2258,"0,348,280"
2259,"220,221,10"
2260,"23,105,253"
2261,"23,74,118"
2262,"10,11,12"
2263,"138,135,40"
2264,"0,271,361"
2265,"40,139,153"
2266,"281,169,260"
2267,"11,10,205"
2268,"0,208,403"
2269,"64,10,93"
2270,"3,13,21"
2271,"169,199,260"
2272,"152,151,356"
2273,"3,4,435"
2274,"3,15,16"
2275,"169,306,296"
2276,"54,55,10"
2277,"169,312,426"
2278,"3,21,126"
2279,"218,512,0"
2280,"0,254,216"
2281,"43,23,24"
2282,"169,343,339"
2283,"89,26,23"
2284,"296,169,460"
2285,"265,0,340"
2286,"5,3,133"
2287,"147,3,148"
2288,"3,15,16"
2289,"10,220,221"
2290,"3,379,21"
2291,"138,135,40"
2292,"3,21,111"
2293,"74,118,23"
2294,"0,271,291"
2295,"11,205,10"
2296,"220,242,10"
2297,"3,21,30"
2298,"220,242,10"
2299,"169,459,374"
2300,"0,271,456"
2301,"23,38,309"
2302,"74,23,303"
2303,"3,236,135"
2304,"3,169,187"
2305,"3,15,16"
2306,"271,0,522"
2307,"40,186,41"
2308,"0,313,346"
2309,"17,168,320"
2310,"10,54,55"
2311,"0,8,235"
2312,"3,21,108"
2313,"199,169,323"
2314,"10,220,242"
2315,"23,454,10"
2316,"350,23,26"
2317,"199,24,323"
2318,"220,10,242"
2319,"265,0,266"
2320,"3,30,435"
2321,"169,199,69"
2322,"23,26,231"
2323,"0,279,249"
2324,"169,296,281"
2325,"0,211,319"
2326,"0,216,304"
2327,"26,89,231"
2328,"10,54,322"
2329,"40,41,186"
2330,"32,31,23"
2331,"0,277,413"
2332,"169,0,111"
2333,"95,45,54"
2334,"26,23,350"
2335,"26,23,350"
2336,"160,40,302"
2337,"220,242,10"
2338,"3,4,238"
2339,"4,3,19"
2340,"23,74,118"
2341,"145,40,44"
2342,"3,21,127"
2343,"23,25,24"
2344,"40,431,135"
2345,"28,3,113"
2346,"118,23,74"
2347,"220,10,221"
2348,"3,17,320"
2349,"199,343,169"
2350,"10,64,90"
2351,"10,11,234"
2352,"3,287,53"
2353,"221,220,10"
2354,"0,266,265"
2355,"109,11,10"
2356,"3,21,187"
2357,"170,169,171"
2358,"281,169,199"
2359,"24,25,23"
2360,"0,265,349"
2361,"44,145,45"
2362,"169,417,0"
2363,"40,224,41"
2364,"115,21,146"
2365,"129,128,40"
2366,"10,220,221"
2367,"162,163,40"
2368,"165,74,23"
2369,"40,24,23"
2370,"3,147,30"
2371,"26,89,23"
2372,"3,66,30"
2373,"220,242,10"
2374,"220,10,242"
2375,"54,10,95"
2376,"3,53,111"
2377,"44,145,10"
2378,"3,16,15"
2379,"40,145,44"
2380,"214,213,0"
2381,"0,265,349"
2382,"21,3,127"
2383,"3,112,111"
2384,"478,322,145"
2385,"3,28,190"
2386,"40,74,241"
2387,"199,169,343"
2388,"44,45,145"
2389,"170,169,260"
2390,"3,293,85"
2391,"10,11,234"
2392,"170,169,171"
2393,"3,147,156"
2394,"11,109,10"
2395,"0,40,208"
2396,"220,242,10"
2397,"54,95,10"
2398,"169,171,199"
2399,"40,41,224"
2400,"25,24,23"
2401,"49,23,24"
2402,"3,53,337"
2403,"0,413,277"
2404,"3,21,108"
2405,"10,60,61"
2406,"40,41,139"
2407,"11,10,109"
2408,"24,43,23"
2409,"44,145,45"
2410,"24,23,10"
2411,"40,395,128"
2412,"3,21,287"
2413,"224,41,40"
2414,"10,11,205"
2415,"16,15,144"
2416,"118,74,23"
2417,"10,64,93"
2418,"44,23,45"
2419,"64,10,93"
2420,"3,187,21"
2421,"43,24,23"
2422,"16,3,15"
2423,"3,21,108"
2424,"4,3,19"
2425,"64,10,448"
2426,"3,111,472"
2427,"337,251,0"
2428,"118,74,23"
2429,"506,0,10"
2430,"89,23,26"
2431,"129,128,40"
2432,"0,216,304"
2433,"208,383,100"
2434,"147,3,148"
2435,"21,3,126"
2436,"281,199,169"
2437,"23,89,26"
2438,"169,170,343"
2439,"147,3,148"
2440,"10,72,44"
2441,"0,206,8"
2442,"64,93,10"
2443,"3,30,104"
2444,"40,131,241"
2445,"151,152,40"
2446,"24,23,25"
2447,"231,26,23"
2448,"40,241,131"
2449,"10,220,221"
2450,"3,447,34"
2451,"8,0,391"
2452,"128,195,40"
2453,"138,135,40"
2454,"3,21,127"
2455,"271,0,355"
2456,"129,128,40"
2457,"171,199,169"
2458,"169,460,306"
2459,"10,11,205"
2460,"3,21,53"
2461,"40,23,24"
2462,"85,86,3"
2463,"3,21,523"
2464,"10,64,93"
2465,"0,339,337"
2466,"10,40,220"
2467,"169,170,23"
2468,"10,220,221"
2469,"96,31,169"
2470,"64,10,79"
2471,"220,10,242"
2472,"128,129,130"
2473,"168,3,17"
2474,"40,131,159"
2475,"3,53,21"
2476,"3,21,126"
2477,"10,60,64"
2478,"3,21,68"
2479,"3,111,267"
2480,"32,31,23"
2481,"199,169,259"
2482,"10,90,64"
2483,"3,17,168"
2484,"49,24,23"
2485,"281,169,199"
2486,"0,279,249"
2487,"265,0,340"
2488,"402,40,23"
2489,"3,284,111"
2490,"3,17,168"
2491,"0,313,346"
2492,"0,271,456"
2493,"45,44,145"
2494,"0,211,319"
2495,"220,510,10"
2496,"40,139,41"
2497,"23,105,519"
2498,"139,155,241"
2499,"0,23,31"
2500,"170,459,169"
2501,"3,108,21"
2502,"23,249,26"
2503,"287,53,208"
2504,"40,131,226"
2505,"0,8,350"
2506,"40,129,128"
2507,"3,28,190"
2508,"169,199,31"
2509,"49,24,23"
2510,"64,43,24"
2511,"41,42,3"
2512,"271,0,361"
2513,"129,128,40"
2514,"64,10,80"
2515,"3,34,21"
2516,"54,10,95"
2517,"43,23,24"
2518,"10,54,83"
2519,"131,134,40"
2520,"23,24,25"
2521,"3,53,40"
2522,"3,28,190"
2523,"169,199,311"
2524,"61,60,10"
2525,"216,370,0"
2526,"10,23,43"
2527,"23,39,31"
2528,"95,54,10"
2529,"26,23,231"
2530,"208,0,163"
2531,"31,454,23"
2532,"8,206,0"
2533,"169,199,323"
2534,"313,346,0"
2535,"40,139,153"
2536,"21,3,379"
2537,"23,43,24"
2538,"134,40,3"
2539,"3,21,48"
2540,"10,11,109"
2541,"3,21,187"
2542,"23,0,26"
2543,"224,40,41"
2544,"0,213,214"
2545,"131,40,368"
2546,"24,0,23"
2547,"3,115,53"
2548,"0,288,3"
2549,"350,26,23"
2550,"374,199,169"
2551,"10,64,90"
2552,"138,135,374"
2553,"23,38,440"
2554,"11,12,10"
2555,"3,4,435"
2556,"64,10,448"
2557,"3,111,53"
2558,"169,170,199"
2559,"40,41,286"
2560,"10,54,322"
2561,"3,53,111"
2562,"169,29,3"
2563,"0,271,304"
2564,"40,184,186"
2565,"10,60,64"
2566,"40,128,195"
2567,"111,3,119"
2568,"512,218,465"
2569,"220,10,242"
2570,"0,280,271"
2571,"28,29,3"
2572,"10,64,239"
2573,"38,23,91"
2574,"105,495,326"
2575,"25,23,24"
2576,"147,3,148"
2577,"49,24,23"
2578,"3,164,21"
2579,"10,239,60"
2580,"23,454,31"
2581,"220,10,242"
2582,"0,265,266"
2583,"40,186,324"
2584,"3,113,28"
2585,"296,300,169"
2586,"105,40,145"
2587,"3,284,111"
2588,"3,523,147"
2589,"220,10,221"
2590,"3,15,16"
2591,"0,319,271"
2592,"40,21,3"
2593,"10,11,419"
2594,"5,3,57"
2595,"169,199,281"
2596,"258,31,23"
2597,"131,40,328"
2598,"40,186,128"
2599,"369,0,208"
2600,"74,317,23"
2601,"0,279,249"
2602,"40,159,131"
2603,"241,131,40"
2604,"3,168,17"
2605,"26,350,23"
2606,"0,271,444"
2607,"74,23,84"
2608,"350,26,23"
2609,"138,135,40"
2610,"43,23,24"
2611,"0,271,456"
2612,"96,10,49"
2613,"40,73,145"
2614,"74,23,303"
2615,"40,41,286"
2616,"24,43,23"
2617,"10,64,90"
2618,"0,271,522"
2619,"169,312,170"
2620,"250,40,135"
2621,"0,456,271"
2622,"10,60,61"
2623,"15,16,3"
2624,"3,147,148"
2625,"0,265,340"
2626,"40,241,131"
2627,"3,21,108"
2628,"54,10,95"
2629,"0,271,8"
2630,"454,31,220"
2631,"129,128,130"
2632,"3,21,187"
2633,"10,43,23"
2634,"40,164,21"
2635,"199,323,169"
2636,"249,279,0"
2637,"3,21,339"
2638,"105,3,262"
2639,"3,156,147"
2640,"23,24,43"
2641,"40,406,131"
2642,"146,40,145"
2643,"111,112,3"
2644,"111,191,3"
2645,"3,53,523"
2646,"169,170,274"
2647,"3,85,158"
2648,"271,26,23"
2649,"265,0,490"
2650,"74,23,317"
2651,"160,3,40"
2652,"10,64,80"
2653,"3,17,320"
2654,"132,131,40"
2655,"10,64,93"
2656,"131,40,226"
2657,"74,165,317"
2658,"10,64,65"
2659,"220,10,242"
2660,"4,19,3"
2661,"3,17,168"
2662,"3,111,112"
2663,"43,64,24"
2664,"169,199,382"
2665,"350,26,23"
2666,"3,30,17"
2667,"3,147,156"
2668,"3,275,147"
2669,"43,24,23"
2670,"31,258,23"
2671,"11,10,12"
2672,"5,228,6"
2673,"23,454,31"
2674,"11,10,109"
2675,"111,3,112"
2676,"131,40,406"
2677,"17,3,18"
2678,"3,111,21"
2679,"3,14,11"
2680,"265,0,349"
2681,"0,380,304"
2682,"350,26,23"
2683,"3,53,112"
2684,"0,211,319"
2685,"10,64,90"
2686,"4,3,435"
2687,"169,199,323"
2688,"3,17,168"
2689,"111,3,40"
2690,"40,151,152"
2691,"169,199,281"
2692,"131,40,226"
2693,"23,74,40"
2694,"34,3,143"
2695,"151,152,169"
2696,"23,118,74"
2697,"64,10,448"
2698,"169,199,0"
2699,"40,241,131"
2700,"224,40,41"
2701,"3,66,30"
2702,"220,10,221"
2703,"3,238,4"
2704,"224,40,41"
2705,"281,259,199"
2706,"10,95,43"
2707,"426,169,223"
2708,"0,230,229"
2709,"169,199,343"
2710,"3,111,21"
2711,"309,135,250"
2712,"0,271,355"
2713,"10,64,80"
2714,"253,3,13"
2715,"169,170,312"
2716,"0,8,235"
2717,"427,3,426"
2718,"296,0,277"
2719,"199,169,259"
2720,"40,145,44"
2721,"23,26,89"
2722,"0,271,213"
2723,"169,170,223"
2724,"49,24,23"
2725,"0,271,456"
2726,"3,21,108"
2727,"10,60,197"
2728,"220,242,10"
2729,"26,89,23"
2730,"406,131,40"
2731,"3,21,28"
2732,"74,23,118"
2733,"146,40,145"
2734,"10,64,93"
2735,"44,145,45"
2736,"11,10,109"
2737,"3,16,147"
2738,"169,199,281"
2739,"10,220,221"
2740,"40,152,151"
2741,"145,40,10"
2742,"40,135,41"
2743,"118,74,23"
2744,"3,147,148"
2745,"23,49,74"
2746,"10,90,64"
2747,"40,152,151"
2748,"131,40,226"
2749,"32,31,23"
2750,"23,62,24"
2751,"40,135,250"
2752,"3,111,119"
2753,"3,53,21"
2754,"10,64,338"
2755,"64,10,80"
2756,"0,280,271"
2757,"74,118,23"
2758,"220,221,10"
2759,"220,242,10"
2760,"3,164,21"
2761,"0,8,206"
2762,"74,23,118"
2763,"220,221,10"
2764,"3,21,53"
2765,"0,444,271"
2766,"40,128,162"
2767,"23,330,28"
2768,"160,40,302"
2769,"40,160,302"
2770,"169,199,281"
2771,"10,234,11"
2772,"131,40,134"
2773,"10,54,55"
2774,"3,147,30"
2775,"11,10,109"
2776,"23,137,38"
2777,"3,4,375"
2778,"0,342,2"
2779,"277,0,413"
2780,"3,53,21"
2781,"0,235,8"
2782,"214,213,0"
2783,"45,44,40"
2784,"17,3,168"
2785,"10,220,221"
2786,"10,239,23"
2787,"118,74,23"
2788,"199,169,0"
2789,"23,74,317"
2790,"241,40,131"
2791,"40,131,226"
2792,"123,111,3"
2793,"281,199,169"
2794,"3,147,148"
2795,"40,42,41"
2796,"40,128,129"
2797,"0,271,291"
2798,"3,21,379"
2799,"8,405,0"
2800,"40,128,8"
2801,"281,199,169"
2802,"64,10,80"
2803,"241,155,139"
2804,"26,231,89"
2805,"10,23,49"
2806,"40,128,186"
2807,"115,21,3"
2808,"54,10,95"
2809,"64,10,80"
2810,"206,0,8"
2811,"3,4,53"
2812,"0,313,271"
2813,"64,10,93"
2814,"3,48,21"
2815,"3,28,113"
2816,"169,199,323"
2817,"105,23,318"
2818,"17,168,320"
2819,"427,426,169"
2820,"3,204,13"
2821,"3,85,86"
2822,"23,32,31"
2823,"296,169,336"
2824,"199,169,281"
2825,"10,60,64"
2826,"3,523,53"
2827,"395,195,40"
2828,"71,303,23"
2829,"0,446,218"
2830,"111,3,123"
2831,"129,128,40"
2832,"89,26,23"
2833,"129,40,128"
2834,"199,169,323"
2835,"3,21,127"
2836,"23,118,74"
2837,"44,45,145"
2838,"169,260,199"
2839,"171,199,169"
2840,"3,263,34"
2841,"131,226,40"
2842,"11,10,419"
2843,"3,21,53"
2844,"3,4,238"
2845,"3,85,133"
2846,"10,93,64"
2847,"320,17,3"
2848,"0,211,319"
2849,"220,10,242"
2850,"296,169,428"
2851,"17,168,3"
2852,"303,74,23"
2853,"135,40,138"
2854,"40,74,317"
2855,"3,21,369"
2856,"339,337,169"
2857,"105,23,318"
2858,"53,287,99"
2859,"149,40,41"
2860,"169,3,111"
2861,"89,23,26"
2862,"3,447,17"
2863,"3,21,108"
2864,"4,19,3"
2865,"131,406,40"
2866,"23,38,40"
2867,"3,0,4"
2868,"169,199,345"
2869,"23,106,25"
2870,"0,218,213"
2871,"40,131,226"
2872,"64,10,93"
2873,"0,216,212"
2874,"138,135,40"
2875,"313,501,346"
2876,"131,40,406"
2877,"10,64,338"
2878,"0,346,313"
2879,"4,3,238"
2880,"0,271,456"
2881,"43,23,24"
2882,"199,169,171"
2883,"3,4,19"
2884,"0,265,11"
2885,"220,10,221"
2886,"4,3,19"
2887,"456,271,0"
2888,"131,406,226"
2889,"44,45,145"
2890,"10,242,220"
2891,"135,40,141"
2892,"147,3,148"
2893,"23,26,231"
2894,"23,74,165"
2895,"23,24,49"
2896,"0,265,271"
2897,"10,64,93"
2898,"3,13,150"
2899,"74,165,317"
2900,"40,131,132"
2901,"16,15,3"
2902,"44,145,45"
2903,"265,0,340"
2904,"11,109,205"
2905,"3,168,50"
2906,"0,206,369"
2907,"124,21,3"
2908,"3,147,156"
2909,"23,62,11"
2910,"23,74,38"
2911,"23,26,89"
2912,"0,169,417"
2913,"129,128,40"
2914,"0,216,422"
2915,"10,23,43"
2916,"0,271,342"
2917,"220,10,221"
2918,"169,199,64"
2919,"0,456,271"
2920,"64,10,93"
2921,"40,406,131"
2922,"3,156,85"
2923,"40,149,41"
2924,"329,170,160"
2925,"199,169,259"
2926,"3,310,111"
2927,"3,30,199"
2928,"40,160,151"
2929,"10,54,95"
2930,"129,128,40"
2931,"24,43,23"
2932,"23,25,24"
2933,"3,21,164"
2934,"10,54,322"
2935,"3,330,4"
2936,"3,21,127"
2937,"3,111,53"
2938,"10,93,64"
2939,"3,48,30"
2940,"45,44,40"
2941,"3,53,4"
2942,"40,135,128"
2943,"24,23,43"
2944,"41,40,224"
2945,"135,40,41"
2946,"11,10,12"
2947,"74,303,23"
2948,"26,89,23"
2949,"40,184,185"
2950,"3,28,147"
2951,"339,337,169"
2952,"169,459,343"
2953,"40,129,386"
2954,"24,43,23"
2955,"23,60,84"
2956,"3,147,148"
2957,"11,205,10"
2958,"0,313,31"
2959,"0,265,308"
2960,"3,4,238"
2961,"10,96,60"
2962,"171,169,170"
2963,"49,24,23"
2964,"0,271,366"
2965,"10,109,31"
2966,"131,226,40"
2967,"90,10,64"
2968,"24,23,49"
2969,"23,49,24"
2970,"129,128,40"
2971,"0,229,169"
2972,"23,74,303"
2973,"0,206,8"
2974,"3,21,108"
2975,"3,523,148"
2976,"3,21,126"
2977,"64,10,93"
2978,"3,85,21"
2979,"162,163,40"
2980,"220,10,221"
2981,"10,402,55"
2982,"40,139,41"
2983,"10,145,220"
2984,"23,307,74"
2985,"128,129,0"
2986,"0,10,313"
2987,"40,152,151"
2988,"23,350,26"
2989,"10,54,95"
2990,"3,21,22"
2991,"11,10,109"
2992,"32,23,31"
2993,"95,145,10"
2994,"43,24,23"
2995,"220,10,242"
2996,"48,3,21"
2997,"41,40,127"
2998,"23,38,137"
2999,"40,215,41"
3000,"23,59,26"
3001,"15,3,16"
3002,"11,10,12"
3003,"26,23,231"
3004,"296,169,306"
3005,"4,3,19"
3006,"26,89,23"
3007,"135,138,169"
3008,"23,74,118"
3009,"40,41,42"
3010,"3,53,523"
3011,"11,109,205"
3012,"3,21,187"
3013,"64,10,80"
3014,"0,456,271"
3015,"401,40,3"
3016,"23,31,454"
3017,"23,31,40"
3018,"303,61,60"
3019,"44,67,24"
3020,"3,17,21"
3021,"13,14,3"
3022,"40,145,402"
3023,"10,54,95"
3024,"3,21,379"
3025,"129,128,40"
3026,"32,31,23"
3027,"64,10,338"
3028,"169,199,402"
3029,"13,150,3"
3030,"0,279,249"
3031,"169,170,199"
3032,"3,305,126"
3033,"271,0,456"
3034,"23,24,38"
3035,"235,8,0"
3036,"3,167,147"
3037,"3,147,167"
3038,"3,187,21"
3039,"169,31,199"
3040,"89,26,23"
3041,"40,494,184"
3042,"187,21,3"
3043,"169,10,170"
3044,"3,17,320"
3045,"3,21,111"
3046,"23,24,62"
3047,"3,147,148"
3048,"3,21,127"
3049,"3,4,238"
3050,"40,160,334"
3051,"23,25,24"
3052,"272,271,361"
3053,"23,24,64"
3054,"3,147,148"
3055,"128,129,40"
3056,"296,371,169"
3057,"64,10,80"
3058,"112,111,3"
3059,"54,95,10"
3060,"54,10,95"
3061,"0,384,265"
3062,"111,3,119"
3063,"24,23,253"
3064,"44,40,145"
3065,"281,169,199"
3066,"105,23,106"
3067,"26,23,231"
3068,"8,0,206"
3069,"23,3,68"
3070,"0,271,355"
3071,"40,145,34"
3072,"10,60,93"
3073,"169,508,199"
3074,"169,339,337"
3075,"3,40,139"
3076,"4,19,3"
3077,"3,53,21"
3078,"523,53,3"
3079,"8,308,514"
3080,"506,60,3"
3081,"31,23,454"
3082,"11,10,205"
3083,"30,3,23"
3084,"64,93,10"
3085,"3,21,108"
3086,"138,135,374"
3087,"3,21,127"
3088,"10,11,109"
3089,"23,89,26"
3090,"4,3,238"
3091,"11,10,12"
3092,"40,145,402"
3093,"32,31,23"
3094,"26,23,89"
3095,"152,151,40"
3096,"40,146,145"
3097,"0,313,346"
3098,"456,0,271"
3099,"23,26,350"
3100,"3,15,53"
3101,"41,21,3"
3102,"23,303,38"
3103,"40,160,315"
3104,"129,128,40"
3105,"64,10,80"
3106,"60,10,61"
3107,"199,323,169"
3108,"3,147,523"
3109,"169,199,281"
3110,"21,40,3"
3111,"220,10,242"
3112,"169,199,382"
3113,"3,66,30"
3114,"53,3,430"
3115,"23,169,31"
3116,"4,3,19"
3117,"40,131,159"
3118,"30,3,66"
3119,"40,41,215"
3120,"23,74,38"
3121,"64,10,338"
3122,"89,26,23"
3123,"169,199,281"
3124,"10,220,402"
3125,"281,169,199"
3126,"10,80,64"
3127,"3,53,325"
3128,"10,338,64"
3129,"3,4,238"
3130,"11,10,109"
3131,"68,3,182"
3132,"48,21,3"
3133,"199,169,281"
3134,"3,51,52"
3135,"3,156,147"
3136,"44,145,40"
3137,"112,111,3"
3138,"147,3,148"
3139,"3,17,168"
3140,"3,21,13"
3141,"160,40,41"
3142,"3,4,30"
3143,"10,322,54"
3144,"0,424,271"
3145,"71,38,23"
3146,"10,90,64"
3147,"21,3,127"
3148,"23,74,303"
3149,"3,21,127"
3150,"3,168,17"
3151,"74,303,23"
3152,"131,40,406"
3153,"3,17,18"
3154,"40,160,302"
3155,"147,148,3"
3156,"23,3,472"
3157,"220,221,10"
3158,"206,8,0"
3159,"43,24,23"
3160,"281,199,169"
3161,"4,3,19"
3162,"23,38,309"
3163,"40,286,41"
3164,"44,145,45"
3165,"169,260,170"
3166,"206,369,0"
3167,"169,223,199"
3168,"34,3,263"
3169,"287,53,3"
3170,"3,111,53"
3171,"169,199,281"
3172,"23,38,40"
3173,"131,134,40"
3174,"454,31,260"
3175,"271,0,456"
3176,"0,8,285"
3177,"26,89,23"
3178,"74,23,118"
3179,"350,26,23"
3180,"44,11,10"
3181,"4,3,183"
3182,"187,21,3"
3183,"24,43,23"
3184,"147,156,3"
3185,"40,149,160"
3186,"31,96,23"
3187,"220,242,221"
3188,"43,23,24"
3189,"12,10,60"
3190,"169,199,281"
3191,"199,169,248"
3192,"43,23,24"
3193,"169,528,199"
3194,"40,128,129"
3195,"3,156,147"
3196,"169,296,426"
3197,"235,0,257"
3198,"96,31,23"
3199,"255,0,462"
3200,"303,23,74"
3201,"23,39,313"
3202,"0,271,355"
3203,"128,129,40"
3204,"11,109,10"
3205,"160,40,315"
3206,"102,21,3"
3207,"241,131,406"
3208,"40,131,406"
3209,"41,40,3"
3210,"3,53,21"
3211,"10,205,11"
3212,"309,38,23"
3213,"40,186,128"
3214,"169,426,199"
3215,"3,21,187"
3216,"64,10,448"
3217,"23,350,26"
3218,"40,146,145"
3219,"17,168,3"
3220,"169,296,336"
3221,"162,128,163"
3222,"0,319,279"
3223,"0,257,216"
3224,"137,38,23"
3225,"53,40,3"
3226,"38,39,23"
3227,"26,231,23"
3228,"131,0,40"
3229,"0,216,257"
3230,"0,257,216"
3231,"281,169,199"
3232,"10,43,23"
3233,"40,45,24"
3234,"23,239,60"
3235,"3,21,187"
3236,"40,41,149"
3237,"23,345,24"
3238,"220,10,242"
3239,"135,250,244"
3240,"24,23,59"
3241,"3,147,148"
3242,"10,60,54"
3243,"169,199,170"
3244,"73,40,145"
3245,"64,10,65"
3246,"74,23,283"
3247,"11,10,109"
3248,"11,10,109"
3249,"118,500,23"
3250,"64,10,338"
3251,"21,42,40"
3252,"3,53,99"
3253,"146,145,40"
3254,"3,21,127"
3255,"0,271,456"
3256,"0,456,271"
3257,"271,0,280"
3258,"3,4,210"
3259,"3,15,16"
3260,"3,523,53"
3261,"220,242,10"
3262,"64,10,448"
3263,"169,23,3"
3264,"23,38,84"
3265,"64,10,65"
3266,"224,41,40"
3267,"0,522,358"
3268,"0,214,213"
3269,"0,44,370"
3270,"54,95,10"
3271,"118,74,23"
3272,"0,271,366"
3273,"40,131,241"
3274,"3,21,48"
3275,"40,151,152"
3276,"44,145,40"
3277,"32,23,31"
3278,"169,170,171"
3279,"3,21,187"
3280,"23,169,251"
3281,"3,21,53"
3282,"3,21,187"
3283,"40,131,406"
3284,"169,337,23"
3285,"147,148,3"
3286,"89,23,26"
3287,"211,319,0"
3288,"5,6,228"
3289,"162,163,40"
3290,"168,17,3"
3291,"309,38,23"
3292,"169,281,199"
3293,"140,139,153"
3294,"3,21,108"
3295,"160,40,247"
3296,"21,3,126"
3297,"220,242,10"
3298,"3,4,15"
3299,"187,21,3"
3300,"16,15,3"
3301,"38,309,23"
3302,"40,73,44"
3303,"64,10,338"
3304,"169,170,459"
3305,"0,255,462"
3306,"0,216,254"
3307,"220,10,242"
3308,"0,216,321"
3309,"40,23,24"
3310,"0,271,26"
3311,"54,95,10"
3312,"3,21,108"
3313,"64,10,80"
3314,"139,40,155"
3315,"49,24,23"
3316,"265,0,349"
3317,"0,271,291"
3318,"3,203,147"
3319,"0,23,265"
3320,"28,3,190"
3321,"169,281,259"
3322,"10,45,54"
3323,"169,155,334"
3324,"3,183,28"
3325,"5,3,57"
3326,"23,32,31"
3327,"23,25,24"
3328,"220,10,221"
3329,"3,5,228"
3330,"21,3,127"
3331,"13,253,12"
3332,"265,266,0"
3333,"3,21,127"
3334,"281,169,199"
3335,"23,419,10"
3336,"3,15,16"
3337,"17,168,3"
3338,"169,199,3"
3339,"366,0,271"
3340,"31,328,258"
3341,"49,24,23"
3342,"3,21,127"
3343,"3,21,53"
3344,"281,169,199"
3345,"220,242,10"
3346,"23,26,89"
3347,"3,21,85"
3348,"0,266,265"
3349,"220,10,242"
3350,"169,170,260"
3351,"0,277,255"
3352,"309,23,38"
3353,"40,152,151"
3354,"128,129,40"
3355,"3,4,111"
3356,"162,40,163"
3357,"17,168,3"
3358,"302,160,40"
3359,"26,23,89"
3360,"0,255,463"
3361,"145,40,44"
3362,"3,4,435"
3363,"129,128,40"
3364,"128,40,129"
3365,"3,263,34"
3366,"41,40,286"
3367,"40,131,226"
3368,"8,0,285"
3369,"0,313,314"
3370,"0,271,444"
3371,"3,17,168"
3372,"3,21,85"
3373,"10,64,338"
3374,"129,128,40"
3375,"10,60,61"
3376,"11,10,12"
3377,"317,74,23"
3378,"171,169,199"
3379,"40,241,131"
3380,"129,128,40"
3381,"0,265,490"
3382,"23,118,74"
3383,"10,64,93"
3384,"139,153,140"
3385,"23,317,74"
3386,"162,163,40"
3387,"171,169,199"
3388,"0,254,216"
3389,"40,131,3"
3390,"40,33,41"
3391,"23,38,82"
3392,"11,10,109"
3393,"40,162,163"
3394,"3,523,53"
3395,"40,222,100"
3396,"145,44,40"
3397,"11,10,109"
3398,"118,74,23"
3399,"128,195,23"
3400,"10,54,95"
3401,"3,21,238"
3402,"43,24,23"
3403,"89,313,346"
3404,"10,64,80"
3405,"54,10,145"
3406,"323,169,199"
3407,"3,21,127"
3408,"54,10,322"
3409,"23,165,74"
3410,"241,478,131"
3411,"199,169,40"
3412,"26,23,89"
3413,"10,64,11"
3414,"49,24,23"
3415,"43,23,24"
3416,"71,38,23"
3417,"40,145,44"
3418,"109,11,10"
3419,"317,23,74"
3420,"0,10,265"
3421,"10,64,448"
3422,"49,24,23"
3423,"40,160,423"
3424,"206,0,8"
3425,"31,96,258"
3426,"265,0,349"
3427,"280,0,271"
3428,"3,66,30"
3429,"40,44,145"
3430,"3,5,21"
3431,"169,426,199"
3432,"135,40,189"
3433,"40,131,406"
3434,"26,350,23"
3435,"0,41,40"
3436,"8,0,206"
3437,"23,74,303"
3438,"24,10,23"
3439,"131,40,406"
3440,"226,40,131"
3441,"44,45,145"
3442,"229,0,230"
3443,"271,0,355"
3444,"23,74,495"
3445,"17,168,3"
3446,"40,160,302"
3447,"23,24,59"
3448,"40,324,41"
3449,"3,111,85"
3450,"206,0,8"
3451,"169,199,170"
3452,"0,313,346"
3453,"3,111,4"
3454,"287,53,3"
3455,"271,456,0"
3456,"3,13,378"
3457,"3,148,147"
3458,"169,199,0"
3459,"49,24,23"
3460,"131,40,132"
3461,"26,23,231"
3462,"40,132,131"
3463,"3,116,53"
3464,"350,26,23"
3465,"40,128,195"
3466,"10,64,55"
3467,"3,28,330"
3468,"4,3,174"
3469,"35,36,3"
3470,"3,148,147"
3471,"0,216,304"
3472,"4,19,70"
3473,"145,402,40"
3474,"10,64,65"
3475,"10,11,205"
3476,"0,271,169"
3477,"3,108,158"
3478,"23,38,74"
3479,"10,11,419"
3480,"231,26,23"
3481,"23,38,87"
3482,"3,147,148"
3483,"3,170,169"
3484,"4,19,3"
3485,"21,3,379"
3486,"3,17,168"
3487,"199,169,343"
3488,"170,260,169"
3489,"3,148,190"
3490,"84,23,74"
3491,"23,32,31"
3492,"3,215,41"
3493,"40,128,129"
3494,"3,21,325"
3495,"89,26,23"
3496,"169,199,281"
3497,"43,24,23"
3498,"199,169,281"
3499,"8,0,206"
3500,"0,271,456"
3501,"3,21,126"
3502,"40,135,189"
3503,"45,44,145"
3504,"281,199,169"
3505,"3,17,5"
3506,"11,10,109"
3507,"118,74,23"
3508,"220,10,242"
3509,"206,8,0"
3510,"0,271,456"
3511,"10,64,65"
3512,"231,23,26"
3513,"31,96,23"
3514,"36,3,35"
3515,"43,24,23"
3516,"356,169,199"
3517,"10,11,12"
3518,"40,302,160"
3519,"44,45,67"
3520,"3,21,126"
3521,"11,10,109"
3522,"54,10,145"
3523,"152,151,40"
3524,"3,21,147"
3525,"309,419,23"
3526,"296,169,411"
3527,"3,85,147"
3528,"3,48,21"
3529,"40,41,324"
3530,"3,111,53"
3531,"220,10,221"
3532,"23,74,317"
3533,"24,23,10"
3534,"3,148,147"
3535,"169,199,259"
3536,"3,379,21"
3537,"3,147,167"
3538,"3,85,30"
3539,"85,3,86"
3540,"89,26,23"
3541,"49,23,24"
3542,"0,418,265"
3543,"3,147,523"
3544,"131,226,40"
3545,"89,26,23"
3546,"206,8,369"
3547,"40,395,396"
3548,"40,140,139"
3549,"271,0,40"
3550,"32,23,31"
3551,"0,40,145"
3552,"456,0,271"
3553,"169,170,259"
3554,"3,13,204"
3555,"271,0,456"
3556,"17,3,168"
3557,"139,40,153"
3558,"118,74,23"
3559,"70,4,3"
3560,"171,169,199"
3561,"3,21,379"
3562,"3,375,100"
3563,"40,41,324"
3564,"64,10,93"
3565,"3,30,66"
3566,"3,111,112"
3567,"31,96,258"
3568,"3,21,127"
3569,"281,169,199"
3570,"40,131,466"
3571,"74,23,118"
3572,"10,64,338"
3573,"169,199,281"
3574,"3,13,150"
3575,"10,11,12"
3576,"23,40,328"
3577,"220,221,10"
3578,"25,24,23"
3579,"128,186,40"
3580,"64,10,448"
3581,"271,0,456"
3582,"45,44,40"
3583,"3,32,23"
3584,"169,296,426"
3585,"3,22,21"
3586,"43,23,24"
3587,"3,21,108"
3588,"135,40,138"
3589,"231,23,26"
3590,"220,10,221"
3591,"0,235,220"
3592,"169,199,170"
3593,"26,23,350"
3594,"74,23,303"
3595,"10,60,239"
3596,"296,169,428"
3597,"32,23,31"
3598,"3,4,28"
3599,"241,131,40"
3600,"168,17,3"
3601,"111,3,23"
3602,"112,3,111"
3603,"3,33,21"
3604,"3,147,148"
3605,"205,11,10"
3606,"271,355,0"
3607,"141,40,135"
3608,"49,10,24"
3609,"3,85,21"
3610,"3,21,48"
3611,"3,22,21"
3612,"64,23,10"
3613,"368,184,40"
3614,"3,147,53"
3615,"0,271,522"
3616,"64,10,448"
3617,"54,10,322"
3618,"169,199,251"
3619,"36,3,35"
3620,"0,271,456"
3621,"170,260,169"
3622,"23,258,24"
3623,"3,4,174"
3624,"3,126,21"
3625,"220,10,221"
3626,"31,258,23"
3627,"402,10,145"
3628,"131,40,226"
3629,"160,40,201"
3630,"23,89,26"
3631,"10,64,93"
3632,"23,350,26"
3633,"152,151,40"
3634,"313,346,26"
3635,"3,4,111"
3636,"11,109,10"
3637,"40,128,129"
3638,"3,17,168"
3639,"145,40,524"
3640,"10,44,45"
3641,"3,53,287"
3642,"145,40,402"
3643,"40,131,226"
3644,"368,40,111"
3645,"3,147,156"
3646,"10,44,45"
3647,"53,287,3"
3648,"339,337,169"
3649,"74,23,84"
3650,"169,170,260"
3651,"3,4,111"
3652,"105,23,326"
3653,"169,170,23"
3654,"118,74,23"
3655,"3,53,21"
3656,"95,54,10"
3657,"44,145,45"
3658,"147,148,3"
3659,"0,257,255"
3660,"169,199,281"
3661,"44,45,109"
3662,"0,456,271"
3663,"301,3,158"
3664,"40,145,402"
3665,"64,10,93"
3666,"26,23,89"
3667,"11,10,109"
3668,"3,28,190"
3669,"40,146,145"
3670,"145,44,40"
3671,"64,93,10"
3672,"3,21,187"
3673,"4,3,435"
3674,"44,145,40"
3675,"40,184,185"
3676,"165,74,23"
3677,"13,3,14"
3678,"0,456,271"
3679,"271,456,0"
3680,"334,40,111"
3681,"3,21,158"
3682,"169,199,343"
3683,"3,15,16"
3684,"127,3,21"
3685,"3,53,148"
3686,"40,41,224"
3687,"26,350,0"
3688,"155,139,40"
3689,"131,40,406"
3690,"21,3,164"
3691,"169,170,260"
3692,"23,26,38"
3693,"138,135,40"
3694,"23,309,38"
3695,"380,0,216"
3696,"44,54,45"
3697,"48,3,21"
3698,"85,3,158"
3699,"3,68,53"
3700,"0,169,355"
3701,"21,33,3"
3702,"169,199,281"
3703,"111,267,125"
3704,"66,30,3"
3705,"374,169,459"
3706,"40,41,224"
3707,"160,315,40"
3708,"49,24,23"
3709,"3,21,147"
3710,"3,4,183"
3711,"220,10,221"
3712,"3,28,30"
3713,"23,74,62"
3714,"10,64,90"
3715,"220,221,10"
3716,"0,271,456"
3717,"220,221,10"
3718,"23,62,38"
3719,"95,54,10"
3720,"3,28,190"
3721,"10,64,90"
3722,"23,74,94"
3723,"147,148,3"
3724,"32,31,23"
3725,"3,4,267"
3726,"4,3,188"
3727,"313,346,26"
3728,"26,23,89"
3729,"23,31,454"
3730,"107,118,74"
3731,"3,53,287"
3732,"0,8,285"
3733,"45,109,11"
3734,"23,59,24"
3735,"220,10,221"
3736,"281,169,199"
3737,"89,26,23"
3738,"23,74,303"
3739,"3,21,127"
3740,"10,54,95"
3741,"8,0,235"
3742,"8,23,0"
3743,"23,24,59"
3744,"0,277,216"
3745,"0,475,218"
3746,"220,221,10"
3747,"4,19,3"
3748,"71,38,23"
3749,"54,145,10"
3750,"3,168,17"
3751,"478,31,40"
3752,"8,308,0"
3753,"111,3,119"
3754,"89,26,23"
3755,"169,171,199"
3756,"3,53,325"
3757,"10,23,54"
3758,"40,402,145"
3759,"31,23,454"
3760,"23,106,105"
3761,"90,10,64"
3762,"10,234,54"
3763,"23,49,96"
3764,"169,199,10"
3765,"23,40,160"
3766,"74,118,23"
3767,"220,10,242"
3768,"60,10,3"
3769,"31,454,169"
3770,"169,138,199"
3771,"3,21,127"
3772,"350,26,23"
3773,"3,21,48"
3774,"0,308,8"
3775,"0,265,340"
3776,"23,25,24"
3777,"40,160,423"
3778,"4,3,5"
3779,"40,184,131"
3780,"3,4,188"
3781,"36,35,3"
3782,"184,185,40"
3783,"40,131,241"
3784,"17,168,3"
3785,"64,10,79"
3786,"3,68,53"
3787,"380,216,0"
3788,"8,0,206"
3789,"3,523,53"
3790,"3,34,447"
3791,"0,271,456"
3792,"0,285,8"
3793,"64,10,448"
3794,"64,10,65"
3795,"40,131,406"
3796,"220,10,242"
3797,"3,147,169"
3798,"296,169,371"
3799,"26,23,89"
3800,"281,199,169"
3801,"3,34,263"
3802,"40,145,44"
3803,"24,23,10"
3804,"11,109,10"
3805,"26,89,23"
3806,"40,44,145"
3807,"11,109,62"
3808,"131,40,406"
3809,"3,21,379"
3810,"23,137,38"
3811,"40,145,54"
3812,"3,30,28"
3813,"40,131,241"
3814,"89,26,23"
3815,"40,135,386"
3816,"3,116,447"
3817,"10,54,95"
3818,"3,30,4"
3819,"3,15,16"
3820,"44,145,45"
3821,"0,271,280"
3822,"89,26,23"
3823,"40,160,334"
3824,"220,221,10"
3825,"3,15,16"
3826,"44,145,45"
3827,"23,74,303"
3828,"3,4,188"
3829,"23,31,454"
3830,"265,266,490"
3831,"74,10,23"
3832,"44,45,40"
3833,"129,128,40"
3834,"3,85,379"
3835,"220,10,242"
3836,"0,271,291"
3837,"3,375,4"
3838,"0,214,213"
3839,"220,221,10"
3840,"456,271,0"
3841,"145,40,402"
3842,"43,24,23"
3843,"17,3,168"
3844,"206,8,0"
3845,"102,21,3"
3846,"220,221,10"
3847,"171,169,199"
3848,"11,109,10"
3849,"40,131,406"
3850,"3,30,22"
3851,"10,145,44"
3852,"40,146,41"
3853,"281,199,169"
3854,"0,271,456"
3855,"96,23,31"
3856,"169,417,296"
3857,"3,15,16"
3858,"3,147,33"
3859,"3,85,379"
3860,"42,126,21"
3861,"64,10,93"
3862,"3,34,263"
3863,"160,40,334"
3864,"53,287,169"
3865,"220,10,242"
3866,"131,406,241"
3867,"169,199,23"
3868,"49,23,24"
3869,"0,271,456"
3870,"74,118,23"
3871,"10,11,12"
3872,"169,199,171"
3873,"129,128,40"
3874,"524,145,40"
3875,"23,38,82"
3876,"0,271,291"
3877,"3,21,127"
3878,"3,116,447"
3879,"8,0,235"
3880,"11,10,205"
3881,"23,137,519"
3882,"3,4,174"
3883,"73,145,40"
3884,"0,271,291"
3885,"3,13,21"
3886,"206,8,0"
3887,"74,23,118"
3888,"15,16,3"
3889,"323,199,169"
3890,"11,10,109"
3891,"74,23,303"
3892,"0,521,208"
3893,"3,4,19"
3894,"40,160,201"
3895,"28,3,190"
3896,"3,13,85"
3897,"199,169,343"
3898,"23,39,38"
3899,"26,231,23"
3900,"41,40,42"
3901,"169,0,337"
3902,"38,39,23"
3903,"277,413,0"
3904,"162,40,163"
3905,"26,89,23"
3906,"0,304,216"
3907,"8,0,235"
3908,"23,350,26"
3909,"171,169,199"
3910,"44,40,145"
3911,"139,155,40"
3912,"3,111,123"
3913,"10,93,64"
3914,"220,221,10"
3915,"74,303,165"
3916,"10,60,61"
3917,"3,21,127"
3918,"402,145,40"
3919,"131,368,241"
3920,"112,111,3"
3921,"10,11,109"
3922,"59,24,23"
3923,"40,184,368"
3924,"43,24,23"
3925,"49,23,24"
3926,"53,118,3"
3927,"23,31,96"
3928,"21,127,33"
3929,"169,40,139"
3930,"3,28,330"
3931,"11,10,12"
3932,"64,10,448"
3933,"220,221,10"
3934,"40,224,41"
3935,"0,271,513"
3936,"3,30,66"
3937,"24,49,23"
3938,"10,64,80"
3939,"138,135,40"
3940,"40,54,402"
3941,"43,23,24"
3942,"0,265,208"
3943,"40,145,100"
3944,"0,271,456"
3945,"169,343,199"
3946,"54,10,95"
3947,"64,448,10"
3948,"84,23,162"
3949,"12,10,11"
3950,"89,26,0"
3951,"3,111,53"
3952,"23,40,74"
3953,"11,59,23"
3954,"145,40,10"
3955,"10,221,59"
3956,"204,13,14"
3957,"308,8,0"
3958,"131,134,40"
3959,"23,38,137"
3960,"24,64,23"
3961,"23,91,38"
3962,"3,500,21"
3963,"0,10,265"
3964,"478,145,31"
3965,"23,74,303"
3966,"0,8,308"
3967,"220,221,10"
3968,"23,91,25"
3969,"0,8,410"
3970,"53,3,467"
3971,"24,23,49"
3972,"3,111,267"
3973,"3,53,147"
3974,"206,0,8"
3975,"456,0,271"
3976,"4,19,3"
3977,"3,472,111"
3978,"23,3,38"
3979,"272,271,0"
3980,"10,64,90"
3981,"11,10,205"
3982,"0,319,211"
3983,"0,235,8"
3984,"0,271,291"
3985,"339,337,169"
3986,"40,402,145"
3987,"145,44,40"
3988,"40,131,406"
3989,"40,139,153"
3990,"74,118,23"
3991,"40,224,41"
3992,"129,40,128"
3993,"0,218,465"
3994,"40,145,402"
3995,"220,242,221"
3996,"137,23,38"
3997,"4,3,70"
3998,"3,33,21"
3999,"169,339,337"
4000,"0,8,26"
4001,"0,271,456"
4002,"267,111,3"
4003,"3,30,66"
4004,"3,4,238"
4005,"169,199,40"
4006,"169,339,337"
4007,"40,151,41"
4008,"8,0,410"
4009,"23,3,345"
4010,"23,74,317"
4011,"74,317,303"
4012,"64,10,448"
4013,"3,21,108"
4014,"3,34,168"
4015,"3,5,133"
4016,"64,10,473"
4017,"8,308,206"
4018,"169,296,411"
4019,"3,30,66"
4020,"260,170,169"
4021,"0,206,8"
4022,"43,24,23"
4023,"23,26,89"
4024,"3,48,21"
4025,"3,21,127"
4026,"3,28,190"
4027,"3,523,53"
4028,"10,23,11"
4029,"111,3,169"
4030,"171,169,170"
4031,"3,53,287"
4032,"0,265,383"
4033,"23,24,49"
4034,"3,4,53"
4035,"23,38,107"
4036,"3,4,183"
4037,"105,23,318"
4038,"105,326,0"
4039,"3,21,301"
4040,"54,10,95"
4041,"3,330,28"
4042,"3,111,135"
4043,"296,169,23"
4044,"3,21,53"
4045,"11,10,12"
4046,"0,265,273"
4047,"3,15,16"
4048,"366,0,271"
4049,"0,208,216"
4050,"8,0,308"
4051,"402,55,54"
4052,"41,42,40"
4053,"169,199,260"
4054,"0,235,8"
4055,"145,40,402"
4056,"128,195,40"
4057,"31,193,40"
4058,"38,40,23"
4059,"0,354,214"
4060,"3,17,56"
4061,"169,507,296"
4062,"128,186,324"
4063,"10,64,338"
4064,"220,10,221"
4065,"111,3,119"
4066,"3,85,158"
4067,"3,147,203"
4068,"3,34,187"
4069,"10,64,65"
4070,"54,322,10"
4071,"3,148,21"
4072,"135,40,244"
4073,"40,162,163"
4074,"0,455,271"
4075,"160,302,40"
4076,"44,25,45"
4077,"0,214,213"
4078,"3,293,85"
4079,"0,214,213"
4080,"44,109,145"
4081,"234,10,11"
4082,"23,24,43"
4083,"281,199,169"
4084,"131,40,226"
4085,"23,26,271"
4086,"40,131,406"
4087,"3,111,161"
4088,"23,74,303"
4089,"343,199,169"
4090,"32,23,31"
4091,"23,232,231"
4092,"408,21,40"
4093,"3,21,85"
4094,"40,41,42"
4095,"23,118,38"
4096,"220,10,221"
4097,"40,129,128"
4098,"32,31,23"
4099,"23,38,137"
4100,"10,11,12"
4101,"40,395,128"
4102,"23,10,38"
4103,"255,463,0"
4104,"31,23,32"
4105,"281,169,199"
4106,"350,26,23"
4107,"24,43,23"
4108,"10,11,109"
4109,"3,48,30"
4110,"40,42,41"
4111,"40,395,128"
4112,"12,10,11"
4113,"40,145,44"
4114,"45,44,10"
4115,"10,11,218"
4116,"3,34,17"
4117,"64,10,65"
4118,"309,38,23"
4119,"131,134,40"
4120,"4,19,3"
4121,"10,220,221"
4122,"3,4,53"
4123,"0,214,213"
4124,"23,26,89"
4125,"23,43,24"
4126,"3,4,174"
4127,"131,40,226"
4128,"23,89,26"
4129,"25,24,44"
4130,"23,24,59"
4131,"40,139,153"
4132,"3,17,168"
4133,"40,41,135"
4134,"49,0,265"
4135,"3,53,287"
4136,"3,53,287"
4137,"5,57,228"
4138,"3,53,187"
4139,"0,8,285"
4140,"3,4,174"
4141,"162,163,40"
4142,"23,26,350"
4143,"40,131,226"
4144,"40,135,236"
4145,"40,145,44"
4146,"40,41,128"
4147,"40,160,423"
4148,"23,38,91"
4149,"281,199,169"
4150,"170,260,169"
4151,"3,238,4"
4152,"10,64,93"
4153,"296,169,306"
4154,"40,41,286"
4155,"129,130,128"
4156,"0,421,229"
4157,"64,10,80"
4158,"21,127,3"
4159,"317,74,201"
4160,"296,0,169"
4161,"0,214,213"
4162,"135,138,40"
4163,"3,53,68"
4164,"10,54,95"
4165,"17,168,3"
4166,"220,242,10"
4167,"23,89,26"
4168,"169,199,281"
4169,"3,113,53"
4170,"3,28,21"
4171,"224,161,111"
4172,"3,66,30"
4173,"0,26,23"
4174,"32,31,23"
4175,"17,3,168"
4176,"0,271,291"
4177,"3,21,127"
4178,"105,23,54"
4179,"0,271,321"
4180,"0,271,456"
4181,"40,152,151"
4182,"74,23,118"
4183,"11,10,12"
4184,"96,23,60"
4185,"220,10,221"
4186,"24,43,23"
4187,"74,118,23"
4188,"220,221,10"
4189,"23,10,24"
4190,"74,303,23"
4191,"23,24,25"
4192,"10,93,64"
4193,"8,0,235"
4194,"3,66,30"
4195,"169,199,343"
4196,"8,0,308"
4197,"128,195,40"
4198,"4,3,183"
4199,"165,74,23"
4200,"3,416,467"
4201,"64,10,80"
4202,"257,216,23"
4203,"40,184,185"
4204,"44,145,40"
4205,"220,10,242"
4206,"89,26,23"
4207,"74,23,118"
4208,"11,109,73"
4209,"4,3,19"
4210,"23,26,350"
4211,"10,64,93"
4212,"169,199,337"
4213,"82,23,39"
4214,"0,265,218"
4215,"220,242,221"
4216,"3,53,99"
4217,"456,0,271"
4218,"0,206,8"
4219,"169,323,199"
4220,"40,131,406"
4221,"24,49,23"
4222,"0,218,512"
4223,"287,3,53"
4224,"17,168,3"
4225,"111,125,267"
4226,"23,74,38"
4227,"74,63,23"
4228,"0,23,74"
4229,"40,131,159"
4230,"3,447,34"
4231,"0,370,220"
4232,"40,145,10"
4233,"402,145,40"
4234,"3,14,13"
4235,"224,40,41"
4236,"23,43,10"
4237,"3,53,287"
4238,"43,24,23"
4239,"350,26,23"
4240,"43,24,23"
4241,"3,21,108"
4242,"3,15,16"
4243,"10,64,93"
4244,"3,21,126"
4245,"308,8,26"
4246,"271,456,0"
4247,"74,317,23"
4248,"3,147,113"
4249,"31,40,23"
4250,"3,21,126"
4251,"10,64,93"
4252,"296,169,411"
4253,"38,23,309"
4254,"109,11,10"
4255,"3,85,147"
4256,"40,131,132"
4257,"11,10,205"
4258,"3,4,435"
4259,"3,267,85"
4260,"0,8,235"
4261,"17,168,320"
4262,"3,4,435"
4263,"40,139,41"
4264,"3,13,14"
4265,"23,350,26"
4266,"3,4,435"
4267,"10,64,90"
4268,"3,111,147"
4269,"23,24,345"
4270,"11,205,109"
4271,"3,111,53"
4272,"3,17,168"
4273,"0,8,9"
4274,"39,23,38"
4275,"169,343,199"
4276,"171,169,199"
4277,"199,169,0"
4278,"3,21,187"
4279,"3,126,21"
4280,"3,21,169"
4281,"169,199,323"
4282,"43,24,23"
4283,"170,169,199"
4284,"40,406,131"
4285,"199,169,23"
4286,"10,64,54"
4287,"40,184,368"
4288,"220,221,10"
4289,"220,221,242"
4290,"220,10,25"
4291,"118,23,74"
4292,"44,145,40"
4293,"23,10,40"
4294,"3,21,40"
4295,"130,128,129"
4296,"23,308,8"
4297,"0,8,206"
4298,"40,139,153"
4299,"24,23,25"
4300,"55,54,10"
4301,"170,169,0"
4302,"135,138,40"
4303,"10,239,60"
4304,"23,74,25"
4305,"0,235,220"
4306,"11,109,10"
4307,"129,128,130"
4308,"31,23,258"
4309,"43,24,23"
4310,"24,23,11"
4311,"281,169,260"
4312,"40,406,131"
4313,"40,152,151"
4314,"93,64,10"
4315,"3,17,320"
4316,"95,54,24"
4317,"89,26,23"
4318,"26,231,23"
4319,"84,74,23"
4320,"74,23,165"
4321,"286,41,40"
4322,"11,109,10"
4323,"23,38,309"
4324,"169,171,199"
4325,"24,23,43"
4326,"365,0,340"
4327,"26,23,350"
4328,"10,64,448"
4329,"40,153,139"
4330,"231,26,8"
4331,"74,303,23"
4332,"24,23,43"
4333,"33,21,3"
4334,"40,42,41"
4335,"61,60,13"
4336,"64,93,10"
4337,"3,21,85"
4338,"3,30,66"
4339,"401,53,287"
4340,"3,15,16"
4341,"23,137,105"
4342,"40,151,152"
4343,"131,406,40"
4344,"44,45,145"
4345,"3,4,375"
4346,"169,339,337"
4347,"10,11,109"
4348,"169,199,260"
4349,"3,21,48"
4350,"3,127,148"
4351,"64,10,80"
4352,"24,43,54"
4353,"74,118,23"
4354,"0,271,456"
4355,"199,169,323"
4356,"21,3,127"
4357,"135,138,40"
4358,"3,13,150"
4359,"184,40,185"
4360,"40,131,145"
4361,"169,171,199"
4362,"11,10,109"
4363,"0,380,216"
4364,"8,308,26"
4365,"40,151,152"
4366,"3,28,190"
4367,"96,23,31"
4368,"118,74,23"
4369,"0,353,271"
4370,"3,21,108"
4371,"3,113,28"
4372,"11,10,109"
4373,"74,118,23"
4374,"40,139,153"
4375,"3,21,48"
4376,"31,23,454"
4377,"40,128,26"
4378,"42,40,41"
4379,"60,10,489"
4380,"4,3,19"
4381,"220,10,221"
4382,"23,328,31"
4383,"40,131,406"
4384,"3,21,48"
4385,"147,3,148"
4386,"64,10,93"
4387,"3,4,174"
4388,"220,10,242"
4389,"44,45,145"
4390,"151,152,40"
4391,"10,55,54"
4392,"38,40,23"
4393,"74,23,84"
4394,"281,199,223"
4395,"10,64,93"
4396,"220,10,221"
4397,"17,168,3"
4398,"71,23,38"
4399,"3,21,30"
4400,"26,89,23"
4401,"118,74,23"
4402,"131,406,241"
4403,"220,10,221"
4404,"44,40,145"
4405,"3,30,66"
4406,"23,38,62"
4407,"10,64,23"
4408,"170,260,169"
4409,"40,145,131"
4410,"23,26,89"
4411,"32,31,23"
4412,"169,230,426"
4413,"3,21,48"
4414,"3,17,379"
4415,"3,21,126"
4416,"40,131,406"
4417,"271,0,456"
4418,"10,169,323"
4419,"3,21,187"
4420,"23,74,24"
4421,"135,244,40"
4422,"3,21,48"
4423,"43,24,23"
4424,"0,206,249"
4425,"10,64,90"
4426,"456,271,0"
4427,"24,23,49"
4428,"10,60,239"
4429,"0,271,456"
4430,"3,21,187"
4431,"3,68,53"
4432,"11,10,12"
4433,"281,260,169"
4434,"162,163,40"
4435,"40,139,153"
4436,"3,219,4"
4437,"4,3,435"
4438,"0,271,522"
4439,"26,23,89"
4440,"89,23,26"
4441,"23,24,0"
4442,"105,318,23"
4443,"3,111,379"
4444,"206,8,0"
4445,"64,10,93"
4446,"40,145,44"
4447,"10,44,45"
4448,"40,131,132"
4449,"64,10,93"
4450,"3,15,16"
4451,"23,24,80"
4452,"323,199,169"
4453,"23,25,95"
4454,"220,10,242"
4455,"128,129,40"
4456,"40,496,395"
4457,"220,221,10"
4458,"26,350,23"
4459,"406,131,40"
4460,"10,64,80"
4461,"40,241,395"
4462,"220,221,10"
4463,"3,5,228"
4464,"10,64,93"
4465,"169,199,343"
4466,"3,168,17"
4467,"93,10,64"
4468,"40,135,141"
4469,"64,461,38"
4470,"3,21,108"
4471,"0,206,8"
4472,"0,279,249"
4473,"10,11,109"
4474,"3,21,108"
4475,"199,169,64"
4476,"171,199,169"
4477,"169,199,248"
4478,"3,111,112"
4479,"3,113,430"
4480,"216,304,380"
4481,"131,40,241"
4482,"111,119,146"
4483,"160,40,315"
4484,"279,249,0"
4485,"60,23,239"
4486,"3,85,15"
4487,"303,74,23"
4488,"3,53,523"
4489,"152,151,40"
4490,"64,80,10"
4491,"170,169,260"
4492,"0,212,249"
4493,"271,0,272"
4494,"0,208,216"
4495,"3,287,53"
4496,"0,513,271"
4497,"40,146,145"
4498,"40,131,226"
4499,"112,111,3"
4500,"456,0,271"
4501,"226,40,131"
4502,"3,48,10"
4503,"24,43,23"
4504,"118,74,23"
4505,"350,26,23"
4506,"49,24,23"
4507,"220,10,221"
4508,"0,313,346"
4509,"23,74,118"
4510,"147,3,148"
4511,"317,74,23"
4512,"11,10,205"
4513,"0,8,206"
4514,"3,28,113"
4515,"111,3,112"
4516,"40,160,423"
4517,"0,8,391"
4518,"40,131,226"
4519,"40,145,194"
4520,"128,130,129"
4521,"40,241,128"
4522,"23,38,26"
4523,"105,23,10"
4524,"31,258,23"
4525,"3,281,199"
4526,"279,249,0"
4527,"131,40,134"
4528,"0,216,304"
4529,"10,11,12"
4530,"4,3,238"
4531,"3,147,85"
4532,"131,406,40"
4533,"0,8,206"
4534,"11,10,205"
4535,"3,379,99"
4536,"3,41,215"
4537,"64,10,93"
4538,"10,402,145"
4539,"152,151,40"
4540,"220,242,10"
4541,"3,53,523"
4542,"40,149,334"
4543,"169,199,260"
4544,"31,96,258"
4545,"85,3,86"
4546,"3,21,48"
4547,"40,151,152"
4548,"3,21,23"
4549,"139,153,155"
4550,"3,188,4"
4551,"49,23,24"
4552,"64,10,93"
4553,"23,74,165"
4554,"169,199,281"
4555,"40,145,44"
4556,"45,44,145"
4557,"3,320,17"
4558,"3,21,111"
4559,"40,145,45"
4560,"3,53,17"
4561,"40,241,128"
4562,"10,64,65"
4563,"3,21,127"
4564,"10,11,205"
4565,"40,160,315"
4566,"23,31,328"
4567,"0,169,355"
4568,"74,317,23"
4569,"3,5,228"
4570,"10,43,24"
4571,"10,234,60"
4572,"169,248,199"
4573,"23,60,96"
4574,"10,43,23"
4575,"40,131,406"
4576,"11,10,205"
4577,"10,64,93"
4578,"8,308,0"
4579,"187,3,21"
4580,"199,169,281"
4581,"26,89,23"
4582,"199,169,281"
4583,"23,63,38"
4584,"3,53,287"
4585,"23,74,303"
4586,"3,16,15"
4587,"44,73,145"
4588,"3,85,66"
4589,"0,271,522"
4590,"26,89,23"
4591,"3,21,127"
4592,"28,7,3"
4593,"184,185,368"
4594,"23,24,62"
4595,"3,21,108"
4596,"169,507,311"
4597,"23,89,26"
4598,"34,3,263"
4599,"419,168,40"
4600,"220,221,10"
4601,"0,26,23"
4602,"3,143,168"
4603,"40,128,129"
4604,"10,64,338"
4605,"40,128,41"
4606,"160,40,315"
4607,"0,255,348"
4608,"74,23,118"
4609,"10,220,221"
4610,"40,139,153"
4611,"459,170,169"
4612,"0,280,271"
4613,"3,4,188"
4614,"169,339,337"
4615,"3,53,28"
4616,"3,53,287"
4617,"134,131,40"
4618,"74,23,118"
4619,"23,25,24"
4620,"226,131,40"
4621,"10,60,64"
4622,"0,271,304"
4623,"3,21,108"
4624,"40,131,395"
4625,"3,4,51"
4626,"10,323,64"
4627,"3,21,127"
4628,"3,53,416"
4629,"11,10,12"
4630,"10,64,93"
4631,"494,40,23"
4632,"23,89,26"
4633,"23,31,454"
4634,"3,17,168"
4635,"10,169,60"
4636,"160,40,334"
4637,"40,41,160"
4638,"131,406,40"
4639,"26,89,23"
4640,"3,147,148"
4641,"3,21,48"
4642,"24,49,23"
4643,"74,23,77"
4644,"3,21,48"
4645,"64,10,93"
4646,"137,23,105"
4647,"169,339,337"
4648,"10,93,60"
4649,"3,21,108"
4650,"220,242,10"
4651,"40,128,130"
4652,"281,199,169"
4653,"23,43,24"
4654,"10,54,95"
4655,"147,3,148"
4656,"28,3,190"
4657,"10,11,109"
4658,"89,26,23"
4659,"0,279,249"
4660,"456,271,0"
4661,"169,199,311"
4662,"3,21,48"
4663,"40,41,42"
4664,"146,40,145"
4665,"10,11,234"
4666,"146,40,10"
4667,"3,5,228"
4668,"271,0,291"
4669,"26,89,23"
4670,"343,199,169"
4671,"77,23,31"
4672,"0,271,355"
4673,"74,23,118"
4674,"3,187,21"
4675,"40,131,193"
4676,"199,281,169"
4677,"169,170,260"
4678,"40,186,41"
4679,"350,26,23"
4680,"23,303,74"
4681,"3,53,15"
4682,"459,170,169"
4683,"281,169,199"
4684,"3,21,182"
4685,"10,64,93"
4686,"23,328,31"
4687,"3,5,133"
4688,"0,319,211"
4689,"302,160,40"
4690,"0,291,457"
4691,"0,8,308"
4692,"21,3,127"
4693,"3,111,267"
4694,"26,23,231"
4695,"23,105,38"
4696,"4,3,19"
4697,"3,379,21"
4698,"40,145,44"
4699,"64,10,93"
4700,"171,169,199"
4701,"169,170,296"
4702,"3,33,156"
4703,"220,10,221"
4704,"32,31,23"
4705,"0,255,462"
4706,"3,21,148"
4707,"40,131,226"
4708,"296,169,460"
4709,"23,40,74"
4710,"199,169,323"
4711,"220,10,221"
4712,"64,10,80"
4713,"23,106,25"
4714,"38,23,309"
4715,"0,271,522"
4716,"11,10,109"
4717,"271,456,0"
4718,"147,3,148"
4719,"0,313,216"
4720,"23,26,38"
4721,"281,199,431"
4722,"23,26,89"
4723,"139,40,153"
4724,"0,254,216"
4725,"128,129,40"
4726,"74,23,118"
4727,"4,3,19"
4728,"23,13,24"
4729,"17,168,3"
4730,"3,21,187"
4731,"85,3,158"
4732,"3,30,28"
4733,"55,40,10"
4734,"220,221,10"
4735,"10,60,61"
4736,"3,17,21"
4737,"3,85,15"
4738,"169,171,199"
4739,"11,221,10"
4740,"3,147,148"
4741,"3,53,523"
4742,"3,170,30"
4743,"169,426,312"
4744,"3,379,85"
4745,"3,30,21"
4746,"3,388,85"
4747,"71,23,38"
4748,"317,74,23"
4749,"54,10,402"
4750,"220,10,242"
4751,"0,280,265"
4752,"31,328,96"
4753,"169,199,248"
4754,"40,185,184"
4755,"0,235,8"
4756,"134,40,131"
4757,"8,0,235"
4758,"3,21,127"
4759,"3,53,21"
4760,"3,34,237"
4761,"147,148,3"
4762,"3,21,127"
4763,"23,74,137"
4764,"162,163,40"
4765,"3,53,523"
4766,"40,162,163"
4767,"0,24,11"
4768,"11,10,109"
4769,"0,354,484"
4770,"40,160,334"
4771,"3,228,5"
4772,"54,95,145"
4773,"3,435,53"
4774,"3,190,28"
4775,"3,21,127"
4776,"3,169,187"
4777,"21,3,127"
4778,"271,0,456"
4779,"220,221,10"
4780,"467,300,416"
4781,"45,44,145"
4782,"31,23,96"
4783,"64,90,448"
4784,"3,34,169"
4785,"3,16,15"
4786,"26,231,23"
4787,"5,228,6"
4788,"102,3,21"
4789,"350,26,23"
4790,"54,10,55"
4791,"3,21,379"
4792,"0,206,8"
4793,"23,74,165"
4794,"3,238,4"
4795,"23,105,74"
4796,"0,271,272"
4797,"3,28,21"
4798,"0,271,424"
4799,"170,459,169"
4800,"40,41,324"
4801,"204,3,13"
4802,"220,10,242"
4803,"40,41,286"
4804,"169,199,343"
4805,"3,85,158"
4806,"1,2,0"
4807,"147,148,3"
4808,"118,74,23"
4809,"43,24,23"
4810,"11,205,10"
4811,"139,153,40"
4812,"85,158,3"
4813,"10,60,61"
4814,"23,49,24"
4815,"64,10,448"
4816,"296,169,300"
4817,"0,279,249"
4818,"25,24,23"
4819,"3,21,187"
4820,"199,169,281"
4821,"206,8,0"
4822,"3,17,168"
4823,"44,23,145"
4824,"3,17,56"
4825,"3,32,31"
4826,"62,24,145"
4827,"11,10,109"
4828,"129,128,40"
4829,"3,21,33"
4830,"10,54,323"
4831,"26,89,23"
4832,"0,206,8"
4833,"131,40,226"
4834,"0,8,308"
4835,"147,148,3"
4836,"44,45,109"
4837,"146,40,145"
4838,"17,168,3"
4839,"102,21,3"
4840,"169,170,251"
4841,"169,260,199"
4842,"3,111,123"
4843,"71,38,23"
4844,"11,109,10"
4845,"3,147,148"
4846,"3,147,148"
4847,"220,10,221"
4848,"3,34,17"
4849,"402,145,40"
4850,"206,0,8"
4851,"128,195,40"
4852,"40,162,163"
4853,"74,40,145"
4854,"3,113,28"
4855,"24,43,23"
4856,"129,40,128"
4857,"220,242,10"
4858,"49,23,24"
4859,"220,10,221"
4860,"3,53,99"
4861,"10,322,54"
4862,"40,160,41"
4863,"169,199,248"
4864,"3,40,115"
4865,"128,129,40"
4866,"49,24,23"
4867,"3,147,203"
4868,"32,31,23"
4869,"0,271,363"
4870,"64,10,80"
4871,"170,169,171"
4872,"220,10,221"
4873,"281,169,199"
4874,"165,74,23"
4875,"3,68,182"
4876,"17,168,3"
4877,"0,254,216"
4878,"128,40,41"
4879,"0,271,218"
4880,"402,328,31"
4881,"23,137,74"
4882,"220,221,10"
4883,"3,53,523"
4884,"0,313,501"
4885,"128,175,23"
4886,"3,21,127"
4887,"3,53,15"
4888,"147,3,156"
4889,"169,259,426"
4890,"10,205,11"
4891,"169,199,323"
4892,"3,85,86"
4893,"0,271,456"
4894,"44,145,40"
4895,"206,0,8"
4896,"10,54,95"
4897,"23,74,303"
4898,"21,3,108"
4899,"3,21,17"
4900,"3,301,21"
4901,"11,10,205"
4902,"296,169,336"
4903,"171,199,169"
4904,"40,160,423"
4905,"169,199,281"
4906,"10,64,80"
4907,"0,271,216"
4908,"3,104,30"
4909,"3,17,168"
4910,"23,74,38"
4911,"10,54,322"
4912,"3,21,108"
4913,"43,23,24"
4914,"448,64,10"
4915,"3,68,182"
4916,"220,221,10"
4917,"0,40,313"
4918,"23,74,38"
4919,"23,38,309"
4920,"3,30,66"
4921,"26,23,38"
4922,"64,10,80"
4923,"265,490,281"
4924,"15,16,3"
4925,"40,41,215"
4926,"64,10,80"
4927,"3,164,21"
4928,"11,10,205"
4929,"40,128,41"
4930,"40,184,494"
4931,"3,28,113"
4932,"40,41,128"
4933,"10,80,64"
4934,"220,10,221"
4935,"118,74,23"
4936,"10,220,221"
4937,"260,169,170"
4938,"40,41,286"
4939,"279,0,249"
4940,"169,199,260"
4941,"212,0,216"
4942,"23,31,49"
4943,"71,23,38"
4944,"49,24,23"
4945,"220,242,10"
4946,"128,129,195"
4947,"454,31,23"
4948,"40,41,215"
4949,"95,40,54"
4950,"113,3,28"
4951,"26,231,23"
4952,"206,8,369"
4953,"4,3,238"
4954,"31,23,77"
4955,"40,145,402"
4956,"220,10,242"
4957,"26,350,23"
4958,"10,64,93"
4959,"11,109,44"
4960,"169,199,281"
4961,"169,111,296"
4962,"5,3,228"
4963,"222,100,414"
4964,"206,0,8"
4965,"3,21,139"
4966,"44,109,10"
4967,"3,4,183"
4968,"23,62,74"
4969,"220,242,10"
4970,"71,38,23"
4971,"220,221,10"
4972,"220,10,242"
4973,"3,21,41"
4974,"4,19,3"
4975,"24,23,25"
4976,"21,3,48"
4977,"3,148,147"
4978,"74,23,118"
4979,"354,0,216"
4980,"0,216,254"
4981,"40,45,145"
4982,"169,170,426"
4983,"40,139,244"
4984,"3,21,287"
4985,"3,30,66"
4986,"23,74,118"
4987,"40,241,128"
4988,"249,279,0"
4989,"40,131,406"
4990,"23,303,74"
4991,"10,109,11"
4992,"3,284,111"
4993,"28,190,3"
4994,"40,41,324"
4995,"64,10,448"
4996,"31,454,23"
4997,"169,199,0"
4998,"220,10,221"
4999,"64,10,93"
5000,"10,54,95"
5001,"4,238,3"
5002,"3,53,168"
5003,"317,74,23"
5004,"115,3,21"
5005,"169,323,199"
5006,"89,26,23"
5007,"199,281,169"
5008,"40,151,152"
5009,"40,131,241"
5010,"249,23,279"
5011,"361,0,272"
5012,"40,54,55"
5013,"3,4,183"
5014,"23,39,38"
5015,"64,93,10"
5016,"64,93,10"
5017,"4,435,3"
5018,"248,169,199"
5019,"169,323,170"
5020,"135,138,40"
5021,"419,10,11"
5022,"10,64,80"
5023,"169,231,26"
5024,"3,5,97"
5025,"3,21,169"
5026,"313,0,346"
5027,"40,286,41"
5028,"3,53,111"
5029,"147,203,36"
5030,"0,8,285"
5031,"4,3,19"
5032,"138,135,374"
5033,"199,343,169"
5034,"34,40,143"
5035,"0,8,271"
5036,"147,148,3"
5037,"296,169,411"
5038,"169,170,337"
5039,"406,131,40"
5040,"43,24,23"
5041,"64,10,473"
5042,"231,26,23"
5043,"10,109,11"
5044,"10,93,64"
5045,"129,128,40"
5046,"147,3,148"
5047,"4,3,19"
5048,"74,165,23"
5049,"3,85,86"
5050,"263,3,34"
5051,"184,494,185"
5052,"40,131,142"
5053,"16,15,3"
5054,"74,118,23"
5055,"3,4,174"
5056,"90,64,10"
5057,"147,3,148"
5058,"10,54,40"
5059,"3,311,169"
5060,"3,53,111"
5061,"3,99,21"
5062,"170,169,199"
5063,"21,3,127"
5064,"0,291,271"
5065,"3,183,4"
5066,"0,8,255"
5067,"3,4,238"
5068,"131,40,406"
5069,"3,238,4"
5070,"340,265,455"
5071,"64,442,10"
5072,"145,40,44"
5073,"135,40,244"
5074,"3,34,21"
5075,"3,21,127"
5076,"3,21,22"
5077,"3,21,154"
5078,"220,10,221"
5079,"40,186,128"
5080,"64,10,80"
5081,"220,242,10"
5082,"165,23,74"
5083,"169,296,426"
5084,"10,54,145"
5085,"3,21,115"
5086,"184,40,185"
5087,"17,168,3"
5088,"131,40,226"
5089,"3,115,21"
5090,"281,169,199"
5091,"25,23,44"
5092,"10,220,221"
5093,"10,220,0"
5094,"11,10,12"
5095,"71,38,23"
5096,"10,11,109"
5097,"10,64,93"
5098,"0,216,271"
5099,"44,40,11"
5100,"296,169,411"
5101,"129,128,195"
5102,"169,170,459"
5103,"162,163,40"
5104,"23,31,454"
5105,"169,199,259"
5106,"3,34,263"
5107,"3,17,168"
5108,"3,32,30"
5109,"17,168,320"
5110,"3,21,108"
5111,"40,395,49"
5112,"3,147,148"
5113,"3,16,15"
5114,"164,3,21"
5115,"10,55,54"
5116,"169,199,281"
5117,"0,279,249"
5118,"3,148,147"
5119,"3,66,30"
5120,"3,111,472"
5121,"10,54,402"
5122,"3,147,203"
5123,"3,53,284"
5124,"10,64,90"
5125,"44,45,40"
5126,"131,40,406"
5127,"169,259,426"
5128,"40,131,226"
5129,"128,129,40"
5130,"220,221,10"
5131,"84,23,162"
5132,"23,74,317"
5133,"220,10,221"
5134,"402,145,40"
5135,"0,249,279"
5136,"40,139,102"
5137,"0,15,3"
5138,"206,0,8"
5139,"0,342,271"
5140,"10,64,93"
5141,"64,93,10"
5142,"10,64,65"
5143,"171,169,199"
5144,"26,23,350"
5145,"3,228,5"
5146,"495,105,3"
5147,"10,402,95"
5148,"0,216,254"
5149,"3,21,126"
5150,"64,10,448"
5151,"3,30,66"
5152,"80,64,10"
5153,"141,135,40"
5154,"10,11,12"
5155,"11,109,10"
5156,"3,21,17"
5157,"169,3,199"
5158,"40,395,131"
5159,"23,105,106"
5160,"3,238,4"
5161,"263,3,34"
5162,"199,343,169"
5163,"220,10,242"
5164,"23,26,199"
5165,"218,0,512"
5166,"77,31,23"
5167,"17,3,58"
5168,"220,242,221"
5169,"105,23,318"
5170,"0,23,208"
5171,"40,129,128"
5172,"21,3,127"
5173,"3,147,203"
5174,"49,24,23"
5175,"3,53,68"
5176,"147,148,203"
5177,"281,169,3"
5178,"169,170,260"
5179,"24,10,43"
5180,"11,10,109"
5181,"0,17,379"
5182,"10,220,23"
5183,"26,231,23"
5184,"11,10,109"
5185,"23,26,89"
5186,"3,108,21"
5187,"231,23,26"
5188,"3,228,5"
5189,"40,139,153"
5190,"3,21,53"
5191,"169,199,64"
5192,"402,10,54"
5193,"23,71,165"
5194,"3,40,21"
5195,"23,49,24"
5196,"12,11,10"
5197,"54,10,25"
5198,"139,40,153"
5199,"77,31,0"
5200,"23,169,26"
5201,"3,17,168"
5202,"129,128,40"
5203,"23,26,89"
5204,"23,232,118"
5205,"42,41,40"
5206,"28,3,29"
5207,"3,21,13"
5208,"0,8,206"
5209,"182,68,21"
5210,"23,39,0"
5211,"145,40,44"
5212,"281,169,426"
5213,"149,40,41"
5214,"3,111,472"
5215,"40,145,10"
5216,"10,40,54"
5217,"184,185,40"
5218,"323,199,169"
5219,"11,10,205"
5220,"23,296,96"
5221,"3,21,22"
5222,"24,10,95"
5223,"23,38,91"
5224,"40,128,129"
5225,"508,426,31"
5226,"26,89,23"
5227,"10,54,322"
5228,"0,456,271"
5229,"11,109,10"
5230,"26,89,231"
5231,"0,255,218"
5232,"3,85,13"
5233,"102,40,21"
5234,"129,40,128"
5235,"45,44,145"
5236,"169,26,199"
5237,"260,170,169"
5238,"64,10,93"
5239,"199,169,248"
5240,"10,11,109"
5241,"3,13,111"
5242,"89,26,23"
5243,"220,10,221"
5244,"137,23,38"
5245,"21,3,48"
5246,"151,152,40"
5247,"3,4,19"
5248,"169,170,459"
5249,"40,131,406"
5250,"40,131,226"
5251,"23,74,118"
5252,"21,3,102"
5253,"3,21,218"
5254,"23,74,118"
5255,"0,313,346"
5256,"169,281,199"
5257,"40,146,145"
5258,"109,10,11"
5259,"206,0,8"
5260,"26,89,23"
5261,"23,74,165"
5262,"10,60,61"
5263,"23,26,350"
5264,"23,25,454"
5265,"220,10,221"
5266,"337,339,169"
5267,"169,199,323"
5268,"4,238,3"
5269,"108,21,3"
5270,"0,271,456"
5271,"40,131,241"
5272,"96,23,10"
5273,"459,152,170"
5274,"40,132,131"
5275,"31,23,258"
5276,"0,8,206"
5277,"26,231,23"
5278,"169,296,0"
5279,"3,21,30"
5280,"26,23,89"
5281,"40,23,38"
5282,"96,31,169"
5283,"317,74,23"
5284,"271,0,355"
5285,"147,148,3"
5286,"34,3,263"
5287,"53,3,287"
5288,"3,66,30"
5289,"40,160,423"
5290,"3,21,164"
5291,"3,148,147"
5292,"23,63,38"
5293,"0,271,366"
5294,"23,26,350"
5295,"169,199,281"
5296,"162,163,40"
5297,"23,74,303"
5298,"281,169,199"
5299,"220,10,242"
5300,"43,24,23"
5301,"40,395,145"
5302,"169,507,296"
5303,"43,23,24"
5304,"25,24,23"
5305,"3,21,0"
5306,"3,263,34"
5307,"175,40,128"
5308,"40,145,402"
5309,"10,64,90"
5310,"165,74,23"
5311,"11,109,10"
5312,"3,160,40"
5313,"231,26,23"
5314,"291,271,0"
5315,"109,11,73"
5316,"0,249,279"
5317,"3,111,267"
5318,"0,265,349"
5319,"3,17,320"
5320,"53,3,287"
5321,"40,131,226"
5322,"3,34,143"
5323,"8,26,89"
5324,"145,40,24"
5325,"135,189,40"
5326,"111,3,112"
5327,"281,169,223"
5328,"17,320,18"
5329,"38,23,91"
5330,"317,74,160"
5331,"40,131,139"
5332,"105,23,326"
5333,"3,66,30"
5334,"138,135,40"
5335,"111,3,119"
5336,"199,343,169"
5337,"32,31,23"
5338,"171,169,199"
5339,"40,131,159"
5340,"171,169,170"
5341,"169,296,507"
5342,"3,164,21"
5343,"199,40,169"
5344,"54,95,10"
5345,"23,326,105"
5346,"11,109,62"
5347,"23,231,26"
5348,"350,0,8"
5349,"23,145,40"
5350,"296,23,169"
5351,"3,21,126"
5352,"131,40,134"
5353,"11,109,10"
5354,"54,10,95"
5355,"40,131,134"
5356,"3,467,153"
5357,"71,38,23"
5358,"3,30,66"
5359,"23,49,24"
5360,"26,23,89"
5361,"3,21,127"
5362,"309,38,23"
5363,"3,147,53"
5364,"10,11,109"
5365,"3,28,190"
5366,"3,147,148"
5367,"459,170,169"
5368,"169,459,170"
5369,"3,21,500"
5370,"4,3,19"
5371,"64,10,80"
5372,"31,0,328"
5373,"0,340,265"
5374,"64,10,199"
5375,"40,131,406"
5376,"281,199,169"
5377,"169,281,199"
5378,"3,4,174"
5379,"10,54,170"
5380,"105,23,106"
5381,"128,40,186"
5382,"220,242,10"
5383,"271,0,456"
5384,"40,286,241"
5385,"271,0,456"
5386,"96,31,23"
5387,"168,17,10"
5388,"11,10,12"
5389,"40,128,145"
5390,"44,145,40"
5391,"64,10,93"
5392,"296,169,411"
5393,"3,21,187"
5394,"402,40,145"
5395,"25,23,260"
5396,"118,74,23"
5397,"0,391,8"
5398,"0,8,271"
5399,"23,26,0"
5400,"3,21,48"
5401,"199,169,323"
5402,"49,239,24"
5403,"149,40,41"
5404,"0,271,522"
5405,"40,241,131"
5406,"186,40,324"
5407,"26,23,350"
5408,"169,199,311"
5409,"147,3,148"
5410,"206,0,8"
5411,"296,169,371"
5412,"169,199,251"
5413,"64,10,93"
5414,"0,380,216"
5415,"31,258,96"
5416,"3,147,53"
5417,"3,21,13"
5418,"11,10,109"
5419,"145,40,44"
5420,"168,17,3"
5421,"187,21,3"
5422,"3,21,187"
5423,"3,34,263"
5424,"10,93,64"
5425,"169,323,170"
5426,"467,3,416"
5427,"49,23,24"
5428,"64,10,80"
5429,"220,10,242"
5430,"3,34,263"
5431,"4,3,19"
5432,"23,309,165"
5433,"131,3,13"
5434,"0,8,235"
5435,"10,64,79"
5436,"71,38,23"
5437,"0,235,8"
5438,"89,26,23"
5439,"40,146,145"
5440,"23,26,89"
5441,"454,31,23"
5442,"0,8,266"
5443,"0,8,279"
5444,"3,325,111"
5445,"40,145,402"
5446,"271,0,291"
5447,"40,502,21"
5448,"23,105,54"
5449,"40,184,185"
5450,"10,60,239"
5451,"3,21,287"
5452,"296,300,169"
5453,"3,187,34"
5454,"169,170,0"
5455,"40,41,139"
5456,"0,271,366"
5457,"21,3,108"
5458,"258,31,109"
5459,"17,320,3"
5460,"3,147,148"
5461,"43,24,10"
5462,"140,139,23"
5463,"3,21,108"
5464,"3,28,190"
5465,"23,338,64"
5466,"0,271,265"
5467,"459,170,169"
5468,"43,24,23"
5469,"0,8,308"
5470,"0,26,23"
5471,"169,199,296"
5472,"317,74,23"
5473,"0,265,490"
5474,"0,271,280"
5475,"3,147,148"
5476,"3,111,284"
5477,"10,64,448"
5478,"23,44,145"
5479,"296,460,169"
5480,"169,199,281"
5481,"111,123,119"
5482,"169,199,171"
5483,"0,206,8"
5484,"53,3,68"
5485,"296,169,306"
5486,"53,3,287"
5487,"169,281,124"
5488,"31,32,23"
5489,"296,169,306"
5490,"164,3,21"
5491,"79,64,199"
5492,"3,21,48"
5493,"10,64,65"
5494,"3,30,66"
5495,"271,0,355"
5496,"128,40,129"
5497,"26,350,23"
5498,"3,168,17"
5499,"13,14,3"
5500,"11,10,12"
5501,"54,95,71"
5502,"23,74,75"
5503,"64,10,80"
5504,"23,118,74"
5505,"241,131,40"
5506,"0,8,377"
5507,"0,216,319"
5508,"271,23,355"
5509,"169,323,199"
5510,"3,21,164"
5511,"21,3,187"
5512,"199,169,374"
5513,"3,30,104"
5514,"220,242,10"
5515,"45,44,40"
5516,"40,131,406"
5517,"10,64,80"
5518,"40,307,135"
5519,"21,3,33"
5520,"23,71,38"
5521,"350,26,23"
5522,"23,105,318"
5523,"3,28,190"
5524,"220,10,242"
5525,"3,28,190"
5526,"328,31,258"
5527,"229,0,421"
5528,"119,111,3"
5529,"11,10,109"
5530,"3,85,158"
5531,"72,145,44"
5532,"23,91,38"
5533,"169,199,248"
5534,"3,15,16"
5535,"0,458,277"
5536,"3,506,13"
5537,"34,143,3"
5538,"169,170,260"
5539,"11,10,12"
5540,"23,74,303"
5541,"10,60,43"
5542,"3,21,187"
5543,"0,271,355"
5544,"71,38,23"
5545,"125,267,3"
5546,"43,24,23"
5547,"68,281,21"
5548,"17,3,320"
5549,"10,11,205"
5550,"135,138,40"
5551,"138,374,135"
5552,"289,0,288"
5553,"169,170,199"
5554,"0,271,291"
5555,"23,10,24"
5556,"23,110,105"
5557,"23,74,38"
5558,"0,208,383"
5559,"23,38,440"
5560,"3,148,15"
5561,"3,53,85"
5562,"10,11,12"
5563,"220,10,221"
5564,"24,43,23"
5565,"0,271,291"
5566,"44,45,145"
5567,"339,337,169"
5568,"3,5,228"
5569,"224,40,41"
5570,"220,221,10"
5571,"43,23,24"
5572,"169,323,199"
5573,"3,21,30"
5574,"40,135,250"
5575,"105,23,106"
5576,"169,171,170"
5577,"0,216,277"
5578,"0,8,308"
5579,"220,10,242"
5580,"129,40,130"
5581,"11,109,10"
5582,"3,70,375"
5583,"135,138,40"
5584,"40,131,159"
5585,"44,145,40"
5586,"169,135,138"
5587,"220,10,242"
5588,"130,129,128"
5589,"21,127,3"
5590,"0,271,355"
5591,"118,74,23"
5592,"131,40,134"
5593,"41,40,42"
5594,"220,10,221"
5595,"23,89,26"
5596,"271,0,456"
5597,"296,169,411"
5598,"40,496,395"
5599,"0,271,456"
5600,"3,53,113"
5601,"10,11,72"
5602,"127,21,3"
5603,"26,23,350"
5604,"23,309,3"
5605,"10,11,109"
5606,"220,10,221"
5607,"26,89,23"
5608,"242,220,10"
5609,"10,60,24"
5610,"3,4,183"
5611,"0,348,255"
5612,"0,271,169"
5613,"68,53,3"
5614,"23,26,231"
5615,"15,3,16"
5616,"10,64,93"
5617,"0,271,456"
5618,"350,26,0"
5619,"3,228,5"
5620,"10,93,64"
5621,"220,221,10"
5622,"128,40,129"
5623,"0,273,279"
5624,"0,456,271"
5625,"3,53,447"
5626,"40,145,44"
5627,"199,406,40"
5628,"40,23,131"
5629,"3,10,220"
5630,"60,10,96"
5631,"325,53,3"
5632,"128,195,40"
5633,"199,169,382"
5634,"459,170,169"
5635,"64,10,93"
5636,"171,199,169"
5637,"26,23,89"
5638,"11,205,10"
5639,"339,337,169"
5640,"40,129,128"
5641,"271,0,456"
5642,"169,199,281"
5643,"153,139,40"
5644,"199,169,323"
5645,"350,26,23"
5646,"54,322,10"
5647,"64,10,448"
5648,"23,74,317"
5649,"23,309,38"
5650,"3,28,190"
5651,"296,169,306"
5652,"0,216,422"
5653,"38,23,137"
5654,"4,3,238"
5655,"0,8,313"
5656,"3,21,127"
5657,"21,3,127"
5658,"147,3,148"
5659,"3,111,119"
5660,"40,41,224"
5661,"10,80,64"
5662,"146,145,40"
5663,"231,26,23"
5664,"0,271,444"
5665,"271,0,362"
5666,"139,153,40"
5667,"139,140,153"
5668,"118,23,74"
5669,"54,95,10"
5670,"265,0,349"
5671,"64,80,10"
5672,"44,45,40"
5673,"131,74,40"
5674,"64,10,80"
5675,"3,111,472"
5676,"74,23,75"
5677,"296,169,277"
5678,"118,74,23"
5679,"127,21,3"
5680,"0,314,271"
5681,"54,10,95"
5682,"3,21,108"
5683,"44,45,40"
5684,"40,149,41"
5685,"66,30,3"
5686,"3,148,147"
5687,"10,11,109"
5688,"23,26,0"
5689,"3,21,124"
5690,"64,335,10"
5691,"175,40,128"
5692,"169,296,411"
5693,"23,40,160"
5694,"23,26,231"
5695,"26,231,23"
5696,"10,60,23"
5697,"4,3,238"
5698,"49,24,44"
5699,"147,203,3"
5700,"302,160,315"
5701,"296,169,371"
5702,"21,3,126"
5703,"10,54,95"
5704,"10,64,93"
5705,"53,287,3"
5706,"16,15,3"
5707,"40,131,406"
5708,"169,426,170"
5709,"40,244,139"
5710,"10,60,61"
5711,"8,26,308"
5712,"0,355,271"
5713,"220,221,10"
5714,"131,40,226"
5715,"169,0,199"
5716,"169,170,260"
5717,"11,10,205"
5718,"3,147,15"
5719,"40,406,131"
5720,"199,171,131"
5721,"21,3,124"
5722,"24,23,220"
5723,"131,40,134"
5724,"10,64,65"
5725,"3,523,53"
5726,"0,366,271"
5727,"3,4,147"
5728,"169,199,343"
5729,"25,24,23"
5730,"10,199,64"
5731,"0,271,1"
5732,"271,170,0"
5733,"303,74,23"
5734,"40,146,145"
5735,"147,3,148"
5736,"23,38,105"
5737,"31,258,328"
5738,"3,379,21"
5739,"10,64,239"
5740,"4,3,238"
5741,"49,23,24"
5742,"220,221,10"
5743,"4,3,238"
5744,"265,0,349"
5745,"3,147,156"
5746,"10,64,448"
5747,"40,145,402"
5748,"10,54,95"
5749,"64,10,473"
5750,"220,10,242"
5751,"40,152,151"
5752,"138,169,374"
5753,"31,402,55"
5754,"40,151,152"
5755,"43,24,95"
5756,"169,199,343"
5757,"3,14,120"
5758,"40,152,151"
5759,"380,216,304"
5760,"220,221,10"
5761,"40,131,226"
5762,"3,28,111"
5763,"10,220,54"
5764,"4,19,3"
5765,"3,111,119"
5766,"11,10,61"
5767,"224,41,40"
5768,"23,231,26"
5769,"281,169,199"
5770,"3,164,111"
5771,"26,89,23"
5772,"54,10,322"
5773,"10,60,61"
5774,"3,21,48"
5775,"95,54,10"
5776,"44,145,45"
5777,"68,472,3"
5778,"127,21,3"
5779,"3,164,21"
5780,"89,26,0"
5781,"3,21,28"
5782,"55,40,145"
5783,"3,153,139"
5784,"3,174,111"
5785,"317,243,35"
5786,"281,169,199"
5787,"220,242,10"
5788,"317,74,23"
5789,"38,137,23"
5790,"26,350,23"
5791,"31,23,193"
5792,"10,64,90"
5793,"13,204,14"
5794,"10,220,11"
5795,"169,199,8"
5796,"199,169,171"
5797,"44,45,145"
5798,"169,31,23"
5799,"23,84,74"
5800,"11,10,12"
5801,"40,152,151"
5802,"23,91,303"
5803,"43,10,93"
5804,"23,74,118"
5805,"0,271,353"
5806,"0,413,277"
5807,"0,485,313"
5808,"3,147,148"
5809,"23,24,38"
5810,"11,10,109"
5811,"15,3,16"
5812,"281,169,199"
5813,"3,21,287"
5814,"0,271,291"
5815,"26,89,23"
5816,"15,46,170"
5817,"40,406,129"
5818,"328,31,23"
5819,"343,199,169"
5820,"220,221,10"
5821,"0,8,206"
5822,"0,265,348"
5823,"345,23,24"
5824,"10,11,109"
5825,"71,23,38"
5826,"23,74,345"
5827,"3,325,53"
5828,"220,10,221"
5829,"10,43,64"
5830,"96,31,23"
5831,"3,190,126"
5832,"31,23,328"
5833,"23,89,26"
5834,"89,26,23"
5835,"129,128,40"
5836,"4,19,7"
5837,"220,242,221"
5838,"3,53,187"
5839,"220,10,242"
5840,"40,131,142"
5841,"160,40,302"
5842,"11,10,205"
5843,"281,199,169"
5844,"3,21,379"
5845,"346,313,0"
5846,"3,111,112"
5847,"21,3,115"
5848,"0,369,208"
5849,"169,296,306"
5850,"220,10,493"
5851,"64,10,338"
5852,"23,74,231"
5853,"3,53,111"
5854,"169,199,343"
5855,"131,40,406"
5856,"0,249,23"
5857,"131,40,134"
5858,"17,168,3"
5859,"0,216,304"
5860,"10,64,93"
5861,"23,71,24"
5862,"145,40,44"
5863,"375,4,3"
5864,"402,40,145"
5865,"184,185,40"
5866,"23,309,38"
5867,"220,242,10"
5868,"10,23,43"
5869,"3,6,5"
5870,"3,85,147"
5871,"0,2,1"
5872,"64,10,338"
5873,"11,10,109"
5874,"3,21,108"
5875,"131,40,226"
5876,"287,53,3"
5877,"32,31,23"
5878,"2,1,0"
5879,"127,40,395"
5880,"160,40,315"
5881,"48,3,21"
5882,"40,131,134"
5883,"169,199,281"
5884,"23,454,105"
5885,"0,271,280"
5886,"23,221,220"
5887,"12,11,10"
5888,"49,23,24"
5889,"162,163,128"
5890,"23,25,10"
5891,"3,85,158"
5892,"0,366,271"
5893,"3,48,21"
5894,"23,24,31"
5895,"0,265,418"
5896,"168,17,3"
5897,"3,4,238"
5898,"3,10,51"
5899,"31,23,169"
5900,"131,40,226"
5901,"431,135,40"
5902,"135,40,3"
5903,"169,170,199"
5904,"74,118,23"
5905,"3,183,5"
5906,"11,10,109"
5907,"40,324,41"
5908,"459,169,170"
5909,"64,93,10"
5910,"211,319,0"
5911,"135,138,40"
5912,"23,25,24"
5913,"40,139,131"
5914,"0,8,285"
5915,"25,24,23"
5916,"131,40,406"
5917,"40,131,226"
5918,"40,128,195"
5919,"3,85,156"
5920,"11,24,109"
5921,"71,23,38"
5922,"0,304,216"
5923,"24,10,43"
5924,"0,265,271"
5925,"190,3,28"
5926,"64,10,80"
5927,"17,320,58"
5928,"3,30,219"
5929,"4,3,19"
5930,"169,199,323"
5931,"10,11,62"
5932,"10,93,64"
5933,"21,3,379"
5934,"4,3,174"
5935,"169,199,40"
5936,"10,0,11"
5937,"23,145,40"
5938,"23,26,231"
5939,"160,40,315"
5940,"0,212,216"
5941,"10,64,80"
5942,"3,4,210"
5943,"220,221,10"
5944,"3,4,183"
5945,"141,40,135"
5946,"118,23,74"
5947,"23,0,26"
5948,"220,10,242"
5949,"208,0,521"
5950,"145,40,45"
5951,"0,271,456"
5952,"23,281,199"
5953,"3,48,21"
5954,"40,149,41"
5955,"135,138,40"
5956,"3,147,21"
5957,"3,15,16"
5958,"33,3,147"
5959,"169,296,8"
5960,"3,263,21"
5961,"3,40,23"
5962,"3,21,108"
5963,"145,40,44"
5964,"147,148,3"
5965,"0,218,11"
5966,"40,226,131"
5967,"40,345,3"
5968,"16,15,3"
5969,"199,169,343"
5970,"23,24,44"
5971,"169,31,23"
5972,"23,43,24"
5973,"206,8,0"
5974,"3,21,187"
5975,"23,74,303"
5976,"135,40,3"
5977,"220,10,242"
5978,"17,3,168"
5979,"64,10,448"
5980,"25,24,23"
5981,"0,265,349"
5982,"0,304,271"
5983,"10,11,109"
5984,"281,169,199"
5985,"3,4,238"
5986,"40,160,41"
5987,"0,216,2"
5988,"231,26,23"
5989,"3,21,164"
5990,"3,21,170"
5991,"0,8,265"
5992,"0,211,319"
5993,"10,220,221"
5994,"40,131,241"
5995,"448,10,64"
5996,"4,19,3"
5997,"220,10,221"
5998,"5,3,228"
5999,"40,128,162"
6000,"10,64,93"
6001,"3,523,53"
6002,"3,53,287"
6003,"0,304,360"
6004,"165,23,74"
6005,"60,239,10"
6006,"40,406,131"
6007,"105,23,3"
6008,"3,169,199"
6009,"3,21,108"
6010,"10,64,65"
6011,"3,5,228"
6012,"64,10,93"
6013,"95,54,10"
6014,"3,15,53"
6015,"68,3,53"
6016,"3,21,379"
6017,"199,79,169"
6018,"0,218,446"
6019,"112,3,111"
6020,"64,10,93"
6021,"0,456,271"
6022,"0,8,206"
6023,"3,21,127"
6024,"206,0,369"
6025,"10,12,64"
6026,"3,21,108"
6027,"0,235,8"
6028,"147,3,156"
6029,"40,131,406"
6030,"3,21,30"
6031,"23,74,118"
6032,"0,255,280"
6033,"40,402,145"
6034,"3,30,111"
6035,"135,40,138"
6036,"40,145,402"
6037,"74,118,23"
6038,"231,26,23"
6039,"3,4,238"
6040,"152,151,40"
6041,"406,40,131"
6042,"111,3,40"
6043,"138,135,199"
6044,"279,249,0"
6045,"226,40,131"
6046,"220,10,242"
6047,"43,24,23"
6048,"11,109,44"
6049,"48,23,21"
6050,"23,165,74"
6051,"38,71,175"
6052,"10,17,64"
6053,"40,139,41"
6054,"40,0,24"
6055,"10,168,3"
6056,"3,395,187"
6057,"0,216,257"
6058,"356,159,3"
6059,"23,63,74"
6060,"128,40,186"
6061,"40,3,395"
6062,"23,241,74"
6063,"40,53,21"
6064,"3,21,102"
6065,"23,75,74"
6066,"3,104,30"
6067,"118,23,74"
6068,"169,199,343"
6069,"4,435,3"
6070,"3,4,174"
6071,"3,5,228"
6072,"0,291,271"
6073,"296,169,306"
6074,"3,53,30"
6075,"40,41,149"
6076,"44,145,40"
6077,"272,361,0"
6078,"199,169,131"
6079,"43,24,23"
6080,"10,11,109"
6081,"379,21,3"
6082,"0,304,216"
6083,"0,216,271"
6084,"23,26,89"
6085,"10,60,64"
6086,"40,160,315"
6087,"303,74,23"
6088,"49,23,24"
6089,"24,43,23"
6090,"10,64,93"
6091,"10,64,65"
6092,"169,199,323"
6093,"40,139,0"
6094,"31,23,478"
6095,"350,26,23"
6096,"3,21,126"
6097,"10,109,11"
6098,"4,3,19"
6099,"64,93,10"
6100,"8,0,206"
6101,"162,163,40"
6102,"169,524,199"
6103,"0,271,456"
6104,"169,248,199"
6105,"169,296,420"
6106,"0,208,209"
6107,"494,184,40"
6108,"10,11,12"
6109,"3,66,30"
6110,"10,11,61"
6111,"105,23,106"
6112,"40,139,155"
6113,"199,169,323"
6114,"220,10,242"
6115,"169,199,96"
6116,"0,216,212"
6117,"0,265,340"
6118,"23,26,350"
6119,"11,205,10"
6120,"0,249,206"
6121,"54,10,95"
6122,"3,16,15"
6123,"151,152,40"
6124,"3,21,108"
6125,"0,208,369"
6126,"3,17,56"
6127,"3,21,48"
6128,"40,186,324"
6129,"44,145,40"
6130,"3,30,66"
6131,"3,17,18"
6132,"40,139,102"
6133,"0,271,352"
6134,"10,64,65"
6135,"3,148,147"
6136,"11,109,10"
6137,"66,30,3"
6138,"3,21,108"
6139,"3,21,164"
6140,"3,21,108"
6141,"40,145,44"
6142,"10,64,93"
6143,"64,10,93"
6144,"44,11,45"
6145,"224,41,40"
6146,"45,44,10"
6147,"0,355,271"
6148,"3,168,17"
6149,"64,10,93"
6150,"3,190,28"
6151,"23,31,216"
6152,"281,199,169"
6153,"356,169,199"
6154,"96,31,23"
6155,"220,221,10"
6156,"3,53,287"
6157,"71,10,72"
6158,"40,96,406"
6159,"40,131,226"
6160,"313,0,346"
6161,"3,15,16"
6162,"152,151,40"
6163,"169,251,170"
6164,"169,339,170"
6165,"10,95,54"
6166,"170,169,459"
6167,"220,242,10"
6168,"10,54,95"
6169,"3,53,523"
6170,"4,3,19"
6171,"296,169,460"
6172,"3,21,66"
6173,"10,60,61"
6174,"74,23,113"
6175,"10,60,3"
6176,"40,151,152"
6177,"31,40,23"
6178,"3,99,15"
6179,"169,199,323"
6180,"151,152,40"
6181,"220,221,10"
6182,"23,24,25"
6183,"31,258,23"
6184,"26,231,23"
6185,"3,104,30"
6186,"17,168,3"
6187,"23,49,24"
6188,"64,24,442"
6189,"74,118,23"
6190,"8,26,350"
6191,"317,23,74"
6192,"271,26,0"
6193,"40,145,402"
6194,"23,71,38"
6195,"23,105,106"
6196,"3,21,156"
6197,"3,21,126"
6198,"118,74,23"
6199,"43,24,23"
6200,"3,28,190"
6201,"10,64,461"
6202,"271,0,456"
6203,"96,23,31"
6204,"40,151,152"
6205,"23,89,26"
6206,"64,10,442"
6207,"139,153,40"
6208,"0,216,370"
6209,"3,21,108"
6210,"0,235,8"
6211,"3,22,21"
6212,"184,40,185"
6213,"26,89,23"
6214,"3,15,16"
6215,"10,11,12"
6216,"40,23,24"
6217,"77,40,31"
6218,"43,24,23"
6219,"40,131,159"
6220,"220,221,10"
6221,"271,0,362"
6222,"3,147,15"
6223,"40,131,226"
6224,"10,239,60"
6225,"220,242,10"
6226,"220,10,242"
6227,"64,10,80"
6228,"128,129,40"
6229,"3,21,187"
6230,"0,216,291"
6231,"0,266,265"
6232,"105,23,318"
6233,"0,214,213"
6234,"296,3,411"
6235,"3,21,30"
6236,"3,66,30"
6237,"129,128,130"
6238,"44,45,23"
6239,"44,45,145"
6240,"170,169,171"
6241,"226,40,131"
6242,"3,15,147"
6243,"3,21,48"
6244,"169,171,170"
6245,"40,135,250"
6246,"169,199,323"
6247,"21,3,127"
6248,"169,426,405"
6249,"24,253,23"
6250,"40,151,152"
6251,"0,216,257"
6252,"3,48,21"
6253,"3,147,148"
6254,"10,242,220"
6255,"147,148,3"
6256,"135,138,40"
6257,"255,0,462"
6258,"23,309,345"
6259,"0,313,346"
6260,"105,326,23"
6261,"40,184,185"
6262,"0,249,279"
6263,"40,135,139"
6264,"281,260,199"
6265,"10,93,54"
6266,"3,85,21"
6267,"3,21,263"
6268,"3,4,174"
6269,"3,30,21"
6270,"184,40,185"
6271,"3,21,187"
6272,"148,147,3"
6273,"3,147,85"
6274,"11,109,10"
6275,"3,5,183"
6276,"0,213,214"
6277,"11,10,109"
6278,"169,345,323"
6279,"17,168,3"
6280,"0,271,360"
6281,"3,375,4"
6282,"4,3,435"
6283,"40,3,302"
6284,"3,4,238"
6285,"3,4,435"
6286,"0,280,271"
6287,"64,10,93"
6288,"169,171,199"
6289,"111,3,112"
6290,"32,31,23"
6291,"139,40,131"
6292,"49,24,23"
6293,"3,53,287"
6294,"23,3,105"
6295,"10,44,45"
6296,"53,287,3"
6297,"206,8,0"
6298,"111,112,40"
6299,"10,11,205"
6300,"40,131,159"
6301,"199,169,323"
6302,"0,208,304"
6303,"402,145,40"
6304,"0,271,355"
6305,"24,23,62"
6306,"356,169,199"
6307,"23,3,74"
6308,"10,11,54"
6309,"127,21,3"
6310,"43,24,23"
6311,"10,64,12"
6312,"23,49,10"
6313,"281,169,199"
6314,"45,44,145"
6315,"118,74,23"
6316,"3,85,158"
6317,"45,44,145"
6318,"64,10,80"
6319,"64,10,80"
6320,"3,167,23"
6321,"10,43,24"
6322,"10,448,64"
6323,"10,54,95"
6324,"199,169,281"
6325,"129,128,130"
6326,"281,199,169"
6327,"4,3,19"
6328,"170,171,169"
6329,"220,242,10"
6330,"320,17,3"
6331,"3,4,238"
6332,"23,32,31"
6333,"10,64,239"
6334,"10,54,322"
6335,"82,38,39"
6336,"3,320,17"
6337,"3,168,150"
6338,"3,15,16"
6339,"26,23,231"
6340,"3,158,85"
6341,"13,14,204"
6342,"44,145,40"
6343,"10,64,338"
6344,"0,8,313"
6345,"0,206,369"
6346,"40,44,145"
6347,"220,10,242"
6348,"271,0,199"
6349,"3,53,287"
6350,"169,199,248"
6351,"40,152,151"
6352,"265,0,340"
6353,"0,462,255"
6354,"3,28,190"
6355,"54,10,95"
6356,"3,147,34"
6357,"96,31,23"
6358,"3,4,238"
6359,"74,146,283"
6360,"0,208,505"
6361,"169,306,296"
6362,"43,24,23"
6363,"224,41,111"
6364,"3,21,127"
6365,"40,146,283"
6366,"129,128,130"
6367,"258,31,328"
6368,"220,10,242"
6369,"111,3,119"
6370,"109,11,10"
6371,"23,3,53"
6372,"0,212,216"
6373,"3,111,119"
6374,"220,242,10"
6375,"131,40,406"
6376,"3,34,263"
6377,"49,24,23"
6378,"40,184,185"
6379,"3,53,325"
6380,"265,340,0"
6381,"271,456,0"
6382,"0,271,291"
6383,"220,242,10"
6384,"126,42,41"
6385,"24,62,23"
6386,"8,0,308"
6387,"169,199,281"
6388,"206,0,369"
6389,"3,523,147"
6390,"74,303,23"
6391,"242,10,220"
6392,"23,74,38"
6393,"169,199,3"
6394,"40,145,44"
6395,"323,169,199"
6396,"40,243,135"
6397,"169,199,281"
6398,"0,280,271"
6399,"220,221,10"
6400,"11,109,10"
6401,"0,399,265"
6402,"147,203,148"
6403,"158,3,85"
6404,"10,64,93"
6405,"43,24,23"
6406,"369,208,0"
6407,"146,40,145"
6408,"3,111,474"
6409,"0,313,346"
6410,"3,190,28"
6411,"74,23,84"
6412,"16,15,3"
6413,"24,23,40"
6414,"237,3,34"
6415,"3,30,66"
6416,"3,4,435"
6417,"317,74,23"
6418,"169,184,185"
6419,"40,406,131"
6420,"135,138,40"
6421,"3,120,4"
6422,"40,131,135"
6423,"169,170,323"
6424,"64,10,448"
6425,"204,3,13"
6426,"8,235,0"
6427,"40,145,478"
6428,"3,147,523"
6429,"226,131,40"
6430,"8,0,410"
6431,"199,169,23"
6432,"205,11,10"
6433,"49,24,239"
6434,"0,26,89"
6435,"184,185,40"
6436,"118,107,74"
6437,"23,368,184"
6438,"3,147,148"
6439,"3,17,168"
6440,"131,40,159"
6441,"26,23,231"
6442,"169,199,281"
6443,"107,74,118"
6444,"10,93,64"
6445,"3,4,7"
6446,"40,184,185"
6447,"4,19,70"
6448,"10,3,419"
6449,"3,17,168"
6450,"169,199,281"
6451,"40,135,250"
6452,"39,23,38"
6453,"0,206,8"
6454,"44,45,145"
6455,"45,44,40"
6456,"8,0,308"
6457,"3,16,15"
6458,"40,395,396"
6459,"3,21,187"
6460,"10,64,448"
6461,"0,313,501"
6462,"220,242,10"
6463,"28,113,3"
6464,"31,23,32"
6465,"3,115,53"
6466,"10,93,64"
6467,"0,271,456"
6468,"10,24,60"
6469,"40,241,131"
6470,"0,230,229"
6471,"40,139,153"
6472,"43,24,23"
6473,"3,147,148"
6474,"523,148,147"
6475,"226,131,40"
6476,"41,42,40"
6477,"3,40,128"
6478,"0,216,304"
6479,"42,41,21"
6480,"214,213,0"
6481,"237,40,10"
6482,"296,411,169"
6483,"40,149,41"
6484,"402,145,40"
6485,"0,216,277"
6486,"0,465,490"
6487,"3,29,15"
6488,"131,134,226"
6489,"23,38,137"
6490,"3,267,111"
6491,"0,8,285"
6492,"169,170,271"
6493,"28,190,3"
6494,"10,64,93"
6495,"296,460,306"
6496,"64,10,335"
6497,"169,170,459"
6498,"8,206,0"
6499,"169,260,170"
6500,"95,10,44"
6501,"3,15,147"
6502,"369,206,0"
6503,"31,77,23"
6504,"220,221,10"
6505,"10,90,64"
6506,"0,304,271"
6507,"40,135,33"
6508,"11,109,10"
6509,"129,128,40"
6510,"40,145,44"
6511,"3,21,108"
6512,"169,171,199"
6513,"169,34,3"
6514,"11,10,109"
6515,"221,10,220"
6516,"11,109,10"
6517,"145,40,402"
6518,"11,10,109"
6519,"303,74,165"
6520,"40,131,406"
6521,"25,24,23"
6522,"523,53,3"
6523,"19,4,3"
6524,"402,40,145"
6525,"171,169,170"
6526,"169,231,281"
6527,"160,40,315"
6528,"3,66,30"
6529,"3,147,148"
6530,"3,21,126"
6531,"23,24,25"
6532,"23,89,26"
6533,"3,4,174"
6534,"281,199,169"
6535,"23,105,25"
6536,"40,41,111"
6537,"3,111,53"
6538,"3,147,85"
6539,"129,40,128"
6540,"40,145,402"
6541,"129,128,40"
6542,"169,170,0"
6543,"220,10,0"
6544,"3,108,21"
6545,"309,23,345"
6546,"64,10,335"
6547,"3,147,148"
6548,"40,151,152"
6549,"186,40,128"
6550,"40,131,132"
6551,"313,23,346"
6552,"145,44,40"
6553,"64,10,93"
6554,"10,221,220"
6555,"3,111,112"
6556,"11,205,10"
6557,"169,170,171"
6558,"23,32,31"
6559,"23,31,77"
6560,"169,199,281"
6561,"322,54,10"
6562,"31,258,23"
6563,"40,23,328"
6564,"71,74,165"
6565,"23,71,38"
6566,"139,40,140"
6567,"3,21,111"
6568,"3,17,320"
6569,"169,199,281"
6570,"0,271,2"
6571,"8,0,308"
6572,"26,23,231"
6573,"26,89,23"
6574,"23,49,24"
6575,"111,3,112"
6576,"169,339,337"
6577,"11,10,109"
6578,"0,211,319"
6579,"281,169,199"
6580,"44,40,145"
6581,"23,49,24"
6582,"131,40,406"
6583,"126,3,21"
6584,"151,152,40"
6585,"23,137,38"
6586,"15,16,3"
6587,"43,24,23"
6588,"220,221,10"
6589,"2,0,513"
6590,"23,26,40"
6591,"40,128,130"
6592,"40,153,139"
6593,"220,10,242"
6594,"145,502,40"
6595,"23,63,38"
6596,"10,218,11"
6597,"3,147,33"
6598,"4,3,7"
6599,"220,10,242"
6600,"91,23,38"
6601,"44,45,145"
6602,"21,3,126"
6603,"64,448,10"
6604,"224,40,41"
6605,"3,21,182"
6606,"3,148,147"
6607,"281,199,169"
6608,"74,23,118"
6609,"10,64,93"
6610,"147,3,148"
6611,"271,0,291"
6612,"23,24,345"
6613,"11,109,10"
6614,"3,170,169"
6615,"40,135,138"
6616,"3,4,238"
6617,"131,241,406"
6618,"128,129,40"
6619,"17,168,3"
6620,"3,21,108"
6621,"44,40,145"
6622,"0,211,319"
6623,"206,8,0"
6624,"169,459,170"
6625,"11,10,12"
6626,"135,138,40"
6627,"3,21,301"
6628,"220,10,221"
6629,"6,5,3"
6630,"350,26,0"
6631,"0,255,271"
6632,"3,21,127"
6633,"0,342,1"
6634,"23,105,287"
6635,"118,74,23"
6636,"26,350,23"
6637,"3,85,379"
6638,"23,26,89"
6639,"64,10,80"
6640,"147,148,3"
6641,"0,271,342"
6642,"169,199,378"
6643,"137,23,38"
6644,"3,127,21"
6645,"26,231,23"
6646,"44,45,145"
6647,"171,199,169"
6648,"169,405,199"
6649,"4,3,19"
6650,"199,169,281"
6651,"10,54,95"
6652,"41,224,40"
6653,"23,24,49"
6654,"317,74,23"
6655,"3,21,48"
6656,"41,40,42"
6657,"23,38,74"
6658,"199,281,169"
6659,"187,34,3"
6660,"220,221,242"
6661,"43,24,23"
6662,"402,145,23"
6663,"40,129,128"
6664,"220,221,10"
6665,"3,147,148"
6666,"0,216,313"
6667,"16,15,3"
6668,"131,40,406"
6669,"40,131,184"
6670,"40,396,135"
6671,"89,26,23"
6672,"23,74,405"
6673,"10,23,40"
6674,"0,208,218"
6675,"96,31,258"
6676,"64,10,93"
6677,"169,199,343"
6678,"40,131,195"
6679,"0,8,206"
6680,"0,279,249"
6681,"23,24,345"
6682,"54,10,322"
6683,"64,448,79"
6684,"21,3,108"
6685,"138,459,374"
6686,"160,40,423"
6687,"3,21,102"
6688,"0,216,370"
6689,"0,271,272"
6690,"145,402,10"
6691,"40,3,153"
6692,"199,169,281"
6693,"3,21,108"
6694,"0,271,280"
6695,"147,3,148"
6696,"3,183,267"
6697,"68,53,3"
6698,"406,40,131"
6699,"3,85,21"
6700,"3,21,53"
6701,"10,11,12"
6702,"40,250,135"
6703,"220,221,242"
6704,"3,13,150"
6705,"23,26,89"
6706,"13,14,204"
6707,"23,24,25"
6708,"3,16,15"
6709,"10,64,93"
6710,"0,313,501"
6711,"10,64,93"
6712,"3,21,108"
6713,"199,343,169"
6714,"23,303,137"
6715,"199,169,323"
6716,"220,221,10"
6717,"43,24,23"
6718,"8,0,405"
6719,"0,308,8"
6720,"74,23,75"
6721,"23,24,25"
6722,"44,40,145"
6723,"23,47,24"
6724,"10,220,221"
6725,"131,40,241"
6726,"199,171,169"
6727,"0,424,271"
6728,"3,16,15"
6729,"40,226,131"
6730,"0,214,475"
6731,"171,199,169"
6732,"3,187,21"
6733,"3,147,35"
6734,"109,11,44"
6735,"89,26,23"
6736,"38,23,137"
6737,"10,402,54"
6738,"220,221,10"
6739,"3,85,86"
6740,"206,8,0"
6741,"169,199,343"
6742,"59,23,24"
6743,"220,221,10"
6744,"0,8,206"
6745,"3,150,17"
6746,"74,23,303"
6747,"23,43,24"
6748,"3,17,21"
6749,"3,111,161"
6750,"3,238,4"
6751,"0,271,291"
6752,"40,127,41"
6753,"127,40,41"
6754,"140,139,40"
6755,"296,169,371"
6756,"10,220,221"
6757,"23,38,24"
6758,"3,4,21"
6759,"3,33,147"
6760,"26,23,89"
6761,"10,11,205"
6762,"199,169,343"
6763,"26,231,23"
6764,"3,81,30"
6765,"3,441,15"
6766,"271,456,0"
6767,"44,45,40"
6768,"220,242,10"
6769,"169,199,323"
6770,"35,36,23"
6771,"0,277,8"
6772,"118,23,74"
6773,"40,160,334"
6774,"3,21,53"
6775,"3,4,19"
6776,"17,3,168"
6777,"296,169,336"
6778,"129,128,40"
6779,"0,456,271"
6780,"17,168,3"
6781,"40,131,406"
6782,"231,23,26"
6783,"169,281,199"
6784,"45,44,145"
6785,"0,314,313"
6786,"10,221,173"
6787,"40,131,132"
6788,"10,54,95"
6789,"23,169,31"
6790,"0,23,24"
6791,"322,54,10"
6792,"0,235,8"
6793,"220,221,242"
6794,"10,239,49"
6795,"0,355,271"
6796,"281,199,431"
6797,"23,63,38"
6798,"3,21,281"
6799,"3,4,435"
6800,"4,3,238"
6801,"23,71,38"
6802,"3,85,21"
6803,"271,0,456"
6804,"10,11,90"
6805,"23,105,326"
6806,"25,145,24"
6807,"339,337,169"
6808,"169,296,306"
6809,"3,4,238"
6810,"348,0,280"
6811,"40,3,395"
6812,"3,66,30"
6813,"3,34,447"
6814,"3,4,70"
6815,"11,10,12"
6816,"160,127,40"
6817,"281,199,169"
6818,"3,28,21"
6819,"21,3,164"
6820,"0,280,265"
6821,"0,271,213"
6822,"23,137,38"
6823,"40,41,128"
6824,"0,271,280"
6825,"10,64,80"
6826,"431,281,169"
6827,"226,40,131"
6828,"0,271,360"
6829,"54,95,10"
6830,"23,32,31"
6831,"10,64,338"
6832,"170,169,260"
6833,"3,21,182"
6834,"53,3,523"
6835,"135,295,189"
6836,"4,19,3"
6837,"64,10,80"
6838,"23,74,307"
6839,"23,74,165"
6840,"220,10,242"
6841,"169,296,411"
6842,"23,24,43"
6843,"23,26,89"
6844,"286,41,40"
6845,"0,271,424"
6846,"402,54,10"
6847,"34,3,263"
6848,"10,11,109"
6849,"43,24,23"
6850,"3,21,108"
6851,"10,23,54"
6852,"10,64,448"
6853,"0,220,10"
6854,"44,145,95"
6855,"3,120,53"
6856,"23,105,54"
6857,"3,15,16"
6858,"206,8,0"
6859,"0,313,8"
6860,"169,199,343"
6861,"169,199,343"
6862,"147,3,33"
6863,"45,44,145"
6864,"11,10,12"
6865,"162,163,40"
6866,"169,296,411"
6867,"10,64,338"
6868,"0,456,271"
6869,"10,64,80"
6870,"3,53,113"
6871,"40,159,131"
6872,"40,131,406"
6873,"23,24,26"
6874,"0,213,214"
6875,"350,26,23"
6876,"169,199,259"
6877,"89,26,23"
6878,"169,339,337"
6879,"21,3,127"
6880,"206,0,8"
6881,"220,10,242"
6882,"281,199,169"
6883,"10,43,60"
6884,"350,0,23"
6885,"296,169,420"
6886,"40,244,3"
6887,"10,60,43"
6888,"127,21,3"
6889,"10,11,109"
6890,"0,271,363"
6891,"106,23,105"
6892,"26,350,23"
6893,"214,213,0"
6894,"89,23,26"
6895,"43,23,24"
6896,"40,128,208"
6897,"0,340,265"
6898,"105,23,318"
6899,"129,128,130"
6900,"23,63,38"
6901,"11,10,205"
6902,"281,23,26"
6903,"10,220,221"
6904,"23,38,24"
6905,"23,350,318"
6906,"303,74,23"
6907,"3,15,16"
6908,"118,74,23"
6909,"145,40,44"
6910,"8,0,391"
6911,"16,15,3"
6912,"171,169,199"
6913,"40,131,226"
6914,"0,8,206"
6915,"206,8,0"
6916,"74,317,23"
6917,"23,137,38"
6918,"328,31,23"
6919,"40,100,101"
6920,"3,30,4"
6921,"220,10,221"
6922,"3,238,4"
6923,"118,74,23"
6924,"303,23,74"
6925,"216,380,0"
6926,"89,26,23"
6927,"220,10,221"
6928,"214,0,213"
6929,"23,74,303"
6930,"3,147,15"
6931,"64,10,80"
6932,"40,152,151"
6933,"169,199,251"
6934,"10,220,242"
6935,"85,3,86"
6936,"3,17,21"
6937,"54,95,10"
6938,"3,53,147"
6939,"10,11,109"
6940,"165,74,23"
6941,"0,265,418"
6942,"10,54,83"
6943,"199,171,169"
6944,"4,3,174"
6945,"105,23,106"
6946,"169,170,0"
6947,"0,8,285"
6948,"3,156,21"
6949,"5,6,57"
6950,"3,56,133"
6951,"10,64,93"
6952,"49,24,23"
6953,"169,3,311"
6954,"220,10,221"
6955,"64,448,10"
6956,"220,221,10"
6957,"16,15,3"
6958,"220,10,221"
6959,"0,169,216"
6960,"3,30,4"
6961,"3,115,21"
6962,"145,44,40"
6963,"4,3,19"
6964,"241,34,40"
6965,"281,169,199"
6966,"89,23,26"
6967,"26,89,23"
6968,"366,0,370"
6969,"10,49,23"
6970,"3,85,17"
6971,"21,3,127"
6972,"131,241,226"
6973,"44,45,40"
6974,"71,23,38"
6975,"169,170,171"
6976,"220,10,221"
6977,"3,21,379"
6978,"3,53,325"
6979,"8,0,206"
6980,"3,21,127"
6981,"220,10,221"
6982,"64,199,10"
6983,"64,10,93"
6984,"40,149,41"
6985,"40,41,324"
6986,"338,199,323"
6987,"169,417,296"
6988,"160,40,302"
6989,"170,459,169"
6990,"170,260,169"
6991,"26,89,23"
6992,"224,41,40"
6993,"296,169,411"
6994,"38,23,309"
6995,"4,3,435"
6996,"3,187,21"
6997,"40,185,184"
6998,"169,199,171"
6999,"131,134,40"
7000,"64,93,10"
7001,"64,10,90"
7002,"0,40,216"
7003,"10,64,473"
7004,"3,168,17"
7005,"128,129,40"
7006,"296,169,371"
7007,"40,41,3"
7008,"3,147,148"
7009,"4,238,3"
7010,"4,3,188"
7011,"40,131,406"
7012,"3,21,127"
7013,"23,165,74"
7014,"0,399,363"
7015,"32,31,23"
7016,"145,40,44"
7017,"0,271,363"
7018,"320,17,3"
7019,"3,53,111"
7020,"118,23,500"
7021,"55,54,402"
7022,"40,128,215"
7023,"11,10,109"
7024,"31,23,454"
7025,"3,111,119"
7026,"21,126,40"
7027,"44,40,45"
7028,"0,475,218"
7029,"139,153,40"
7030,"40,224,41"
7031,"3,467,53"
7032,"3,168,17"
7033,"89,26,23"
7034,"271,0,272"
7035,"24,253,23"
7036,"109,11,10"
7037,"3,263,34"
7038,"40,185,406"
7039,"11,10,12"
7040,"507,169,296"
7041,"328,40,23"
7042,"10,60,64"
7043,"10,64,93"
7044,"10,54,43"
7045,"138,135,40"
7046,"45,44,145"
7047,"95,54,10"
7048,"3,21,30"
7049,"40,41,128"
7050,"0,169,223"
7051,"8,405,169"
7052,"350,26,23"
7053,"220,242,10"
7054,"40,160,149"
7055,"296,169,507"
7056,"23,24,25"
7057,"26,206,8"
7058,"3,99,53"
7059,"23,105,38"
7060,"3,21,379"
7061,"3,15,16"
7062,"74,23,317"
7063,"169,199,281"
7064,"89,23,26"
7065,"40,128,195"
7066,"0,291,271"
7067,"220,10,242"
7068,"199,169,382"
7069,"0,206,249"
7070,"74,23,118"
7071,"296,371,169"
7072,"137,23,38"
7073,"105,326,23"
7074,"10,3,54"
7075,"10,95,220"
7076,"0,265,349"
7077,"10,54,95"
7078,"23,74,118"
7079,"23,251,169"
7080,"17,3,168"
7081,"45,40,44"
7082,"220,10,221"
7083,"169,170,171"
7084,"0,8,235"
7085,"53,3,287"
7086,"23,24,38"
7087,"23,38,91"
7088,"43,24,23"
7089,"3,147,148"
7090,"3,4,183"
7091,"93,10,64"
7092,"105,23,24"
7093,"3,168,111"
7094,"3,14,13"
7095,"54,95,10"
7096,"21,3,33"
7097,"220,221,10"
7098,"3,287,53"
7099,"31,23,258"
7100,"0,285,313"
7101,"32,31,23"
7102,"24,23,59"
7103,"23,49,24"
7104,"303,74,23"
7105,"151,152,40"
7106,"44,40,145"
7107,"49,24,23"
7108,"10,12,11"
7109,"23,24,74"
7110,"10,11,12"
7111,"118,74,23"
7112,"169,426,170"
7113,"40,31,245"
7114,"23,24,309"
7115,"26,350,23"
7116,"402,40,145"
7117,"43,23,24"
7118,"25,10,23"
7119,"40,131,406"
7120,"40,195,128"
7121,"145,44,40"
7122,"0,8,235"
7123,"138,135,169"
7124,"3,21,33"
7125,"96,31,23"
7126,"169,170,0"
7127,"3,21,102"
7128,"220,10,242"
7129,"64,10,93"
7130,"3,53,523"
7131,"0,271,456"
7132,"10,205,11"
7133,"271,0,522"
7134,"64,10,338"
7135,"313,0,346"
7136,"169,170,260"
7137,"0,265,208"
7138,"3,111,68"
7139,"3,267,28"
7140,"21,3,108"
7141,"40,128,395"
7142,"105,23,519"
7143,"220,10,221"
7144,"199,169,355"
7145,"169,296,337"
7146,"23,165,74"
7147,"0,456,271"
7148,"40,128,395"
7149,"40,146,185"
7150,"3,169,320"
7151,"3,21,169"
7152,"199,169,356"
7153,"169,281,199"
7154,"206,0,8"
7155,"44,45,145"
7156,"111,161,3"
7157,"3,4,435"
7158,"169,199,3"
7159,"23,38,175"
7160,"40,160,186"
7161,"23,77,31"
7162,"171,169,199"
7163,"287,53,3"
7164,"111,40,3"
7165,"170,260,169"
7166,"311,169,124"
7167,"23,74,165"
7168,"3,111,112"
7169,"3,21,127"
7170,"95,54,10"
7171,"40,160,423"
7172,"40,149,160"
7173,"4,3,435"
7174,"0,8,235"
7175,"16,15,3"
7176,"0,214,213"
7177,"3,30,104"
7178,"255,0,462"
7179,"0,271,456"
7180,"135,138,40"
7181,"131,241,40"
7182,"40,41,128"
7183,"231,26,23"
7184,"296,169,371"
7185,"402,54,10"
7186,"54,10,402"
7187,"3,190,28"
7188,"64,442,10"
7189,"220,10,242"
7190,"53,3,287"
7191,"3,30,66"
7192,"10,64,93"
7193,"40,131,226"
7194,"128,129,40"
7195,"0,456,271"
7196,"40,160,315"
7197,"10,109,11"
7198,"40,42,41"
7199,"40,145,44"
7200,"0,285,8"
7201,"40,139,141"
7202,"64,10,473"
7203,"0,279,249"
7204,"199,343,169"
7205,"54,55,10"
7206,"40,402,145"
7207,"0,216,212"
7208,"3,21,51"
7209,"59,24,23"
7210,"3,126,4"
7211,"16,3,15"
7212,"3,4,435"
7213,"129,128,40"
7214,"43,24,23"
7215,"10,80,448"
7216,"287,3,53"
7217,"169,170,459"
7218,"169,199,281"
7219,"10,64,93"
7220,"221,220,10"
7221,"105,23,318"
7222,"45,44,145"
7223,"199,343,169"
7224,"220,221,10"
7225,"199,169,374"
7226,"3,21,127"
7227,"3,53,99"
7228,"3,126,21"
7229,"40,131,406"
7230,"3,85,86"
7231,"40,241,131"
7232,"0,271,23"
7233,"23,303,74"
7234,"3,17,447"
7235,"32,23,31"
7236,"220,10,242"
7237,"40,44,145"
7238,"108,3,21"
7239,"3,105,50"
7240,"3,168,17"
7241,"169,199,356"
7242,"3,147,30"
7243,"199,169,356"
7244,"150,13,204"
7245,"3,21,238"
7246,"160,40,3"
7247,"3,30,66"
7248,"146,40,136"
7249,"23,118,38"
7250,"169,296,3"
7251,"147,3,156"
7252,"3,21,190"
7253,"258,31,23"
7254,"130,129,40"
7255,"40,44,145"
7256,"140,139,40"
7257,"3,10,53"
7258,"199,169,221"
7259,"265,0,490"
7260,"43,24,23"
7261,"3,435,147"
7262,"31,169,23"
7263,"162,163,40"
7264,"366,0,216"
7265,"271,169,0"
7266,"23,91,350"
7267,"0,271,456"
7268,"3,66,30"
7269,"199,169,343"
7270,"105,23,326"
7271,"3,21,187"
7272,"3,170,260"
7273,"40,41,42"
7274,"3,34,53"
7275,"0,456,271"
7276,"26,23,455"
7277,"43,24,23"
7278,"406,40,131"
7279,"40,160,152"
7280,"3,168,17"
7281,"4,3,238"
7282,"40,395,145"
7283,"45,44,145"
7284,"0,522,271"
7285,"3,147,156"
7286,"0,265,273"
7287,"339,169,337"
7288,"3,53,287"
7289,"199,323,169"
7290,"3,70,4"
7291,"146,40,145"
7292,"32,31,23"
7293,"127,21,3"
7294,"406,131,40"
7295,"3,53,287"
7296,"206,0,8"
7297,"49,24,23"
7298,"0,522,271"
7299,"23,26,350"
7300,"11,10,109"
7301,"64,10,93"
7302,"339,169,337"
7303,"11,10,109"
7304,"339,337,169"
7305,"40,145,44"
7306,"17,3,320"
7307,"345,40,23"
7308,"10,60,93"
7309,"29,28,3"
7310,"3,30,21"
7311,"3,4,435"
7312,"11,10,12"
7313,"60,10,43"
7314,"0,265,349"
7315,"0,271,360"
7316,"406,131,226"
7317,"147,3,148"
7318,"23,74,24"
7319,"296,169,0"
7320,"74,118,23"
7321,"111,112,40"
7322,"40,131,193"
7323,"3,34,187"
7324,"216,77,0"
7325,"23,26,89"
7326,"26,231,89"
7327,"3,21,124"
7328,"281,199,431"
7329,"0,271,456"
7330,"3,17,168"
7331,"32,31,23"
7332,"224,41,40"
7333,"129,40,128"
7334,"0,271,291"
7335,"281,169,199"
7336,"281,199,169"
7337,"23,74,303"
7338,"10,60,64"
7339,"129,40,128"
7340,"15,16,3"
7341,"23,105,318"
7342,"40,186,324"
7343,"21,3,164"
7344,"171,199,169"
7345,"127,21,3"
7346,"40,123,111"
7347,"3,34,263"
7348,"231,26,23"
7349,"3,21,48"
7350,"283,40,74"
7351,"0,265,218"
7352,"23,40,495"
7353,"40,131,142"
7354,"340,0,265"
7355,"10,64,93"
7356,"3,13,150"
7357,"169,199,343"
7358,"3,85,86"
7359,"169,108,21"
7360,"130,129,128"
7361,"3,100,367"
7362,"226,40,131"
7363,"4,3,70"
7364,"36,35,3"
7365,"64,10,80"
7366,"169,436,343"
7367,"118,74,23"
7368,"286,3,41"
7369,"23,137,38"
7370,"220,10,242"
7371,"0,212,216"
7372,"16,15,3"
7373,"3,111,53"
7374,"3,85,13"
7375,"137,23,38"
7376,"44,145,40"
7377,"10,11,205"
7378,"40,128,129"
7379,"3,4,238"
7380,"169,23,89"
7381,"21,3,127"
7382,"220,242,10"
7383,"3,53,187"
7384,"0,218,457"
7385,"211,319,0"
7386,"4,19,3"
7387,"11,10,12"
7388,"23,31,24"
7389,"3,147,148"
7390,"3,21,108"
7391,"40,129,128"
7392,"95,54,10"
7393,"77,31,23"
7394,"23,454,31"
7395,"96,31,23"
7396,"169,128,170"
7397,"3,28,364"
7398,"220,10,221"
7399,"89,26,23"
7400,"45,145,40"
7401,"105,23,318"
7402,"64,10,79"
7403,"40,493,10"
7404,"40,128,395"
7405,"64,10,448"
7406,"40,139,41"
7407,"0,279,249"
7408,"169,199,343"
7409,"24,43,64"
7410,"3,21,187"
7411,"162,163,40"
7412,"40,244,135"
7413,"3,287,147"
7414,"3,147,156"
7415,"44,145,40"
7416,"10,54,55"
7417,"259,426,169"
7418,"40,131,142"
7419,"395,40,23"
7420,"218,509,10"
7421,"187,21,3"
7422,"0,513,277"
7423,"10,64,65"
7424,"23,38,82"
7425,"3,379,21"
7426,"10,11,109"
7427,"265,0,490"
7428,"3,85,86"
7429,"10,11,109"
7430,"224,111,161"
7431,"26,350,23"
7432,"374,459,169"
7433,"74,23,3"
7434,"169,296,199"
7435,"40,128,129"
7436,"3,21,33"
7437,"10,54,95"
7438,"0,456,271"
7439,"21,23,40"
7440,"350,26,23"
7441,"10,11,12"
7442,"169,281,199"
7443,"10,11,12"
7444,"199,169,343"
7445,"3,120,147"
7446,"23,74,26"
7447,"23,31,96"
7448,"3,21,127"
7449,"49,24,23"
7450,"22,108,3"
7451,"3,21,53"
7452,"44,40,145"
7453,"3,124,53"
7454,"89,23,26"
7455,"3,133,4"
7456,"296,169,336"
7457,"10,64,65"
7458,"23,74,118"
7459,"10,54,95"
7460,"26,23,350"
7461,"168,17,3"
7462,"49,24,10"
7463,"3,21,127"
7464,"199,169,374"
7465,"21,3,379"
7466,"40,23,131"
7467,"206,0,8"
7468,"303,74,165"
7469,"3,51,52"
7470,"31,23,96"
7471,"63,23,38"
7472,"199,169,323"
7473,"199,169,171"
7474,"0,271,522"
7475,"17,3,18"
7476,"160,40,423"
7477,"169,138,170"
7478,"10,24,23"
7479,"0,363,280"
7480,"3,21,127"
7481,"10,11,12"
7482,"170,260,169"
7483,"287,53,3"
7484,"0,291,218"
7485,"64,10,80"
7486,"370,0,216"
7487,"40,131,226"
7488,"255,462,347"
7489,"406,40,131"
7490,"3,21,85"
7491,"201,41,40"
7492,"128,40,175"
7493,"220,242,10"
7494,"0,395,40"
7495,"23,24,345"
7496,"41,40,224"
7497,"220,10,221"
7498,"26,23,350"
7499,"169,199,343"
7500,"3,4,19"
7501,"0,271,291"
7502,"11,10,109"
7503,"0,271,355"
7504,"169,454,31"
7505,"169,24,23"
7506,"74,23,118"
7507,"3,53,68"
7508,"171,169,131"
7509,"23,74,71"
7510,"3,147,148"
7511,"38,165,71"
7512,"0,271,355"
7513,"10,239,93"
7514,"23,74,118"
7515,"126,42,41"
7516,"3,21,48"
7517,"169,199,382"
7518,"131,40,159"
7519,"139,40,169"
7520,"220,10,242"
7521,"26,23,89"
7522,"25,24,23"
7523,"169,170,3"
7524,"0,271,465"
7525,"131,40,406"
7526,"3,147,148"
7527,"131,40,241"
7528,"3,111,4"
7529,"169,184,170"
7530,"10,23,93"
7531,"10,11,109"
7532,"145,437,40"
7533,"3,238,4"
7534,"16,3,15"
7535,"25,24,23"
7536,"64,10,65"
7537,"36,41,33"
7538,"3,447,34"
7539,"0,206,23"
7540,"135,3,236"
7541,"169,281,199"
7542,"127,40,21"
7543,"32,31,23"
7544,"366,0,271"
7545,"3,68,21"
7546,"0,308,8"
7547,"10,109,54"
7548,"0,255,484"
7549,"145,40,44"
7550,"401,13,40"
7551,"0,271,319"
7552,"3,187,21"
7553,"16,15,3"
7554,"10,64,90"
7555,"220,10,242"
7556,"290,31,23"
7557,"4,3,238"
7558,"40,42,41"
7559,"169,459,170"
7560,"38,71,23"
7561,"3,13,30"
7562,"199,169,281"
7563,"93,10,43"
7564,"3,16,15"
7565,"10,234,11"
7566,"10,220,242"
7567,"206,0,8"
7568,"220,10,221"
7569,"86,85,3"
7570,"10,93,64"
7571,"42,41,126"
7572,"44,145,40"
7573,"220,10,242"
7574,"3,40,100"
7575,"23,26,350"
7576,"4,3,19"
7577,"241,131,40"
7578,"170,169,260"
7579,"10,60,61"
7580,"23,74,31"
7581,"45,44,40"
7582,"0,216,254"
7583,"3,15,147"
7584,"40,131,241"
7585,"3,21,124"
7586,"3,21,66"
7587,"24,23,43"
7588,"3,30,147"
7589,"10,40,145"
7590,"3,66,30"
7591,"40,139,395"
7592,"3,147,148"
7593,"4,3,19"
7594,"16,15,3"
7595,"0,304,208"
7596,"24,43,23"
7597,"40,402,510"
7598,"25,74,23"
7599,"345,169,199"
7600,"281,169,199"
7601,"43,24,23"
7602,"23,71,38"
7603,"131,40,406"
7604,"23,74,105"
7605,"0,271,363"
7606,"350,26,23"
7607,"3,147,48"
7608,"220,10,242"
7609,"49,23,24"
7610,"0,357,381"
7611,"3,21,379"
7612,"64,10,80"
7613,"0,313,216"
7614,"11,10,12"
7615,"271,0,456"
7616,"220,10,242"
7617,"44,145,40"
7618,"3,51,52"
7619,"105,326,23"
7620,"43,10,23"
7621,"11,10,109"
7622,"239,10,64"
7623,"3,147,148"
7624,"171,169,199"
7625,"0,8,285"
7626,"3,168,15"
7627,"3,17,168"
7628,"3,21,126"
7629,"40,152,151"
7630,"23,24,40"
7631,"3,53,287"
7632,"43,23,24"
7633,"220,10,242"
7634,"26,23,89"
7635,"3,21,187"
7636,"10,239,60"
7637,"31,454,23"
7638,"152,151,40"
7639,"3,21,127"
7640,"49,24,23"
7641,"290,31,23"
7642,"0,277,211"
7643,"0,521,31"
7644,"3,21,187"
7645,"74,317,41"
7646,"5,3,228"
7647,"255,462,463"
7648,"23,105,495"
7649,"0,516,465"
7650,"169,296,300"
7651,"220,10,221"
7652,"160,40,334"
7653,"115,21,40"
7654,"10,64,80"
7655,"26,89,350"
7656,"10,43,24"
7657,"3,17,320"
7658,"137,23,38"
7659,"21,3,108"
7660,"3,51,52"
7661,"131,40,241"
7662,"220,10,221"
7663,"71,23,72"
7664,"169,199,10"
7665,"131,40,406"
7666,"169,431,199"
7667,"168,3,17"
7668,"147,148,3"
7669,"339,169,337"
7670,"0,280,271"
7671,"171,169,199"
7672,"10,220,242"
7673,"10,220,221"
7674,"459,170,169"
7675,"10,60,64"
7676,"128,393,195"
7677,"31,23,454"
7678,"43,23,24"
7679,"3,21,115"
7680,"3,21,182"
7681,"171,169,199"
7682,"40,132,131"
7683,"26,89,23"
7684,"3,21,108"
7685,"454,31,10"
7686,"0,265,349"
7687,"3,4,111"
7688,"40,135,138"
7689,"3,53,523"
7690,"3,111,21"
7691,"135,138,40"
7692,"241,131,40"
7693,"64,10,448"
7694,"3,17,18"
7695,"0,10,109"
7696,"0,208,403"
7697,"28,330,3"
7698,"135,141,40"
7699,"49,23,24"
7700,"169,170,343"
7701,"193,40,23"
7702,"169,199,426"
7703,"64,10,93"
7704,"23,89,26"
7705,"40,128,195"
7706,"3,275,147"
7707,"3,21,85"
7708,"145,25,67"
7709,"128,129,130"
7710,"40,160,315"
7711,"23,26,89"
7712,"3,53,0"
7713,"165,74,71"
7714,"0,350,26"
7715,"24,10,25"
7716,"169,426,0"
7717,"40,3,111"
7718,"10,64,109"
7719,"3,5,85"
7720,"40,131,406"
7721,"64,10,448"
7722,"126,3,21"
7723,"118,23,74"
7724,"3,128,53"
7725,"10,54,402"
7726,"126,21,42"
7727,"10,79,448"
7728,"40,146,145"
7729,"139,153,3"
7730,"40,17,168"
7731,"171,170,169"
7732,"21,3,379"
7733,"23,89,26"
7734,"64,10,448"
7735,"60,10,61"
7736,"135,40,3"
7737,"3,147,188"
7738,"40,315,160"
7739,"17,168,320"
7740,"10,60,23"
7741,"31,290,3"
7742,"3,174,4"
7743,"3,147,148"
7744,"3,21,116"
7745,"3,21,30"
7746,"41,40,324"
7747,"3,21,30"
7748,"26,231,23"
7749,"40,41,224"
7750,"10,54,322"
7751,"4,3,19"
7752,"0,291,271"
7753,"153,139,40"
7754,"265,0,23"
7755,"17,419,168"
7756,"3,21,115"
7757,"23,258,31"
7758,"32,23,31"
7759,"454,31,23"
7760,"23,45,24"
7761,"0,348,280"
7762,"402,40,145"
7763,"89,26,23"
7764,"26,23,89"
7765,"16,15,144"
7766,"64,10,93"
7767,"3,34,169"
7768,"16,15,3"
7769,"135,40,236"
7770,"147,148,3"
7771,"3,85,86"
7772,"3,30,66"
7773,"169,199,323"
7774,"0,2,1"
7775,"8,0,285"
7776,"147,3,148"
7777,"23,26,89"
7778,"131,134,40"
7779,"493,10,326"
7780,"10,11,205"
7781,"3,127,147"
7782,"165,74,23"
7783,"0,199,2"
7784,"4,3,0"
7785,"220,10,242"
7786,"3,267,111"
7787,"23,91,26"
7788,"313,0,346"
7789,"23,89,26"
7790,"23,240,38"
7791,"11,109,10"
7792,"42,21,41"
7793,"40,395,128"
7794,"220,10,221"
7795,"111,123,3"
7796,"220,242,10"
7797,"10,323,64"
7798,"169,296,371"
7799,"39,38,23"
7800,"241,131,40"
7801,"10,24,95"
7802,"74,23,303"
7803,"62,3,23"
7804,"17,3,18"
7805,"3,17,53"
7806,"40,131,139"
7807,"3,53,325"
7808,"105,23,3"
7809,"10,11,419"
7810,"0,255,265"
7811,"3,21,108"
7812,"10,11,12"
7813,"304,0,216"
7814,"169,199,171"
7815,"40,41,224"
7816,"139,153,40"
7817,"64,10,90"
7818,"3,168,17"
7819,"3,21,164"
7820,"10,64,43"
7821,"71,145,44"
7822,"271,0,355"
7823,"23,10,11"
7824,"16,15,3"
7825,"53,325,287"
7826,"135,431,281"
7827,"0,265,208"
7828,"89,26,23"
7829,"0,271,456"
7830,"23,231,26"
7831,"169,199,296"
7832,"77,0,380"
7833,"40,145,44"
7834,"3,30,66"
7835,"64,79,169"
7836,"169,251,337"
7837,"170,260,169"
7838,"11,205,10"
7839,"44,145,40"
7840,"3,182,68"
7841,"26,23,89"
7842,"40,162,128"
7843,"28,29,3"
7844,"265,0,490"
7845,"43,23,24"
7846,"131,40,226"
7847,"40,160,423"
7848,"3,4,238"
7849,"3,17,18"
7850,"21,3,108"
7851,"3,147,148"
7852,"128,129,40"
7853,"206,8,0"
7854,"10,23,24"
7855,"169,251,170"
7856,"44,40,45"
7857,"40,146,145"
7858,"40,160,41"
7859,"0,208,209"
7860,"0,8,235"
7861,"3,4,238"
7862,"23,74,118"
7863,"40,146,145"
7864,"105,318,3"
7865,"53,287,3"
7866,"54,95,10"
7867,"49,24,23"
7868,"0,314,313"
7869,"3,53,111"
7870,"64,93,10"
7871,"23,49,24"
7872,"3,219,174"
7873,"10,371,169"
7874,"26,23,89"
7875,"23,74,303"
7876,"23,131,287"
7877,"10,64,90"
7878,"40,41,139"
7879,"169,0,507"
7880,"40,42,41"
7881,"3,53,265"
7882,"64,10,93"
7883,"10,60,43"
7884,"135,40,138"
7885,"0,271,291"
7886,"17,168,320"
7887,"147,148,3"
7888,"0,265,418"
7889,"32,23,118"
7890,"17,168,3"
7891,"0,249,279"
7892,"234,10,60"
7893,"0,8,235"
7894,"147,148,3"
7895,"14,13,204"
7896,"135,40,41"
7897,"169,171,199"
7898,"40,160,315"
7899,"168,3,17"
7900,"10,220,279"
7901,"23,31,454"
7902,"0,271,321"
7903,"26,350,0"
7904,"3,21,108"
7905,"3,53,68"
7906,"171,199,169"
7907,"3,53,21"
7908,"281,199,169"
7909,"23,31,169"
7910,"171,199,169"
7911,"40,44,23"
7912,"165,74,23"
7913,"0,271,456"
7914,"64,93,10"
7915,"3,4,238"
7916,"3,53,523"
7917,"43,23,10"
7918,"44,45,40"
7919,"170,260,169"
7920,"169,260,170"
7921,"220,10,242"
7922,"169,296,336"
7923,"64,448,79"
7924,"3,53,169"
7925,"23,94,74"
7926,"64,10,93"
7927,"23,106,105"
7928,"74,303,23"
7929,"40,131,406"
7930,"456,0,271"
7931,"3,13,28"
7932,"0,265,349"
7933,"3,85,158"
7934,"3,325,53"
7935,"0,223,169"
7936,"53,467,3"
7937,"0,8,308"
7938,"10,59,11"
7939,"16,15,3"
7940,"141,135,40"
7941,"118,23,32"
7942,"11,10,12"
7943,"135,431,40"
7944,"129,128,40"
7945,"31,328,23"
7946,"169,170,306"
7947,"24,43,23"
7948,"135,138,40"
7949,"10,54,55"
7950,"23,350,26"
7951,"3,17,168"
7952,"4,19,3"
7953,"131,40,226"
7954,"0,304,216"
7955,"160,40,315"
7956,"3,85,86"
7957,"145,40,54"
7958,"40,102,139"
7959,"349,0,265"
7960,"169,199,259"
7961,"0,216,304"
7962,"45,44,54"
7963,"4,3,238"
7964,"3,325,53"
7965,"3,13,379"
7966,"16,15,3"
7967,"3,28,190"
7968,"45,23,44"
7969,"337,339,3"
7970,"40,41,127"
7971,"244,40,135"
7972,"40,241,131"
7973,"3,21,164"
7974,"456,0,271"
7975,"26,350,23"
7976,"23,24,59"
7977,"40,54,45"
7978,"0,271,422"
7979,"3,40,128"
7980,"10,24,43"
7981,"23,105,74"
7982,"40,131,406"
7983,"23,111,74"
7984,"3,33,21"
7985,"131,40,134"
7986,"10,220,64"
7987,"40,129,128"
7988,"168,0,17"
7989,"220,221,10"
7990,"89,26,23"
7991,"24,23,43"
7992,"46,3,15"
7993,"205,11,10"
7994,"10,64,60"
7995,"281,169,199"
7996,"271,0,456"
7997,"3,21,48"
7998,"28,330,3"
7999,"26,231,23"
8000,"169,296,199"
8001,"303,74,13"
8002,"40,131,142"
8003,"3,111,119"
8004,"89,23,26"
8005,"140,139,40"
8006,"64,10,80"
8007,"3,16,15"
8008,"3,301,21"
8009,"231,26,23"
8010,"26,350,23"
8011,"3,111,147"
8012,"23,308,8"
8013,"96,23,31"
8014,"0,271,352"
8015,"0,8,26"
8016,"169,199,343"
8017,"21,3,127"
8018,"21,40,127"
8019,"44,145,10"
8020,"234,10,60"
8021,"3,21,127"
8022,"23,38,26"
8023,"40,34,155"
8024,"61,10,60"
8025,"40,123,111"
8026,"111,3,161"
8027,"10,11,12"
8028,"366,0,271"
8029,"3,4,238"
8030,"34,3,169"
8031,"169,170,199"
8032,"89,26,23"
8033,"17,168,3"
8034,"258,31,10"
8035,"301,21,3"
8036,"74,317,23"
8037,"40,146,145"
8038,"151,152,40"
8039,"64,10,65"
8040,"3,21,34"
8041,"23,328,31"
8042,"139,155,153"
8043,"0,271,291"
8044,"169,199,281"
8045,"220,242,10"
8046,"3,21,111"
8047,"3,13,28"
8048,"13,3,14"
8049,"460,169,107"
8050,"3,17,168"
8051,"26,350,23"
8052,"206,0,8"
8053,"3,40,53"
8054,"17,3,320"
8055,"95,54,10"
8056,"23,31,40"
8057,"23,89,26"
8058,"3,30,66"
8059,"23,118,74"
8060,"220,10,221"
8061,"10,220,221"
8062,"40,241,169"
8063,"40,130,129"
8064,"10,60,43"
8065,"417,169,296"
8066,"3,52,112"
8067,"3,85,86"
8068,"3,85,17"
8069,"145,40,402"
8070,"17,168,3"
8071,"10,11,12"
8072,"10,145,44"
8073,"135,138,40"
8074,"31,23,258"
8075,"71,38,23"
8076,"40,184,185"
8077,"14,13,11"
8078,"54,10,83"
8079,"3,22,108"
8080,"40,496,241"
8081,"24,43,23"
8082,"89,26,23"
8083,"40,131,226"
8084,"40,395,128"
8085,"128,129,40"
8086,"3,34,447"
8087,"279,0,249"
8088,"0,265,349"
8089,"8,308,0"
8090,"0,313,346"
8091,"3,113,167"
8092,"24,45,44"
8093,"220,10,242"
8094,"199,169,96"
8095,"169,259,199"
8096,"131,226,40"
8097,"3,53,238"
8098,"220,221,10"
8099,"145,40,44"
8100,"23,31,454"
8101,"171,169,199"
8102,"23,89,26"
8103,"3,21,19"
8104,"3,30,66"
8105,"3,21,158"
8106,"145,40,44"
8107,"3,21,127"
8108,"3,53,523"
8109,"271,456,0"
8110,"3,147,148"
8111,"24,43,23"
8112,"31,23,258"
8113,"3,4,238"
8114,"128,40,162"
8115,"23,74,105"
8116,"147,3,167"
8117,"220,242,10"
8118,"3,21,147"
8119,"0,23,38"
8120,"26,231,23"
8121,"24,23,43"
8122,"16,15,3"
8123,"23,74,317"
8124,"296,306,169"
8125,"169,199,323"
8126,"11,10,109"
8127,"44,145,73"
8128,"96,239,60"
8129,"40,243,184"
8130,"74,118,107"
8131,"0,265,273"
8132,"32,31,23"
8133,"151,152,127"
8134,"10,220,221"
8135,"0,218,446"
8136,"296,169,306"
8137,"3,15,16"
8138,"3,108,21"
8139,"220,10,221"
8140,"23,303,74"
8141,"3,21,53"
8142,"44,45,145"
8143,"199,169,10"
8144,"296,169,336"
8145,"40,149,41"
8146,"168,17,3"
8147,"3,447,116"
8148,"3,4,238"
8149,"26,89,23"
8150,"296,169,333"
8151,"235,0,8"
8152,"302,160,40"
8153,"10,60,23"
8154,"0,522,291"
8155,"3,21,102"
8156,"313,0,346"
8157,"23,74,317"
8158,"8,308,0"
8159,"250,40,135"
8160,"40,186,41"
8161,"184,185,368"
8162,"169,3,199"
8163,"3,85,15"
8164,"44,25,24"
8165,"152,151,40"
8166,"64,10,93"
8167,"3,21,127"
8168,"3,4,238"
8169,"3,21,127"
8170,"0,463,462"
8171,"253,264,10"
8172,"343,199,169"
8173,"26,89,23"
8174,"0,254,216"
8175,"0,271,522"
8176,"40,131,406"
8177,"10,23,24"
8178,"0,265,349"
8179,"3,4,238"
8180,"169,170,199"
8181,"40,406,131"
8182,"40,241,139"
8183,"23,38,10"
8184,"131,40,486"
8185,"10,220,54"
8186,"68,53,281"
8187,"3,68,53"
8188,"3,21,108"
8189,"199,169,323"
8190,"96,31,23"
8191,"40,186,324"
8192,"3,15,16"
8193,"64,10,93"
8194,"3,28,330"
8195,"137,23,38"
8196,"40,145,45"
8197,"85,3,86"
8198,"23,38,105"
8199,"64,10,93"
8200,"220,10,221"
8201,"211,319,0"
8202,"3,17,56"
8203,"3,30,104"
8204,"23,26,350"
8205,"0,8,206"
8206,"26,89,23"
8207,"0,271,456"
8208,"241,40,131"
8209,"145,323,402"
8210,"0,8,308"
8211,"59,24,205"
8212,"23,307,74"
8213,"0,235,257"
8214,"309,23,69"
8215,"0,271,456"
8216,"220,10,242"
8217,"17,168,3"
8218,"4,3,19"
8219,"49,23,24"
8220,"3,21,53"
8221,"49,23,24"
8222,"105,23,326"
8223,"3,85,126"
8224,"23,24,49"
8225,"169,323,170"
8226,"23,74,38"
8227,"17,320,3"
8228,"23,26,89"
8229,"131,40,134"
8230,"3,21,127"
8231,"0,456,271"
8232,"165,74,23"
8233,"43,24,23"
8234,"53,3,287"
8235,"23,38,309"
8236,"23,74,63"
8237,"3,53,500"
8238,"3,383,100"
8239,"0,357,381"
8240,"0,271,291"
8241,"43,24,60"
8242,"4,3,19"
8243,"40,406,131"
8244,"151,152,40"
8245,"40,145,402"
8246,"234,10,60"
8247,"23,24,62"
8248,"3,4,238"
8249,"0,212,211"
8250,"74,23,118"
8251,"169,199,281"
8252,"0,255,280"
8253,"0,206,8"
8254,"64,10,448"
8255,"10,64,442"
8256,"10,64,442"
8257,"3,21,30"
8258,"10,239,23"
8259,"131,40,134"
8260,"60,239,10"
8261,"10,64,93"
8262,"25,24,10"
8263,"3,187,21"
8264,"370,23,0"
8265,"199,169,343"
8266,"3,219,4"
8267,"10,60,239"
8268,"169,281,199"
8269,"74,303,23"
8270,"0,319,211"
8271,"459,170,21"
8272,"169,296,199"
8273,"23,0,391"
8274,"3,4,111"
8275,"24,23,43"
8276,"23,137,74"
8277,"17,3,168"
8278,"3,523,53"
8279,"31,32,23"
8280,"221,220,10"
8281,"131,40,406"
8282,"3,16,15"
8283,"296,169,460"
8284,"0,522,271"
8285,"131,134,40"
8286,"160,40,196"
8287,"3,21,284"
8288,"3,30,104"
8289,"4,3,19"
8290,"23,43,24"
8291,"402,10,220"
8292,"10,64,80"
8293,"40,184,494"
8294,"49,24,23"
8295,"206,0,369"
8296,"199,343,169"
8297,"3,53,176"
8298,"134,131,40"
8299,"3,4,174"
8300,"0,216,257"
8301,"169,0,339"
8302,"66,30,3"
8303,"3,23,53"
8304,"26,89,23"
8305,"3,53,523"
8306,"3,52,51"
8307,"0,206,369"
8308,"3,5,228"
8309,"42,40,41"
8310,"21,3,108"
8311,"0,313,485"
8312,"10,93,64"
8313,"23,303,74"
8314,"23,24,231"
8315,"3,21,85"
8316,"0,214,213"
8317,"21,3,301"
8318,"199,169,23"
8319,"49,23,24"
8320,"169,170,339"
8321,"111,161,3"
8322,"24,23,43"
8323,"64,10,93"
8324,"64,448,10"
8325,"10,64,65"
8326,"169,260,170"
8327,"129,40,128"
8328,"23,74,303"
8329,"508,426,169"
8330,"10,220,221"
8331,"3,190,28"
8332,"10,95,54"
8333,"11,10,205"
8334,"3,147,148"
8335,"3,17,168"
8336,"3,287,21"
8337,"250,135,40"
8338,"21,102,3"
8339,"160,40,334"
8340,"17,168,3"
8341,"3,21,108"
8342,"3,4,238"
8343,"0,8,235"
8344,"64,10,93"
8345,"26,23,350"
8346,"21,3,33"
8347,"41,286,40"
8348,"31,23,77"
8349,"74,23,118"
8350,"62,24,23"
8351,"11,10,109"
8352,"10,54,67"
8353,"26,23,231"
8354,"10,55,45"
8355,"3,528,36"
8356,"64,93,10"
8357,"3,4,238"
8358,"317,23,74"
8359,"10,220,221"
8360,"23,105,106"
8361,"169,199,281"
8362,"169,199,171"
8363,"89,0,40"
8364,"283,74,184"
8365,"0,271,272"
8366,"3,4,111"
8367,"3,30,117"
8368,"11,10,109"
8369,"15,16,3"
8370,"63,23,38"
8371,"26,23,89"
8372,"169,199,248"
8373,"328,23,31"
8374,"40,152,151"
8375,"17,168,3"
8376,"205,11,10"
8377,"0,313,346"
8378,"16,15,3"
8379,"10,11,109"
8380,"71,23,38"
8381,"3,119,40"
8382,"208,0,521"
8383,"74,303,23"
8384,"40,44,145"
8385,"0,8,285"
8386,"169,187,3"
8387,"10,54,173"
8388,"3,53,68"
8389,"220,10,221"
8390,"111,3,119"
8391,"40,160,315"
8392,"3,34,263"
8393,"3,21,127"
8394,"32,3,31"
8395,"68,3,53"
8396,"340,265,0"
8397,"45,44,10"
8398,"169,171,199"
8399,"31,23,258"
8400,"10,11,109"
8401,"23,74,40"
8402,"3,147,148"
8403,"169,281,199"
8404,"169,199,374"
8405,"281,169,199"
8406,"23,89,26"
8407,"24,23,253"
8408,"3,168,17"
8409,"3,111,21"
8410,"303,74,23"
8411,"26,89,23"
8412,"31,258,23"
8413,"24,23,95"
8414,"64,10,473"
8415,"11,109,10"
8416,"54,10,0"
8417,"10,64,93"
8418,"3,15,147"
8419,"303,23,74"
8420,"456,0,271"
8421,"64,10,80"
8422,"26,89,23"
8423,"170,169,138"
8424,"131,40,134"
8425,"131,40,226"
8426,"23,106,105"
8427,"231,26,23"
8428,"43,23,24"
8429,"40,10,145"
8430,"139,40,21"
8431,"281,169,199"
8432,"0,271,291"
8433,"64,10,448"
8434,"11,10,205"
8435,"3,21,115"
8436,"3,379,85"
8437,"340,0,265"
8438,"23,345,309"
8439,"3,85,111"
8440,"128,40,129"
8441,"168,17,3"
8442,"8,0,206"
8443,"3,17,320"
8444,"71,38,23"
8445,"23,3,345"
8446,"281,199,169"
8447,"11,109,10"
8448,"0,271,456"
8449,"3,5,57"
8450,"0,8,285"
8451,"23,345,38"
8452,"3,53,523"
8453,"0,8,391"
8454,"129,128,40"
8455,"23,24,345"
8456,"197,23,54"
8457,"115,3,21"
8458,"169,69,170"
8459,"0,265,271"
8460,"0,444,216"
8461,"26,346,313"
8462,"23,38,91"
8463,"44,23,145"
8464,"40,115,3"
8465,"40,151,152"
8466,"26,23,89"
8467,"224,41,40"
8468,"31,96,23"
8469,"44,145,72"
8470,"17,168,3"
8471,"0,1,2"
8472,"169,199,281"
8473,"64,10,93"
8474,"169,60,199"
8475,"8,308,0"
8476,"0,313,255"
8477,"64,10,338"
8478,"220,221,10"
8479,"258,10,169"
8480,"3,15,16"
8481,"220,10,221"
8482,"0,8,514"
8483,"10,220,242"
8484,"281,199,169"
8485,"221,220,10"
8486,"21,3,127"
8487,"356,199,169"
8488,"303,3,74"
8489,"10,64,65"
8490,"169,343,199"
8491,"40,128,186"
8492,"230,229,421"
8493,"3,28,287"
8494,"105,23,95"
8495,"23,31,74"
8496,"271,0,272"
8497,"10,64,338"
8498,"10,64,80"
8499,"169,3,296"
8500,"169,199,323"
8501,"28,3,86"
8502,"8,0,206"
8503,"40,31,169"
8504,"312,169,427"
8505,"10,239,60"
8506,"153,139,40"
8507,"169,199,248"
8508,"10,11,12"
8509,"160,315,40"
8510,"105,23,10"
8511,"199,169,323"
8512,"241,3,155"
8513,"3,523,21"
8514,"199,169,0"
8515,"17,168,3"
8516,"169,312,426"
8517,"169,199,281"
8518,"0,291,456"
8519,"44,45,145"
8520,"199,169,356"
8521,"147,148,3"
8522,"23,26,318"
8523,"0,40,216"
8524,"40,135,139"
8525,"10,234,60"
8526,"26,23,231"
8527,"11,10,12"
8528,"112,111,3"
8529,"241,139,131"
8530,"199,169,223"
8531,"105,326,262"
8532,"3,53,523"
8533,"3,4,30"
8534,"220,221,10"
8535,"3,21,108"
8536,"44,145,40"
8537,"26,350,23"
8538,"24,23,10"
8539,"0,8,410"
8540,"3,21,33"
8541,"459,138,169"
8542,"111,31,77"
8543,"34,3,40"
8544,"220,221,10"
8545,"3,30,66"
8546,"0,255,462"
8547,"3,263,34"
8548,"146,40,135"
8549,"8,285,0"
8550,"40,152,151"
8551,"0,216,403"
8552,"0,11,10"
8553,"17,18,3"
8554,"3,85,21"
8555,"3,21,104"
8556,"3,111,267"
8557,"0,337,339"
8558,"23,38,303"
8559,"220,10,221"
8560,"64,10,65"
8561,"11,10,109"
8562,"64,10,338"
8563,"231,26,23"
8564,"23,24,64"
8565,"8,0,308"
8566,"402,145,40"
8567,"170,169,459"
8568,"170,260,169"
8569,"40,131,142"
8570,"3,21,124"
8571,"3,21,127"
8572,"220,10,221"
8573,"281,199,169"
8574,"0,291,271"
8575,"3,111,119"
8576,"220,10,221"
8577,"3,156,147"
8578,"431,281,135"
8579,"43,24,23"
8580,"3,29,53"
8581,"38,39,23"
8582,"303,23,74"
8583,"3,111,119"
8584,"26,350,23"
8585,"129,128,40"
8586,"3,30,66"
8587,"23,74,31"
8588,"10,11,109"
8589,"105,23,318"
8590,"139,140,40"
8591,"10,31,145"
8592,"43,24,23"
8593,"169,170,417"
8594,"23,10,24"
8595,"169,343,311"
8596,"64,10,80"
8597,"213,214,0"
8598,"281,199,169"
8599,"15,16,3"
8600,"40,195,128"
8601,"64,80,10"
8602,"459,170,169"
8603,"33,21,127"
8604,"334,160,40"
8605,"169,34,311"
8606,"112,111,3"
8607,"11,109,10"
8608,"169,170,426"
8609,"169,170,199"
8610,"3,21,187"
8611,"118,74,23"
8612,"23,24,25"
8613,"11,109,10"
8614,"0,271,362"
8615,"309,23,38"
8616,"271,0,456"
8617,"10,23,239"
8618,"3,46,34"
8619,"61,60,10"
8620,"33,127,21"
8621,"3,85,86"
8622,"17,208,0"
8623,"169,199,259"
8624,"17,168,3"
8625,"40,131,406"
8626,"220,10,221"
8627,"38,23,71"
8628,"152,151,40"
8629,"105,23,318"
8630,"3,5,57"
8631,"21,3,124"
8632,"350,26,23"
8633,"296,169,428"
8634,"40,139,41"
8635,"3,111,267"
8636,"24,43,23"
8637,"3,85,86"
8638,"241,23,131"
8639,"3,147,156"
8640,"23,107,40"
8641,"40,41,149"
8642,"131,40,134"
8643,"26,350,23"
8644,"44,145,40"
8645,"208,0,100"
8646,"3,21,41"
8647,"77,23,31"
8648,"40,151,152"
8649,"3,147,148"
8650,"3,21,30"
8651,"23,340,265"
8652,"0,211,319"
8653,"129,128,40"
8654,"160,169,315"
8655,"25,10,54"
8656,"3,28,190"
8657,"131,159,40"
8658,"23,49,96"
8659,"49,24,23"
8660,"129,128,130"
8661,"271,0,355"
8662,"11,10,12"
8663,"40,131,226"
8664,"45,44,40"
8665,"40,131,226"
8666,"0,366,271"
8667,"426,427,169"
8668,"4,19,3"
8669,"26,23,350"
8670,"3,147,16"
8671,"0,23,211"
8672,"220,221,10"
8673,"0,271,249"
8674,"40,135,153"
8675,"3,30,66"
8676,"10,64,90"
8677,"3,21,127"
8678,"169,281,199"
8679,"24,49,23"
8680,"281,199,169"
8681,"0,8,206"
8682,"3,21,187"
8683,"3,127,21"
8684,"169,199,281"
8685,"523,53,3"
8686,"169,259,199"
8687,"24,23,43"
8688,"10,64,442"
8689,"8,0,206"
8690,"169,281,199"
8691,"34,3,447"
8692,"40,41,42"
8693,"21,3,301"
8694,"64,10,80"
8695,"135,138,40"
8696,"64,448,10"
8697,"10,64,93"
8698,"220,10,221"
8699,"0,8,235"
8700,"0,216,304"
8701,"10,64,80"
8702,"3,36,35"
8703,"147,3,148"
8704,"2,0,1"
8705,"43,24,23"
8706,"40,139,153"
8707,"23,38,137"
8708,"26,231,23"
8709,"95,23,24"
8710,"454,31,23"
8711,"40,402,55"
8712,"350,26,23"
8713,"74,23,40"
8714,"10,145,40"
8715,"171,169,199"
8716,"126,42,41"
8717,"21,40,128"
8718,"10,64,93"
8719,"0,21,379"
8720,"272,0,361"
8721,"3,53,4"
8722,"3,30,66"
8723,"31,32,23"
8724,"135,40,189"
8725,"44,45,145"
8726,"10,64,65"
8727,"23,49,24"
8728,"74,23,118"
8729,"17,168,320"
8730,"131,134,40"
8731,"0,271,352"
8732,"40,10,145"
8733,"138,169,135"
8734,"74,40,165"
8735,"151,152,40"
8736,"3,48,21"
8737,"24,25,23"
8738,"10,40,45"
8739,"169,251,337"
8740,"49,23,24"
8741,"26,89,23"
8742,"3,53,287"
8743,"169,199,323"
8744,"220,10,221"
8745,"214,213,0"
8746,"40,145,44"
8747,"3,17,21"
8748,"296,169,277"
8749,"0,26,23"
8750,"0,218,512"
8751,"271,0,456"
8752,"145,40,437"
8753,"0,346,8"
8754,"12,11,10"
8755,"40,175,140"
8756,"0,340,265"
8757,"220,10,221"
8758,"0,208,471"
8759,"60,61,239"
8760,"3,111,119"
8761,"23,0,38"
8762,"281,223,169"
8763,"138,135,40"
8764,"3,15,16"
8765,"271,0,362"
8766,"32,31,23"
8767,"71,38,23"
8768,"10,11,109"
8769,"131,406,193"
8770,"0,456,271"
8771,"220,221,242"
8772,"23,26,89"
8773,"10,220,242"
8774,"406,40,131"
8775,"10,64,93"
8776,"201,3,41"
8777,"3,21,340"
8778,"43,23,24"
8779,"3,21,108"
8780,"295,135,40"
8781,"265,266,0"
8782,"40,146,145"
8783,"281,169,199"
8784,"281,169,199"
8785,"64,10,448"
8786,"10,44,145"
8787,"43,24,23"
8788,"127,3,21"
8789,"303,74,23"
8790,"220,10,242"
8791,"220,10,221"
8792,"23,89,26"
8793,"23,31,74"
8794,"3,287,21"
8795,"3,28,190"
8796,"0,265,355"
8797,"3,204,13"
8798,"64,10,93"
8799,"3,21,379"
8800,"40,41,324"
8801,"26,23,231"
8802,"23,3,30"
8803,"220,10,0"
8804,"10,24,60"
8805,"0,277,413"
8806,"12,11,10"
8807,"49,24,23"
8808,"267,3,111"
8809,"32,31,23"
8810,"26,350,0"
8811,"3,28,190"
8812,"10,64,93"
8813,"2,1,0"
8814,"118,74,23"
8815,"3,21,30"
8816,"3,21,379"
8817,"3,21,126"
8818,"0,216,380"
8819,"23,26,89"
8820,"74,23,303"
8821,"0,271,424"
8822,"169,260,170"
8823,"0,216,255"
8824,"0,409,23"
8825,"71,23,38"
8826,"3,15,16"
8827,"169,199,281"
8828,"3,148,147"
8829,"8,0,514"
8830,"0,271,355"
8831,"3,17,168"
8832,"40,145,395"
8833,"13,14,3"
8834,"3,85,86"
8835,"8,0,235"
8836,"23,0,59"
8837,"171,169,199"
8838,"74,23,118"
8839,"313,0,346"
8840,"3,21,108"
8841,"129,128,40"
8842,"23,74,84"
8843,"3,126,21"
8844,"49,23,24"
8845,"500,74,3"
8846,"169,251,337"
8847,"3,21,126"
8848,"146,145,40"
8849,"40,146,145"
8850,"64,10,80"
8851,"40,128,129"
8852,"220,10,242"
8853,"281,199,169"
8854,"281,199,169"
8855,"40,131,406"
8856,"10,220,242"
8857,"40,145,44"
8858,"10,220,242"
8859,"26,23,231"
8860,"23,318,350"
8861,"199,169,0"
8862,"4,3,435"
8863,"10,64,90"
8864,"23,74,84"
8865,"10,60,61"
8866,"169,170,199"
8867,"339,169,337"
8868,"23,3,32"
8869,"3,169,187"
8870,"23,74,165"
8871,"199,323,169"
8872,"11,10,205"
8873,"4,3,19"
8874,"40,145,44"
8875,"40,131,466"
8876,"30,3,104"
8877,"26,231,23"
8878,"206,8,0"
8879,"169,199,131"
8880,"21,127,3"
8881,"205,11,10"
8882,"271,0,456"
8883,"64,10,40"
8884,"4,3,238"
8885,"40,395,241"
8886,"3,379,15"
8887,"220,10,221"
8888,"23,24,44"
8889,"3,183,4"
8890,"402,145,10"
8891,"169,171,170"
8892,"169,0,23"
8893,"169,259,426"
8894,"24,265,0"
8895,"3,17,85"
8896,"0,271,361"
8897,"3,16,15"
8898,"220,10,242"
8899,"3,147,148"
8900,"206,0,369"
8901,"199,169,323"
8902,"40,139,41"
8903,"23,105,74"
8904,"45,10,44"
8905,"3,147,148"
8906,"4,3,7"
8907,"131,40,134"
8908,"367,3,236"
8909,"40,324,151"
8910,"32,23,31"
8911,"71,38,165"
8912,"3,219,430"
8913,"169,251,323"
8914,"3,147,148"
8915,"162,163,128"
8916,"151,152,494"
8917,"40,131,132"
8918,"59,24,45"
8919,"3,21,85"
8920,"74,23,118"
8921,"169,199,343"
8922,"25,24,23"
8923,"3,5,133"
8924,"0,235,8"
8925,"31,258,328"
8926,"129,40,128"
8927,"10,64,93"
8928,"126,3,21"
8929,"3,15,16"
8930,"23,24,49"
8931,"296,169,371"
8932,"61,60,10"
8933,"10,54,338"
8934,"367,100,40"
8935,"231,26,23"
8936,"3,147,148"
8937,"49,24,23"
8938,"0,279,249"
8939,"26,350,89"
8940,"23,105,40"
8941,"3,21,34"
8942,"281,169,199"
8943,"220,242,10"
8944,"0,218,446"
8945,"26,231,350"
8946,"235,0,8"
8947,"23,26,89"
8948,"10,60,93"
8949,"220,10,242"
8950,"3,21,108"
8951,"131,406,40"
8952,"34,3,143"
8953,"31,23,258"
8954,"93,64,10"
8955,"169,374,138"
8956,"145,40,44"
8957,"171,169,199"
8958,"3,21,379"
8959,"129,128,130"
8960,"220,10,242"
8961,"165,23,74"
8962,"224,40,41"
8963,"23,105,106"
8964,"40,44,145"
8965,"54,23,38"
8966,"3,287,238"
8967,"3,21,85"
8968,"3,4,238"
8969,"108,21,3"
8970,"3,15,16"
8971,"250,135,40"
8972,"3,17,168"
8973,"0,380,216"
8974,"160,40,315"
8975,"3,85,21"
8976,"53,68,3"
8977,"131,40,134"
8978,"44,45,145"
8979,"64,80,10"
8980,"220,10,221"
8981,"3,53,523"
8982,"40,145,44"
8983,"3,156,147"
8984,"417,296,169"
8985,"10,0,216"
8986,"216,23,24"
8987,"26,89,23"
8988,"23,89,26"
8989,"171,199,169"
8990,"147,148,3"
8991,"40,151,152"
8992,"40,145,45"
8993,"23,74,38"
8994,"23,38,91"
8995,"95,54,44"
8996,"64,10,338"
8997,"40,152,151"
8998,"10,60,61"
8999,"3,4,238"
9000,"3,111,123"
9001,"169,199,281"
9002,"10,220,221"
9003,"40,145,44"
9004,"10,220,242"
9005,"135,40,138"
9006,"64,10,65"
9007,"3,30,66"
9008,"40,145,23"
9009,"3,4,174"
9010,"0,516,490"
9011,"23,350,26"
9012,"10,11,109"
9013,"220,221,10"
9014,"10,220,221"
9015,"10,220,54"
9016,"3,17,111"
9017,"3,22,385"
9018,"11,10,205"
9019,"11,205,59"
9020,"23,71,38"
9021,"40,286,102"
9022,"3,228,5"
9023,"169,199,0"
9024,"0,216,208"
9025,"0,348,255"
9026,"17,3,168"
9027,"3,21,127"
9028,"10,23,24"
9029,"61,60,10"
9030,"131,40,109"
9031,"23,38,345"
9032,"102,21,40"
9033,"220,221,10"
9034,"3,36,35"
9035,"0,229,230"
9036,"3,17,168"
9037,"10,64,93"
9038,"169,296,306"
9039,"147,148,3"
9040,"271,0,456"
9041,"49,24,23"
9042,"40,160,302"
9043,"23,26,89"
9044,"3,5,228"
9045,"0,271,424"
9046,"3,34,237"
9047,"10,64,54"
9048,"64,10,80"
9049,"3,21,108"
9050,"220,221,10"
9051,"366,0,271"
9052,"3,301,21"
9053,"3,30,15"
9054,"220,221,10"
9055,"3,21,127"
9056,"111,3,112"
9057,"43,55,54"
9058,"40,41,42"
9059,"32,31,23"
9060,"8,0,308"
9061,"11,109,40"
9062,"40,41,324"
9063,"23,11,109"
9064,"3,22,21"
9065,"162,40,163"
9066,"169,199,356"
9067,"74,23,118"
9068,"17,168,3"
9069,"3,14,13"
9070,"220,10,242"
9071,"23,74,38"
9072,"44,24,23"
9073,"169,199,382"
9074,"199,323,169"
9075,"0,271,456"
9076,"10,64,93"
9077,"169,421,0"
9078,"135,138,40"
9079,"16,3,15"
9080,"265,0,349"
9081,"151,152,40"
9082,"64,10,80"
9083,"23,89,38"
9084,"40,281,199"
9085,"3,4,21"
9086,"281,169,199"
9087,"0,8,206"
9088,"0,271,355"
9089,"15,16,3"
9090,"31,55,402"
9091,"169,281,199"
9092,"281,169,199"
9093,"206,8,0"
9094,"170,169,260"
9095,"3,15,16"
9096,"169,199,343"
9097,"64,10,24"
9098,"3,21,148"
9099,"4,3,238"
9100,"49,23,24"
9101,"54,23,10"
9102,"10,61,60"
9103,"3,21,41"
9104,"165,23,303"
9105,"40,139,41"
9106,"10,220,242"
9107,"10,11,205"
9108,"24,265,0"
9109,"54,95,10"
9110,"139,155,153"
9111,"3,21,85"
9112,"151,152,40"
9113,"10,220,242"
9114,"281,260,199"
9115,"11,109,10"
9116,"3,113,28"
9117,"10,64,11"
9118,"74,165,317"
9119,"303,74,23"
9120,"40,128,129"
9121,"330,3,28"
9122,"3,263,21"
9123,"279,0,249"
9124,"10,220,242"
9125,"169,199,0"
9126,"3,85,111"
9127,"11,205,10"
9128,"0,271,291"
9129,"74,23,118"
9130,"111,3,119"
9131,"10,59,205"
9132,"3,30,48"
9133,"23,105,106"
9134,"38,309,23"
9135,"402,55,40"
9136,"10,93,60"
9137,"135,244,40"
9138,"31,23,32"
9139,"10,234,11"
9140,"44,73,145"
9141,"129,128,130"
9142,"220,10,242"
9143,"3,30,147"
9144,"426,427,169"
9145,"32,30,31"
9146,"40,129,128"
9147,"287,124,53"
9148,"0,100,229"
9149,"26,23,89"
9150,"169,199,281"
9151,"10,64,93"
9152,"3,17,56"
9153,"10,54,95"
9154,"296,300,169"
9155,"187,21,34"
9156,"3,4,19"
9157,"23,137,38"
9158,"220,242,10"
9159,"218,512,0"
9160,"296,169,336"
9161,"40,41,324"
9162,"89,23,346"
9163,"171,169,199"
9164,"64,10,93"
9165,"10,64,448"
9166,"214,213,0"
9167,"127,21,3"
9168,"4,3,19"
9169,"64,10,23"
9170,"0,271,291"
9171,"118,23,231"
9172,"169,199,323"
9173,"26,23,89"
9174,"10,11,12"
9175,"3,108,21"
9176,"8,0,206"
9177,"64,80,10"
9178,"431,40,135"
9179,"43,24,23"
9180,"64,10,448"
9181,"40,3,395"
9182,"221,220,10"
9183,"3,53,21"
9184,"11,10,12"
9185,"40,145,44"
9186,"128,129,40"
9187,"206,0,8"
9188,"17,3,168"
9189,"77,53,40"
9190,"10,60,323"
9191,"64,10,80"
9192,"54,95,10"
9193,"23,40,38"
9194,"151,152,40"
9195,"23,38,137"
9196,"53,3,281"
9197,"199,169,223"
9198,"0,216,380"
9199,"0,8,327"
9200,"126,21,3"
9201,"220,10,242"
9202,"3,17,168"
9203,"10,23,44"
9204,"53,467,416"
9205,"169,199,248"
9206,"21,127,3"
9207,"40,131,226"
9208,"456,0,271"
9209,"129,40,128"
9210,"169,199,343"
9211,"26,23,350"
9212,"54,95,10"
9213,"3,5,228"
9214,"40,401,13"
9215,"25,24,23"
9216,"3,99,94"
9217,"0,304,271"
9218,"111,3,119"
9219,"220,242,10"
9220,"10,45,44"
9221,"23,24,25"
9222,"23,26,89"
9223,"64,10,93"
9224,"3,168,21"
9225,"53,287,3"
9226,"64,10,80"
9227,"0,337,216"
9228,"10,64,93"
9229,"287,53,105"
9230,"169,170,459"
9231,"71,23,59"
9232,"3,21,127"
9233,"10,24,23"
9234,"160,40,315"
9235,"40,160,423"
9236,"0,8,23"
9237,"53,287,3"
9238,"8,0,206"
9239,"296,169,420"
9240,"147,148,3"
9241,"40,127,21"
9242,"23,105,24"
9243,"0,8,308"
9244,"3,21,108"
9245,"135,40,141"
9246,"128,129,130"
9247,"0,249,357"
9248,"111,3,31"
9249,"0,8,235"
9250,"40,194,145"
9251,"80,64,10"
9252,"64,10,448"
9253,"3,30,21"
9254,"0,271,366"
9255,"169,199,260"
9256,"23,74,303"
9257,"0,350,26"
9258,"147,3,148"
9259,"281,169,199"
9260,"199,169,323"
9261,"74,118,23"
9262,"135,236,40"
9263,"40,242,145"
9264,"3,21,169"
9265,"303,74,23"
9266,"3,4,238"
9267,"0,313,218"
9268,"28,364,330"
9269,"199,171,169"
9270,"0,214,213"
9271,"129,128,40"
9272,"11,10,205"
9273,"53,3,467"
9274,"3,53,523"
9275,"23,38,94"
9276,"23,165,74"
9277,"303,74,23"
9278,"85,3,86"
9279,"3,147,148"
9280,"10,93,64"
9281,"3,21,164"
9282,"3,36,21"
9283,"44,109,11"
9284,"170,459,169"
9285,"220,10,221"
9286,"23,88,47"
9287,"23,89,26"
9288,"21,199,169"
9289,"105,23,318"
9290,"23,89,26"
9291,"220,242,10"
9292,"10,3,60"
9293,"228,5,3"
9294,"0,24,11"
9295,"0,280,255"
9296,"3,301,21"
9297,"40,128,186"
9298,"0,211,319"
9299,"23,38,137"
9300,"53,3,23"
9301,"23,303,74"
9302,"44,45,40"
9303,"340,265,0"
9304,"3,21,187"
9305,"169,199,248"
9306,"162,163,40"
9307,"77,23,0"
9308,"11,205,10"
9309,"4,3,19"
9310,"64,10,93"
9311,"10,64,80"
9312,"3,21,30"
9313,"89,26,23"
9314,"64,10,335"
9315,"317,74,201"
9316,"204,13,3"
9317,"3,5,228"
9318,"3,4,435"
9319,"3,53,287"
9320,"26,23,89"
9321,"74,118,23"
9322,"23,49,24"
9323,"10,323,169"
9324,"286,41,40"
9325,"272,361,0"
9326,"169,199,281"
9327,"40,215,41"
9328,"220,221,10"
9329,"26,23,103"
9330,"3,287,53"
9331,"3,147,148"
9332,"139,153,40"
9333,"23,253,24"
9334,"3,4,40"
9335,"49,23,24"
9336,"4,3,435"
9337,"111,119,3"
9338,"40,41,153"
9339,"10,64,17"
9340,"10,239,64"
9341,"281,199,169"
9342,"64,10,80"
9343,"118,74,23"
9344,"317,74,23"
9345,"3,21,108"
9346,"165,23,74"
9347,"0,271,291"
9348,"25,145,24"
9349,"0,214,216"
9350,"271,340,455"
9351,"26,169,170"
9352,"3,147,148"
9353,"64,10,442"
9354,"231,23,26"
9355,"4,3,238"
9356,"171,169,199"
9357,"3,124,21"
9358,"431,169,199"
9359,"281,199,169"
9360,"3,21,379"
9361,"206,0,8"
9362,"169,171,199"
9363,"3,111,119"
9364,"199,343,169"
9365,"3,21,48"
9366,"43,24,23"
9367,"169,199,248"
9368,"26,89,23"
9369,"14,3,13"
9370,"3,66,30"
9371,"4,3,19"
9372,"3,156,147"
9373,"3,53,30"
9374,"40,160,315"
9375,"220,10,221"
9376,"0,8,23"
9377,"64,10,448"
9378,"10,43,24"
9379,"0,257,216"
9380,"141,40,139"
9381,"8,308,0"
9382,"502,3,53"
9383,"118,74,23"
9384,"206,8,0"
9385,"10,64,338"
9386,"0,304,216"
9387,"206,8,0"
9388,"40,160,315"
9389,"40,184,10"
9390,"0,206,8"
9391,"40,23,74"
9392,"3,147,148"
9393,"0,8,308"
9394,"0,218,512"
9395,"296,169,428"
9396,"3,158,21"
9397,"0,313,346"
9398,"43,24,23"
9399,"3,147,148"
9400,"105,23,495"
9401,"40,128,129"
9402,"0,357,216"
9403,"151,152,40"
9404,"199,323,169"
9405,"40,131,241"
9406,"10,93,478"
9407,"3,21,127"
9408,"3,147,148"
9409,"10,60,54"
9410,"129,128,40"
9411,"17,320,139"
9412,"234,322,10"
9413,"231,26,23"
9414,"145,45,40"
9415,"23,49,24"
9416,"23,26,89"
9417,"4,3,19"
9418,"23,245,31"
9419,"49,23,24"
9420,"3,85,379"
9421,"0,355,271"
9422,"169,199,343"
9423,"40,395,100"
9424,"3,13,204"
9425,"17,168,3"
9426,"4,3,70"
9427,"10,54,322"
9428,"17,168,320"
9429,"260,170,169"
9430,"11,10,12"
9431,"0,304,218"
9432,"3,4,435"
9433,"3,21,108"
9434,"350,0,26"
9435,"16,15,3"
9436,"220,221,10"
9437,"3,21,66"
9438,"10,64,93"
9439,"431,135,40"
9440,"40,131,226"
9441,"41,40,42"
9442,"127,3,21"
9443,"0,271,444"
9444,"74,23,118"
9445,"26,23,231"
9446,"231,26,23"
9447,"382,169,199"
9448,"40,145,44"
9449,"21,3,127"
9450,"3,85,388"
9451,"0,216,354"
9452,"0,206,8"
9453,"71,38,74"
9454,"10,64,93"
9455,"26,350,231"
9456,"0,257,216"
9457,"40,3,139"
9458,"26,89,23"
9459,"508,169,426"
9460,"23,74,84"
9461,"8,0,391"
9462,"3,21,187"
9463,"3,66,30"
9464,"8,0,235"
9465,"138,135,40"
9466,"109,11,10"
9467,"26,23,350"
9468,"40,139,153"
9469,"10,60,93"
9470,"406,131,40"
9471,"3,21,147"
9472,"23,31,40"
9473,"45,145,40"
9474,"0,169,311"
9475,"131,40,142"
9476,"3,6,5"
9477,"220,10,242"
9478,"64,10,448"
9479,"74,23,118"
9480,"10,402,54"
9481,"170,459,169"
9482,"64,10,65"
9483,"0,216,279"
9484,"23,38,137"
9485,"147,3,148"
9486,"41,40,191"
9487,"78,131,23"
9488,"0,216,271"
9489,"3,17,168"
9490,"3,21,124"
9491,"206,0,369"
9492,"16,15,3"
9493,"0,212,216"
9494,"0,369,206"
9495,"23,26,231"
9496,"3,53,147"
9497,"64,80,10"
9498,"129,40,128"
9499,"3,133,5"
9500,"296,333,169"
9501,"40,160,315"
9502,"74,165,303"
9503,"10,220,221"
9504,"220,10,221"
9505,"40,139,131"
9506,"0,206,249"
9507,"0,8,235"
9508,"40,41,324"
9509,"281,199,169"
9510,"11,109,10"
9511,"0,271,456"
9512,"3,85,158"
9513,"11,109,10"
9514,"277,296,0"
9515,"222,506,100"
9516,"169,199,337"
9517,"3,21,164"
9518,"454,23,31"
9519,"3,21,169"
9520,"3,147,30"
9521,"199,169,281"
9522,"40,131,241"
9523,"170,260,169"
9524,"41,42,3"
9525,"40,145,44"
9526,"0,26,231"
9527,"0,169,208"
9528,"201,40,41"
9529,"21,3,127"
9530,"4,19,3"
9531,"89,26,23"
9532,"10,64,90"
9533,"0,249,279"
9534,"3,17,168"
9535,"0,257,271"
9536,"89,26,23"
9537,"3,53,105"
9538,"10,11,109"
9539,"208,369,0"
9540,"3,148,147"
9541,"24,23,253"
9542,"271,456,0"
9543,"454,31,258"
9544,"220,10,221"
9545,"3,48,81"
9546,"40,129,128"
9547,"23,24,43"
9548,"74,23,303"
9549,"129,128,40"
9550,"3,21,127"
9551,"0,216,422"
9552,"0,277,513"
9553,"147,3,148"
9554,"40,162,163"
9555,"4,3,238"
9556,"64,10,448"
9557,"10,205,11"
9558,"10,45,44"
9559,"10,64,93"
9560,"220,242,221"
9561,"171,199,169"
9562,"220,10,221"
9563,"169,260,62"
9564,"146,40,145"
9565,"216,0,304"
9566,"11,10,12"
9567,"23,49,24"
9568,"43,24,23"
9569,"31,23,258"
9570,"3,53,111"
9571,"165,71,74"
9572,"23,38,137"
9573,"23,89,26"
9574,"169,339,337"
9575,"10,220,221"
9576,"0,313,346"
9577,"126,191,3"
9578,"10,64,79"
9579,"8,0,405"
9580,"0,2,271"
9581,"3,21,127"
9582,"43,24,23"
9583,"74,75,23"
9584,"3,33,21"
9585,"89,26,23"
9586,"402,40,54"
9587,"279,249,0"
9588,"4,3,19"
9589,"170,459,169"
9590,"3,21,111"
9591,"11,10,109"
9592,"40,131,159"
9593,"170,169,171"
9594,"32,31,23"
9595,"32,31,23"
9596,"3,66,30"
9597,"40,131,142"
9598,"61,60,10"
9599,"0,23,89"
9600,"128,129,130"
9601,"118,74,23"
9602,"17,18,168"
9603,"0,265,271"
9604,"23,91,38"
9605,"23,38,137"
9606,"169,199,170"
9607,"40,241,131"
9608,"170,459,169"
9609,"3,518,28"
9610,"54,145,10"
9611,"119,111,3"
9612,"206,8,0"
9613,"23,38,74"
9614,"3,33,21"
9615,"3,4,19"
9616,"281,199,169"
9617,"506,105,23"
9618,"10,220,221"
9619,"49,24,23"
9620,"131,241,40"
9621,"31,169,23"
9622,"3,5,6"
9623,"271,0,522"
9624,"10,64,448"
9625,"170,260,169"
9626,"3,447,34"
9627,"296,169,411"
9628,"169,199,323"
9629,"23,40,31"
9630,"0,484,255"
9631,"43,24,23"
9632,"3,21,127"
9633,"49,23,24"
9634,"206,0,8"
9635,"169,171,199"
9636,"49,24,23"
9637,"0,257,216"
9638,"170,260,169"
9639,"152,151,40"
9640,"3,21,127"
9641,"10,24,23"
9642,"169,296,274"
9643,"23,49,10"
9644,"169,199,281"
9645,"23,26,89"
9646,"147,3,148"
9647,"40,324,41"
9648,"54,95,10"
9649,"3,53,99"
9650,"169,171,199"
9651,"224,41,40"
9652,"40,131,226"
9653,"0,10,49"
9654,"0,216,304"
9655,"146,40,145"
9656,"10,338,64"
9657,"23,38,105"
9658,"68,3,53"
9659,"64,10,93"
9660,"43,24,23"
9661,"61,60,10"
9662,"23,165,71"
9663,"0,26,89"
9664,"199,169,281"
9665,"220,242,10"
9666,"281,169,199"
9667,"68,3,53"
9668,"3,164,119"
9669,"93,64,10"
9670,"281,199,169"
9671,"323,169,199"
9672,"131,40,132"
9673,"104,3,30"
9674,"53,3,281"
9675,"10,64,93"
9676,"11,10,109"
9677,"32,23,31"
9678,"26,23,350"
9679,"74,23,118"
9680,"3,147,156"
9681,"3,21,28"
9682,"3,147,148"
9683,"23,290,326"
9684,"220,242,221"
9685,"220,10,221"
9686,"10,170,459"
9687,"169,199,323"
9688,"199,169,343"
9689,"138,40,135"
9690,"3,111,119"
9691,"30,3,219"
9692,"139,153,155"
9693,"169,356,199"
9694,"3,147,148"
9695,"11,10,109"
9696,"0,40,304"
9697,"220,10,221"
9698,"131,40,406"
9699,"0,475,481"
9700,"220,221,10"
9701,"462,0,255"
9702,"11,10,205"
9703,"169,170,337"
9704,"118,74,23"
9705,"23,137,38"
9706,"44,145,45"
9707,"40,145,54"
9708,"195,21,3"
9709,"169,10,199"
9710,"64,10,93"
9711,"40,159,131"
9712,"40,135,41"
9713,"3,28,190"
9714,"170,459,169"
9715,"10,64,65"
9716,"40,395,162"
9717,"169,259,281"
9718,"199,169,323"
9719,"40,44,72"
9720,"0,208,255"
9721,"0,313,346"
9722,"3,68,21"
9723,"3,147,148"
9724,"3,22,21"
9725,"108,3,21"
9726,"4,3,188"
9727,"40,241,131"
9728,"45,40,10"
9729,"64,10,65"
9730,"84,23,74"
9731,"3,111,161"
9732,"3,147,148"
9733,"0,271,456"
9734,"17,168,18"
9735,"23,24,309"
9736,"3,34,447"
9737,"64,93,10"
9738,"4,19,3"
9739,"135,189,40"
9740,"3,21,108"
9741,"220,10,221"
9742,"11,59,205"
9743,"64,448,10"
9744,"74,303,23"
9745,"44,73,145"
9746,"40,201,41"
9747,"3,21,111"
9748,"25,10,220"
9749,"23,38,87"
9750,"0,103,279"
9751,"169,199,248"
9752,"26,23,89"
9753,"0,8,313"
9754,"60,303,61"
9755,"220,221,10"
9756,"40,145,402"
9757,"40,226,406"
9758,"3,30,66"
9759,"25,73,145"
9760,"395,40,128"
9761,"71,74,38"
9762,"3,21,111"
9763,"220,10,221"
9764,"3,170,169"
9765,"40,131,395"
9766,"3,21,127"
9767,"24,23,10"
9768,"169,199,323"
9769,"3,21,34"
9770,"220,10,221"
9771,"4,19,3"
9772,"184,40,185"
9773,"10,64,93"
9774,"23,3,87"
9775,"146,40,145"
9776,"10,64,65"
9777,"3,21,127"
9778,"260,169,170"
9779,"53,287,325"
9780,"3,21,187"
9781,"459,170,169"
9782,"442,64,23"
9783,"26,23,231"
9784,"169,170,171"
9785,"3,4,238"
9786,"0,277,413"
9787,"0,265,349"
9788,"3,34,46"
9789,"129,128,130"
9790,"23,89,38"
9791,"10,64,169"
9792,"10,64,93"
9793,"40,241,131"
9794,"44,45,145"
9795,"43,24,23"
9796,"10,64,60"
9797,"40,41,149"
9798,"128,129,40"
9799,"10,220,221"
9800,"43,24,23"
9801,"169,311,3"
9802,"135,386,40"
9803,"3,30,66"
9804,"0,366,254"
9805,"17,168,3"
9806,"3,23,30"
9807,"3,21,22"
9808,"13,3,14"
9809,"23,113,3"
9810,"3,21,127"
9811,"199,323,169"
9812,"127,21,3"
9813,"24,43,23"
9814,"10,54,83"
9815,"139,40,153"
9816,"3,48,21"
9817,"0,208,369"
9818,"17,168,18"
9819,"64,10,80"
9820,"10,54,369"
9821,"106,40,262"
9822,"0,211,319"
9823,"40,131,406"
9824,"17,168,3"
9825,"23,38,137"
9826,"10,64,79"
9827,"31,328,23"
9828,"135,309,40"
9829,"169,199,281"
9830,"3,5,4"
9831,"3,28,190"
9832,"3,17,168"
9833,"3,5,28"
9834,"11,12,205"
9835,"456,0,271"
9836,"16,15,3"
9837,"220,10,221"
9838,"24,43,23"
9839,"169,199,374"
9840,"3,30,53"
9841,"4,3,183"
9842,"23,350,26"
9843,"10,54,95"
9844,"43,23,24"
9845,"40,151,152"
9846,"44,45,145"
9847,"0,291,271"
9848,"10,326,0"
9849,"64,10,90"
9850,"23,105,318"
9851,"158,3,85"
9852,"26,350,23"
9853,"10,64,93"
9854,"8,0,308"
9855,"3,21,127"
9856,"224,40,41"
9857,"220,221,10"
9858,"23,71,38"
9859,"3,147,148"
9860,"40,31,145"
9861,"199,169,281"
9862,"3,210,21"
9863,"10,220,242"
9864,"328,31,216"
9865,"0,361,271"
9866,"3,187,34"
9867,"3,21,124"
9868,"281,199,169"
9869,"74,317,23"
9870,"10,11,109"
9871,"3,147,523"
9872,"8,206,0"
9873,"281,199,169"
9874,"171,169,170"
9875,"3,53,287"
9876,"0,130,8"
9877,"3,28,190"
9878,"271,424,0"
9879,"42,40,41"
9880,"0,271,456"
9881,"281,199,169"
9882,"3,21,187"
9883,"199,343,169"
9884,"10,220,221"
9885,"129,128,40"
9886,"147,148,3"
9887,"74,118,107"
9888,"105,23,519"
9889,"0,271,360"
9890,"25,24,10"
9891,"3,4,174"
9892,"64,10,80"
9893,"169,171,199"
9894,"40,151,152"
9895,"3,147,21"
9896,"169,417,296"
9897,"3,30,4"
9898,"105,23,318"
9899,"21,3,127"
9900,"350,26,23"
9901,"145,402,328"
9902,"26,0,89"
9903,"10,64,90"
9904,"10,64,338"
9905,"3,35,36"
9906,"0,212,254"
9907,"96,31,23"
9908,"156,147,3"
9909,"3,85,21"
9910,"135,40,250"
9911,"145,40,67"
9912,"10,109,11"
9913,"169,323,199"
9914,"0,279,319"
9915,"29,229,230"
9916,"3,21,187"
9917,"23,38,71"
9918,"40,41,286"
9919,"10,43,95"
9920,"17,320,3"
9921,"160,40,149"
9922,"3,301,21"
9923,"3,21,115"
9924,"152,151,40"
9925,"40,324,186"
9926,"169,0,199"
9927,"11,10,109"
9928,"23,137,38"
9929,"3,17,168"
9930,"3,156,85"
9931,"169,199,0"
9932,"95,54,10"
9933,"169,296,426"
9934,"40,41,224"
9935,"3,15,53"
9936,"13,14,3"
9937,"0,271,455"
9938,"0,271,291"
9939,"169,170,251"
9940,"68,3,53"
9941,"10,64,338"
9942,"23,317,243"
9943,"10,239,442"
9944,"64,10,338"
9945,"0,271,285"
9946,"0,8,235"
9947,"0,26,89"
9948,"3,523,53"
9949,"31,96,23"
9950,"220,10,242"
9951,"8,0,308"
9952,"199,343,169"
9953,"220,10,221"
9954,"3,301,21"
9955,"3,301,28"
9956,"3,325,53"
9957,"13,401,122"
9958,"40,241,131"
9959,"16,15,3"
9960,"3,4,174"
9961,"220,10,242"
9962,"162,163,40"
9963,"131,40,226"
9964,"3,187,34"
9965,"3,301,21"
9966,"169,26,23"
9967,"10,54,95"
9968,"0,271,311"
9969,"23,74,31"
9970,"3,15,16"
9971,"3,187,21"
9972,"40,131,406"
9973,"144,3,15"
9974,"40,129,128"
9975,"171,169,199"
9976,"17,168,18"
9977,"0,265,340"
9978,"478,10,54"
9979,"24,43,23"
9980,"3,53,523"
9981,"10,54,173"
9982,"220,10,221"
9983,"0,354,216"
9984,"3,15,16"
9985,"3,21,127"
9986,"26,89,231"
9987,"23,24,105"
9988,"0,444,394"
9989,"3,4,19"
9990,"139,40,153"
9991,"40,131,406"
9992,"10,40,11"
9993,"265,0,199"
9994,"3,53,325"
9995,"221,220,10"
9996,"40,145,44"
9997,"71,38,23"
9998,"169,199,171"
9999,"313,346,501"
10000,"0,23,82"
10001,"3,147,203"
10002,"0,216,212"
10003,"169,199,281"
10004,"4,3,70"
10005,"0,421,208"
10006,"220,10,221"
10007,"10,0,60"
10008,"40,131,132"
10009,"23,31,258"
10010,"220,242,10"
10011,"170,459,260"
10012,"23,74,165"
10013,"3,21,182"
10014,"135,40,386"
10015,"485,0,108"
10016,"40,131,466"
10017,"10,64,93"
10018,"40,146,41"
10019,"0,271,272"
10020,"379,3,17"
10021,"40,34,23"
10022,"40,41,151"
10023,"402,40,145"
10024,"3,169,111"
10025,"43,24,23"
10026,"0,8,308"
10027,"8,308,0"
10028,"23,74,3"
10029,"74,40,151"
10030,"40,368,41"
10031,"0,17,208"
10032,"220,10,221"
10033,"3,21,108"
10034,"3,169,17"
10035,"204,13,3"
10036,"135,236,40"
10037,"3,53,523"
10038,"43,10,24"
10039,"127,21,160"
10040,"64,10,93"
10041,"26,89,23"
10042,"40,146,145"
10043,"40,131,142"
10044,"74,317,303"
10045,"169,199,170"
10046,"71,38,23"
10047,"220,10,221"
10048,"40,152,151"
10049,"11,10,109"
10050,"160,40,3"
10051,"199,169,323"
10052,"0,271,456"
10053,"206,369,0"
10054,"3,21,127"
10055,"17,3,168"
10056,"147,148,3"
10057,"169,259,199"
10058,"3,13,150"
10059,"3,17,168"
10060,"10,95,54"
10061,"367,292,53"
10062,"340,265,0"
10063,"31,23,54"
10064,"223,0,426"
10065,"10,64,239"
10066,"184,40,494"
10067,"169,199,281"
10068,"10,64,448"
10069,"220,221,10"
10070,"3,4,183"
10071,"3,21,53"
10072,"10,220,221"
10073,"23,89,26"
10074,"41,42,40"
10075,"40,128,129"
10076,"4,3,19"
10077,"64,10,338"
10078,"206,8,0"
10079,"134,171,131"
10080,"40,406,131"
10081,"10,64,93"
10082,"3,16,15"
10083,"478,23,40"
10084,"89,26,23"
10085,"3,22,21"
10086,"74,23,303"
10087,"55,54,10"
10088,"129,128,40"
10089,"3,85,158"
10090,"0,366,271"
10091,"3,21,48"
10092,"10,11,205"
10093,"40,152,151"
10094,"3,147,15"
10095,"11,10,205"
10096,"24,61,23"
10097,"3,53,287"
10098,"3,111,119"
10099,"3,21,379"
10100,"40,139,307"
10101,"3,364,183"
10102,"3,147,148"
10103,"0,265,271"
10104,"3,21,127"
10105,"25,23,24"
10106,"3,447,116"
10107,"3,85,86"
10108,"64,10,335"
10109,"169,260,170"
10110,"169,281,170"
10111,"0,279,249"
10112,"281,169,199"
10113,"3,21,187"
10114,"95,54,10"
10115,"40,241,131"
10116,"0,1,2"
10117,"220,221,242"
10118,"0,304,360"
10119,"3,147,104"
10120,"3,21,164"
10121,"221,220,10"
10122,"260,169,170"
10123,"0,304,216"
10124,"199,169,281"
10125,"10,60,61"
10126,"220,221,10"
10127,"109,44,40"
10128,"0,456,271"
10129,"40,145,10"
10130,"138,135,40"
10131,"0,271,522"
10132,"0,370,249"
10133,"158,3,85"
10134,"3,21,169"
10135,"350,26,23"
10136,"10,64,323"
10137,"111,112,3"
10138,"10,54,322"
10139,"3,147,111"
10140,"26,350,0"
10141,"11,10,12"
10142,"169,296,428"
10143,"281,199,169"
10144,"0,213,271"
10145,"40,145,44"
10146,"138,135,169"
10147,"0,304,216"
10148,"169,199,281"
10149,"3,15,16"
10150,"10,64,54"
10151,"41,40,224"
10152,"220,221,10"
10153,"129,128,40"
10154,"13,3,14"
10155,"3,48,21"
10156,"40,41,149"
10157,"3,0,28"
10158,"169,199,343"
10159,"49,24,23"
10160,"23,89,26"
10161,"64,10,338"
10162,"40,131,159"
10163,"49,24,23"
10164,"3,17,168"
10165,"169,507,296"
10166,"24,23,49"
10167,"0,271,424"
10168,"10,402,54"
10169,"80,10,64"
10170,"25,24,23"
10171,"3,263,53"
10172,"3,21,108"
10173,"3,147,148"
10174,"40,139,153"
10175,"3,66,30"
10176,"3,21,108"
10177,"40,184,185"
10178,"3,108,21"
10179,"3,21,187"
10180,"10,60,64"
10181,"139,40,153"
10182,"281,199,169"
10183,"10,11,12"
10184,"271,456,355"
10185,"135,40,236"
10186,"40,3,23"
10187,"3,147,46"
10188,"10,64,93"
10189,"220,10,242"
10190,"21,3,22"
10191,"40,139,41"
10192,"95,40,145"
10193,"44,45,145"
10194,"10,64,65"
10195,"40,42,241"
10196,"64,10,473"
10197,"3,148,147"
10198,"10,64,80"
10199,"23,74,118"
10200,"131,406,241"
10201,"3,30,66"
10202,"266,265,0"
10203,"220,10,221"
10204,"220,10,242"
10205,"10,54,11"
10206,"10,60,239"
10207,"0,208,8"
10208,"216,380,0"
10209,"54,10,95"
10210,"3,21,379"
10211,"10,234,60"
10212,"23,26,89"
10213,"31,402,328"
10214,"26,89,23"
10215,"11,109,10"
10216,"10,64,335"
10217,"0,342,2"
10218,"3,21,127"
10219,"147,3,148"
10220,"23,24,31"
10221,"0,208,497"
10222,"169,21,3"
10223,"3,28,21"
10224,"23,91,38"
10225,"89,26,296"
10226,"130,129,128"
10227,"40,139,41"
10228,"3,169,53"
10229,"23,454,31"
10230,"3,21,85"
10231,"5,3,6"
10232,"135,244,40"
10233,"3,111,267"
10234,"271,0,456"
10235,"40,145,64"
10236,"220,10,242"
10237,"138,169,199"
10238,"10,64,442"
10239,"40,160,302"
10240,"3,21,68"
10241,"23,91,38"
10242,"26,23,350"
10243,"169,260,170"
10244,"271,23,355"
10245,"44,23,145"
10246,"40,145,402"
10247,"3,15,53"
10248,"199,169,281"
10249,"3,4,238"
10250,"206,8,0"
10251,"74,283,322"
10252,"23,38,105"
10253,"23,26,89"
10254,"64,10,80"
10255,"3,21,85"
10256,"89,26,23"
10257,"0,352,271"
10258,"128,195,40"
10259,"8,0,391"
10260,"23,105,318"
10261,"3,108,21"
10262,"64,10,80"
10263,"10,220,54"
10264,"3,17,168"
10265,"40,41,149"
10266,"3,53,99"
10267,"271,0,355"
10268,"10,239,60"
10269,"199,323,169"
10270,"16,15,3"
10271,"32,23,31"
10272,"243,40,184"
10273,"3,21,108"
10274,"3,53,287"
10275,"184,40,406"
10276,"0,501,313"
10277,"41,42,40"
10278,"16,15,3"
10279,"10,64,90"
10280,"23,38,105"
10281,"23,24,10"
10282,"3,21,33"
10283,"23,265,340"
10284,"23,24,25"
10285,"33,3,147"
10286,"220,10,221"
10287,"23,74,317"
10288,"23,24,43"
10289,"0,271,456"
10290,"3,21,13"
10291,"3,21,17"
10292,"24,10,23"
10293,"3,111,119"
10294,"220,221,10"
10295,"146,40,54"
10296,"3,53,21"
10297,"11,10,12"
10298,"10,54,95"
10299,"135,138,40"
10300,"23,26,0"
10301,"0,456,271"
10302,"40,139,466"
10303,"3,21,127"
10304,"3,21,126"
10305,"0,8,308"
10306,"3,147,148"
10307,"3,48,21"
10308,"40,146,145"
10309,"10,11,12"
10310,"3,99,53"
10311,"3,147,156"
10312,"40,3,41"
10313,"402,145,40"
10314,"135,386,40"
10315,"3,523,53"
10316,"169,10,508"
10317,"108,3,21"
10318,"23,89,0"
10319,"170,169,459"
10320,"128,40,129"
10321,"0,216,211"
10322,"17,18,40"
10323,"10,220,221"
10324,"8,308,514"
10325,"126,41,191"
10326,"49,23,24"
10327,"64,10,43"
10328,"3,21,48"
10329,"3,4,183"
10330,"26,277,89"
10331,"3,48,21"
10332,"0,169,199"
10333,"40,128,129"
10334,"43,23,24"
10335,"3,21,66"
10336,"0,249,279"
10337,"280,0,271"
10338,"169,199,260"
10339,"17,168,320"
10340,"31,96,258"
10341,"3,108,21"
10342,"23,258,26"
10343,"40,146,145"
10344,"23,74,303"
10345,"74,23,118"
10346,"0,8,308"
10347,"0,218,351"
10348,"23,131,241"
10349,"96,31,23"
10350,"40,127,41"
10351,"64,10,65"
10352,"3,21,33"
10353,"239,10,60"
10354,"0,348,255"
10355,"169,460,296"
10356,"3,21,30"
10357,"152,151,40"
10358,"74,118,23"
10359,"199,281,169"
10360,"40,23,437"
10361,"74,23,118"
10362,"11,10,109"
10363,"3,148,147"
10364,"0,313,346"
10365,"169,260,170"
10366,"10,54,402"
10367,"463,255,462"
10368,"23,105,326"
10369,"10,109,11"
10370,"0,211,319"
10371,"24,44,23"
10372,"0,211,212"
10373,"111,125,3"
10374,"96,31,258"
10375,"40,41,324"
10376,"74,23,118"
10377,"248,169,237"
10378,"64,10,93"
10379,"40,131,406"
10380,"59,24,23"
10381,"169,312,427"
10382,"0,455,23"
10383,"10,220,242"
10384,"40,131,226"
10385,"402,145,10"
10386,"3,53,4"
10387,"42,40,3"
10388,"10,64,239"
10389,"10,24,45"
10390,"0,8,457"
10391,"23,71,38"
10392,"0,216,254"
10393,"3,4,435"
10394,"3,28,330"
10395,"23,105,326"
10396,"4,3,433"
10397,"245,31,40"
10398,"0,291,271"
10399,"131,241,40"
10400,"26,23,89"
10401,"234,10,3"
10402,"169,454,170"
10403,"199,169,281"
10404,"10,73,11"
10405,"44,95,145"
10406,"68,3,53"
10407,"147,148,3"
10408,"64,10,323"
10409,"43,23,24"
10410,"10,23,60"
10411,"3,21,30"
10412,"0,8,327"
10413,"26,23,89"
10414,"3,17,21"
10415,"3,15,16"
10416,"40,131,226"
10417,"3,4,238"
10418,"0,349,265"
10419,"11,10,12"
10420,"10,31,23"
10421,"64,10,80"
10422,"93,64,10"
10423,"10,64,145"
10424,"40,119,111"
10425,"74,303,165"
10426,"43,23,24"
10427,"3,124,21"
10428,"169,323,199"
10429,"402,40,10"
10430,"169,138,199"
10431,"11,10,12"
10432,"402,10,145"
10433,"32,30,66"
10434,"3,190,28"
10435,"26,23,231"
10436,"19,4,3"
10437,"171,169,282"
10438,"21,3,41"
10439,"96,31,23"
10440,"3,53,287"
10441,"169,296,405"
10442,"234,3,60"
10443,"10,54,95"
10444,"3,187,21"
10445,"296,241,169"
10446,"3,140,13"
10447,"199,169,281"
10448,"171,169,199"
10449,"169,199,343"
10450,"40,145,44"
10451,"40,41,42"
10452,"199,169,281"
10453,"3,4,238"
10454,"281,199,169"
10455,"10,93,64"
10456,"40,146,145"
10457,"0,8,206"
10458,"10,220,221"
10459,"0,255,453"
10460,"118,74,23"
10461,"11,10,12"
10462,"271,0,272"
10463,"3,4,435"
10464,"162,163,40"
10465,"83,10,54"
10466,"10,11,205"
10467,"0,271,456"
10468,"8,0,514"
10469,"0,255,280"
10470,"220,10,221"
10471,"38,87,23"
10472,"220,221,10"
10473,"4,19,3"
10474,"169,199,170"
10475,"3,48,135"
10476,"169,296,336"
10477,"3,17,320"
10478,"23,169,513"
10479,"40,152,151"
10480,"3,4,435"
10481,"40,160,166"
10482,"40,41,42"
10483,"23,31,96"
10484,"220,10,221"
10485,"43,24,23"
10486,"169,199,64"
10487,"169,199,281"
10488,"3,85,86"
10489,"296,169,460"
10490,"3,21,22"
10491,"281,199,169"
10492,"64,10,93"
10493,"131,40,226"
10494,"171,199,169"
10495,"3,17,168"
10496,"11,10,12"
10497,"3,147,148"
10498,"374,169,199"
10499,"169,199,2"
10500,"26,89,277"
10501,"64,93,10"
10502,"40,139,466"
10503,"0,208,229"
10504,"175,128,23"
10505,"3,4,435"
10506,"89,26,23"
10507,"3,21,53"
10508,"31,23,74"
10509,"64,10,448"
10510,"40,395,162"
10511,"131,406,241"
10512,"23,89,26"
10513,"231,26,23"
10514,"43,23,24"
10515,"40,131,142"
10516,"206,8,23"
10517,"10,11,12"
10518,"0,21,3"
10519,"23,89,26"
10520,"10,64,93"
10521,"64,448,10"
10522,"40,149,41"
10523,"3,17,499"
10524,"3,66,148"
10525,"169,382,199"
10526,"10,44,220"
10527,"145,40,10"
10528,"74,3,60"
10529,"220,242,10"
10530,"8,0,391"
10531,"40,423,160"
10532,"10,55,45"
10533,"3,21,187"
10534,"0,346,313"
10535,"3,4,19"
10536,"89,26,23"
10537,"3,21,108"
10538,"303,23,74"
10539,"160,40,315"
10540,"3,21,108"
10541,"10,64,93"
10542,"199,169,323"
10543,"3,147,160"
10544,"111,3,267"
10545,"89,26,23"
10546,"3,10,60"
10547,"11,10,109"
10548,"147,148,3"
10549,"0,291,522"
10550,"32,31,23"
10551,"10,54,402"
10552,"3,111,112"
10553,"296,169,460"
10554,"111,41,161"
10555,"10,64,80"
10556,"3,111,119"
10557,"49,24,23"
10558,"40,41,42"
10559,"131,40,226"
10560,"23,0,8"
10561,"23,38,40"
10562,"10,323,199"
10563,"45,44,145"
10564,"44,40,45"
10565,"111,3,119"
10566,"10,60,23"
10567,"64,10,338"
10568,"43,23,24"
10569,"3,5,133"
10570,"3,21,33"
10571,"40,30,66"
10572,"26,23,89"
10573,"105,23,262"
10574,"10,11,12"
10575,"74,40,145"
10576,"0,456,271"
10577,"23,38,24"
10578,"3,34,447"
10579,"131,40,406"
10580,"220,242,10"
10581,"0,304,319"
10582,"169,170,34"
10583,"0,304,291"
10584,"169,199,281"
10585,"0,265,266"
10586,"59,0,23"
10587,"40,131,134"
10588,"10,11,109"
10589,"23,63,38"
10590,"3,21,187"
10591,"170,260,169"
10592,"44,40,145"
10593,"105,23,262"
10594,"241,131,40"
10595,"21,3,102"
10596,"10,44,45"
10597,"0,265,340"
10598,"74,23,118"
10599,"23,24,25"
10600,"0,271,216"
10601,"17,3,320"
10602,"10,234,54"
10603,"128,129,40"
10604,"296,169,411"
10605,"70,3,4"
10606,"448,64,79"
10607,"111,3,119"
10608,"3,147,148"
10609,"17,320,3"
10610,"40,131,250"
10611,"3,21,127"
10612,"10,64,93"
10613,"199,323,169"
10614,"3,21,126"
10615,"3,85,86"
10616,"3,126,21"
10617,"145,40,44"
10618,"3,21,33"
10619,"10,64,338"
10620,"21,3,127"
10621,"129,128,130"
10622,"169,170,281"
10623,"137,23,38"
10624,"128,129,23"
10625,"89,26,23"
10626,"220,10,221"
10627,"413,277,0"
10628,"169,199,170"
10629,"3,5,228"
10630,"3,21,102"
10631,"26,350,89"
10632,"220,242,10"
10633,"0,265,208"
10634,"10,80,64"
10635,"271,0,456"
10636,"3,21,164"
10637,"147,3,36"
10638,"3,17,30"
10639,"40,224,41"
10640,"8,308,0"
10641,"0,265,3"
10642,"0,357,358"
10643,"5,228,3"
10644,"43,24,23"
10645,"40,145,44"
10646,"160,40,315"
10647,"0,271,399"
10648,"23,89,26"
10649,"64,10,448"
10650,"54,45,44"
10651,"44,45,95"
10652,"23,38,137"
10653,"3,21,182"
10654,"40,129,128"
10655,"11,109,10"
10656,"40,131,406"
10657,"271,456,0"
10658,"231,26,23"
10659,"0,8,308"
10660,"16,15,3"
10661,"40,139,153"
10662,"10,60,43"
10663,"25,24,23"
10664,"417,169,296"
10665,"0,271,522"
10666,"40,41,324"
10667,"3,156,147"
10668,"23,26,89"
10669,"169,312,426"
10670,"220,221,10"
10671,"0,257,216"
10672,"128,40,195"
10673,"25,24,23"
10674,"0,313,501"
10675,"3,21,127"
10676,"10,54,322"
10677,"0,291,271"
10678,"49,24,23"
10679,"31,96,169"
10680,"0,304,271"
10681,"3,210,52"
10682,"102,40,42"
10683,"226,40,131"
10684,"40,135,189"
10685,"3,21,127"
10686,"271,456,0"
10687,"169,508,170"
10688,"23,118,74"
10689,"494,184,151"
10690,"169,281,199"
10691,"169,281,259"
10692,"53,3,99"
10693,"147,148,3"
10694,"0,8,285"
10695,"128,40,195"
10696,"3,5,228"
10697,"4,3,435"
10698,"3,53,52"
10699,"0,271,360"
10700,"64,10,65"
10701,"145,40,24"
10702,"3,21,108"
10703,"64,448,10"
10704,"10,0,220"
10705,"0,38,8"
10706,"40,131,215"
10707,"3,4,111"
10708,"3,48,21"
10709,"3,187,21"
10710,"68,169,199"
10711,"0,8,235"
10712,"43,24,23"
10713,"169,199,323"
10714,"10,64,93"
10715,"0,265,271"
10716,"64,93,10"
10717,"23,43,60"
10718,"3,4,188"
10719,"96,31,23"
10720,"170,459,169"
10721,"10,60,322"
10722,"296,300,169"
10723,"4,3,183"
10724,"111,112,3"
10725,"49,24,11"
10726,"10,220,221"
10727,"170,169,459"
10728,"11,109,10"
10729,"0,273,265"
10730,"0,291,304"
10731,"43,24,10"
10732,"0,271,353"
10733,"17,3,168"
10734,"3,21,53"
10735,"0,271,456"
10736,"10,64,338"
10737,"3,66,30"
10738,"115,3,21"
10739,"147,148,3"
10740,"3,21,127"
10741,"23,38,137"
10742,"11,10,109"
10743,"3,111,112"
10744,"169,199,382"
10745,"312,169,427"
10746,"0,462,255"
10747,"45,44,145"
10748,"64,10,338"
10749,"3,5,6"
10750,"3,17,168"
10751,"23,24,105"
10752,"169,199,281"
10753,"10,220,242"
10754,"40,193,100"
10755,"44,40,145"
10756,"0,313,277"
10757,"45,44,40"
10758,"3,4,238"
10759,"8,23,0"
10760,"17,18,168"
10761,"107,23,38"
10762,"3,21,13"
10763,"3,281,53"
10764,"128,129,40"
10765,"3,4,238"
10766,"313,0,346"
10767,"3,168,17"
10768,"169,223,513"
10769,"147,3,148"
10770,"10,93,64"
10771,"281,169,199"
10772,"40,149,160"
10773,"281,199,169"
10774,"10,11,109"
10775,"40,3,139"
10776,"3,53,68"
10777,"10,220,242"
10778,"3,21,127"
10779,"0,266,265"
10780,"3,4,174"
10781,"220,242,10"
10782,"0,257,216"
10783,"3,53,21"
10784,"3,111,119"
10785,"3,34,21"
10786,"21,127,3"
10787,"24,23,59"
10788,"0,271,265"
10789,"0,216,271"
10790,"0,255,313"
10791,"43,10,64"
10792,"0,214,213"
10793,"3,15,16"
10794,"199,169,281"
10795,"40,41,42"
10796,"4,3,238"
10797,"169,199,382"
10798,"3,21,379"
10799,"10,60,61"
10800,"10,419,173"
10801,"146,40,136"
10802,"74,317,23"
10803,"23,24,43"
10804,"0,255,235"
10805,"64,448,10"
10806,"11,205,10"
10807,"3,21,108"
10808,"10,64,65"
10809,"89,23,26"
10810,"138,135,40"
10811,"3,148,147"
10812,"10,64,93"
10813,"0,229,421"
10814,"3,11,10"
10815,"169,199,23"
10816,"44,45,145"
10817,"231,26,23"
10818,"26,23,89"
10819,"64,10,93"
10820,"0,271,291"
10821,"3,66,30"
10822,"220,221,10"
10823,"169,199,96"
10824,"64,10,80"
10825,"23,24,43"
10826,"220,10,221"
10827,"23,24,38"
10828,"169,296,306"
10829,"334,215,111"
10830,"10,11,205"
10831,"165,74,4"
10832,"0,354,216"
10833,"34,3,263"
10834,"4,19,70"
10835,"379,3,21"
10836,"23,71,38"
10837,"23,303,91"
10838,"3,187,168"
10839,"0,59,208"
10840,"40,131,406"
10841,"23,74,3"
10842,"0,271,291"
10843,"0,304,216"
10844,"0,216,304"
10845,"3,53,287"
10846,"339,337,169"
10847,"3,21,182"
10848,"23,350,26"
10849,"3,85,5"
10850,"64,10,93"
10851,"0,257,216"
10852,"45,44,145"
10853,"23,26,231"
10854,"3,21,379"
10855,"26,23,231"
10856,"162,163,40"
10857,"0,271,456"
10858,"25,24,44"
10859,"426,23,169"
10860,"23,279,249"
10861,"74,23,118"
10862,"311,3,187"
10863,"220,242,10"
10864,"3,42,41"
10865,"10,64,338"
10866,"31,454,23"
10867,"10,220,242"
10868,"10,220,11"
10869,"60,10,11"
10870,"17,168,3"
10871,"220,221,242"
10872,"0,271,456"
10873,"135,40,244"
10874,"40,131,406"
10875,"366,0,362"
10876,"462,0,255"
10877,"74,165,317"
10878,"128,40,195"
10879,"118,74,23"
10880,"0,8,206"
10881,"23,74,24"
10882,"3,15,16"
10883,"147,3,148"
10884,"31,328,258"
10885,"23,317,74"
10886,"220,221,10"
10887,"10,55,54"
10888,"64,10,80"
10889,"44,145,45"
10890,"3,275,147"
10891,"3,21,126"
10892,"356,169,199"
10893,"16,15,3"
10894,"0,271,213"
10895,"4,3,174"
10896,"3,228,5"
10897,"3,111,267"
10898,"3,30,66"
10899,"23,10,31"
10900,"3,30,66"
10901,"3,22,21"
10902,"40,139,153"
10903,"40,184,21"
10904,"131,40,241"
10905,"10,55,54"
10906,"3,53,325"
10907,"169,199,281"
10908,"296,460,169"
10909,"138,169,135"
10910,"3,4,435"
10911,"3,53,21"
10912,"10,64,90"
10913,"231,26,23"
10914,"3,21,301"
10915,"44,145,40"
10916,"10,64,93"
10917,"0,271,522"
10918,"26,23,89"
10919,"4,3,238"
10920,"3,4,51"
10921,"64,338,10"
10922,"40,145,146"
10923,"10,64,80"
10924,"0,8,285"
10925,"40,149,41"
10926,"23,0,206"
10927,"296,169,411"
10928,"3,17,168"
10929,"40,128,41"
10930,"3,28,190"
10931,"10,64,93"
10932,"24,23,54"
10933,"0,265,490"
10934,"23,24,25"
10935,"10,54,145"
10936,"26,23,350"
10937,"10,64,0"
10938,"3,40,21"
10939,"3,13,14"
10940,"10,239,60"
10941,"3,21,164"
10942,"0,271,456"
10943,"24,23,49"
10944,"4,19,3"
10945,"21,127,3"
10946,"218,0,10"
10947,"138,135,40"
10948,"64,80,10"
10949,"26,23,89"
10950,"0,8,206"
10951,"230,229,0"
10952,"3,30,66"
10953,"11,205,10"
10954,"402,145,40"
10955,"23,63,38"
10956,"220,10,242"
10957,"4,3,19"
10958,"3,21,53"
10959,"49,23,24"
10960,"0,394,169"
10961,"3,66,30"
10962,"3,111,169"
10963,"45,44,40"
10964,"43,24,23"
10965,"43,23,24"
10966,"324,40,41"
10967,"281,199,169"
10968,"3,21,108"
10969,"508,426,169"
10970,"48,3,81"
10971,"456,0,429"
10972,"3,147,148"
10973,"40,138,135"
10974,"239,31,96"
10975,"3,53,523"
10976,"43,24,23"
10977,"3,85,21"
10978,"3,53,124"
10979,"0,216,249"
10980,"135,189,40"
10981,"3,16,15"
10982,"169,311,3"
10983,"24,25,23"
10984,"10,43,23"
10985,"112,3,111"
10986,"350,26,0"
10987,"129,128,40"
10988,"3,182,126"
10989,"220,10,221"
10990,"0,354,216"
10991,"0,195,128"
10992,"129,128,40"
10993,"3,111,472"
10994,"3,17,168"
10995,"115,21,3"
10996,"112,3,111"
10997,"74,23,94"
10998,"131,40,134"
10999,"21,108,3"
11000,"296,411,169"
11001,"169,170,171"
11002,"23,24,25"
11003,"89,26,23"
11004,"40,149,41"
11005,"3,30,66"
11006,"11,10,12"
11007,"162,163,40"
11008,"23,26,350"
11009,"64,10,448"
11010,"10,239,60"
11011,"220,10,221"
11012,"10,220,402"
11013,"40,131,134"
11014,"10,54,95"
11015,"40,145,44"
11016,"0,355,271"
11017,"169,170,459"
11018,"402,145,40"
11019,"169,170,508"
11020,"40,324,41"
11021,"8,0,405"
11022,"44,40,145"
11023,"40,145,44"
11024,"281,169,199"
11025,"43,23,24"
11026,"129,128,195"
11027,"296,333,169"
11028,"3,53,85"
11029,"10,60,64"
11030,"23,137,38"
11031,"169,171,199"
11032,"31,96,258"
11033,"271,0,522"
11034,"313,0,485"
11035,"23,24,169"
11036,"3,238,4"
11037,"40,145,44"
11038,"23,26,87"
11039,"118,23,231"
11040,"108,485,3"
11041,"171,169,170"
11042,"3,28,190"
11043,"0,265,349"
11044,"0,308,8"
11045,"0,314,313"
11046,"3,178,111"
11047,"23,296,31"
11048,"0,271,353"
11049,"0,249,279"
11050,"271,0,456"
11051,"296,169,411"
11052,"3,30,21"
11053,"220,221,10"
11054,"23,118,231"
11055,"49,23,24"
11056,"40,131,226"
11057,"74,303,23"
11058,"64,10,93"
11059,"96,31,193"
11060,"169,170,323"
11061,"10,220,23"
11062,"3,263,21"
11063,"40,73,496"
11064,"40,129,128"
11065,"64,448,10"
11066,"0,271,291"
11067,"44,45,40"
11068,"64,10,80"
11069,"8,0,308"
11070,"24,43,23"
11071,"169,170,311"
11072,"3,21,127"
11073,"220,10,242"
11074,"3,48,81"
11075,"3,17,168"
11076,"129,128,40"
11077,"3,169,53"
11078,"169,60,10"
11079,"10,64,65"
11080,"0,456,271"
11081,"128,129,40"
11082,"3,17,168"
11083,"3,15,16"
11084,"10,44,54"
11085,"49,23,24"
11086,"23,169,281"
11087,"145,169,402"
11088,"11,109,10"
11089,"0,304,216"
11090,"402,40,145"
11091,"3,30,66"
11092,"105,262,53"
11093,"206,8,0"
11094,"26,350,23"
11095,"160,329,315"
11096,"0,456,429"
11097,"23,63,74"
11098,"23,39,454"
11099,"131,226,40"
11100,"23,24,62"
11101,"23,137,303"
11102,"31,96,23"
11103,"3,21,30"
11104,"3,238,4"
11105,"169,170,426"
11106,"44,23,145"
11107,"139,40,153"
11108,"0,280,255"
11109,"40,131,406"
11110,"44,40,145"
11111,"64,448,10"
11112,"23,165,74"
11113,"395,396,40"
11114,"3,53,21"
11115,"169,199,345"
11116,"8,0,206"
11117,"220,10,242"
11118,"64,10,90"
11119,"152,151,40"
11120,"96,31,169"
11121,"3,66,30"
11122,"0,218,351"
11123,"3,21,379"
11124,"4,3,19"
11125,"3,85,158"
11126,"131,40,406"
11127,"23,316,32"
11128,"0,213,214"
11129,"0,355,8"
11130,"61,60,10"
11131,"478,40,402"
11132,"165,74,23"
11133,"366,271,0"
11134,"74,23,118"
11135,"0,8,285"
11136,"0,89,23"
11137,"311,169,0"
11138,"0,218,255"
11139,"17,168,320"
11140,"160,40,315"
11141,"0,208,279"
11142,"0,444,271"
11143,"3,127,228"
11144,"40,131,193"
11145,"220,221,10"
11146,"3,15,16"
11147,"26,89,23"
11148,"40,160,315"
11149,"40,135,139"
11150,"231,26,23"
11151,"111,23,123"
11152,"43,23,24"
11153,"64,10,93"
11154,"3,53,13"
11155,"40,41,224"
11156,"131,40,134"
11157,"10,60,64"
11158,"23,105,24"
11159,"169,199,89"
11160,"21,3,127"
11161,"220,242,10"
11162,"402,40,145"
11163,"115,3,54"
11164,"102,21,3"
11165,"10,43,24"
11166,"10,220,221"
11167,"40,145,45"
11168,"220,10,242"
11169,"220,10,221"
11170,"64,10,448"
11171,"3,5,183"
11172,"366,0,271"
11173,"40,162,163"
11174,"23,105,106"
11175,"26,23,350"
11176,"10,11,12"
11177,"3,147,148"
11178,"40,241,131"
11179,"169,216,0"
11180,"10,45,44"
11181,"3,263,34"
11182,"40,41,215"
11183,"23,74,24"
11184,"199,343,169"
11185,"23,24,25"
11186,"68,3,182"
11187,"199,169,323"
11188,"3,13,122"
11189,"0,8,206"
11190,"402,145,40"
11191,"26,231,23"
11192,"0,8,285"
11193,"3,53,30"
11194,"3,435,4"
11195,"23,38,74"
11196,"23,24,31"
11197,"169,199,26"
11198,"169,199,170"
11199,"169,199,281"
11200,"64,10,80"
11201,"309,38,23"
11202,"0,206,8"
11203,"0,348,280"
11204,"3,21,108"
11205,"64,10,93"
11206,"23,74,317"
11207,"36,35,3"
11208,"145,40,478"
11209,"10,60,3"
11210,"43,23,24"
11211,"0,304,216"
11212,"0,291,8"
11213,"3,34,263"
11214,"40,131,406"
11215,"448,64,10"
11216,"199,343,169"
11217,"11,109,10"
11218,"135,40,459"
11219,"3,34,263"
11220,"44,145,67"
11221,"23,26,89"
11222,"49,24,23"
11223,"0,271,355"
11224,"40,131,406"
11225,"199,281,169"
11226,"10,220,242"
11227,"3,21,187"
11228,"16,15,3"
11229,"23,26,89"
11230,"0,271,456"
11231,"24,23,49"
11232,"0,529,271"
11233,"25,24,10"
11234,"89,23,26"
11235,"106,23,105"
11236,"131,406,40"
11237,"3,21,147"
11238,"17,3,320"
11239,"43,54,23"
11240,"3,85,5"
11241,"40,131,134"
11242,"23,309,165"
11243,"0,321,271"
11244,"10,64,65"
11245,"319,211,0"
11246,"3,30,66"
11247,"220,221,10"
11248,"3,48,21"
11249,"3,16,15"
11250,"337,169,251"
11251,"199,343,169"
11252,"0,271,291"
11253,"3,40,127"
11254,"328,31,23"
11255,"23,0,24"
11256,"10,11,205"
11257,"10,64,80"
11258,"16,15,3"
11259,"10,448,64"
11260,"64,448,10"
11261,"10,221,220"
11262,"169,199,356"
11263,"45,40,44"
11264,"3,156,147"
11265,"281,169,199"
11266,"40,241,131"
11267,"11,10,205"
11268,"151,152,40"
11269,"139,155,40"
11270,"0,265,291"
11271,"21,3,108"
11272,"369,208,0"
11273,"43,23,24"
11274,"0,271,23"
11275,"10,54,95"
11276,"40,146,145"
11277,"135,244,40"
11278,"0,271,456"
11279,"23,26,231"
11280,"339,169,337"
11281,"23,24,38"
11282,"44,145,45"
11283,"3,34,263"
11284,"0,212,216"
11285,"40,131,406"
11286,"10,44,145"
11287,"169,170,199"
11288,"10,95,54"
11289,"459,169,170"
11290,"10,44,40"
11291,"40,145,402"
11292,"3,4,188"
11293,"89,23,26"
11294,"32,31,23"
11295,"3,17,168"
11296,"10,64,65"
11297,"199,169,343"
11298,"3,426,287"
11299,"10,64,79"
11300,"60,61,10"
11301,"135,138,40"
11302,"3,21,108"
11303,"0,304,271"
11304,"10,64,93"
11305,"3,96,21"
11306,"287,53,3"
11307,"40,60,61"
11308,"137,23,38"
11309,"0,418,265"
11310,"3,15,16"
11311,"201,40,41"
11312,"265,349,3"
11313,"10,239,60"
11314,"138,135,169"
11315,"23,74,88"
11316,"3,66,30"
11317,"220,242,10"
11318,"281,199,169"
11319,"260,170,169"
11320,"4,3,238"
11321,"40,145,402"
11322,"0,216,304"
11323,"10,220,221"
11324,"10,61,60"
11325,"64,10,448"
11326,"10,40,64"
11327,"3,204,13"
11328,"89,26,23"
11329,"32,23,31"
11330,"296,169,428"
11331,"74,243,317"
11332,"23,74,118"
11333,"3,15,147"
11334,"170,169,260"
11335,"220,10,221"
11336,"111,3,119"
11337,"128,40,195"
11338,"0,139,40"
11339,"10,64,93"
11340,"169,199,248"
11341,"0,8,266"
11342,"131,134,193"
11343,"220,10,221"
11344,"3,13,401"
11345,"10,93,64"
11346,"3,21,126"
11347,"131,40,226"
11348,"10,239,60"
11349,"170,169,260"
11350,"40,201,41"
11351,"3,284,111"
11352,"328,31,23"
11353,"10,93,64"
11354,"169,170,199"
11355,"3,74,303"
11356,"3,5,228"
11357,"281,199,260"
11358,"0,235,8"
11359,"21,3,115"
11360,"0,295,23"
11361,"10,64,93"
11362,"23,145,40"
11363,"3,17,168"
11364,"44,45,109"
11365,"3,48,81"
11366,"220,242,10"
11367,"3,4,111"
11368,"10,11,205"
11369,"3,53,15"
11370,"0,271,456"
11371,"40,395,128"
11372,"3,21,126"
11373,"40,145,55"
11374,"135,40,138"
11375,"0,271,291"
11376,"3,21,102"
11377,"220,10,221"
11378,"0,271,291"
11379,"220,221,242"
11380,"131,134,40"
11381,"17,168,320"
11382,"0,8,271"
11383,"8,23,0"
11384,"49,10,54"
11385,"23,49,0"
11386,"23,26,350"
11387,"3,21,108"
11388,"3,187,169"
11389,"3,85,147"
11390,"10,11,109"
11391,"3,53,68"
11392,"40,131,226"
11393,"151,152,40"
11394,"402,145,40"
11395,"220,10,221"
11396,"131,406,226"
11397,"26,231,89"
11398,"23,26,231"
11399,"0,169,199"
11400,"170,169,260"
11401,"456,271,0"
11402,"395,41,40"
11403,"0,249,279"
11404,"402,145,40"
11405,"162,40,163"
11406,"147,156,3"
11407,"8,0,391"
11408,"220,10,221"
11409,"3,5,228"
11410,"23,165,74"
11411,"135,138,40"
11412,"3,21,127"
11413,"3,21,108"
11414,"23,63,38"
11415,"40,74,0"
11416,"113,28,3"
11417,"23,40,74"
11418,"281,199,169"
11419,"10,54,95"
11420,"169,323,199"
11421,"31,23,296"
11422,"287,53,325"
11423,"8,0,206"
11424,"137,40,105"
11425,"40,26,23"
11426,"3,0,21"
11427,"40,128,129"
11428,"49,24,23"
11429,"0,304,216"
11430,"220,242,10"
11431,"128,129,40"
11432,"3,30,28"
11433,"11,10,205"
11434,"220,10,242"
11435,"11,109,10"
11436,"40,129,128"
11437,"31,77,23"
11438,"3,238,4"
11439,"40,146,145"
11440,"40,184,368"
11441,"40,145,10"
11442,"3,147,156"
11443,"147,3,148"
11444,"145,402,40"
11445,"21,3,127"
11446,"295,135,40"
11447,"40,160,41"
11448,"169,199,281"
11449,"3,16,15"
11450,"64,10,442"
11451,"40,128,129"
11452,"3,15,16"
11453,"0,369,208"
11454,"23,24,25"
11455,"3,147,148"
11456,"11,205,10"
11457,"220,10,242"
11458,"3,85,21"
11459,"73,44,145"
11460,"8,308,0"
11461,"24,23,59"
11462,"3,147,33"
11463,"220,221,10"
11464,"105,262,326"
11465,"3,147,156"
11466,"220,221,10"
11467,"3,30,66"
11468,"3,15,16"
11469,"23,165,74"
11470,"281,199,169"
11471,"23,31,74"
11472,"3,4,7"
11473,"10,45,44"
11474,"23,59,24"
11475,"3,51,52"
11476,"13,330,20"
11477,"271,0,456"
11478,"3,53,147"
11479,"64,10,448"
11480,"71,23,38"
11481,"109,11,10"
11482,"3,30,21"
11483,"10,54,322"
11484,"323,199,169"
11485,"0,271,456"
11486,"220,10,221"
11487,"169,199,382"
11488,"26,89,231"
11489,"3,4,19"
11490,"3,287,16"
11491,"40,131,226"
11492,"23,49,24"
11493,"169,199,171"
11494,"0,212,216"
11495,"0,216,354"
11496,"23,74,118"
11497,"3,53,416"
11498,"169,170,356"
11499,"31,23,96"
11500,"8,0,235"
11501,"3,4,111"
11502,"3,147,148"
11503,"26,23,89"
11504,"3,168,17"
11505,"3,147,167"
11506,"74,23,303"
11507,"3,5,228"
11508,"3,158,85"
11509,"170,459,169"
11510,"3,15,16"
11511,"10,64,80"
11512,"3,238,183"
11513,"3,34,17"
11514,"220,10,242"
11515,"169,296,460"
11516,"0,342,271"
11517,"3,34,21"
11518,"40,41,149"
11519,"169,323,170"
11520,"3,111,85"
11521,"40,151,152"
11522,"0,128,40"
11523,"23,10,24"
11524,"91,44,23"
11525,"260,170,169"
11526,"220,221,10"
11527,"64,10,93"
11528,"23,40,38"
11529,"199,343,169"
11530,"169,199,323"
11531,"3,147,148"
11532,"0,40,218"
11533,"4,3,238"
11534,"10,11,64"
11535,"3,287,53"
11536,"26,23,89"
11537,"11,109,10"
11538,"73,44,145"
11539,"10,11,64"
11540,"53,287,3"
11541,"45,44,145"
11542,"169,0,271"
11543,"64,10,93"
11544,"40,41,42"
11545,"109,11,10"
11546,"3,53,68"
11547,"3,66,30"
11548,"40,31,402"
11549,"40,131,142"
11550,"40,159,131"
11551,"402,145,40"
11552,"40,129,128"
11553,"138,135,40"
11554,"406,40,193"
11555,"231,26,23"
11556,"3,21,187"
11557,"10,64,93"
11558,"23,38,309"
11559,"3,21,164"
11560,"3,182,21"
11561,"220,10,221"
11562,"40,145,3"
11563,"0,271,455"
11564,"3,17,58"
11565,"40,131,142"
11566,"10,95,54"
11567,"40,128,129"
11568,"0,376,265"
11569,"17,191,41"
11570,"23,169,199"
11571,"49,23,24"
11572,"10,11,109"
11573,"162,74,23"
11574,"206,8,0"
11575,"265,340,0"
11576,"105,23,318"
11577,"64,79,10"
11578,"3,263,34"
11579,"3,147,148"
11580,"0,313,346"
11581,"0,249,279"
11582,"23,105,24"
11583,"3,147,167"
11584,"3,158,22"
11585,"3,30,66"
11586,"118,23,74"
11587,"15,3,16"
11588,"0,456,271"
11589,"3,21,28"
11590,"64,10,80"
11591,"152,151,40"
11592,"199,323,169"
11593,"95,10,54"
11594,"0,235,220"
11595,"281,199,68"
11596,"10,64,323"
11597,"10,64,448"
11598,"3,21,108"
11599,"239,60,10"
11600,"74,23,118"
11601,"356,169,199"
11602,"3,263,34"
11603,"23,303,74"
11604,"10,64,65"
11605,"0,265,490"
11606,"40,160,151"
11607,"234,3,10"
11608,"0,271,456"
11609,"131,53,3"
11610,"139,40,153"
11611,"10,64,93"
11612,"3,85,17"
11613,"64,10,93"
11614,"3,21,17"
11615,"0,265,349"
11616,"17,3,320"
11617,"241,40,131"
11618,"71,38,23"
11619,"40,406,131"
11620,"40,146,145"
11621,"281,169,199"
11622,"3,126,21"
11623,"165,74,23"
11624,"3,17,320"
11625,"145,44,40"
11626,"39,38,23"
11627,"0,265,266"
11628,"3,21,127"
11629,"169,199,23"
11630,"159,0,40"
11631,"23,24,303"
11632,"3,523,53"
11633,"220,10,221"
11634,"23,74,118"
11635,"54,10,95"
11636,"3,108,21"
11637,"11,10,12"
11638,"23,25,105"
11639,"23,74,303"
11640,"10,60,239"
11641,"10,64,93"
11642,"49,24,23"
11643,"71,38,23"
11644,"3,21,147"
11645,"54,145,24"
11646,"40,226,131"
11647,"10,11,14"
11648,"3,99,53"
11649,"40,131,159"
11650,"11,109,10"
11651,"3,21,126"
11652,"0,8,308"
11653,"0,211,319"
11654,"43,24,23"
11655,"10,11,109"
11656,"131,40,406"
11657,"3,21,127"
11658,"3,4,52"
11659,"89,26,23"
11660,"3,111,472"
11661,"220,10,242"
11662,"43,24,23"
11663,"220,221,10"
11664,"34,3,143"
11665,"3,17,21"
11666,"10,220,221"
11667,"138,40,135"
11668,"10,11,109"
11669,"169,296,507"
11670,"3,17,168"
11671,"23,137,105"
11672,"23,74,303"
11673,"303,74,23"
11674,"23,118,10"
11675,"169,426,170"
11676,"459,170,169"
11677,"199,343,169"
11678,"456,271,0"
11679,"0,456,271"
11680,"10,64,338"
11681,"24,43,23"
11682,"220,10,221"
11683,"10,64,93"
11684,"323,169,199"
11685,"169,199,248"
11686,"111,267,3"
11687,"408,128,395"
11688,"25,23,24"
11689,"3,85,158"
11690,"23,74,118"
11691,"145,40,44"
11692,"10,64,93"
11693,"3,4,19"
11694,"0,213,214"
11695,"5,3,228"
11696,"271,355,169"
11697,"0,319,211"
11698,"0,501,313"
11699,"3,21,238"
11700,"170,169,260"
11701,"3,147,148"
11702,"0,8,380"
11703,"40,402,145"
11704,"10,402,54"
11705,"3,28,30"
11706,"3,53,147"
11707,"3,17,168"
11708,"239,10,442"
11709,"0,216,212"
11710,"135,138,40"
11711,"4,183,3"
11712,"23,24,62"
11713,"10,64,54"
11714,"64,93,10"
11715,"3,53,40"
11716,"10,323,199"
11717,"149,40,41"
11718,"199,169,281"
11719,"26,23,89"
11720,"3,21,126"
11721,"3,46,34"
11722,"3,53,68"
11723,"10,60,64"
11724,"40,53,160"
11725,"139,0,21"
11726,"339,169,337"
11727,"11,10,109"
11728,"111,123,3"
11729,"25,24,23"
11730,"4,3,238"
11731,"0,249,23"
11732,"40,41,184"
11733,"40,131,406"
11734,"3,53,447"
11735,"31,23,258"
11736,"3,111,472"
11737,"74,23,303"
11738,"8,0,206"
11739,"54,95,44"
11740,"10,220,221"
11741,"3,147,148"
11742,"3,21,33"
11743,"169,306,296"
11744,"3,21,301"
11745,"3,523,147"
11746,"3,104,30"
11747,"3,17,320"
11748,"3,15,16"
11749,"169,199,281"
11750,"40,41,186"
11751,"0,223,362"
11752,"3,21,108"
11753,"11,10,109"
11754,"23,31,96"
11755,"10,93,64"
11756,"10,11,205"
11757,"23,31,96"
11758,"64,10,338"
11759,"93,10,64"
11760,"23,38,94"
11761,"118,74,23"
11762,"3,21,126"
11763,"3,125,111"
11764,"3,147,148"
11765,"3,17,168"
11766,"0,216,304"
11767,"3,158,85"
11768,"3,15,144"
11769,"169,199,281"
11770,"3,108,21"
11771,"3,21,127"
11772,"16,15,3"
11773,"339,337,169"
11774,"169,356,329"
11775,"241,131,406"
11776,"64,80,448"
11777,"53,68,3"
11778,"64,10,448"
11779,"10,11,109"
11780,"64,10,80"
11781,"459,170,169"
11782,"170,169,260"
11783,"23,49,24"
11784,"43,23,24"
11785,"23,24,49"
11786,"169,199,323"
11787,"3,4,19"
11788,"10,93,64"
11789,"40,131,226"
11790,"3,156,147"
11791,"129,128,40"
11792,"105,23,495"
11793,"23,62,24"
11794,"23,24,454"
11795,"0,169,129"
11796,"23,74,63"
11797,"11,10,205"
11798,"137,38,23"
11799,"3,21,40"
11800,"0,257,235"
11801,"3,21,30"
11802,"3,21,40"
11803,"3,228,5"
11804,"3,147,148"
11805,"3,17,168"
11806,"3,21,187"
11807,"23,38,91"
11808,"23,74,303"
11809,"10,64,65"
11810,"40,41,151"
11811,"402,145,40"
11812,"3,85,111"
11813,"3,17,320"
11814,"40,145,44"
11815,"40,406,131"
11816,"162,163,40"
11817,"4,19,70"
11818,"10,11,205"
11819,"0,1,2"
11820,"3,30,66"
11821,"151,152,40"
11822,"23,26,89"
11823,"220,10,221"
11824,"456,271,0"
11825,"3,21,66"
11826,"54,95,10"
11827,"0,457,23"
11828,"139,40,3"
11829,"10,60,234"
11830,"11,10,3"
11831,"199,169,171"
11832,"10,220,242"
11833,"3,147,148"
11834,"0,456,271"
11835,"128,195,0"
11836,"0,313,346"
11837,"0,285,350"
11838,"131,40,134"
11839,"3,21,48"
11840,"40,162,163"
11841,"3,4,375"
11842,"10,338,12"
11843,"0,277,216"
11844,"8,308,23"
11845,"64,10,338"
11846,"23,240,39"
11847,"199,323,169"
11848,"0,216,313"
11849,"55,54,10"
11850,"118,74,23"
11851,"313,346,0"
11852,"0,291,271"
11853,"0,313,8"
11854,"3,21,187"
11855,"220,10,221"
11856,"10,11,60"
11857,"64,80,10"
11858,"3,111,119"
11859,"3,53,23"
11860,"0,8,285"
11861,"11,10,90"
11862,"74,23,118"
11863,"220,221,10"
11864,"68,182,3"
11865,"40,160,152"
11866,"54,95,10"
11867,"169,199,281"
11868,"64,10,90"
11869,"17,3,168"
11870,"3,85,158"
11871,"23,24,59"
11872,"3,4,238"
11873,"45,40,44"
11874,"17,320,3"
11875,"0,265,208"
11876,"23,74,38"
11877,"3,16,15"
11878,"206,0,369"
11879,"160,40,315"
11880,"478,40,145"
11881,"40,128,195"
11882,"138,374,135"
11883,"170,259,135"
11884,"0,8,235"
11885,"26,89,23"
11886,"3,21,124"
11887,"8,206,0"
11888,"3,4,19"
11889,"3,523,127"
11890,"0,8,266"
11891,"220,221,10"
11892,"3,17,320"
11893,"296,169,300"
11894,"24,49,23"
11895,"23,89,26"
11896,"220,10,221"
11897,"10,220,221"
11898,"10,11,205"
11899,"3,17,168"
11900,"169,199,248"
11901,"3,21,187"
11902,"171,169,170"
11903,"169,508,199"
11904,"3,40,158"
11905,"11,10,205"
11906,"10,54,95"
11907,"10,64,80"
11908,"3,17,168"
11909,"135,40,138"
11910,"459,169,170"
11911,"3,16,15"
11912,"4,3,19"
11913,"11,10,205"
11914,"55,54,10"
11915,"26,23,231"
11916,"317,74,23"
11917,"64,10,93"
11918,"24,23,62"
11919,"10,64,80"
11920,"23,31,40"
11921,"3,21,127"
11922,"3,85,21"
11923,"63,23,74"
11924,"169,170,459"
11925,"14,13,204"
11926,"135,244,40"
11927,"40,23,231"
11928,"0,265,349"
11929,"3,4,15"
11930,"23,303,74"
11931,"23,24,25"
11932,"296,169,371"
11933,"211,319,0"
11934,"3,28,113"
11935,"3,148,147"
11936,"23,24,25"
11937,"135,431,40"
11938,"40,226,131"
11939,"3,150,13"
11940,"3,85,158"
11941,"40,243,184"
11942,"147,148,167"
11943,"40,135,41"
11944,"64,10,80"
11945,"11,10,205"
11946,"3,238,4"
11947,"169,199,323"
11948,"44,145,40"
11949,"40,135,41"
11950,"10,11,205"
11951,"10,95,54"
11952,"23,326,105"
11953,"220,10,221"
11954,"3,85,86"
11955,"0,366,271"
11956,"23,406,105"
11957,"10,64,93"
11958,"40,149,41"
11959,"3,53,523"
11960,"23,40,24"
11961,"311,169,3"
11962,"23,71,38"
11963,"0,229,230"
11964,"0,216,211"
11965,"3,33,147"
11966,"192,296,169"
11967,"3,53,111"
11968,"71,38,23"
11969,"64,10,338"
11970,"169,199,281"
11971,"64,80,461"
11972,"145,44,95"
11973,"206,0,369"
11974,"281,199,169"
11975,"40,186,128"
11976,"23,220,24"
11977,"170,169,260"
11978,"169,343,199"
11979,"24,43,23"
11980,"34,3,263"
11981,"23,38,74"
11982,"426,169,312"
11983,"271,0,456"
11984,"89,26,23"
11985,"3,21,187"
11986,"138,135,40"
11987,"95,10,54"
11988,"131,40,134"
11989,"206,0,8"
11990,"3,28,190"
11991,"3,15,188"
11992,"40,3,17"
11993,"3,13,14"
11994,"169,199,248"
11995,"0,429,456"
11996,"10,221,220"
11997,"40,131,159"
11998,"220,10,242"
11999,"3,21,108"
12000,"90,10,64"
12001,"402,40,145"
12002,"3,66,30"
12003,"40,146,145"
12004,"3,127,21"
12005,"129,128,130"
12006,"3,21,182"
12007,"170,287,3"
12008,"147,148,3"
12009,"3,60,61"
12010,"40,131,132"
12011,"40,145,44"
12012,"3,21,147"
12013,"3,53,500"
12014,"459,374,169"
12015,"0,355,271"
12016,"368,184,185"
12017,"3,17,320"
12018,"64,338,10"
12019,"3,111,21"
12020,"40,41,224"
12021,"131,241,96"
12022,"40,185,184"
12023,"3,17,168"
12024,"3,21,30"
12025,"4,3,70"
12026,"23,26,350"
12027,"40,145,44"
12028,"417,169,296"
12029,"31,23,258"
12030,"162,23,74"
12031,"40,128,41"
12032,"3,46,34"
12033,"40,131,406"
12034,"0,257,357"
12035,"3,472,53"
12036,"8,0,308"
12037,"23,24,45"
12038,"23,74,118"
12039,"68,3,182"
12040,"3,5,228"
12041,"23,309,24"
12042,"89,26,23"
12043,"23,24,25"
12044,"0,355,271"
12045,"23,303,38"
12046,"3,238,210"
12047,"281,260,169"
12048,"25,23,24"
12049,"64,10,93"
12050,"171,169,199"
12051,"0,265,349"
12052,"10,64,338"
12053,"3,46,34"
12054,"3,168,17"
12055,"26,23,89"
12056,"171,169,199"
12057,"74,118,23"
12058,"242,220,221"
12059,"3,147,85"
12060,"402,10,54"
12061,"40,131,406"
12062,"3,34,263"
12063,"105,23,318"
12064,"3,17,320"
12065,"10,64,90"
12066,"45,44,54"
12067,"43,24,23"
12068,"3,30,66"
12069,"11,10,109"
12070,"26,89,23"
12071,"0,216,212"
12072,"40,149,160"
12073,"45,44,40"
12074,"10,64,80"
12075,"17,168,18"
12076,"323,199,169"
12077,"11,109,10"
12078,"3,52,51"
12079,"40,131,226"
12080,"3,96,21"
12081,"64,10,93"
12082,"402,145,40"
12083,"10,11,205"
12084,"3,156,21"
12085,"146,40,74"
12086,"64,10,448"
12087,"10,90,64"
12088,"3,53,120"
12089,"170,169,459"
12090,"3,147,203"
12091,"40,160,315"
12092,"3,379,218"
12093,"220,221,10"
12094,"3,158,85"
12095,"43,23,24"
12096,"23,105,259"
12097,"0,410,8"
12098,"350,26,0"
12099,"0,456,271"
12100,"3,53,287"
12101,"49,23,24"
12102,"40,44,145"
12103,"21,3,102"
12104,"8,0,405"
12105,"64,448,10"
12106,"3,21,127"
12107,"3,17,21"
12108,"3,17,168"
12109,"25,23,24"
12110,"3,30,219"
12111,"64,10,93"
12112,"296,169,371"
12113,"3,21,379"
12114,"0,271,216"
12115,"64,93,10"
12116,"40,145,44"
12117,"54,10,83"
12118,"0,280,271"
12119,"10,93,64"
12120,"43,24,10"
12121,"0,2,1"
12122,"24,43,23"
12123,"2,1,0"
12124,"43,23,24"
12125,"8,0,308"
12126,"26,89,23"
12127,"3,21,215"
12128,"49,23,24"
12129,"3,108,21"
12130,"3,13,204"
12131,"13,40,139"
12132,"234,60,10"
12133,"40,41,149"
12134,"40,145,146"
12135,"299,3,477"
12136,"43,24,23"
12137,"0,279,249"
12138,"64,10,338"
12139,"3,34,21"
12140,"0,271,456"
12141,"10,220,221"
12142,"0,208,23"
12143,"44,145,72"
12144,"281,199,169"
12145,"169,281,3"
12146,"64,10,448"
12147,"145,169,44"
12148,"0,304,218"
12149,"220,10,242"
12150,"0,271,456"
12151,"43,23,24"
12152,"402,10,54"
12153,"43,24,23"
12154,"39,23,82"
12155,"43,24,23"
12156,"135,40,138"
12157,"55,54,40"
12158,"10,60,239"
12159,"40,151,152"
12160,"131,159,40"
12161,"171,169,199"
12162,"456,271,0"
12163,"220,10,242"
12164,"0,271,456"
12165,"281,199,169"
12166,"224,40,41"
12167,"138,135,40"
12168,"40,131,406"
12169,"32,3,31"
12170,"10,64,93"
12171,"224,40,41"
12172,"40,162,163"
12173,"10,60,93"
12174,"49,24,23"
12175,"118,74,23"
12176,"23,303,74"
12177,"3,34,15"
12178,"40,152,151"
12179,"3,53,287"
12180,"169,199,356"
12181,"0,271,265"
12182,"40,129,128"
12183,"40,139,155"
12184,"23,26,89"
12185,"26,23,350"
12186,"0,271,522"
12187,"330,28,3"
12188,"226,131,40"
12189,"0,254,249"
12190,"16,15,3"
12191,"23,26,350"
12192,"3,17,168"
12193,"23,309,250"
12194,"169,300,296"
12195,"23,0,8"
12196,"3,21,147"
12197,"26,89,23"
12198,"10,0,64"
12199,"40,241,131"
12200,"8,0,206"
12201,"28,190,3"
12202,"128,129,40"
12203,"44,45,40"
12204,"3,23,330"
12205,"3,68,182"
12206,"169,199,170"
12207,"16,15,144"
12208,"26,89,23"
12209,"0,366,254"
12210,"3,16,15"
12211,"10,44,45"
12212,"3,4,238"
12213,"40,41,128"
12214,"0,8,308"
12215,"3,17,320"
12216,"3,30,53"
12217,"169,170,311"
12218,"40,131,226"
12219,"16,15,3"
12220,"21,182,3"
12221,"0,2,1"
12222,"23,26,350"
12223,"0,271,291"
12224,"3,4,19"
12225,"26,23,350"
12226,"0,216,304"
12227,"3,5,228"
12228,"40,45,145"
12229,"40,224,41"
12230,"3,15,16"
12231,"147,3,148"
12232,"21,3,187"
12233,"23,40,38"
12234,"3,21,126"
12235,"234,10,430"
12236,"3,48,21"
12237,"3,34,263"
12238,"10,64,90"
12239,"102,3,21"
12240,"456,271,0"
12241,"3,379,21"
12242,"23,199,74"
12243,"168,17,3"
12244,"64,10,65"
12245,"23,165,309"
12246,"40,149,41"
12247,"271,361,0"
12248,"40,184,185"
12249,"0,23,455"
12250,"3,33,21"
12251,"23,165,49"
12252,"40,169,41"
12253,"267,3,111"
12254,"220,10,221"
12255,"0,280,348"
12256,"10,93,414"
12257,"494,184,40"
12258,"258,31,23"
12259,"0,424,271"
12260,"23,63,38"
12261,"23,10,24"
12262,"23,118,74"
12263,"135,386,40"
12264,"361,0,272"
12265,"0,255,169"
12266,"73,44,145"
12267,"21,3,127"
12268,"24,43,23"
12269,"10,54,402"
12270,"40,145,194"
12271,"431,135,40"
12272,"74,118,23"
12273,"0,291,8"
12274,"40,184,185"
12275,"11,40,69"
12276,"3,4,174"
12277,"10,24,23"
12278,"49,24,23"
12279,"3,21,33"
12280,"230,0,229"
12281,"160,40,334"
12282,"0,216,271"
12283,"3,85,53"
12284,"23,303,74"
12285,"0,271,342"
12286,"138,135,169"
12287,"10,220,221"
12288,"23,40,258"
12289,"40,145,402"
12290,"10,64,338"
12291,"3,4,375"
12292,"220,221,10"
12293,"40,131,226"
12294,"23,38,137"
12295,"40,406,131"
12296,"3,158,85"
12297,"23,32,118"
12298,"40,21,3"
12299,"10,60,239"
12300,"0,265,522"
12301,"10,64,90"
12302,"23,24,54"
12303,"184,40,243"
12304,"64,10,93"
12305,"0,271,291"
12306,"10,93,64"
12307,"40,25,44"
12308,"0,271,265"
12309,"8,405,0"
12310,"129,128,40"
12311,"23,48,3"
12312,"3,4,435"
12313,"3,204,13"
12314,"205,11,10"
12315,"40,131,406"
12316,"199,169,343"
12317,"0,266,265"
12318,"11,10,205"
12319,"131,134,40"
12320,"36,35,3"
12321,"3,111,388"
12322,"26,23,89"
12323,"23,26,350"
12324,"203,3,147"
12325,"25,24,23"
12326,"53,393,3"
12327,"224,40,41"
12328,"3,168,17"
12329,"26,231,23"
12330,"135,40,295"
12331,"0,277,1"
12332,"169,199,374"
12333,"44,40,145"
12334,"11,10,205"
12335,"23,8,308"
12336,"3,28,330"
12337,"40,131,406"
12338,"208,100,3"
12339,"0,216,380"
12340,"3,325,53"
12341,"258,23,508"
12342,"169,170,230"
12343,"0,313,346"
12344,"128,129,40"
12345,"129,128,40"
12346,"21,3,124"
12347,"10,221,220"
12348,"3,4,238"
12349,"322,54,23"
12350,"128,195,40"
12351,"23,84,74"
12352,"3,147,30"
12353,"3,21,40"
12354,"10,11,109"
12355,"0,265,340"
12356,"206,0,8"
12357,"170,169,459"
12358,"23,345,24"
12359,"10,220,221"
12360,"169,323,199"
12361,"131,40,226"
12362,"3,68,111"
12363,"0,8,285"
12364,"40,41,149"
12365,"49,23,24"
12366,"3,147,148"
12367,"11,10,12"
12368,"3,204,13"
12369,"41,286,40"
12370,"64,10,93"
12371,"169,199,248"
12372,"40,241,131"
12373,"0,457,218"
12374,"3,147,148"
12375,"40,145,44"
12376,"4,3,238"
12377,"40,241,237"
12378,"220,10,242"
12379,"5,3,228"
12380,"340,265,0"
12381,"41,40,42"
12382,"218,475,0"
12383,"169,170,171"
12384,"306,296,169"
12385,"186,40,128"
12386,"54,10,95"
12387,"3,21,182"
12388,"3,86,85"
12389,"169,199,31"
12390,"199,169,24"
12391,"10,64,93"
12392,"339,337,169"
12393,"169,199,259"
12394,"129,40,128"
12395,"45,44,10"
12396,"11,10,12"
12397,"417,169,296"
12398,"0,235,220"
12399,"281,199,169"
12400,"23,137,105"
12401,"44,45,145"
12402,"40,324,41"
12403,"3,21,124"
12404,"44,45,145"
12405,"32,23,31"
12406,"105,23,326"
12407,"281,169,199"
12408,"10,95,24"
12409,"169,296,426"
12410,"224,41,40"
12411,"0,271,456"
12412,"54,10,145"
12413,"3,523,53"
12414,"11,205,151"
12415,"10,64,60"
12416,"3,53,21"
12417,"3,85,86"
12418,"40,151,41"
12419,"169,170,199"
12420,"0,216,211"
12421,"169,170,49"
12422,"23,74,40"
12423,"23,105,24"
12424,"40,145,44"
12425,"4,188,3"
12426,"402,31,145"
12427,"0,8,289"
12428,"40,131,406"
12429,"64,24,10"
12430,"74,23,303"
12431,"3,148,147"
12432,"220,10,221"
12433,"184,40,243"
12434,"2,1,0"
12435,"408,40,128"
12436,"26,23,89"
12437,"3,21,187"
12438,"40,149,41"
12439,"23,231,26"
12440,"40,41,42"
12441,"115,3,21"
12442,"281,169,199"
12443,"11,10,205"
12444,"3,53,30"
12445,"220,242,10"
12446,"3,28,30"
12447,"3,28,190"
12448,"11,10,109"
12449,"303,74,23"
12450,"3,4,183"
12451,"60,10,61"
12452,"0,24,11"
12453,"44,45,145"
12454,"10,220,221"
12455,"64,10,448"
12456,"40,131,406"
12457,"220,10,221"
12458,"3,21,127"
12459,"0,216,380"
12460,"281,199,169"
12461,"39,38,23"
12462,"40,195,0"
12463,"169,426,427"
12464,"3,53,523"
12465,"3,147,156"
12466,"340,265,0"
12467,"3,111,4"
12468,"3,147,148"
12469,"53,3,68"
12470,"0,271,214"
12471,"89,26,0"
12472,"169,199,343"
12473,"0,8,206"
12474,"26,350,23"
12475,"368,184,40"
12476,"23,118,74"
12477,"3,4,56"
12478,"11,10,109"
12479,"60,10,23"
12480,"43,24,23"
12481,"40,159,131"
12482,"130,128,129"
12483,"23,105,137"
12484,"111,3,119"
12485,"169,199,337"
12486,"271,0,456"
12487,"23,38,40"
12488,"169,199,417"
12489,"3,34,263"
12490,"23,89,26"
12491,"3,147,148"
12492,"138,169,135"
12493,"0,169,199"
12494,"10,64,93"
12495,"10,64,442"
12496,"220,10,242"
12497,"3,330,40"
12498,"10,11,12"
12499,"3,4,427"
12500,"64,10,448"
12501,"23,165,74"
12502,"8,308,0"
12503,"118,74,23"
12504,"34,3,263"
12505,"3,311,281"
12506,"71,145,40"
12507,"40,185,184"
12508,"3,15,16"
12509,"0,313,346"
12510,"0,265,266"
12511,"169,170,199"
12512,"147,3,148"
12513,"21,3,48"
12514,"129,128,130"
12515,"23,89,26"
12516,"40,3,160"
12517,"21,3,127"
12518,"169,311,426"
12519,"3,21,22"
12520,"10,90,64"
12521,"3,287,53"
12522,"319,211,0"
12523,"23,24,62"
12524,"54,95,10"
12525,"10,64,80"
12526,"0,235,8"
12527,"0,255,462"
12528,"40,160,423"
12529,"15,3,16"
12530,"0,38,23"
12531,"32,31,23"
12532,"24,23,49"
12533,"220,221,163"
12534,"3,111,21"
12535,"10,23,24"
12536,"11,109,205"
12537,"40,41,286"
12538,"3,21,111"
12539,"0,214,213"
12540,"130,40,129"
12541,"339,169,337"
12542,"10,11,205"
12543,"206,0,8"
12544,"23,165,74"
12545,"74,84,118"
12546,"10,44,145"
12547,"28,30,66"
12548,"3,147,15"
12549,"3,4,19"
12550,"54,322,10"
12551,"3,183,133"
12552,"40,145,395"
12553,"296,169,306"
12554,"3,21,108"
12555,"3,21,33"
12556,"169,170,459"
12557,"169,199,281"
12558,"145,40,54"
12559,"10,54,145"
12560,"0,271,313"
12561,"129,128,40"
12562,"31,32,23"
12563,"0,265,208"
12564,"49,24,23"
12565,"0,265,208"
12566,"169,135,431"
12567,"0,366,271"
12568,"0,313,216"
12569,"0,216,319"
12570,"3,309,21"
12571,"11,10,109"
12572,"21,3,182"
12573,"25,23,24"
12574,"40,139,153"
12575,"3,36,35"
12576,"21,3,127"
12577,"3,21,379"
12578,"49,23,24"
12579,"23,26,89"
12580,"45,44,145"
12581,"11,10,109"
12582,"3,30,66"
12583,"23,24,74"
12584,"3,147,148"
12585,"40,131,241"
12586,"3,85,86"
12587,"4,3,238"
12588,"66,30,3"
12589,"211,0,319"
12590,"3,53,523"
12591,"128,3,129"
12592,"350,26,23"
12593,"3,147,148"
12594,"40,241,131"
12595,"118,74,23"
12596,"131,406,40"
12597,"169,281,199"
12598,"15,3,16"
12599,"3,85,86"
12600,"3,17,168"
12601,"26,89,23"
12602,"49,23,24"
12603,"0,266,344"
12604,"23,38,309"
12605,"271,0,355"
12606,"10,64,90"
12607,"0,349,265"
12608,"40,396,395"
12609,"0,271,363"
12610,"10,60,322"
12611,"3,21,22"
12612,"350,26,23"
12613,"3,53,111"
12614,"3,523,147"
12615,"41,3,215"
12616,"0,271,422"
12617,"3,53,30"
12618,"0,2,1"
12619,"147,148,3"
12620,"3,57,5"
12621,"402,55,145"
12622,"23,24,38"
12623,"366,271,0"
12624,"10,419,11"
12625,"11,12,10"
12626,"10,54,402"
12627,"169,23,199"
12628,"21,3,53"
12629,"0,208,505"
12630,"3,293,85"
12631,"10,60,239"
12632,"249,0,279"
12633,"0,271,456"
12634,"16,15,3"
12635,"108,21,3"
12636,"3,147,148"
12637,"40,131,139"
12638,"0,266,490"
12639,"15,16,3"
12640,"3,53,0"
12641,"3,15,16"
12642,"40,41,139"
12643,"309,23,38"
12644,"74,23,118"
12645,"24,49,279"
12646,"23,169,74"
12647,"190,28,3"
12648,"93,64,10"
12649,"40,42,41"
12650,"0,23,26"
12651,"3,30,66"
12652,"402,54,10"
12653,"3,108,21"
12654,"3,53,467"
12655,"339,337,169"
12656,"0,265,349"
12657,"3,34,263"
12658,"0,355,271"
12659,"74,118,23"
12660,"10,402,40"
12661,"3,147,33"
12662,"54,10,322"
12663,"4,3,188"
12664,"23,24,62"
12665,"10,64,448"
12666,"3,13,28"
12667,"220,221,10"
12668,"40,139,153"
12669,"40,54,95"
12670,"271,361,272"
12671,"54,95,10"
12672,"3,287,53"
12673,"234,10,60"
12674,"10,59,205"
12675,"162,23,84"
12676,"139,102,40"
12677,"281,3,21"
12678,"64,10,80"
12679,"127,21,3"
12680,"131,134,40"
12681,"24,10,43"
12682,"0,8,308"
12683,"23,74,406"
12684,"59,24,23"
12685,"199,169,343"
12686,"281,169,199"
12687,"218,0,509"
12688,"89,26,23"
12689,"169,306,296"
12690,"281,169,21"
12691,"10,220,242"
12692,"3,4,183"
12693,"64,10,448"
12694,"199,169,343"
12695,"10,220,242"
12696,"3,21,115"
12697,"21,3,40"
12698,"0,456,271"
12699,"281,199,169"
12700,"40,41,201"
12701,"23,454,49"
12702,"3,267,111"
12703,"160,40,315"
12704,"0,271,291"
12705,"226,131,40"
12706,"40,145,502"
12707,"53,3,467"
12708,"23,26,89"
12709,"23,26,231"
12710,"64,93,10"
12711,"43,24,23"
12712,"10,11,109"
12713,"10,220,221"
12714,"3,21,320"
12715,"0,360,354"
12716,"151,152,40"
12717,"3,17,168"
12718,"339,169,337"
12719,"220,10,221"
12720,"40,160,149"
12721,"427,169,426"
12722,"3,21,127"
12723,"3,17,320"
12724,"40,160,149"
12725,"74,23,303"
12726,"40,44,145"
12727,"34,3,129"
12728,"21,3,48"
12729,"44,40,145"
12730,"23,105,26"
12731,"370,24,23"
12732,"0,313,346"
12733,"199,169,248"
12734,"3,21,187"
12735,"161,111,224"
12736,"71,23,24"
12737,"118,74,23"
12738,"350,26,0"
12739,"3,168,17"
12740,"3,30,66"
12741,"40,169,402"
12742,"0,271,456"
12743,"96,31,23"
12744,"17,320,3"
12745,"10,90,64"
12746,"40,131,159"
12747,"0,271,360"
12748,"0,418,446"
12749,"40,406,131"
12750,"0,291,422"
12751,"10,64,11"
12752,"0,280,271"
12753,"31,23,96"
12754,"456,271,0"
12755,"23,40,493"
12756,"10,64,24"
12757,"55,54,10"
12758,"169,170,260"
12759,"40,128,396"
12760,"23,271,26"
12761,"3,4,183"
12762,"17,168,3"
12763,"0,235,8"
12764,"0,169,199"
12765,"0,206,8"
12766,"43,24,23"
12767,"4,3,19"
12768,"220,10,221"
12769,"64,10,80"
12770,"23,74,165"
12771,"95,23,10"
12772,"0,235,8"
12773,"118,74,23"
12774,"147,3,148"
12775,"21,3,169"
12776,"10,220,242"
12777,"3,68,53"
12778,"43,23,24"
12779,"3,164,21"
12780,"26,23,89"
12781,"147,3,148"
12782,"64,10,93"
12783,"10,64,90"
12784,"16,15,3"
12785,"43,24,23"
12786,"3,33,147"
12787,"199,169,382"
12788,"0,456,271"
12789,"169,459,170"
12790,"170,260,169"
12791,"64,10,338"
12792,"231,26,23"
12793,"3,53,523"
12794,"3,4,435"
12795,"303,74,23"
12796,"23,239,49"
12797,"10,54,55"
12798,"199,323,169"
12799,"3,4,435"
12800,"402,31,40"
12801,"15,16,3"
12802,"3,68,182"
12803,"10,64,54"
12804,"10,61,60"
12805,"3,147,21"
12806,"0,8,522"
12807,"10,64,65"
12808,"3,15,16"
12809,"169,170,459"
12810,"0,279,249"
12811,"169,199,89"
12812,"64,10,80"
12813,"0,266,265"
12814,"64,10,448"
12815,"127,33,40"
12816,"3,467,53"
12817,"3,441,111"
12818,"170,169,171"
12819,"369,208,0"
12820,"169,10,170"
12821,"3,34,263"
12822,"169,0,170"
12823,"21,3,124"
12824,"169,459,417"
12825,"49,24,23"
12826,"40,131,226"
12827,"281,199,169"
12828,"169,260,170"
12829,"3,13,21"
12830,"64,448,10"
12831,"17,168,3"
12832,"10,11,12"
12833,"111,3,161"
12834,"3,85,21"
12835,"26,0,23"
12836,"64,10,93"
12837,"3,16,168"
12838,"40,139,153"
12839,"220,10,221"
12840,"3,15,16"
12841,"0,313,314"
12842,"165,74,23"
12843,"131,307,241"
12844,"3,17,320"
12845,"23,26,89"
12846,"40,146,145"
12847,"3,30,66"
12848,"3,28,364"
12849,"220,221,10"
12850,"8,0,128"
12851,"3,53,99"
12852,"375,3,4"
12853,"127,40,102"
12854,"54,95,10"
12855,"260,169,170"
12856,"11,10,12"
12857,"0,340,265"
12858,"21,3,108"
12859,"220,221,10"
12860,"169,199,296"
12861,"3,4,7"
12862,"15,16,3"
12863,"0,265,490"
12864,"3,21,108"
12865,"3,21,108"
12866,"220,10,242"
12867,"10,64,90"
12868,"3,21,115"
12869,"206,0,8"
12870,"168,17,3"
12871,"31,328,23"
12872,"281,169,21"
12873,"10,64,80"
12874,"23,309,3"
12875,"0,213,214"
12876,"45,44,95"
12877,"3,4,435"
12878,"220,242,10"
12879,"3,17,320"
12880,"0,206,8"
12881,"3,147,148"
12882,"30,3,66"
12883,"131,40,241"
12884,"421,229,0"
12885,"171,169,199"
12886,"3,144,15"
12887,"162,163,40"
12888,"3,34,111"
12889,"3,21,22"
12890,"23,89,26"
12891,"3,147,203"
12892,"169,0,128"
12893,"118,74,23"
12894,"0,271,355"
12895,"40,41,42"
12896,"89,26,23"
12897,"169,343,199"
12898,"8,391,0"
12899,"169,31,454"
12900,"40,128,129"
12901,"3,21,187"
12902,"281,199,169"
12903,"0,366,271"
12904,"40,41,0"
12905,"43,24,23"
12906,"10,54,402"
12907,"199,281,169"
12908,"40,131,132"
12909,"45,44,145"
12910,"40,145,467"
12911,"26,89,350"
12912,"263,34,3"
12913,"3,147,148"
12914,"43,24,23"
12915,"3,34,263"
12916,"64,24,43"
12917,"23,8,0"
12918,"3,23,74"
12919,"10,23,43"
12920,"3,31,23"
12921,"10,54,95"
12922,"3,147,148"
12923,"169,199,281"
12924,"138,135,40"
12925,"220,221,10"
12926,"23,74,38"
12927,"169,152,151"
12928,"147,3,148"
12929,"127,21,3"
12930,"25,67,44"
12931,"216,23,89"
12932,"0,8,206"
12933,"0,271,456"
12934,"3,28,66"
12935,"220,242,10"
12936,"74,317,23"
12937,"0,206,8"
12938,"4,3,238"
12939,"145,40,44"
12940,"0,280,271"
12941,"169,171,131"
12942,"11,109,10"
12943,"340,265,0"
12944,"10,64,90"
12945,"220,242,10"
12946,"10,93,64"
12947,"23,87,137"
12948,"3,111,119"
12949,"0,169,271"
12950,"3,4,238"
12951,"10,220,221"
12952,"21,3,127"
12953,"147,148,3"
12954,"109,11,10"
12955,"3,4,238"
12956,"171,169,199"
12957,"49,24,23"
12958,"128,129,40"
12959,"0,8,265"
12960,"74,23,118"
12961,"169,199,343"
12962,"218,0,465"
12963,"165,74,23"
12964,"89,26,23"
12965,"3,168,17"
12966,"10,64,43"
12967,"3,147,148"
12968,"152,151,40"
12969,"33,3,21"
12970,"23,165,309"
12971,"40,146,145"
12972,"169,199,170"
12973,"10,220,11"
12974,"26,231,23"
12975,"296,169,411"
12976,"0,456,271"
12977,"129,40,130"
12978,"3,40,17"
12979,"3,4,238"
12980,"3,21,108"
12981,"40,241,131"
12982,"74,23,165"
12983,"10,64,93"
12984,"170,169,459"
12985,"0,2,1"
12986,"162,163,40"
12987,"3,30,66"
12988,"23,49,24"
12989,"23,25,8"
12990,"169,199,356"
12991,"402,40,145"
12992,"10,95,54"
12993,"0,271,280"
12994,"0,235,220"
12995,"10,62,11"
12996,"21,3,127"
12997,"43,24,23"
12998,"40,145,402"
12999,"10,54,23"
13000,"3,21,379"
13001,"170,329,169"
13002,"3,21,126"
13003,"3,70,4"
13004,"24,23,25"
13005,"40,3,395"
13006,"64,10,335"
13007,"3,21,187"
13008,"0,271,522"
13009,"40,145,45"
13010,"3,105,326"
13011,"17,168,18"
13012,"95,10,54"
13013,"23,74,303"
13014,"3,23,0"
13015,"44,73,145"
13016,"313,346,501"
13017,"147,167,148"
13018,"3,4,19"
13019,"0,271,291"
13020,"109,11,10"
13021,"135,40,189"
13022,"3,311,53"
13023,"10,64,93"
13024,"26,89,23"
13025,"32,23,31"
13026,"17,3,320"
13027,"40,160,315"
13028,"10,169,323"
13029,"0,214,213"
13030,"26,89,23"
13031,"169,170,199"
13032,"63,23,53"
13033,"26,89,23"
13034,"71,165,74"
13035,"0,271,456"
13036,"31,23,454"
13037,"281,169,199"
13038,"40,199,131"
13039,"223,281,169"
13040,"147,3,148"
13041,"199,169,343"
13042,"220,10,242"
13043,"218,0,512"
13044,"3,21,48"
13045,"0,26,23"
13046,"3,53,68"
13047,"169,339,337"
13048,"3,147,148"
13049,"10,220,242"
13050,"3,21,108"
13051,"40,152,41"
13052,"74,23,118"
13053,"23,74,40"
13054,"64,10,335"
13055,"137,23,38"
13056,"3,21,108"
13057,"23,26,281"
13058,"89,395,26"
13059,"199,281,169"
13060,"402,23,40"
13061,"89,313,346"
13062,"406,40,131"
13063,"296,169,306"
13064,"10,64,79"
13065,"17,320,3"
13066,"279,249,0"
13067,"23,74,303"
13068,"3,30,66"
13069,"3,74,303"
13070,"23,74,40"
13071,"220,221,10"
13072,"220,221,10"
13073,"303,23,74"
13074,"40,131,406"
13075,"149,40,160"
13076,"102,40,139"
13077,"151,152,40"
13078,"31,32,3"
13079,"43,24,23"
13080,"10,64,80"
13081,"0,214,213"
13082,"170,260,169"
13083,"10,44,54"
13084,"169,170,171"
13085,"169,281,199"
13086,"10,239,60"
13087,"85,86,3"
13088,"40,128,129"
13089,"4,3,19"
13090,"0,313,271"
13091,"241,106,105"
13092,"28,3,330"
13093,"0,213,214"
13094,"169,199,135"
13095,"23,38,137"
13096,"0,26,291"
13097,"28,364,190"
13098,"279,0,249"
13099,"40,139,41"
13100,"206,8,0"
13101,"220,10,242"
13102,"49,24,10"
13103,"40,139,41"
13104,"224,41,40"
13105,"40,131,142"
13106,"74,23,118"
13107,"31,23,10"
13108,"3,15,16"
13109,"23,62,24"
13110,"23,231,118"
13111,"40,131,139"
13112,"11,10,109"
13113,"23,74,165"
13114,"3,21,108"
13115,"118,23,74"
13116,"10,54,322"
13117,"3,147,35"
13118,"85,3,86"
13119,"0,208,369"
13120,"302,40,160"
13121,"3,4,19"
13122,"169,199,248"
13123,"456,271,0"
13124,"130,129,128"
13125,"31,10,0"
13126,"3,5,228"
13127,"402,40,145"
13128,"74,23,118"
13129,"26,231,23"
13130,"3,111,119"
13131,"0,229,208"
13132,"40,128,129"
13133,"40,184,243"
13134,"11,10,109"
13135,"258,23,96"
13136,"0,369,208"
13137,"64,10,93"
13138,"44,145,40"
13139,"23,345,24"
13140,"10,220,54"
13141,"3,21,169"
13142,"10,64,54"
13143,"0,313,346"
13144,"3,4,375"
13145,"11,109,10"
13146,"175,128,23"
13147,"3,17,56"
13148,"255,462,0"
13149,"135,40,138"
13150,"10,220,11"
13151,"3,147,156"
13152,"40,128,129"
13153,"0,8,285"
13154,"11,109,10"
13155,"3,15,16"
13156,"40,131,226"
13157,"309,38,23"
13158,"108,3,21"
13159,"0,8,271"
13160,"10,44,145"
13161,"3,325,53"
13162,"3,4,30"
13163,"3,48,284"
13164,"206,8,0"
13165,"10,11,12"
13166,"10,54,239"
13167,"10,234,11"
13168,"168,17,3"
13169,"3,4,7"
13170,"3,147,523"
13171,"3,21,23"
13172,"169,199,343"
13173,"169,199,343"
13174,"0,265,383"
13175,"3,53,523"
13176,"176,4,60"
13177,"260,170,169"
13178,"10,64,448"
13179,"24,25,23"
13180,"23,89,26"
13181,"10,64,93"
13182,"64,10,448"
13183,"24,43,23"
13184,"147,148,3"
13185,"8,0,308"
13186,"40,162,163"
13187,"220,10,221"
13188,"10,64,338"
13189,"40,131,132"
13190,"131,226,40"
13191,"3,53,523"
13192,"10,54,24"
13193,"23,495,135"
13194,"0,8,456"
13195,"0,271,291"
13196,"199,169,374"
13197,"0,271,522"
13198,"3,17,320"
13199,"339,337,169"
13200,"3,21,108"
13201,"40,146,145"
13202,"3,523,81"
13203,"113,3,53"
13204,"17,168,3"
13205,"220,221,10"
13206,"11,205,10"
13207,"10,239,60"
13208,"11,10,12"
13209,"23,31,60"
13210,"3,147,156"
13211,"40,129,128"
13212,"3,21,85"
13213,"10,54,95"
13214,"43,24,23"
13215,"3,85,293"
13216,"169,296,426"
13217,"109,11,258"
13218,"234,60,10"
13219,"3,147,188"
13220,"169,23,31"
13221,"44,45,145"
13222,"328,31,402"
13223,"0,359,291"
13224,"13,14,169"
13225,"3,168,17"
13226,"131,40,486"
13227,"3,4,15"
13228,"23,25,91"
13229,"109,393,11"
13230,"281,199,169"
13231,"169,170,199"
13232,"151,152,494"
13233,"10,60,64"
13234,"64,93,10"
13235,"286,41,40"
13236,"60,23,10"
13237,"3,30,104"
13238,"3,21,53"
13239,"3,111,119"
13240,"402,145,40"
13241,"40,145,44"
13242,"64,10,93"
13243,"220,221,10"
13244,"111,119,3"
13245,"40,131,406"
13246,"44,40,145"
13247,"64,10,335"
13248,"3,158,21"
13249,"169,199,138"
13250,"0,218,475"
13251,"23,62,24"
13252,"10,322,54"
13253,"44,145,45"
13254,"44,45,109"
13255,"10,64,79"
13256,"3,21,22"
13257,"0,208,23"
13258,"135,170,138"
13259,"3,56,17"
13260,"40,129,128"
13261,"0,271,213"
13262,"40,322,145"
13263,"169,170,199"
13264,"64,10,448"
13265,"84,74,23"
13266,"10,93,64"
13267,"10,54,95"
13268,"3,147,36"
13269,"10,11,205"
13270,"169,199,281"
13271,"64,10,80"
13272,"26,350,23"
13273,"40,151,160"
13274,"34,263,3"
13275,"131,40,241"
13276,"23,137,38"
13277,"317,23,74"
13278,"64,10,80"
13279,"197,0,31"
13280,"3,53,99"
13281,"169,53,281"
13282,"10,54,95"
13283,"26,89,23"
13284,"10,54,95"
13285,"23,303,74"
13286,"40,324,41"
13287,"169,199,170"
13288,"23,24,38"
13289,"53,325,3"
13290,"17,168,320"
13291,"10,220,221"
13292,"40,131,226"
13293,"0,271,355"
13294,"38,87,23"
13295,"3,190,21"
13296,"3,158,85"
13297,"8,206,0"
13298,"3,21,148"
13299,"10,60,93"
13300,"3,4,53"
13301,"8,0,405"
13302,"3,51,52"
13303,"0,218,8"
13304,"170,169,260"
13305,"220,10,221"
13306,"0,216,403"
13307,"129,40,128"
13308,"0,214,271"
13309,"40,152,151"
13310,"10,402,54"
13311,"17,3,168"
13312,"40,129,128"
13313,"3,147,148"
13314,"171,169,199"
13315,"402,40,145"
13316,"40,41,201"
13317,"43,24,23"
13318,"10,11,109"
13319,"169,199,281"
13320,"0,265,490"
13321,"8,0,235"
13322,"11,10,23"
13323,"402,145,40"
13324,"239,10,60"
13325,"186,324,40"
13326,"241,131,184"
13327,"169,199,248"
13328,"271,456,0"
13329,"281,199,169"
13330,"3,187,21"
13331,"0,208,521"
13332,"271,0,321"
13333,"40,145,402"
13334,"10,11,109"
13335,"3,51,135"
13336,"45,44,40"
13337,"10,64,93"
13338,"40,160,302"
13339,"23,24,10"
13340,"23,91,38"
13341,"3,53,28"
13342,"169,171,199"
13343,"64,10,448"
13344,"281,199,169"
13345,"23,105,25"
13346,"26,350,23"
13347,"169,274,296"
13348,"10,12,205"
13349,"3,111,267"
13350,"74,23,118"
13351,"0,8,235"
13352,"3,325,53"
13353,"26,350,23"
13354,"40,145,44"
13355,"0,229,421"
13356,"3,21,187"
13357,"49,23,24"
13358,"11,10,109"
13359,"23,24,59"
13360,"10,11,44"
13361,"10,11,109"
13362,"3,182,21"
13363,"45,44,40"
13364,"23,105,318"
13365,"11,109,10"
13366,"199,343,169"
13367,"4,3,183"
13368,"40,131,406"
13369,"40,215,149"
13370,"160,302,40"
13371,"0,350,285"
13372,"0,8,265"
13373,"3,198,523"
13374,"26,350,0"
13375,"31,23,96"
13376,"131,40,226"
13377,"40,139,131"
13378,"343,199,169"
13379,"169,405,339"
13380,"33,3,21"
13381,"3,21,379"
13382,"296,169,428"
13383,"220,10,221"
13384,"3,21,206"
13385,"129,128,40"
13386,"105,23,53"
13387,"3,21,168"
13388,"17,168,320"
13389,"26,23,89"
13390,"169,199,281"
13391,"40,169,199"
13392,"24,43,10"
13393,"258,23,31"
13394,"40,128,129"
13395,"23,71,74"
13396,"21,3,126"
13397,"131,406,241"
13398,"40,41,286"
13399,"44,109,11"
13400,"220,10,242"
13401,"147,156,3"
13402,"8,0,308"
13403,"3,435,4"
13404,"168,17,3"
13405,"220,10,0"
13406,"40,146,145"
13407,"54,10,93"
13408,"281,199,169"
13409,"3,15,16"
13410,"3,147,148"
13411,"214,0,213"
13412,"44,23,54"
13413,"111,3,284"
13414,"3,85,21"
13415,"129,128,40"
13416,"11,205,10"
13417,"23,38,87"
13418,"165,74,303"
13419,"23,32,31"
13420,"3,21,127"
13421,"44,145,45"
13422,"49,24,23"
13423,"3,147,148"
13424,"3,16,15"
13425,"195,128,40"
13426,"169,296,274"
13427,"95,24,54"
13428,"26,23,350"
13429,"23,137,38"
13430,"26,23,89"
13431,"3,17,168"
13432,"10,64,93"
13433,"3,4,183"
13434,"45,40,44"
13435,"3,15,85"
13436,"0,313,23"
13437,"205,11,0"
13438,"216,0,370"
13439,"10,64,93"
13440,"8,0,235"
13441,"23,25,103"
13442,"10,220,221"
13443,"40,145,44"
13444,"3,21,4"
13445,"10,23,60"
13446,"23,25,74"
13447,"23,303,44"
13448,"147,3,32"
13449,"40,241,131"
13450,"3,147,15"
13451,"3,34,17"
13452,"49,24,23"
13453,"3,4,435"
13454,"11,10,205"
13455,"26,23,231"
13456,"5,3,228"
13457,"43,24,23"
13458,"10,323,448"
13459,"74,118,23"
13460,"158,85,3"
13461,"23,89,26"
13462,"25,24,23"
13463,"3,34,53"
13464,"0,8,308"
13465,"10,60,239"
13466,"64,10,93"
13467,"24,23,43"
13468,"89,26,249"
13469,"0,265,418"
13470,"17,320,3"
13471,"281,199,169"
13472,"8,308,206"
13473,"4,3,70"
13474,"3,287,21"
13475,"10,64,338"
13476,"40,368,184"
13477,"40,149,41"
13478,"23,94,40"
13479,"89,26,23"
13480,"169,74,199"
13481,"147,3,167"
13482,"0,350,355"
13483,"23,74,38"
13484,"170,260,169"
13485,"64,10,338"
13486,"169,199,281"
13487,"0,216,271"
13488,"3,4,183"
13489,"3,111,85"
13490,"54,10,55"
13491,"169,248,199"
13492,"74,23,303"
13493,"3,53,287"
13494,"26,23,350"
13495,"165,74,303"
13496,"21,3,127"
13497,"54,10,95"
13498,"93,10,64"
13499,"3,21,108"
13500,"40,130,129"
13501,"3,119,164"
13502,"169,170,436"
13503,"3,4,19"
13504,"26,89,23"
13505,"151,152,40"
13506,"160,40,302"
13507,"26,89,23"
13508,"169,170,343"
13509,"3,48,81"
13510,"3,286,111"
13511,"3,33,21"
13512,"40,131,241"
13513,"43,24,10"
13514,"169,199,281"
13515,"3,53,325"
13516,"23,74,317"
13517,"4,3,238"
13518,"169,3,170"
13519,"3,168,17"
13520,"8,308,514"
13521,"23,38,39"
13522,"3,21,143"
13523,"59,24,11"
13524,"23,454,31"
13525,"0,360,304"
13526,"10,23,145"
13527,"23,49,24"
13528,"38,71,23"
13529,"3,53,236"
13530,"0,8,206"
13531,"23,26,231"
13532,"105,23,318"
13533,"220,221,10"
13534,"64,10,65"
13535,"74,118,23"
13536,"3,21,102"
13537,"241,131,23"
13538,"64,10,448"
13539,"62,44,23"
13540,"3,85,111"
13541,"40,131,142"
13542,"199,281,169"
13543,"311,169,0"
13544,"64,10,80"
13545,"40,131,226"
13546,"23,31,32"
13547,"26,231,23"
13548,"24,43,10"
13549,"28,3,190"
13550,"0,271,424"
13551,"40,131,406"
13552,"0,313,346"
13553,"40,129,128"
13554,"131,40,159"
13555,"10,60,61"
13556,"3,228,5"
13557,"3,85,86"
13558,"23,105,106"
13559,"8,206,0"
13560,"3,379,21"
13561,"3,34,263"
13562,"148,147,3"
13563,"10,43,24"
13564,"54,10,145"
13565,"220,10,221"
13566,"160,40,315"
13567,"3,147,148"
13568,"0,216,212"
13569,"40,146,502"
13570,"64,10,93"
13571,"0,271,355"
13572,"3,190,28"
13573,"0,208,17"
13574,"153,3,40"
13575,"3,15,85"
13576,"3,21,127"
13577,"64,10,93"
13578,"44,145,45"
13579,"356,169,160"
13580,"0,271,216"
13581,"500,3,21"
13582,"3,21,126"
13583,"21,3,41"
13584,"11,10,109"
13585,"517,208,3"
13586,"131,241,40"
13587,"10,64,93"
13588,"281,199,169"
13589,"3,21,126"
13590,"0,265,208"
13591,"3,111,123"
13592,"23,26,89"
13593,"10,64,93"
13594,"3,15,167"
13595,"10,64,93"
13596,"0,271,490"
13597,"3,127,21"
13598,"206,0,8"
13599,"3,99,53"
13600,"0,265,271"
13601,"23,31,32"
13602,"23,231,26"
13603,"3,21,34"
13604,"199,169,281"
13605,"43,23,24"
13606,"184,185,40"
13607,"3,34,263"
13608,"64,442,23"
13609,"0,265,218"
13610,"3,15,16"
13611,"43,24,23"
13612,"170,459,169"
13613,"3,21,85"
13614,"3,17,21"
13615,"0,265,349"
13616,"151,152,494"
13617,"459,170,169"
13618,"3,147,148"
13619,"3,21,127"
13620,"23,49,24"
13621,"21,3,33"
13622,"271,455,0"
13623,"5,3,6"
13624,"281,23,26"
13625,"64,10,93"
13626,"23,128,165"
13627,"64,10,90"
13628,"0,8,206"
13629,"40,367,292"
13630,"3,111,125"
13631,"0,271,456"
13632,"74,23,118"
13633,"10,43,95"
13634,"21,3,127"
13635,"64,10,448"
13636,"13,204,3"
13637,"10,60,23"
13638,"40,139,141"
13639,"169,296,306"
13640,"3,34,263"
13641,"43,24,23"
13642,"26,23,89"
13643,"23,89,26"
13644,"169,3,187"
13645,"40,131,226"
13646,"10,221,220"
13647,"49,23,24"
13648,"40,131,406"
13649,"0,206,249"
13650,"3,21,17"
13651,"0,422,216"
13652,"16,3,15"
13653,"118,74,23"
13654,"220,221,10"
13655,"220,221,10"
13656,"24,10,43"
13657,"22,3,108"
13658,"199,169,478"
13659,"135,236,40"
13660,"3,15,16"
13661,"3,15,16"
13662,"54,402,10"
13663,"3,147,176"
13664,"0,271,321"
13665,"199,356,169"
13666,"10,54,95"
13667,"10,40,45"
13668,"0,212,216"
13669,"3,153,139"
13670,"40,395,139"
13671,"303,74,23"
13672,"296,169,306"
13673,"26,231,23"
13674,"23,32,118"
13675,"74,317,23"
13676,"0,348,280"
13677,"220,221,10"
13678,"0,24,11"
13679,"3,379,21"
13680,"199,323,169"
13681,"11,10,109"
13682,"3,18,17"
13683,"0,8,206"
13684,"241,281,169"
13685,"11,10,109"
13686,"3,100,28"
13687,"220,221,10"
13688,"3,21,48"
13689,"89,26,23"
13690,"40,131,134"
13691,"23,24,145"
13692,"23,74,44"
13693,"3,53,111"
13694,"23,309,135"
13695,"3,53,147"
13696,"23,89,62"
13697,"3,199,21"
13698,"128,40,186"
13699,"3,4,435"
13700,"3,13,150"
13701,"43,24,23"
13702,"64,10,93"
13703,"220,10,242"
13704,"40,10,145"
13705,"64,80,448"
13706,"204,3,13"
13707,"224,40,66"
13708,"3,21,111"
13709,"10,64,90"
13710,"129,128,40"
13711,"10,60,239"
13712,"3,53,21"
13713,"0,349,265"
13714,"4,3,188"
13715,"313,501,0"
13716,"1,2,169"
13717,"74,23,118"
13718,"170,260,169"
13719,"40,396,128"
13720,"199,169,10"
13721,"23,74,49"
13722,"3,21,33"
13723,"169,199,170"
13724,"296,169,526"
13725,"3,53,68"
13726,"3,5,133"
13727,"13,3,204"
13728,"3,30,170"
13729,"405,8,274"
13730,"313,0,346"
13731,"3,172,21"
13732,"3,111,472"
13733,"3,21,111"
13734,"3,111,112"
13735,"10,11,205"
13736,"169,199,248"
13737,"74,23,303"
13738,"402,145,40"
13739,"0,363,280"
13740,"3,53,467"
13741,"3,21,320"
13742,"3,111,21"
13743,"26,23,231"
13744,"10,64,93"
13745,"105,67,44"
13746,"127,21,3"
13747,"23,3,345"
13748,"0,8,11"
13749,"74,23,165"
13750,"169,296,300"
13751,"21,3,127"
13752,"3,111,53"
13753,"3,5,228"
13754,"239,10,60"
13755,"473,64,10"
13756,"281,199,169"
13757,"40,160,149"
13758,"40,131,159"
13759,"40,145,524"
13760,"40,241,128"
13761,"0,279,249"
13762,"220,10,221"
13763,"10,64,93"
13764,"10,64,93"
13765,"3,16,15"
13766,"169,171,199"
13767,"271,355,0"
13768,"281,199,169"
13769,"44,45,145"
13770,"265,0,349"
13771,"260,170,169"
13772,"3,111,53"
13773,"40,131,486"
13774,"64,93,10"
13775,"44,45,145"
13776,"3,28,30"
13777,"11,10,205"
13778,"71,23,38"
13779,"0,208,521"
13780,"0,380,77"
13781,"456,0,271"
13782,"3,34,263"
13783,"4,238,3"
13784,"23,24,105"
13785,"3,53,188"
13786,"40,44,145"
13787,"0,218,465"
13788,"25,24,23"
13789,"4,3,19"
13790,"129,40,128"
13791,"3,34,263"
13792,"10,60,64"
13793,"3,30,66"
13794,"24,23,59"
13795,"220,221,10"
13796,"64,80,10"
13797,"138,135,40"
13798,"23,25,24"
13799,"169,199,259"
13800,"147,3,148"
13801,"118,74,23"
13802,"152,151,40"
13803,"17,168,3"
13804,"3,126,21"
13805,"89,26,23"
13806,"23,26,89"
13807,"220,221,10"
13808,"169,143,170"
13809,"406,131,241"
13810,"49,24,23"
13811,"220,10,242"
13812,"220,10,242"
13813,"59,24,23"
13814,"21,126,3"
13815,"169,69,40"
13816,"11,10,205"
13817,"4,19,70"
13818,"23,24,345"
13819,"26,23,89"
13820,"64,10,43"
13821,"3,30,66"
13822,"0,280,265"
13823,"23,24,74"
13824,"23,303,74"
13825,"10,95,54"
13826,"3,53,15"
13827,"74,118,23"
13828,"4,3,238"
13829,"32,31,23"
13830,"0,271,456"
13831,"17,18,168"
13832,"3,53,111"
13833,"296,169,411"
13834,"195,128,0"
13835,"169,199,311"
13836,"0,8,206"
13837,"64,10,80"
13838,"66,30,3"
13839,"0,319,211"
13840,"40,145,194"
13841,"3,40,127"
13842,"54,10,40"
13843,"3,4,183"
13844,"40,128,241"
13845,"43,24,23"
13846,"64,10,448"
13847,"0,265,349"
13848,"64,10,93"
13849,"21,3,187"
13850,"13,150,14"
13851,"23,40,38"
13852,"147,3,148"
13853,"26,89,23"
13854,"3,21,187"
13855,"0,271,456"
13856,"21,3,187"
13857,"10,60,43"
13858,"10,64,448"
13859,"147,148,3"
13860,"0,271,456"
13861,"220,221,10"
13862,"40,146,145"
13863,"96,31,131"
13864,"0,327,265"
13865,"220,221,10"
13866,"3,21,53"
13867,"23,89,26"
13868,"23,309,40"
13869,"3,53,172"
13870,"3,112,111"
13871,"32,31,23"
13872,"23,77,283"
13873,"3,13,150"
13874,"23,118,231"
13875,"64,0,26"
13876,"3,18,17"
13877,"23,26,350"
13878,"40,129,128"
13879,"64,10,338"
13880,"220,10,221"
13881,"10,64,90"
13882,"96,147,23"
13883,"3,28,190"
13884,"77,40,31"
13885,"3,158,301"
13886,"0,265,340"
13887,"220,221,242"
13888,"40,128,129"
13889,"524,402,145"
13890,"3,111,34"
13891,"3,17,168"
13892,"64,10,65"
13893,"44,45,23"
13894,"89,26,40"
13895,"10,239,54"
13896,"128,195,40"
13897,"169,426,296"
13898,"40,41,324"
13899,"61,10,60"
13900,"343,199,169"
13901,"271,0,456"
13902,"3,21,187"
13903,"64,10,93"
13904,"170,169,459"
13905,"21,3,108"
13906,"16,15,3"
13907,"45,44,145"
13908,"165,23,74"
13909,"40,160,334"
13910,"224,40,41"
13911,"3,187,21"
13912,"350,26,23"
13913,"40,131,132"
13914,"169,274,426"
13915,"220,242,10"
13916,"26,23,231"
13917,"8,0,405"
13918,"10,64,93"
13919,"169,170,3"
13920,"3,148,147"
13921,"40,160,41"
13922,"231,26,23"
13923,"3,21,53"
13924,"3,523,53"
13925,"64,10,93"
13926,"40,128,186"
13927,"143,34,169"
13928,"184,283,185"
13929,"71,38,23"
13930,"3,4,238"
13931,"40,241,3"
13932,"17,3,168"
13933,"25,145,40"
13934,"26,23,350"
13935,"3,111,224"
13936,"151,152,40"
13937,"339,337,169"
13938,"3,21,168"
13939,"11,10,12"
13940,"10,54,95"
13941,"162,163,40"
13942,"296,169,411"
13943,"25,23,24"
13944,"10,220,221"
13945,"64,10,65"
13946,"220,10,242"
13947,"10,12,11"
13948,"23,74,128"
13949,"3,57,5"
13950,"8,0,405"
13951,"3,17,168"
13952,"205,11,10"
13953,"0,417,169"
13954,"169,459,374"
13955,"4,3,19"
13956,"3,4,19"
13957,"169,199,170"
13958,"296,169,428"
13959,"10,93,64"
13960,"3,21,48"
13961,"296,169,336"
13962,"118,74,23"
13963,"169,296,8"
13964,"0,271,291"
13965,"40,395,128"
13966,"53,3,40"
13967,"0,216,212"
13968,"0,235,257"
13969,"0,313,346"
13970,"3,30,66"
13971,"3,16,15"
13972,"199,169,281"
13973,"138,135,40"
13974,"118,74,23"
13975,"456,271,0"
13976,"3,68,53"
13977,"0,216,380"
13978,"145,44,40"
13979,"0,271,2"
13980,"23,109,44"
13981,"151,152,128"
13982,"231,26,23"
13983,"3,30,53"
13984,"111,3,284"
13985,"111,3,112"
13986,"64,10,338"
13987,"220,242,221"
13988,"16,15,3"
13989,"3,30,66"
13990,"64,10,93"
13991,"31,23,96"
13992,"10,64,65"
13993,"3,147,203"
13994,"40,195,128"
13995,"3,17,320"
13996,"93,10,64"
13997,"3,447,18"
13998,"40,131,406"
13999,"3,53,523"
14000,"23,49,24"
14001,"0,255,271"
14002,"4,7,19"
14003,"366,0,271"
14004,"44,145,40"
14005,"21,3,48"
14006,"54,10,173"
14007,"3,17,320"
14008,"10,11,12"
14009,"220,221,10"
14010,"64,80,10"
14011,"10,60,93"
14012,"3,21,108"
14013,"3,5,13"
14014,"169,170,199"
14015,"0,214,213"
14016,"40,139,155"
14017,"34,3,143"
14018,"40,131,159"
14019,"3,147,148"
14020,"3,301,21"
14021,"199,169,281"
14022,"367,40,292"
14023,"109,11,10"
14024,"312,169,426"
14025,"3,85,379"
14026,"146,40,145"
14027,"129,128,40"
14028,"0,216,422"
14029,"34,3,263"
14030,"303,23,74"
14031,"3,108,22"
14032,"3,85,147"
14033,"131,40,226"
14034,"96,31,23"
14035,"89,26,23"
14036,"40,131,226"
14037,"40,41,224"
14038,"23,26,89"
14039,"137,23,38"
14040,"40,494,184"
14041,"0,216,257"
14042,"3,4,51"
14043,"64,10,448"
14044,"3,21,187"
14045,"3,14,13"
14046,"5,3,228"
14047,"10,64,80"
14048,"206,8,0"
14049,"169,171,199"
14050,"53,105,3"
14051,"23,74,303"
14052,"64,10,93"
14053,"171,169,199"
14054,"138,135,40"
14055,"42,41,40"
14056,"0,271,522"
14057,"89,26,23"
14058,"3,53,287"
14059,"23,74,303"
14060,"0,271,522"
14061,"89,26,23"
14062,"23,74,24"
14063,"128,129,40"
14064,"3,66,30"
14065,"44,145,45"
14066,"21,3,108"
14067,"40,145,146"
14068,"3,21,187"
14069,"129,128,130"
14070,"23,26,350"
14071,"23,74,165"
14072,"3,290,147"
14073,"0,313,346"
14074,"0,366,271"
14075,"10,239,64"
14076,"199,169,356"
14077,"169,199,343"
14078,"16,15,3"
14079,"26,89,23"
14080,"0,354,216"
14081,"3,21,15"
14082,"40,186,128"
14083,"169,170,199"
14084,"64,10,93"
14085,"184,40,243"
14086,"40,151,152"
14087,"3,523,53"
14088,"11,10,109"
14089,"40,128,129"
14090,"406,40,131"
14091,"10,54,173"
14092,"224,161,111"
14093,"0,339,337"
14094,"23,74,303"
14095,"31,96,23"
14096,"23,71,165"
14097,"23,74,303"
14098,"85,158,3"
14099,"3,147,15"
14100,"4,19,3"
14101,"145,10,44"
14102,"401,3,13"
14103,"8,0,285"
14104,"40,324,41"
14105,"4,3,238"
14106,"265,349,0"
14107,"3,21,148"
14108,"3,53,220"
14109,"23,24,31"
14110,"131,40,132"
14111,"23,47,24"
14112,"105,23,318"
14113,"40,131,226"
14114,"131,406,40"
14115,"3,21,108"
14116,"281,3,199"
14117,"231,26,23"
14118,"64,10,93"
14119,"0,218,208"
14120,"220,10,242"
14121,"23,26,38"
14122,"64,448,10"
14123,"3,4,7"
14124,"23,317,74"
14125,"3,156,147"
14126,"128,40,23"
14127,"169,170,260"
14128,"40,131,226"
14129,"74,63,23"
14130,"23,74,118"
14131,"10,3,17"
14132,"160,40,334"
14133,"40,131,134"
14134,"49,24,23"
14135,"40,41,42"
14136,"0,216,304"
14137,"40,131,134"
14138,"11,109,10"
14139,"0,271,291"
14140,"169,199,459"
14141,"0,354,214"
14142,"43,24,23"
14143,"3,21,108"
14144,"23,31,49"
14145,"366,0,271"
14146,"184,185,40"
14147,"184,40,368"
14148,"62,24,23"
14149,"3,147,148"
14150,"0,348,280"
14151,"0,216,277"
14152,"220,10,221"
14153,"0,211,319"
14154,"0,206,8"
14155,"3,187,21"
14156,"10,64,93"
14157,"3,133,5"
14158,"0,208,216"
14159,"156,3,147"
14160,"43,24,23"
14161,"64,10,335"
14162,"24,265,0"
14163,"40,131,142"
14164,"10,64,93"
14165,"199,169,356"
14166,"8,0,206"
14167,"10,11,109"
14168,"3,34,263"
14169,"24,59,23"
14170,"220,10,221"
14171,"15,16,3"
14172,"131,226,406"
14173,"199,61,169"
14174,"220,10,221"
14175,"3,17,320"
14176,"169,199,170"
14177,"3,28,30"
14178,"199,169,343"
14179,"138,135,40"
14180,"40,215,41"
14181,"32,23,31"
14182,"44,45,145"
14183,"23,3,32"
14184,"3,158,5"
14185,"169,199,323"
14186,"13,3,204"
14187,"43,23,24"
14188,"3,156,147"
14189,"3,53,188"
14190,"3,21,108"
14191,"26,231,23"
14192,"0,265,271"
14193,"26,23,350"
14194,"271,0,456"
14195,"32,31,66"
14196,"3,168,17"
14197,"23,24,59"
14198,"26,89,23"
14199,"169,199,356"
14200,"13,14,3"
14201,"8,0,391"
14202,"3,53,287"
14203,"21,3,40"
14204,"258,31,23"
14205,"170,169,260"
14206,"265,0,340"
14207,"11,10,109"
14208,"206,369,0"
14209,"0,271,522"
14210,"0,235,220"
14211,"40,160,152"
14212,"199,169,323"
14213,"40,140,100"
14214,"129,128,130"
14215,"10,64,65"
14216,"265,0,340"
14217,"303,74,23"
14218,"0,216,304"
14219,"3,21,17"
14220,"3,379,21"
14221,"0,456,271"
14222,"140,139,40"
14223,"343,169,199"
14224,"235,0,8"
14225,"26,89,23"
14226,"40,224,41"
14227,"40,153,139"
14228,"10,23,60"
14229,"24,23,43"
14230,"24,43,23"
14231,"10,11,109"
14232,"406,40,131"
14233,"0,485,214"
14234,"0,213,214"
14235,"23,74,317"
14236,"222,100,3"
14237,"90,10,64"
14238,"23,82,38"
14239,"218,0,13"
14240,"17,168,3"
14241,"3,147,21"
14242,"8,308,0"
14243,"10,54,402"
14244,"23,163,162"
14245,"135,23,38"
14246,"0,271,456"
14247,"84,23,74"
14248,"3,34,263"
14249,"169,260,170"
14250,"89,26,23"
14251,"8,206,0"
14252,"21,3,127"
14253,"54,258,23"
14254,"0,351,218"
14255,"203,147,3"
14256,"3,15,16"
14257,"220,10,242"
14258,"145,40,45"
14259,"287,3,53"
14260,"23,89,26"
14261,"10,11,12"
14262,"128,195,3"
14263,"11,205,109"
14264,"3,21,127"
14265,"3,21,48"
14266,"135,40,250"
14267,"11,10,109"
14268,"64,448,10"
14269,"0,8,405"
14270,"281,169,199"
14271,"21,3,115"
14272,"10,220,221"
14273,"3,15,16"
14274,"169,260,170"
14275,"127,21,3"
14276,"105,495,23"
14277,"17,168,3"
14278,"328,254,216"
14279,"21,3,139"
14280,"40,131,406"
14281,"40,186,128"
14282,"24,23,43"
14283,"242,220,25"
14284,"3,111,472"
14285,"105,23,106"
14286,"10,64,338"
14287,"23,32,31"
14288,"4,3,238"
14289,"129,128,130"
14290,"4,3,19"
14291,"74,75,23"
14292,"0,280,271"
14293,"89,26,23"
14294,"64,10,80"
14295,"40,194,100"
14296,"40,395,128"
14297,"271,0,456"
14298,"0,376,265"
14299,"3,85,150"
14300,"0,313,346"
14301,"199,169,356"
14302,"10,60,239"
14303,"4,3,238"
14304,"402,40,145"
14305,"3,53,325"
14306,"231,26,23"
14307,"40,44,145"
14308,"40,145,44"
14309,"4,3,19"
14310,"64,10,93"
14311,"169,306,296"
14312,"0,280,348"
14313,"54,10,95"
14314,"279,249,0"
14315,"296,169,411"
14316,"330,3,70"
14317,"0,342,2"
14318,"43,24,23"
14319,"3,4,238"
14320,"21,3,126"
14321,"68,53,3"
14322,"3,147,148"
14323,"265,349,0"
14324,"0,340,265"
14325,"10,64,345"
14326,"169,31,199"
14327,"16,3,15"
14328,"313,26,346"
14329,"206,0,8"
14330,"10,64,80"
14331,"281,169,199"
14332,"147,3,148"
14333,"3,228,5"
14334,"10,64,93"
14335,"40,160,423"
14336,"296,169,411"
14337,"0,169,254"
14338,"0,216,304"
14339,"23,24,109"
14340,"234,10,60"
14341,"3,21,379"
14342,"3,5,57"
14343,"26,23,8"
14344,"169,199,170"
14345,"19,4,3"
14346,"281,199,169"
14347,"129,128,40"
14348,"3,158,22"
14349,"281,199,169"
14350,"296,169,460"
14351,"23,24,43"
14352,"0,254,216"
14353,"169,459,199"
14354,"126,3,21"
14355,"40,395,128"
14356,"220,10,242"
14357,"40,241,131"
14358,"296,169,526"
14359,"24,23,25"
14360,"10,64,93"
14361,"0,265,271"
14362,"3,4,174"
14363,"169,170,53"
14364,"0,271,21"
14365,"40,423,41"
14366,"21,3,48"
14367,"134,131,40"
14368,"3,4,238"
14369,"60,10,61"
14370,"26,23,89"
14371,"44,45,73"
14372,"10,93,64"
14373,"3,28,190"
14374,"218,13,14"
14375,"96,10,31"
14376,"44,23,24"
14377,"60,10,53"
14378,"220,10,242"
14379,"74,23,118"
14380,"40,128,186"
14381,"3,36,147"
14382,"265,0,349"
14383,"3,48,21"
14384,"165,74,23"
14385,"3,127,21"
14386,"0,271,280"
14387,"3,15,16"
14388,"169,171,199"
14389,"44,145,45"
14390,"301,21,3"
14391,"0,216,169"
14392,"32,31,406"
14393,"64,10,93"
14394,"263,34,3"
14395,"11,10,12"
14396,"0,273,8"
14397,"4,3,435"
14398,"169,199,170"
14399,"129,128,40"
14400,"3,4,238"
14401,"11,109,10"
14402,"93,64,10"
14403,"419,168,40"
14404,"11,109,10"
14405,"3,22,21"
14406,"169,170,271"
14407,"24,23,43"
14408,"3,30,66"
14409,"40,160,423"
14410,"40,151,152"
14411,"111,3,112"
14412,"40,128,162"
14413,"220,221,10"
14414,"40,45,145"
14415,"0,280,218"
14416,"105,23,326"
14417,"23,454,31"
14418,"111,3,112"
14419,"40,131,142"
14420,"10,60,197"
14421,"171,169,170"
14422,"31,32,3"
14423,"10,11,419"
14424,"40,131,128"
14425,"40,129,128"
14426,"234,60,10"
14427,"220,10,221"
14428,"0,271,216"
14429,"64,448,80"
14430,"40,396,395"
14431,"23,32,31"
14432,"135,138,40"
14433,"10,11,109"
14434,"21,3,108"
14435,"3,68,111"
14436,"3,5,111"
14437,"16,15,3"
14438,"23,113,296"
14439,"71,23,38"
14440,"109,45,11"
14441,"26,89,23"
14442,"0,313,271"
14443,"10,60,74"
14444,"3,34,21"
14445,"26,89,350"
14446,"23,165,74"
14447,"3,21,147"
14448,"144,3,15"
14449,"129,128,40"
14450,"10,64,93"
14451,"25,24,23"
14452,"40,128,195"
14453,"105,23,10"
14454,"160,40,166"
14455,"3,147,15"
14456,"40,131,134"
14457,"23,309,38"
14458,"40,145,44"
14459,"4,19,3"
14460,"10,64,93"
14461,"0,271,361"
14462,"220,221,10"
14463,"10,54,322"
14464,"402,40,145"
14465,"40,115,21"
14466,"17,168,3"
14467,"138,135,40"
14468,"0,271,265"
14469,"25,24,23"
14470,"40,130,129"
14471,"10,23,60"
14472,"64,10,93"
14473,"10,60,64"
14474,"26,23,350"
14475,"11,109,10"
14476,"23,38,137"
14477,"10,54,95"
14478,"32,31,23"
14479,"3,147,148"
14480,"89,26,23"
14481,"3,35,36"
14482,"3,53,23"
14483,"40,145,146"
14484,"3,147,148"
14485,"3,182,21"
14486,"3,4,183"
14487,"112,111,3"
14488,"4,19,3"
14489,"84,23,74"
14490,"3,21,187"
14491,"43,24,23"
14492,"296,460,169"
14493,"3,13,14"
14494,"31,328,23"
14495,"54,10,95"
14496,"169,170,199"
14497,"3,51,287"
14498,"40,131,406"
14499,"369,0,206"
14500,"40,151,152"
14501,"3,147,148"
14502,"63,23,38"
14503,"44,45,145"
14504,"158,3,301"
14505,"10,64,239"
14506,"41,40,286"
14507,"118,74,23"
14508,"10,64,54"
14509,"3,147,203"
14510,"158,3,85"
14511,"11,10,109"
14512,"220,10,221"
14513,"23,24,59"
14514,"23,74,38"
14515,"0,23,328"
14516,"23,402,328"
14517,"44,40,45"
14518,"23,32,31"
14519,"40,146,145"
14520,"147,3,148"
14521,"11,10,12"
14522,"220,221,10"
14523,"169,199,323"
14524,"3,113,53"
14525,"17,168,320"
14526,"40,151,152"
14527,"3,28,190"
14528,"280,0,348"
14529,"199,169,26"
14530,"3,21,53"
14531,"11,10,12"
14532,"3,111,21"
14533,"26,23,89"
14534,"0,272,361"
14535,"40,140,139"
14536,"10,93,64"
14537,"0,216,257"
14538,"3,187,21"
14539,"3,147,15"
14540,"17,168,320"
14541,"0,271,456"
14542,"11,10,109"
14543,"3,30,4"
14544,"402,145,40"
14545,"199,169,343"
14546,"10,93,64"
14547,"23,38,137"
14548,"23,74,283"
14549,"54,10,95"
14550,"40,152,151"
14551,"23,74,317"
14552,"160,302,40"
14553,"0,313,346"
14554,"191,40,0"
14555,"171,199,169"
14556,"231,26,23"
14557,"40,215,41"
14558,"3,15,21"
14559,"3,21,108"
14560,"3,4,219"
14561,"10,220,221"
14562,"40,131,226"
14563,"287,3,53"
14564,"168,17,3"
14565,"168,10,17"
14566,"43,24,23"
14567,"291,271,0"
14568,"23,32,31"
14569,"3,147,148"
14570,"64,93,10"
14571,"3,15,85"
14572,"40,31,328"
14573,"158,85,3"
14574,"23,89,26"
14575,"40,302,160"
14576,"10,220,221"
14577,"10,64,93"
14578,"40,146,41"
14579,"3,147,85"
14580,"220,242,10"
14581,"64,93,10"
14582,"10,60,24"
14583,"4,3,238"
14584,"220,221,10"
14585,"128,130,129"
14586,"23,345,24"
14587,"139,40,153"
14588,"3,474,284"
14589,"3,4,111"
14590,"23,91,38"
14591,"23,49,24"
14592,"3,111,21"
14593,"281,169,3"
14594,"23,74,303"
14595,"43,24,23"
14596,"68,53,3"
14597,"64,10,93"
14598,"40,45,44"
14599,"49,23,24"
14600,"21,3,108"
14601,"3,28,13"
14602,"139,153,40"
14603,"23,31,32"
14604,"40,145,44"
14605,"456,0,271"
14606,"281,169,199"
14607,"3,34,169"
14608,"3,4,238"
14609,"456,0,271"
14610,"129,128,130"
14611,"4,3,238"
14612,"74,23,118"
14613,"44,49,45"
14614,"10,64,93"
14615,"10,64,90"
14616,"10,64,80"
14617,"40,146,149"
14618,"10,11,205"
14619,"74,165,303"
14620,"0,211,319"
14621,"23,74,303"
14622,"10,205,11"
14623,"169,199,171"
14624,"199,169,171"
14625,"64,10,80"
14626,"108,21,3"
14627,"395,187,3"
14628,"8,0,308"
14629,"3,127,21"
14630,"11,10,205"
14631,"11,205,10"
14632,"296,169,306"
14633,"220,10,221"
14634,"40,186,128"
14635,"10,60,197"
14636,"3,13,53"
14637,"220,10,221"
14638,"45,44,145"
14639,"105,23,262"
14640,"169,0,199"
14641,"3,21,267"
14642,"3,21,187"
14643,"220,242,10"
14644,"40,41,42"
14645,"8,308,0"
14646,"3,53,5"
14647,"71,38,23"
14648,"3,148,147"
14649,"508,426,169"
14650,"199,169,0"
14651,"3,111,161"
14652,"0,8,410"
14653,"229,230,0"
14654,"40,324,41"
14655,"3,111,21"
14656,"3,21,40"
14657,"13,3,14"
14658,"74,23,118"
14659,"40,160,41"
14660,"40,128,408"
14661,"40,160,315"
14662,"10,54,95"
14663,"38,23,40"
14664,"40,146,184"
14665,"74,303,23"
14666,"206,0,8"
14667,"40,131,139"
14668,"10,64,239"
14669,"3,5,6"
14670,"23,74,105"
14671,"127,3,53"
14672,"3,156,147"
14673,"0,271,342"
14674,"380,0,216"
14675,"3,41,40"
14676,"40,129,128"
14677,"16,15,3"
14678,"169,199,248"
14679,"169,199,343"
14680,"0,456,271"
14681,"23,38,74"
14682,"40,135,141"
14683,"406,40,131"
14684,"3,85,158"
14685,"10,64,93"
14686,"24,43,23"
14687,"111,161,224"
14688,"3,34,263"
14689,"3,53,325"
14690,"10,64,93"
14691,"74,317,23"
14692,"71,23,38"
14693,"296,169,420"
14694,"40,160,315"
14695,"43,24,23"
14696,"160,315,40"
14697,"44,145,40"
14698,"0,265,340"
14699,"3,30,147"
14700,"290,31,3"
14701,"40,135,244"
14702,"40,41,128"
14703,"3,108,21"
14704,"3,85,158"
14705,"40,162,41"
14706,"147,3,156"
14707,"17,320,3"
14708,"3,21,127"
14709,"24,49,23"
14710,"169,296,0"
14711,"169,259,199"
14712,"169,170,274"
14713,"206,8,0"
14714,"169,405,8"
14715,"32,31,23"
14716,"10,95,54"
14717,"3,125,267"
14718,"74,118,23"
14719,"10,90,64"
14720,"139,153,140"
14721,"40,406,131"
14722,"44,45,40"
14723,"148,147,3"
14724,"0,10,265"
14725,"220,221,10"
14726,"44,109,11"
14727,"23,89,26"
14728,"23,26,44"
14729,"40,13,139"
14730,"64,10,93"
14731,"0,235,220"
14732,"21,3,187"
14733,"126,21,3"
14734,"220,10,221"
14735,"3,111,147"
14736,"239,60,10"
14737,"23,197,74"
14738,"4,3,19"
14739,"211,319,0"
14740,"220,242,10"
14741,"220,221,10"
14742,"10,64,338"
14743,"40,243,146"
14744,"131,40,406"
14745,"64,10,448"
14746,"23,74,303"
14747,"0,271,456"
14748,"31,23,454"
14749,"74,23,303"
14750,"74,23,118"
14751,"524,145,322"
14752,"171,131,199"
14753,"10,79,64"
14754,"0,216,380"
14755,"40,41,139"
14756,"271,0,426"
14757,"3,15,16"
14758,"40,131,31"
14759,"241,131,40"
14760,"85,3,86"
14761,"170,169,459"
14762,"3,147,156"
14763,"10,72,12"
14764,"199,169,343"
14765,"3,21,40"
14766,"169,199,343"
14767,"48,21,40"
14768,"226,40,131"
14769,"118,74,23"
14770,"0,361,272"
14771,"24,49,23"
14772,"0,291,522"
14773,"21,124,3"
14774,"17,168,3"
14775,"3,21,108"
14776,"3,34,29"
14777,"169,259,199"
14778,"3,53,523"
14779,"66,30,3"
14780,"169,170,0"
14781,"40,145,402"
14782,"8,0,514"
14783,"147,3,148"
14784,"23,24,49"
14785,"23,137,38"
14786,"147,148,3"
14787,"10,54,80"
14788,"31,77,23"
14789,"10,448,64"
14790,"350,26,23"
14791,"160,40,302"
14792,"49,23,24"
14793,"10,44,45"
14794,"10,64,90"
14795,"40,146,145"
14796,"3,30,66"
14797,"23,74,317"
14798,"40,146,145"
14799,"0,170,216"
14800,"23,38,91"
14801,"459,169,170"
14802,"169,260,170"
14803,"3,228,5"
14804,"23,26,89"
14805,"0,271,254"
14806,"3,126,21"
14807,"40,494,184"
14808,"43,24,23"
14809,"3,17,168"
14810,"4,3,19"
14811,"3,53,467"
14812,"0,216,304"
14813,"3,21,127"
14814,"24,23,10"
14815,"24,23,25"
14816,"3,204,13"
14817,"11,10,205"
14818,"10,220,221"
14819,"89,23,26"
14820,"74,23,84"
14821,"85,158,86"
14822,"40,138,135"
14823,"0,266,471"
14824,"281,199,169"
14825,"3,53,367"
14826,"6,5,228"
14827,"0,516,490"
14828,"3,183,4"
14829,"40,128,130"
14830,"23,74,303"
14831,"3,17,18"
14832,"220,242,221"
14833,"11,10,109"
14834,"0,462,255"
14835,"231,23,26"
14836,"100,40,222"
14837,"40,41,324"
14838,"71,23,38"
14839,"220,10,221"
14840,"0,271,355"
14841,"3,30,66"
14842,"26,350,23"
14843,"32,23,31"
14844,"147,148,3"
14845,"169,296,199"
14846,"129,128,40"
14847,"21,3,40"
14848,"40,160,149"
14849,"3,28,111"
14850,"220,10,221"
14851,"147,148,3"
14852,"23,74,317"
14853,"0,255,271"
14854,"11,10,12"
14855,"26,23,350"
14856,"40,129,128"
14857,"0,8,206"
14858,"40,224,41"
14859,"49,23,24"
14860,"40,131,159"
14861,"3,21,127"
14862,"21,3,124"
14863,"201,40,160"
14864,"41,40,224"
14865,"40,146,145"
14866,"3,21,325"
14867,"3,30,21"
14868,"45,44,145"
14869,"40,315,160"
14870,"23,24,26"
14871,"11,10,109"
14872,"4,3,183"
14873,"3,16,15"
14874,"220,242,221"
14875,"169,199,281"
14876,"17,168,3"
14877,"147,3,148"
14878,"220,242,10"
14879,"3,34,46"
14880,"112,111,3"
14881,"0,271,199"
14882,"3,21,187"
14883,"23,49,24"
14884,"73,10,11"
14885,"4,3,19"
14886,"23,26,89"
14887,"23,89,26"
14888,"26,350,23"
14889,"3,13,14"
14890,"147,148,3"
14891,"10,64,80"
14892,"33,3,21"
14893,"3,34,46"
14894,"96,258,31"
14895,"0,265,340"
14896,"281,199,169"
14897,"40,145,44"
14898,"105,23,318"
14899,"265,349,0"
14900,"10,54,95"
14901,"74,317,23"
14902,"40,131,134"
14903,"10,402,54"
14904,"170,169,459"
14905,"281,40,199"
14906,"45,44,40"
14907,"135,138,40"
14908,"40,151,152"
14909,"26,23,231"
14910,"3,13,122"
14911,"40,395,250"
14912,"0,216,277"
14913,"40,131,241"
14914,"0,24,11"
14915,"64,10,80"
14916,"23,24,59"
14917,"199,281,169"
14918,"3,17,168"
14919,"199,169,281"
14920,"23,74,24"
14921,"296,169,371"
14922,"40,41,224"
14923,"43,23,24"
14924,"0,456,26"
14925,"0,213,280"
14926,"3,147,30"
14927,"11,10,109"
14928,"40,226,131"
14929,"3,21,126"
14930,"339,337,169"
14931,"26,89,23"
14932,"23,44,25"
14933,"220,10,0"
14934,"169,199,96"
14935,"417,169,296"
14936,"0,360,214"
14937,"241,131,40"
14938,"23,38,118"
14939,"3,53,21"
14940,"0,271,361"
14941,"220,10,242"
14942,"287,3,53"
14943,"3,168,17"
14944,"3,21,108"
14945,"40,160,41"
14946,"3,435,4"
14947,"74,317,23"
14948,"296,169,306"
14949,"426,53,3"
14950,"10,40,159"
14951,"3,147,198"
14952,"54,95,10"
14953,"0,313,346"
14954,"23,309,3"
14955,"77,31,23"
14956,"128,195,129"
14957,"131,226,406"
14958,"10,80,54"
14959,"40,131,406"
14960,"139,153,40"
14961,"23,38,26"
14962,"23,26,8"
14963,"0,271,361"
14964,"40,478,131"
14965,"23,26,89"
14966,"169,459,343"
14967,"147,148,3"
14968,"23,105,74"
14969,"4,3,19"
14970,"40,129,128"
14971,"42,40,21"
14972,"23,49,24"
14973,"23,38,137"
14974,"64,10,65"
14975,"171,169,199"
14976,"23,26,89"
14977,"456,271,0"
14978,"281,169,199"
14979,"10,64,93"
14980,"23,0,513"
14981,"131,40,226"
14982,"3,126,21"
14983,"40,324,186"
14984,"271,0,355"
14985,"313,346,23"
14986,"0,8,410"
14987,"89,0,26"
14988,"10,23,393"
14989,"23,96,31"
14990,"3,17,168"
14991,"73,25,44"
14992,"0,271,291"
14993,"3,4,435"
14994,"4,3,7"
14995,"3,48,21"
14996,"64,10,93"
14997,"169,199,323"
14998,"43,24,23"
14999,"10,64,93"
15000,"40,151,152"
15001,"3,85,111"
15002,"169,356,199"
15003,"11,10,109"
15004,"169,199,170"
15005,"118,74,23"
15006,"131,40,226"
15007,"49,24,23"
15008,"49,23,10"
15009,"169,170,436"
15010,"3,320,17"
15011,"131,406,40"
15012,"40,128,195"
15013,"21,3,127"
15014,"11,10,205"
15015,"3,147,15"
15016,"169,199,171"
15017,"3,21,401"
15018,"54,95,40"
15019,"171,199,169"
15020,"74,118,23"
15021,"169,199,231"
15022,"40,149,41"
15023,"64,10,80"
15024,"158,85,86"
15025,"8,308,26"
15026,"3,17,168"
15027,"3,21,127"
15028,"77,0,23"
15029,"40,226,131"
15030,"303,74,23"
15031,"0,355,271"
15032,"139,40,153"
15033,"3,148,147"
15034,"85,3,158"
15035,"3,147,85"
15036,"3,28,190"
15037,"3,21,379"
15038,"271,0,456"
15039,"0,216,254"
15040,"220,10,221"
15041,"169,23,296"
15042,"10,64,448"
15043,"206,8,0"
15044,"21,3,127"
15045,"164,3,21"
15046,"3,53,287"
15047,"89,23,26"
15048,"23,40,74"
15049,"64,10,93"
15050,"135,236,295"
15051,"4,3,238"
15052,"3,34,447"
15053,"170,260,169"
15054,"0,212,216"
15055,"309,38,23"
15056,"0,26,8"
15057,"40,145,44"
15058,"3,21,53"
15059,"23,26,89"
15060,"64,10,93"
15061,"169,199,323"
15062,"147,3,148"
15063,"199,169,323"
15064,"11,109,10"
15065,"169,296,336"
15066,"40,286,139"
15067,"3,21,108"
15068,"3,21,53"
15069,"3,68,53"
15070,"3,111,112"
15071,"4,3,435"
15072,"3,85,21"
15073,"112,3,111"
15074,"40,135,128"
15075,"169,296,428"
15076,"3,21,127"
15077,"24,43,23"
15078,"220,221,10"
15079,"3,147,148"
15080,"10,60,197"
15081,"0,355,8"
15082,"49,24,23"
15083,"74,23,40"
15084,"131,40,226"
15085,"10,11,64"
15086,"220,221,10"
15087,"0,265,349"
15088,"118,74,23"
15089,"346,23,313"
15090,"271,456,169"
15091,"4,19,238"
15092,"3,127,21"
15093,"402,40,145"
15094,"3,21,108"
15095,"169,3,170"
15096,"40,149,41"
15097,"11,10,109"
15098,"0,211,319"
15099,"0,271,362"
15100,"40,141,139"
15101,"127,40,42"
15102,"3,53,111"
15103,"17,168,3"
15104,"3,85,86"
15105,"0,418,265"
15106,"43,24,23"
15107,"0,169,199"
15108,"10,25,220"
15109,"23,38,94"
15110,"169,339,337"
15111,"3,204,13"
15112,"23,165,74"
15113,"25,23,24"
15114,"40,146,145"
15115,"131,40,486"
15116,"3,156,147"
15117,"10,11,205"
15118,"11,109,10"
15119,"271,0,456"
15120,"147,148,3"
15121,"3,15,16"
15122,"402,40,145"
15123,"40,145,24"
15124,"40,23,24"
15125,"40,139,395"
15126,"3,4,19"
15127,"220,10,221"
15128,"0,212,211"
15129,"26,231,23"
15130,"40,131,406"
15131,"25,24,23"
15132,"10,64,448"
15133,"4,3,19"
15134,"3,21,52"
15135,"3,183,4"
15136,"152,151,40"
15137,"135,138,459"
15138,"160,40,423"
15139,"23,38,74"
15140,"26,350,23"
15141,"84,74,23"
15142,"3,30,4"
15143,"24,43,23"
15144,"220,10,221"
15145,"23,32,74"
15146,"3,34,21"
15147,"216,380,0"
15148,"313,0,346"
15149,"43,24,23"
15150,"40,145,44"
15151,"10,64,54"
15152,"220,242,10"
15153,"28,190,3"
15154,"3,53,523"
15155,"96,31,23"
15156,"281,169,199"
15157,"0,313,277"
15158,"23,43,24"
15159,"3,147,148"
15160,"49,24,23"
15161,"171,199,169"
15162,"3,28,111"
15163,"26,89,23"
15164,"220,10,221"
15165,"199,323,169"
15166,"53,3,0"
15167,"296,169,417"
15168,"3,147,85"
15169,"40,152,151"
15170,"23,25,91"
15171,"4,3,435"
15172,"3,4,174"
15173,"10,43,24"
15174,"199,169,343"
15175,"17,320,3"
15176,"10,60,64"
15177,"169,199,281"
15178,"3,21,379"
15179,"197,54,95"
15180,"21,3,127"
15181,"3,21,33"
15182,"25,220,10"
15183,"220,10,242"
15184,"3,325,15"
15185,"169,296,371"
15186,"23,303,74"
15187,"3,30,66"
15188,"0,271,363"
15189,"402,145,40"
15190,"3,4,183"
15191,"0,206,249"
15192,"3,48,21"
15193,"23,91,26"
15194,"3,21,379"
15195,"145,44,40"
15196,"271,0,355"
15197,"3,147,148"
15198,"3,5,385"
15199,"40,131,226"
15200,"169,131,241"
15201,"40,128,131"
15202,"3,68,182"
15203,"49,24,23"
15204,"40,44,145"
15205,"0,265,271"
15206,"105,3,262"
15207,"3,21,124"
15208,"3,21,17"
15209,"0,208,265"
15210,"220,10,242"
15211,"220,10,242"
15212,"34,3,263"
15213,"3,21,53"
15214,"44,145,40"
15215,"21,3,127"
15216,"0,456,271"
15217,"23,303,105"
15218,"10,11,205"
15219,"40,41,324"
15220,"45,44,145"
15221,"211,319,0"
15222,"43,24,23"
15223,"169,323,64"
15224,"26,350,23"
15225,"40,135,131"
15226,"40,139,131"
15227,"11,10,12"
15228,"169,170,23"
15229,"40,131,132"
15230,"10,64,93"
15231,"23,26,89"
15232,"279,0,249"
15233,"3,13,14"
15234,"169,296,306"
15235,"402,10,54"
15236,"3,22,108"
15237,"135,431,40"
15238,"199,169,281"
15239,"220,10,242"
15240,"10,95,54"
15241,"44,45,40"
15242,"169,170,199"
15243,"11,205,10"
15244,"64,10,448"
15245,"3,21,127"
15246,"64,10,80"
15247,"0,271,208"
15248,"23,32,31"
15249,"32,31,23"
15250,"3,147,167"
15251,"281,199,169"
15252,"54,10,95"
15253,"23,345,40"
15254,"23,317,140"
15255,"0,216,304"
15256,"0,271,280"
15257,"281,169,199"
15258,"131,40,406"
15259,"226,40,131"
15260,"111,3,119"
15261,"3,21,379"
15262,"406,131,226"
15263,"10,44,67"
15264,"220,10,242"
15265,"74,303,23"
15266,"40,131,406"
15267,"74,23,165"
15268,"138,135,40"
15269,"21,396,3"
15270,"340,265,0"
15271,"34,3,263"
15272,"187,3,21"
15273,"11,205,10"
15274,"220,10,221"
15275,"0,456,271"
15276,"134,131,40"
15277,"3,30,66"
15278,"343,199,169"
15279,"10,64,65"
15280,"3,4,287"
15281,"3,53,21"
15282,"23,137,38"
15283,"317,74,23"
15284,"44,145,72"
15285,"89,26,23"
15286,"3,21,126"
15287,"169,170,10"
15288,"169,0,199"
15289,"148,147,3"
15290,"220,10,173"
15291,"3,53,21"
15292,"3,17,21"
15293,"3,168,17"
15294,"64,10,93"
15295,"64,10,448"
15296,"10,54,95"
15297,"11,10,205"
15298,"0,522,265"
15299,"339,337,169"
15300,"3,21,127"
15301,"3,28,190"
15302,"3,364,4"
15303,"31,258,23"
15304,"296,460,169"
15305,"40,131,139"
15306,"131,40,226"
15307,"169,199,281"
15308,"10,95,54"
15309,"40,145,44"
15310,"135,21,3"
15311,"169,199,382"
15312,"3,21,182"
15313,"169,199,281"
15314,"241,131,40"
15315,"169,199,323"
15316,"0,376,265"
15317,"40,149,41"
15318,"3,4,238"
15319,"44,45,145"
15320,"169,199,260"
15321,"456,271,0"
15322,"23,118,74"
15323,"0,271,522"
15324,"0,271,304"
15325,"0,271,291"
15326,"356,199,169"
15327,"0,348,280"
15328,"3,219,53"
15329,"11,109,10"
15330,"26,89,23"
15331,"17,168,3"
15332,"0,8,235"
15333,"169,170,260"
15334,"10,220,242"
15335,"3,21,127"
15336,"74,317,303"
15337,"3,34,187"
15338,"3,21,147"
15339,"40,145,44"
15340,"0,265,418"
15341,"23,38,199"
15342,"301,21,3"
15343,"74,23,303"
15344,"206,8,0"
15345,"3,147,16"
15346,"10,11,109"
15347,"3,53,523"
15348,"3,53,17"
15349,"199,169,343"
15350,"3,85,21"
15351,"0,271,456"
15352,"169,170,459"
15353,"64,10,80"
15354,"74,40,128"
15355,"145,44,40"
15356,"23,454,31"
15357,"89,26,23"
15358,"44,145,40"
15359,"40,131,226"
15360,"11,205,10"
15361,"379,3,21"
15362,"112,111,3"
15363,"3,301,21"
15364,"23,24,25"
15365,"64,93,10"
15366,"40,131,406"
15367,"118,74,107"
15368,"131,40,226"
15369,"44,40,145"
15370,"40,131,241"
15371,"3,21,164"
15372,"169,170,323"
15373,"135,141,40"
15374,"3,66,30"
15375,"44,145,40"
15376,"23,49,24"
15377,"40,241,131"
15378,"0,235,220"
15379,"23,26,89"
15380,"0,8,355"
15381,"0,208,403"
15382,"291,0,271"
15383,"10,60,61"
15384,"33,3,21"
15385,"3,147,148"
15386,"281,169,199"
15387,"64,93,10"
15388,"40,128,129"
15389,"151,40,152"
15390,"16,15,3"
15391,"26,89,23"
15392,"3,28,190"
15393,"3,21,53"
15394,"77,23,31"
15395,"111,3,123"
15396,"328,31,23"
15397,"160,40,334"
15398,"220,242,10"
15399,"220,10,242"
15400,"10,60,61"
15401,"0,361,272"
15402,"239,10,60"
15403,"0,304,216"
15404,"40,145,44"
15405,"10,64,448"
15406,"17,168,3"
15407,"96,23,31"
15408,"0,26,23"
15409,"23,87,3"
15410,"3,147,148"
15411,"16,15,3"
15412,"0,456,271"
15413,"16,15,3"
15414,"169,13,204"
15415,"0,23,255"
15416,"10,234,54"
15417,"184,40,185"
15418,"220,221,10"
15419,"53,3,523"
15420,"0,271,456"
15421,"309,23,38"
15422,"38,23,137"
15423,"0,266,265"
15424,"31,454,23"
15425,"0,265,266"
15426,"271,0,352"
15427,"169,199,356"
15428,"40,131,406"
15429,"0,360,271"
15430,"43,24,23"
15431,"43,24,23"
15432,"126,3,21"
15433,"32,31,23"
15434,"10,64,93"
15435,"40,10,54"
15436,"40,3,21"
15437,"3,21,111"
15438,"220,10,221"
15439,"3,21,187"
15440,"26,89,23"
15441,"10,11,109"
15442,"44,145,45"
15443,"40,44,145"
15444,"10,43,64"
15445,"3,21,127"
15446,"162,163,23"
15447,"124,21,3"
15448,"139,155,153"
15449,"23,82,39"
15450,"343,199,169"
15451,"40,123,41"
15452,"40,160,315"
15453,"169,454,31"
15454,"0,255,218"
15455,"3,21,187"
15456,"3,148,147"
15457,"26,89,40"
15458,"158,3,85"
15459,"135,138,40"
15460,"44,45,145"
15461,"0,235,8"
15462,"21,3,126"
15463,"3,66,30"
15464,"11,109,73"
15465,"3,21,164"
15466,"8,405,0"
15467,"0,314,277"
15468,"220,10,221"
15469,"3,30,66"
15470,"44,145,40"
15471,"0,319,211"
15472,"0,313,501"
15473,"283,23,74"
15474,"220,10,221"
15475,"112,111,3"
15476,"139,40,153"
15477,"10,11,205"
15478,"169,199,170"
15479,"40,145,44"
15480,"17,168,320"
15481,"169,199,426"
15482,"73,40,145"
15483,"199,169,248"
15484,"3,68,472"
15485,"23,74,165"
15486,"303,74,23"
15487,"0,211,319"
15488,"3,34,263"
15489,"3,17,116"
15490,"0,361,271"
15491,"24,59,23"
15492,"169,199,0"
15493,"3,21,22"
15494,"3,4,435"
15495,"10,93,60"
15496,"169,170,171"
15497,"169,248,199"
15498,"0,280,255"
15499,"3,337,111"
15500,"265,0,490"
15501,"147,3,148"
15502,"64,10,93"
15503,"40,131,132"
15504,"23,25,10"
15505,"41,40,224"
15506,"0,216,169"
15507,"138,135,40"
15508,"111,3,119"
15509,"23,62,11"
15510,"87,23,38"
15511,"271,456,0"
15512,"64,80,10"
15513,"3,5,228"
15514,"169,306,296"
15515,"296,134,74"
15516,"40,406,131"
15517,"23,32,31"
15518,"205,11,10"
15519,"169,356,199"
15520,"10,61,60"
15521,"40,184,185"
15522,"10,60,61"
15523,"168,17,3"
15524,"0,216,304"
15525,"40,41,42"
15526,"151,152,494"
15527,"3,228,5"
15528,"31,96,169"
15529,"0,271,291"
15530,"3,108,21"
15531,"134,40,131"
15532,"3,46,21"
15533,"405,8,169"
15534,"64,10,93"
15535,"3,4,435"
15536,"40,131,406"
15537,"40,162,163"
15538,"23,345,24"
15539,"11,10,205"
15540,"3,170,169"
15541,"231,26,23"
15542,"23,318,47"
15543,"231,26,23"
15544,"3,85,388"
15545,"10,64,65"
15546,"3,21,111"
15547,"10,24,43"
15548,"3,21,108"
15549,"204,13,14"
15550,"10,93,60"
15551,"3,41,21"
15552,"23,10,60"
15553,"23,232,38"
15554,"10,220,221"
15555,"8,0,391"
15556,"93,10,64"
15557,"3,21,85"
15558,"3,4,435"
15559,"23,74,10"
15560,"3,21,48"
15561,"220,10,242"
15562,"3,21,108"
15563,"226,40,131"
15564,"3,99,53"
15565,"4,3,238"
15566,"3,21,33"
15567,"43,23,24"
15568,"10,60,61"
15569,"43,10,24"
15570,"131,226,406"
15571,"34,3,46"
15572,"64,10,65"
15573,"126,3,21"
15574,"169,170,417"
15575,"0,8,206"
15576,"17,3,320"
15577,"43,24,23"
15578,"64,10,93"
15579,"199,169,281"
15580,"0,8,391"
15581,"352,0,271"
15582,"107,74,23"
15583,"0,206,8"
15584,"0,273,265"
15585,"220,10,221"
15586,"4,3,375"
15587,"10,64,54"
15588,"170,459,169"
15589,"170,169,171"
15590,"23,74,165"
15591,"23,25,24"
15592,"93,10,64"
15593,"23,31,454"
15594,"122,13,3"
15595,"220,10,242"
15596,"10,54,402"
15597,"3,126,112"
15598,"40,146,145"
15599,"0,291,444"
15600,"3,267,111"
15601,"3,21,108"
15602,"74,23,63"
15603,"31,23,258"
15604,"170,169,0"
15605,"40,145,67"
15606,"3,21,379"
15607,"170,169,380"
15608,"0,8,285"
15609,"40,132,131"
15610,"158,301,3"
15611,"3,187,21"
15612,"23,165,74"
15613,"147,3,148"
15614,"14,11,10"
15615,"10,402,54"
15616,"118,74,23"
15617,"129,128,40"
15618,"64,10,448"
15619,"64,93,10"
15620,"64,10,79"
15621,"3,21,127"
15622,"40,193,131"
15623,"40,185,184"
15624,"199,169,248"
15625,"128,129,40"
15626,"3,21,164"
15627,"8,0,405"
15628,"199,281,169"
15629,"3,4,183"
15630,"3,53,287"
15631,"40,128,408"
15632,"0,446,279"
15633,"170,169,459"
15634,"3,16,15"
15635,"0,8,285"
15636,"64,448,10"
15637,"40,160,315"
15638,"54,10,95"
15639,"40,408,128"
15640,"0,214,271"
15641,"11,109,10"
15642,"279,0,249"
15643,"40,41,324"
15644,"146,40,145"
15645,"309,69,11"
15646,"346,313,26"
15647,"0,8,235"
15648,"147,148,3"
15649,"263,3,34"
15650,"0,216,304"
15651,"3,16,15"
15652,"405,169,8"
15653,"10,64,80"
15654,"21,3,187"
15655,"3,21,187"
15656,"3,53,6"
15657,"40,131,226"
15658,"10,64,93"
15659,"44,40,145"
15660,"0,271,456"
15661,"3,34,21"
15662,"23,91,38"
15663,"23,91,38"
15664,"0,265,490"
15665,"199,169,281"
15666,"3,147,156"
15667,"14,13,204"
15668,"40,128,129"
15669,"231,169,23"
15670,"118,141,135"
15671,"272,271,0"
15672,"145,40,44"
15673,"220,10,221"
15674,"10,109,11"
15675,"17,3,168"
15676,"0,271,516"
15677,"0,8,405"
15678,"135,244,40"
15679,"105,23,106"
15680,"135,431,281"
15681,"169,171,199"
15682,"0,271,291"
15683,"0,462,255"
15684,"3,21,126"
15685,"3,21,127"
15686,"43,24,23"
15687,"23,169,26"
15688,"3,21,187"
15689,"24,49,23"
15690,"257,216,0"
15691,"184,40,185"
15692,"128,129,40"
15693,"10,11,109"
15694,"281,169,199"
15695,"0,265,266"
15696,"4,3,435"
15697,"11,109,205"
15698,"10,239,60"
15699,"23,74,31"
15700,"10,239,60"
15701,"23,74,303"
15702,"0,279,249"
15703,"169,199,343"
15704,"4,3,19"
15705,"3,21,187"
15706,"3,30,21"
15707,"16,15,3"
15708,"111,3,119"
15709,"313,346,0"
15710,"158,85,86"
15711,"3,4,183"
15712,"40,524,145"
15713,"4,3,19"
15714,"40,131,132"
15715,"170,169,459"
15716,"40,131,226"
15717,"43,23,24"
15718,"231,0,271"
15719,"40,406,131"
15720,"10,220,221"
15721,"4,3,238"
15722,"131,193,171"
15723,"204,13,3"
15724,"35,36,0"
15725,"31,0,109"
15726,"258,31,23"
15727,"4,3,176"
15728,"169,199,281"
15729,"193,406,131"
15730,"459,237,169"
15731,"3,85,53"
15732,"0,271,209"
15733,"350,0,23"
15734,"3,21,108"
15735,"3,5,228"
15736,"303,23,74"
15737,"0,271,444"
15738,"49,24,23"
15739,"40,205,23"
15740,"49,24,23"
15741,"313,346,501"
15742,"0,319,211"
15743,"0,209,208"
15744,"23,105,326"
15745,"23,105,106"
15746,"11,12,10"
15747,"11,10,109"
15748,"43,24,10"
15749,"255,0,462"
15750,"3,17,168"
15751,"3,21,187"
15752,"296,169,306"
15753,"0,208,369"
15754,"17,168,3"
15755,"4,3,19"
15756,"3,111,4"
15757,"23,24,109"
15758,"131,40,406"
15759,"60,61,10"
15760,"44,45,145"
15761,"23,38,91"
15762,"26,350,23"
15763,"129,40,128"
15764,"3,21,41"
15765,"281,199,169"
15766,"111,161,3"
15767,"96,3,31"
15768,"32,23,31"
15769,"21,3,102"
15770,"3,21,48"
15771,"169,296,427"
15772,"309,23,38"
15773,"169,199,343"
15774,"0,265,349"
15775,"0,271,366"
15776,"0,8,206"
15777,"40,152,151"
15778,"44,45,145"
15779,"43,24,23"
15780,"171,199,169"
15781,"14,3,13"
15782,"0,346,313"
15783,"10,64,80"
15784,"3,5,228"
15785,"402,145,40"
15786,"23,26,89"
15787,"54,95,40"
15788,"3,85,21"
15789,"11,10,109"
15790,"64,10,93"
15791,"169,199,171"
15792,"85,3,86"
15793,"10,64,448"
15794,"0,235,220"
15795,"220,221,10"
15796,"3,228,5"
15797,"3,21,190"
15798,"4,3,174"
15799,"0,218,465"
15800,"220,221,10"
15801,"139,153,40"
15802,"126,3,21"
15803,"169,171,199"
15804,"147,3,148"
15805,"4,3,435"
15806,"521,208,0"
15807,"0,271,291"
15808,"3,34,15"
15809,"169,296,336"
15810,"54,10,95"
15811,"74,165,23"
15812,"41,40,42"
15813,"220,10,242"
15814,"41,224,40"
15815,"3,21,379"
15816,"199,169,343"
15817,"118,23,74"
15818,"454,31,169"
15819,"0,218,465"
15820,"11,10,12"
15821,"3,5,228"
15822,"10,64,338"
15823,"109,11,44"
15824,"281,169,199"
15825,"40,131,226"
15826,"23,24,25"
15827,"23,89,26"
15828,"89,26,169"
15829,"340,265,0"
15830,"3,148,147"
15831,"17,168,3"
15832,"21,3,127"
15833,"402,10,145"
15834,"25,24,23"
15835,"3,17,168"
15836,"23,84,74"
15837,"23,38,74"
15838,"40,184,185"
15839,"10,64,93"
15840,"169,281,199"
15841,"169,199,248"
15842,"339,337,169"
15843,"64,10,448"
15844,"16,15,3"
15845,"64,10,335"
15846,"11,205,10"
15847,"49,24,23"
15848,"10,64,448"
15849,"23,26,89"
15850,"23,48,21"
15851,"23,137,38"
15852,"3,21,30"
15853,"43,24,23"
15854,"171,169,199"
15855,"23,31,53"
15856,"146,145,502"
15857,"4,3,19"
15858,"3,53,85"
15859,"8,0,308"
15860,"26,231,23"
15861,"8,308,0"
15862,"49,24,23"
15863,"4,3,435"
15864,"220,10,242"
15865,"74,317,23"
15866,"340,265,0"
15867,"3,15,34"
15868,"0,360,213"
15869,"11,10,205"
15870,"40,152,151"
15871,"10,43,24"
15872,"49,23,24"
15873,"3,21,127"
15874,"0,304,216"
15875,"151,152,40"
15876,"0,501,313"
15877,"64,10,93"
15878,"23,24,193"
15879,"102,21,3"
15880,"40,41,317"
15881,"3,147,148"
15882,"265,0,349"
15883,"61,60,10"
15884,"49,24,23"
15885,"3,21,187"
15886,"89,23,26"
15887,"40,41,395"
15888,"10,239,60"
15889,"0,366,271"
15890,"3,30,28"
15891,"40,186,128"
15892,"4,3,238"
15893,"3,53,68"
15894,"211,319,0"
15895,"4,3,19"
15896,"139,153,40"
15897,"162,163,40"
15898,"0,255,218"
15899,"31,23,258"
15900,"350,26,23"
15901,"0,218,465"
15902,"45,54,95"
15903,"220,10,242"
15904,"0,340,265"
15905,"3,108,21"
15906,"23,25,24"
15907,"171,169,199"
15908,"3,13,204"
15909,"164,3,36"
15910,"26,231,23"
15911,"162,163,128"
15912,"0,279,254"
15913,"281,199,169"
15914,"3,153,139"
15915,"21,3,33"
15916,"40,135,141"
15917,"226,40,131"
15918,"0,280,348"
15919,"135,138,40"
15920,"206,8,0"
15921,"16,3,15"
15922,"10,64,93"
15923,"220,10,221"
15924,"220,10,221"
15925,"64,10,93"
15926,"40,131,226"
15927,"8,0,308"
15928,"3,21,17"
15929,"281,169,199"
15930,"10,93,64"
15931,"8,0,285"
15932,"3,21,127"
15933,"3,34,237"
15934,"49,24,23"
15935,"199,169,323"
15936,"11,109,10"
15937,"5,3,385"
15938,"10,402,145"
15939,"187,3,21"
15940,"169,405,8"
15941,"118,74,23"
15942,"40,131,406"
15943,"54,402,10"
15944,"26,23,169"
15945,"23,59,24"
15946,"147,3,148"
15947,"24,43,23"
15948,"23,31,74"
15949,"3,34,263"
15950,"0,271,355"
15951,"10,221,220"
15952,"40,41,42"
15953,"220,10,242"
15954,"402,40,145"
15955,"10,95,54"
15956,"3,66,30"
15957,"0,271,362"
15958,"151,152,40"
15959,"3,4,19"
15960,"40,131,21"
15961,"53,135,3"
15962,"0,265,340"
15963,"3,17,320"
15964,"3,15,16"
15965,"40,395,396"
15966,"3,21,28"
15967,"64,10,93"
15968,"369,208,0"
15969,"0,370,216"
15970,"165,74,317"
15971,"3,30,66"
15972,"3,287,21"
15973,"40,145,402"
15974,"220,10,221"
15975,"10,60,93"
15976,"43,23,24"
15977,"10,220,11"
15978,"3,85,86"
15979,"3,34,263"
15980,"145,40,44"
15981,"220,10,242"
15982,"456,0,271"
15983,"10,12,11"
15984,"271,0,456"
15985,"3,30,21"
15986,"220,242,10"
15987,"23,303,74"
15988,"0,383,100"
15989,"23,309,38"
15990,"3,21,126"
15991,"220,10,221"
15992,"10,23,31"
15993,"26,89,23"
15994,"45,145,40"
15995,"459,170,169"
15996,"11,10,109"
15997,"89,23,26"
15998,"3,22,17"
15999,"169,281,199"
16000,"40,151,152"
16001,"40,128,129"
16002,"64,448,10"
16003,"3,183,210"
16004,"40,145,402"
16005,"169,3,199"
16006,"24,43,23"
16007,"151,152,40"
16008,"170,171,169"
16009,"3,147,148"
16010,"0,475,218"
16011,"74,322,283"
16012,"224,41,40"
16013,"3,86,85"
16014,"3,85,53"
16015,"165,74,23"
16016,"271,0,522"
16017,"24,25,23"
16018,"146,40,145"
16019,"153,139,40"
16020,"281,199,169"
16021,"111,3,119"
16022,"3,158,85"
16023,"3,53,23"
16024,"169,281,199"
16025,"45,44,145"
16026,"220,10,221"
16027,"0,150,40"
16028,"127,40,21"
16029,"3,30,66"
16030,"10,54,93"
16031,"21,127,3"
16032,"64,10,448"
16033,"3,5,17"
16034,"0,265,349"
16035,"220,10,242"
16036,"0,277,304"
16037,"38,23,137"
16038,"10,0,448"
16039,"41,127,42"
16040,"0,8,218"
16041,"289,128,0"
16042,"3,53,124"
16043,"206,8,0"
16044,"16,15,3"
16045,"296,169,526"
16046,"3,187,21"
16047,"10,220,54"
16048,"3,85,147"
16049,"131,40,241"
16050,"54,95,10"
16051,"74,23,303"
16052,"138,135,40"
16053,"226,40,131"
16054,"32,31,3"
16055,"3,53,147"
16056,"169,199,281"
16057,"23,26,89"
16058,"40,41,215"
16059,"8,206,0"
16060,"454,31,220"
16061,"0,8,308"
16062,"4,3,238"
16063,"10,64,93"
16064,"3,21,127"
16065,"53,0,3"
16066,"17,3,168"
16067,"271,0,456"
16068,"3,21,190"
16069,"128,40,129"
16070,"0,304,216"
16071,"3,13,53"
16072,"17,3,168"
16073,"169,170,508"
16074,"118,107,74"
16075,"74,23,317"
16076,"40,160,315"
16077,"40,160,423"
16078,"0,214,213"
16079,"169,199,281"
16080,"0,218,266"
16081,"3,4,435"
16082,"26,89,23"
16083,"3,21,108"
16084,"64,10,80"
16085,"3,127,33"
16086,"3,17,168"
16087,"169,199,248"
16088,"40,226,131"
16089,"135,250,23"
16090,"135,250,309"
16091,"10,64,93"
16092,"3,4,435"
16093,"10,220,221"
16094,"26,231,23"
16095,"3,66,30"
16096,"206,0,8"
16097,"199,169,323"
16098,"26,23,89"
16099,"3,4,238"
16100,"271,456,0"
16101,"63,23,38"
16102,"0,235,8"
16103,"10,64,448"
16104,"147,156,3"
16105,"3,0,21"
16106,"23,31,38"
16107,"0,521,208"
16108,"220,221,10"
16109,"3,156,147"
16110,"23,91,38"
16111,"3,30,21"
16112,"456,0,271"
16113,"10,54,95"
16114,"21,3,115"
16115,"8,206,0"
16116,"220,242,10"
16117,"10,64,79"
16118,"11,10,109"
16119,"23,74,38"
16120,"131,40,406"
16121,"147,13,3"
16122,"40,145,146"
16123,"13,204,14"
16124,"0,366,271"
16125,"3,168,17"
16126,"0,271,291"
16127,"169,199,259"
16128,"23,118,74"
16129,"171,169,199"
16130,"10,0,54"
16131,"43,23,24"
16132,"319,211,0"
16133,"3,4,183"
16134,"265,0,490"
16135,"248,169,237"
16136,"128,195,40"
16137,"220,10,221"
16138,"127,40,21"
16139,"10,11,109"
16140,"3,34,447"
16141,"49,23,10"
16142,"23,26,350"
16143,"77,31,23"
16144,"271,0,456"
16145,"131,40,406"
16146,"10,220,221"
16147,"23,74,506"
16148,"10,64,93"
16149,"220,221,10"
16150,"24,23,43"
16151,"3,21,17"
16152,"43,24,23"
16153,"170,169,260"
16154,"89,26,23"
16155,"3,4,183"
16156,"3,21,148"
16157,"168,17,3"
16158,"44,11,145"
16159,"395,21,3"
16160,"3,147,21"
16161,"220,221,10"
16162,"3,156,21"
16163,"25,24,23"
16164,"85,158,3"
16165,"206,0,369"
16166,"10,64,90"
16167,"17,3,320"
16168,"3,4,238"
16169,"10,64,448"
16170,"44,45,145"
16171,"350,26,23"
16172,"3,156,147"
16173,"0,271,249"
16174,"3,148,147"
16175,"199,169,259"
16176,"0,272,361"
16177,"3,34,46"
16178,"0,3,21"
16179,"0,8,285"
16180,"3,10,169"
16181,"21,187,3"
16182,"3,147,148"
16183,"169,199,281"
16184,"43,24,23"
16185,"10,64,90"
16186,"3,210,4"
16187,"281,199,169"
16188,"10,54,95"
16189,"3,85,66"
16190,"74,118,23"
16191,"10,90,64"
16192,"10,109,11"
16193,"10,54,173"
16194,"0,403,208"
16195,"3,111,21"
16196,"40,195,128"
16197,"28,190,0"
16198,"3,21,127"
16199,"24,43,23"
16200,"23,74,40"
16201,"10,64,80"
16202,"169,199,170"
16203,"3,21,108"
16204,"3,48,21"
16205,"0,271,456"
16206,"128,130,129"
16207,"3,21,13"
16208,"11,12,10"
16209,"3,21,126"
16210,"16,15,3"
16211,"3,15,16"
16212,"3,4,174"
16213,"417,169,296"
16214,"169,199,259"
16215,"10,64,109"
16216,"118,23,74"
16217,"3,147,148"
16218,"402,145,40"
16219,"3,190,30"
16220,"0,257,235"
16221,"3,85,158"
16222,"54,10,402"
16223,"85,3,86"
16224,"40,524,10"
16225,"102,21,3"
16226,"40,131,142"
16227,"0,206,8"
16228,"3,147,148"
16229,"74,23,49"
16230,"115,3,21"
16231,"23,31,24"
16232,"3,15,16"
16233,"10,64,338"
16234,"10,11,205"
16235,"151,152,40"
16236,"23,43,10"
16237,"64,10,448"
16238,"10,168,3"
16239,"169,170,248"
16240,"10,323,60"
16241,"3,4,238"
16242,"10,64,93"
16243,"0,216,257"
16244,"169,199,323"
16245,"125,111,267"
16246,"40,44,145"
16247,"21,3,126"
16248,"169,170,199"
16249,"74,23,303"
16250,"220,10,221"
16251,"0,216,257"
16252,"40,160,128"
16253,"3,21,523"
16254,"3,147,148"
16255,"199,323,169"
16256,"3,85,52"
16257,"25,242,220"
16258,"171,199,169"
16259,"3,21,102"
16260,"0,271,277"
16261,"17,3,168"
16262,"218,10,509"
16263,"161,3,224"
16264,"171,199,169"
16265,"64,10,448"
16266,"265,0,340"
16267,"3,182,68"
16268,"0,218,265"
16269,"10,239,64"
16270,"31,258,23"
16271,"40,131,241"
16272,"23,24,25"
16273,"64,10,93"
16274,"3,4,174"
16275,"281,169,223"
16276,"3,30,66"
16277,"3,4,183"
16278,"0,216,304"
16279,"40,160,423"
16280,"44,45,145"
16281,"3,85,86"
16282,"32,23,31"
16283,"0,216,380"
16284,"111,3,119"
16285,"437,23,10"
16286,"40,160,302"
16287,"40,128,243"
16288,"3,21,15"
16289,"24,43,23"
16290,"10,93,64"
16291,"199,323,10"
16292,"10,239,64"
16293,"40,139,131"
16294,"64,10,169"
16295,"26,23,89"
16296,"220,242,10"
16297,"402,145,40"
16298,"241,131,23"
16299,"40,131,226"
16300,"40,153,139"
16301,"135,244,40"
16302,"10,64,93"
16303,"10,220,11"
16304,"0,453,208"
16305,"40,151,152"
16306,"0,208,369"
16307,"3,34,21"
16308,"23,11,89"
16309,"127,3,21"
16310,"3,147,148"
16311,"73,44,40"
16312,"3,21,53"
16313,"25,44,145"
16314,"3,85,86"
16315,"80,64,10"
16316,"3,17,168"
16317,"11,10,109"
16318,"10,40,44"
16319,"64,10,473"
16320,"23,24,44"
16321,"129,128,40"
16322,"43,24,23"
16323,"0,280,271"
16324,"3,21,34"
16325,"3,85,53"
16326,"521,0,208"
16327,"23,26,0"
16328,"3,21,48"
16329,"3,4,238"
16330,"26,350,23"
16331,"40,138,135"
16332,"40,151,152"
16333,"23,24,59"
16334,"260,170,169"
16335,"23,8,38"
16336,"3,17,21"
16337,"0,216,304"
16338,"8,0,206"
16339,"3,30,190"
16340,"158,3,85"
16341,"10,402,31"
16342,"0,216,304"
16343,"8,0,23"
16344,"40,160,315"
16345,"40,41,224"
16346,"40,395,128"
16347,"402,55,10"
16348,"134,131,40"
16349,"64,10,80"
16350,"319,211,0"
16351,"23,74,303"
16352,"23,31,109"
16353,"128,195,0"
16354,"64,10,93"
16355,"77,23,31"
16356,"220,10,221"
16357,"0,271,355"
16358,"40,131,226"
16359,"169,199,281"
16360,"3,4,435"
16361,"64,10,338"
16362,"40,41,42"
16363,"3,4,238"
16364,"220,242,10"
16365,"220,10,221"
16366,"21,3,124"
16367,"0,249,279"
16368,"3,51,52"
16369,"49,23,24"
16370,"160,40,315"
16371,"3,30,66"
16372,"199,169,356"
16373,"0,213,214"
16374,"170,169,459"
16375,"169,199,171"
16376,"23,74,0"
16377,"147,148,3"
16378,"23,63,38"
16379,"0,271,313"
16380,"40,41,224"
16381,"26,23,89"
16382,"3,30,66"
16383,"3,22,21"
16384,"0,475,218"
16385,"64,442,10"
16386,"23,63,38"
16387,"23,38,240"
16388,"169,199,282"
16389,"311,169,426"
16390,"10,95,145"
16391,"64,448,10"
16392,"64,338,93"
16393,"40,160,152"
16394,"3,111,523"
16395,"40,146,145"
16396,"4,19,3"
16397,"145,40,44"
16398,"24,49,23"
16399,"0,456,271"
16400,"53,0,3"
16401,"64,10,80"
16402,"40,44,145"
16403,"259,426,169"
16404,"3,21,127"
16405,"40,41,139"
16406,"74,23,84"
16407,"10,64,80"
16408,"0,206,8"
16409,"26,23,350"
16410,"0,8,206"
16411,"124,21,3"
16412,"220,221,10"
16413,"23,26,231"
16414,"23,24,49"
16415,"0,249,279"
16416,"169,199,337"
16417,"126,42,21"
16418,"3,16,15"
16419,"231,8,0"
16420,"11,10,205"
16421,"40,131,159"
16422,"17,3,320"
16423,"31,32,23"
16424,"21,3,115"
16425,"220,221,10"
16426,"0,255,214"
16427,"3,4,238"
16428,"3,379,21"
16429,"23,89,38"
16430,"3,30,147"
16431,"40,45,145"
16432,"138,135,40"
16433,"145,54,40"
16434,"40,152,151"
16435,"3,5,228"
16436,"0,319,211"
16437,"54,83,10"
16438,"3,85,86"
16439,"10,220,242"
16440,"118,74,23"
16441,"49,24,23"
16442,"26,23,350"
16443,"10,220,242"
16444,"3,158,85"
16445,"169,199,40"
16446,"3,19,4"
16447,"95,145,44"
16448,"11,10,109"
16449,"23,84,74"
16450,"11,10,205"
16451,"17,3,168"
16452,"4,3,174"
16453,"40,160,151"
16454,"74,165,303"
16455,"3,111,267"
16456,"3,190,28"
16457,"40,128,129"
16458,"23,43,24"
16459,"3,30,81"
16460,"12,11,10"
16461,"3,33,147"
16462,"3,21,169"
16463,"44,45,145"
16464,"10,64,80"
16465,"296,169,507"
16466,"128,129,40"
16467,"368,40,131"
16468,"10,54,220"
16469,"40,146,145"
16470,"38,71,249"
16471,"26,89,231"
16472,"3,28,113"
16473,"23,26,24"
16474,"4,3,174"
16475,"151,152,40"
16476,"0,277,212"
16477,"38,23,71"
16478,"402,145,40"
16479,"169,343,199"
16480,"4,375,3"
16481,"43,24,23"
16482,"40,241,155"
16483,"41,40,42"
16484,"21,3,187"
16485,"281,169,199"
16486,"68,3,182"
16487,"169,296,428"
16488,"23,317,96"
16489,"296,306,134"
16490,"206,8,0"
16491,"10,64,93"
16492,"3,28,190"
16493,"169,199,337"
16494,"281,169,199"
16495,"199,169,281"
16496,"3,21,127"
16497,"3,21,379"
16498,"3,17,21"
16499,"40,128,408"
16500,"0,291,265"
16501,"64,43,24"
16502,"111,112,3"
16503,"10,54,322"
16504,"59,24,23"
16505,"3,178,30"
16506,"11,10,205"
16507,"287,53,325"
16508,"3,111,53"
16509,"3,21,48"
16510,"0,271,355"
16511,"24,43,23"
16512,"220,221,10"
16513,"281,169,199"
16514,"3,34,263"
16515,"10,60,239"
16516,"40,402,31"
16517,"3,21,164"
16518,"11,12,205"
16519,"40,131,368"
16520,"185,184,40"
16521,"21,40,139"
16522,"3,17,168"
16523,"3,53,287"
16524,"169,199,171"
16525,"11,10,205"
16526,"281,169,199"
16527,"0,1,2"
16528,"0,319,211"
16529,"24,43,23"
16530,"11,10,12"
16531,"0,279,277"
16532,"3,17,15"
16533,"44,45,145"
16534,"220,242,10"
16535,"271,456,0"
16536,"168,17,3"
16537,"139,153,40"
16538,"4,3,183"
16539,"23,3,350"
16540,"131,40,406"
16541,"205,11,10"
16542,"3,34,187"
16543,"346,313,0"
16544,"3,15,66"
16545,"308,440,23"
16546,"10,11,239"
16547,"171,169,199"
16548,"131,169,134"
16549,"0,357,381"
16550,"129,128,40"
16551,"3,53,287"
16552,"23,40,131"
16553,"170,169,171"
16554,"3,21,187"
16555,"131,241,406"
16556,"271,0,456"
16557,"10,11,205"
16558,"49,24,23"
16559,"320,115,3"
16560,"131,40,226"
16561,"49,23,24"
16562,"169,199,171"
16563,"0,418,265"
16564,"3,187,21"
16565,"135,138,40"
16566,"17,168,320"
16567,"223,199,169"
16568,"32,31,23"
16569,"0,516,208"
16570,"220,10,221"
16571,"220,10,242"
16572,"3,147,156"
16573,"296,169,526"
16574,"0,271,1"
16575,"220,10,221"
16576,"44,145,40"
16577,"169,170,417"
16578,"59,10,45"
16579,"169,170,171"
16580,"220,221,10"
16581,"350,26,23"
16582,"0,208,352"
16583,"40,145,402"
16584,"3,29,28"
16585,"74,165,303"
16586,"23,24,49"
16587,"54,10,322"
16588,"45,44,25"
16589,"0,456,271"
16590,"0,413,277"
16591,"220,10,242"
16592,"111,3,112"
16593,"105,23,318"
16594,"169,199,260"
16595,"3,187,53"
16596,"0,265,340"
16597,"0,23,24"
16598,"3,21,164"
16599,"59,24,23"
16600,"40,128,241"
16601,"71,38,165"
16602,"40,145,45"
16603,"40,131,406"
16604,"3,147,148"
16605,"184,185,40"
16606,"131,40,241"
16607,"43,23,24"
16608,"23,38,137"
16609,"10,64,93"
16610,"169,199,343"
16611,"265,349,0"
16612,"126,3,42"
16613,"31,23,258"
16614,"3,4,238"
16615,"40,162,163"
16616,"23,74,26"
16617,"64,93,10"
16618,"8,308,514"
16619,"0,40,255"
16620,"40,41,149"
16621,"10,64,93"
16622,"107,40,23"
16623,"23,24,49"
16624,"169,199,323"
16625,"23,26,89"
16626,"296,169,526"
16627,"3,21,108"
16628,"220,10,242"
16629,"3,239,10"
16630,"40,146,145"
16631,"43,10,23"
16632,"89,26,23"
16633,"271,0,291"
16634,"68,3,31"
16635,"127,21,40"
16636,"23,38,74"
16637,"26,350,23"
16638,"40,152,151"
16639,"0,208,505"
16640,"40,152,151"
16641,"3,267,111"
16642,"40,152,151"
16643,"3,147,148"
16644,"220,10,242"
16645,"199,374,169"
16646,"0,265,266"
16647,"309,23,38"
16648,"26,89,350"
16649,"131,40,241"
16650,"139,153,40"
16651,"40,41,128"
16652,"0,213,400"
16653,"23,31,454"
16654,"0,279,249"
16655,"23,74,118"
16656,"3,53,523"
16657,"48,3,21"
16658,"0,206,249"
16659,"3,4,238"
16660,"215,40,41"
16661,"0,265,271"
16662,"40,131,406"
16663,"0,271,366"
16664,"169,199,171"
16665,"23,137,38"
16666,"40,184,185"
16667,"40,128,129"
16668,"74,317,23"
16669,"115,21,3"
16670,"8,0,206"
16671,"131,40,406"
16672,"26,231,23"
16673,"11,109,10"
16674,"91,23,38"
16675,"64,10,338"
16676,"0,380,216"
16677,"3,21,48"
16678,"23,26,47"
16679,"0,255,265"
16680,"64,93,10"
16681,"309,135,250"
16682,"3,17,168"
16683,"0,211,319"
16684,"0,257,216"
16685,"40,153,139"
16686,"0,212,249"
16687,"3,174,4"
16688,"118,74,23"
16689,"105,23,318"
16690,"129,128,40"
16691,"64,10,448"
16692,"105,23,106"
16693,"3,21,108"
16694,"402,40,145"
16695,"44,145,40"
16696,"59,23,10"
16697,"96,258,23"
16698,"3,85,86"
16699,"10,24,23"
16700,"23,26,25"
16701,"23,38,71"
16702,"3,34,21"
16703,"100,3,40"
16704,"220,10,242"
16705,"241,40,395"
16706,"199,343,169"
16707,"111,3,161"
16708,"40,129,128"
16709,"199,169,323"
16710,"17,168,3"
16711,"40,128,129"
16712,"3,21,85"
16713,"170,459,169"
16714,"23,49,24"
16715,"10,64,93"
16716,"40,145,54"
16717,"4,3,174"
16718,"26,89,23"
16719,"10,64,93"
16720,"10,64,93"
16721,"426,427,0"
16722,"169,296,274"
16723,"40,160,149"
16724,"0,255,235"
16725,"170,169,171"
16726,"105,23,53"
16727,"339,169,337"
16728,"296,169,0"
16729,"346,313,501"
16730,"11,10,12"
16731,"169,199,281"
16732,"3,15,70"
16733,"95,54,45"
16734,"0,40,128"
16735,"3,4,28"
16736,"40,224,41"
16737,"3,112,111"
16738,"169,199,311"
16739,"169,296,336"
16740,"402,40,145"
16741,"23,26,91"
16742,"206,0,8"
16743,"21,127,40"
16744,"3,4,111"
16745,"3,21,108"
16746,"11,10,109"
16747,"26,231,23"
16748,"235,8,0"
16749,"54,95,10"
16750,"170,169,459"
16751,"153,40,139"
16752,"169,260,199"
16753,"350,26,23"
16754,"26,23,89"
16755,"3,4,435"
16756,"111,112,3"
16757,"169,281,199"
16758,"10,54,95"
16759,"158,3,301"
16760,"4,3,19"
16761,"23,31,96"
16762,"26,350,23"
16763,"169,311,199"
16764,"3,13,53"
16765,"128,129,40"
16766,"3,4,238"
16767,"169,199,61"
16768,"3,53,325"
16769,"11,10,109"
16770,"118,74,23"
16771,"171,199,169"
16772,"3,34,263"
16773,"169,260,170"
16774,"40,315,160"
16775,"0,271,361"
16776,"10,64,93"
16777,"23,74,24"
16778,"23,38,26"
16779,"23,303,74"
16780,"523,3,53"
16781,"118,74,23"
16782,"95,59,54"
16783,"3,147,148"
16784,"303,23,74"
16785,"3,40,21"
16786,"169,199,296"
16787,"523,3,53"
16788,"3,147,85"
16789,"169,170,296"
16790,"135,236,40"
16791,"3,204,14"
16792,"40,193,131"
16793,"221,10,220"
16794,"17,168,320"
16795,"3,21,108"
16796,"40,131,159"
16797,"281,199,169"
16798,"23,26,231"
16799,"10,64,80"
16800,"0,8,26"
16801,"10,220,221"
16802,"3,147,148"
16803,"3,85,111"
16804,"3,4,34"
16805,"158,3,108"
16806,"40,41,42"
16807,"3,126,21"
16808,"3,13,120"
16809,"10,64,93"
16810,"40,131,226"
16811,"169,199,259"
16812,"24,23,43"
16813,"309,38,135"
16814,"23,59,24"
16815,"40,131,395"
16816,"0,271,214"
16817,"169,199,170"
16818,"129,128,40"
16819,"11,10,12"
16820,"169,199,170"
16821,"40,494,184"
16822,"3,53,325"
16823,"3,150,13"
16824,"3,21,102"
16825,"152,151,40"
16826,"162,163,40"
16827,"3,293,85"
16828,"3,21,30"
16829,"454,31,23"
16830,"169,199,281"
16831,"0,8,308"
16832,"23,105,106"
16833,"38,23,71"
16834,"308,8,23"
16835,"123,3,111"
16836,"171,199,169"
16837,"135,138,374"
16838,"3,21,48"
16839,"199,169,281"
16840,"74,28,3"
16841,"74,23,94"
16842,"24,23,43"
16843,"169,281,199"
16844,"21,3,126"
16845,"3,15,85"
16846,"169,199,323"
16847,"131,241,406"
16848,"40,226,131"
16849,"0,206,8"
16850,"0,271,456"
16851,"26,355,271"
16852,"0,271,214"
16853,"220,242,10"
16854,"11,10,12"
16855,"147,3,148"
16856,"506,10,208"
16857,"10,64,93"
16858,"10,64,338"
16859,"3,17,168"
16860,"131,40,406"
16861,"131,40,226"
16862,"40,145,44"
16863,"62,24,23"
16864,"0,254,216"
16865,"26,350,23"
16866,"11,10,205"
16867,"4,3,174"
16868,"369,0,208"
16869,"64,10,448"
16870,"3,147,148"
16871,"3,111,112"
16872,"10,64,80"
16873,"17,320,3"
16874,"11,10,12"
16875,"25,24,23"
16876,"3,21,124"
16877,"345,23,38"
16878,"0,421,229"
16879,"3,21,34"
16880,"10,24,23"
16881,"11,10,109"
16882,"3,28,190"
16883,"4,19,7"
16884,"10,11,419"
16885,"0,216,304"
16886,"3,21,17"
16887,"15,16,3"
16888,"16,15,3"
16889,"0,291,444"
16890,"3,21,148"
16891,"23,74,105"
16892,"169,170,296"
16893,"0,218,465"
16894,"40,41,286"
16895,"271,0,456"
16896,"147,3,148"
16897,"23,169,0"
16898,"220,10,221"
16899,"131,406,193"
16900,"3,68,182"
16901,"145,40,44"
16902,"135,86,85"
16903,"0,216,257"
16904,"0,3,21"
16905,"4,3,238"
16906,"3,21,108"
16907,"220,221,10"
16908,"3,147,148"
16909,"10,95,44"
16910,"21,41,127"
16911,"64,10,93"
16912,"44,45,145"
16913,"0,265,266"
16914,"4,3,19"
16915,"0,475,214"
16916,"169,296,507"
16917,"24,23,59"
16918,"3,53,287"
16919,"23,74,317"
16920,"10,54,402"
16921,"74,118,23"
16922,"3,263,34"
16923,"169,199,259"
16924,"11,109,205"
16925,"0,355,271"
16926,"0,271,291"
16927,"0,271,291"
16928,"10,64,448"
16929,"171,199,169"
16930,"23,91,38"
16931,"242,25,220"
16932,"0,257,271"
16933,"184,40,185"
16934,"3,21,53"
16935,"105,23,318"
16936,"169,405,8"
16937,"24,43,23"
16938,"204,13,3"
16939,"0,255,265"
16940,"169,260,170"
16941,"44,145,40"
16942,"220,242,10"
16943,"26,23,89"
16944,"43,23,24"
16945,"220,10,31"
16946,"130,128,129"
16947,"3,18,320"
16948,"3,5,385"
16949,"346,313,128"
16950,"169,356,199"
16951,"31,23,258"
16952,"74,118,23"
16953,"0,40,195"
16954,"24,43,23"
16955,"0,265,128"
16956,"0,271,456"
16957,"168,17,3"
16958,"169,40,199"
16959,"220,10,242"
16960,"3,169,21"
16961,"53,3,430"
16962,"220,10,221"
16963,"28,3,66"
16964,"23,89,26"
16965,"43,24,23"
16966,"23,38,128"
16967,"328,31,402"
16968,"343,199,169"
16969,"3,287,53"
16970,"11,205,10"
16971,"286,41,3"
16972,"10,60,61"
16973,"40,111,0"
16974,"49,23,24"
16975,"8,0,308"
16976,"3,21,30"
16977,"220,242,221"
16978,"131,40,134"
16979,"49,23,24"
16980,"3,122,13"
16981,"40,145,44"
16982,"10,64,80"
16983,"23,24,64"
16984,"23,74,165"
16985,"199,169,281"
16986,"64,10,448"
16987,"3,4,238"
16988,"40,41,21"
16989,"129,40,128"
16990,"0,255,218"
16991,"3,17,21"
16992,"53,3,68"
16993,"131,40,193"
16994,"43,24,23"
16995,"10,60,239"
16996,"13,3,14"
16997,"3,16,168"
16998,"220,242,10"
16999,"328,77,0"
17000,"214,213,0"
17001,"3,265,6"
17002,"199,169,343"
17003,"3,13,204"
17004,"40,41,215"
17005,"169,356,199"
17006,"23,74,317"
17007,"66,30,3"
17008,"3,296,310"
17009,"220,221,10"
17010,"96,31,23"
17011,"170,169,296"
17012,"3,21,126"
17013,"10,54,64"
17014,"3,53,430"
17015,"281,199,169"
17016,"3,53,99"
17017,"10,64,93"
17018,"43,24,23"
17019,"3,105,23"
17020,"3,147,156"
17021,"45,44,40"
17022,"3,21,124"
17023,"23,26,89"
17024,"0,8,285"
17025,"10,23,60"
17026,"3,30,66"
17027,"43,24,23"
17028,"40,408,128"
17029,"3,21,187"
17030,"169,199,426"
17031,"40,129,128"
17032,"43,24,23"
17033,"131,193,40"
17034,"89,26,23"
17035,"10,44,59"
17036,"40,184,185"
17037,"3,164,293"
17038,"3,4,364"
17039,"10,64,220"
17040,"11,10,419"
17041,"4,3,183"
17042,"16,15,3"
17043,"3,53,325"
17044,"0,279,249"
17045,"3,111,523"
17046,"169,170,259"
17047,"64,10,93"
17048,"0,271,456"
17049,"3,523,53"
17050,"23,31,32"
17051,"0,280,446"
17052,"26,23,308"
17053,"10,64,80"
17054,"169,3,312"
17055,"54,145,3"
17056,"64,10,448"
17057,"3,21,127"
17058,"169,281,199"
17059,"0,271,456"
17060,"3,168,99"
17061,"64,10,93"
17062,"0,2,271"
17063,"3,4,70"
17064,"0,271,355"
17065,"3,21,187"
17066,"3,21,127"
17067,"131,40,226"
17068,"3,21,108"
17069,"3,34,263"
17070,"0,366,271"
17071,"43,23,24"
17072,"10,60,61"
17073,"10,11,205"
17074,"107,118,192"
17075,"111,112,3"
17076,"64,10,93"
17077,"11,205,10"
17078,"118,74,23"
17079,"3,4,238"
17080,"199,169,343"
17081,"10,64,65"
17082,"402,145,10"
17083,"74,23,303"
17084,"40,131,241"
17085,"3,111,472"
17086,"64,10,448"
17087,"32,23,31"
17088,"126,42,21"
17089,"40,123,111"
17090,"40,146,145"
17091,"3,13,204"
17092,"3,21,85"
17093,"23,137,105"
17094,"296,169,526"
17095,"4,3,7"
17096,"128,129,40"
17097,"3,21,108"
17098,"220,10,242"
17099,"199,169,3"
17100,"3,21,127"
17101,"169,199,171"
17102,"0,355,271"
17103,"0,216,304"
17104,"3,85,379"
17105,"169,199,260"
17106,"10,95,54"
17107,"0,271,456"
17108,"23,25,95"
17109,"40,226,131"
17110,"3,4,238"
17111,"74,23,118"
17112,"3,21,182"
17113,"3,85,86"
17114,"4,3,174"
17115,"131,40,241"
17116,"23,38,62"
17117,"3,21,108"
17118,"0,265,349"
17119,"0,280,271"
17120,"89,26,23"
17121,"44,10,145"
17122,"160,40,302"
17123,"40,160,151"
17124,"220,10,221"
17125,"16,15,3"
17126,"169,281,199"
17127,"169,171,199"
17128,"74,23,118"
17129,"0,216,169"
17130,"345,24,23"
17131,"3,4,188"
17132,"23,39,31"
17133,"24,43,23"
17134,"23,43,24"
17135,"0,218,387"
17136,"0,266,265"
17137,"11,10,109"
17138,"0,355,271"
17139,"3,21,108"
17140,"3,104,34"
17141,"4,3,19"
17142,"23,26,89"
17143,"447,3,34"
17144,"40,131,132"
17145,"40,139,153"
17146,"3,21,17"
17147,"211,319,0"
17148,"4,3,375"
17149,"129,40,128"
17150,"220,242,10"
17151,"10,338,64"
17152,"3,379,17"
17153,"0,271,511"
17154,"3,13,150"
17155,"11,109,10"
17156,"10,43,24"
17157,"170,169,260"
17158,"0,218,525"
17159,"160,40,315"
17160,"402,145,40"
17161,"3,34,46"
17162,"0,8,285"
17163,"10,64,93"
17164,"11,109,23"
17165,"0,89,26"
17166,"3,111,51"
17167,"43,24,23"
17168,"3,168,17"
17169,"24,43,23"
17170,"3,19,4"
17171,"229,230,421"
17172,"49,23,24"
17173,"94,40,38"
17174,"493,326,10"
17175,"129,128,40"
17176,"64,10,80"
17177,"3,21,127"
17178,"10,199,323"
17179,"40,160,152"
17180,"40,151,152"
17181,"220,10,221"
17182,"44,25,45"
17183,"281,199,169"
17184,"64,10,80"
17185,"281,169,199"
17186,"3,168,367"
17187,"0,271,355"
17188,"244,135,40"
17189,"339,337,169"
17190,"11,10,205"
17191,"135,40,138"
17192,"0,380,216"
17193,"84,23,74"
17194,"220,242,10"
17195,"356,169,199"
17196,"74,23,118"
17197,"10,11,109"
17198,"3,21,187"
17199,"0,369,208"
17200,"45,44,40"
17201,"3,147,148"
17202,"199,3,169"
17203,"220,10,221"
17204,"0,8,308"
17205,"11,10,12"
17206,"0,271,424"
17207,"170,169,459"
17208,"148,3,147"
17209,"40,139,153"
17210,"3,401,13"
17211,"26,23,350"
17212,"169,199,248"
17213,"220,10,221"
17214,"54,95,40"
17215,"74,118,23"
17216,"406,131,40"
17217,"206,8,0"
17218,"3,21,108"
17219,"3,4,238"
17220,"23,454,31"
17221,"21,126,3"
17222,"11,109,10"
17223,"3,169,53"
17224,"17,3,168"
17225,"3,21,85"
17226,"25,23,24"
17227,"10,64,80"
17228,"23,74,40"
17229,"3,21,127"
17230,"43,24,10"
17231,"106,23,105"
17232,"281,23,199"
17233,"3,111,5"
17234,"40,160,196"
17235,"3,147,148"
17236,"3,22,21"
17237,"169,199,0"
17238,"118,23,74"
17239,"64,448,10"
17240,"228,5,3"
17241,"3,21,126"
17242,"169,426,427"
17243,"3,4,238"
17244,"24,43,23"
17245,"220,10,242"
17246,"10,60,54"
17247,"54,10,24"
17248,"3,21,187"
17249,"3,330,21"
17250,"54,173,10"
17251,"10,64,3"
17252,"41,40,224"
17253,"23,24,38"
17254,"26,23,350"
17255,"303,74,23"
17256,"139,153,155"
17257,"23,74,165"
17258,"169,23,89"
17259,"3,53,325"
17260,"170,169,260"
17261,"139,40,153"
17262,"10,54,55"
17263,"3,21,164"
17264,"23,105,10"
17265,"26,350,23"
17266,"10,93,64"
17267,"171,169,199"
17268,"0,257,216"
17269,"40,41,324"
17270,"19,4,3"
17271,"10,64,60"
17272,"281,169,199"
17273,"3,21,48"
17274,"40,105,3"
17275,"231,26,10"
17276,"23,26,89"
17277,"8,0,405"
17278,"417,169,296"
17279,"169,296,428"
17280,"3,147,148"
17281,"23,74,430"
17282,"231,26,23"
17283,"147,3,148"
17284,"0,363,271"
17285,"8,26,23"
17286,"0,8,206"
17287,"44,45,40"
17288,"3,66,30"
17289,"40,324,41"
17290,"199,343,169"
17291,"3,21,108"
17292,"3,21,379"
17293,"220,10,221"
17294,"3,147,148"
17295,"3,111,126"
17296,"220,10,221"
17297,"170,169,260"
17298,"0,265,344"
17299,"11,10,205"
17300,"74,303,165"
17301,"23,91,303"
17302,"281,21,169"
17303,"169,339,337"
17304,"169,339,337"
17305,"10,64,90"
17306,"34,46,3"
17307,"23,309,38"
17308,"40,160,149"
17309,"169,199,281"
17310,"17,3,168"
17311,"3,30,66"
17312,"10,220,221"
17313,"3,15,16"
17314,"4,238,19"
17315,"23,40,74"
17316,"93,64,10"
17317,"23,105,303"
17318,"10,220,221"
17319,"3,4,19"
17320,"3,147,148"
17321,"0,265,340"
17322,"3,447,34"
17323,"10,54,95"
17324,"3,169,17"
17325,"54,10,95"
17326,"3,21,127"
17327,"3,5,228"
17328,"40,160,302"
17329,"0,522,216"
17330,"23,24,328"
17331,"74,23,118"
17332,"17,168,320"
17333,"24,23,25"
17334,"23,89,26"
17335,"220,242,10"
17336,"3,204,14"
17337,"10,64,90"
17338,"0,271,361"
17339,"10,64,448"
17340,"151,152,40"
17341,"165,74,23"
17342,"40,145,44"
17343,"23,454,31"
17344,"169,199,170"
17345,"10,23,239"
17346,"131,40,226"
17347,"89,0,26"
17348,"402,40,145"
17349,"10,145,40"
17350,"64,23,105"
17351,"3,147,203"
17352,"135,40,141"
17353,"23,74,303"
17354,"206,0,8"
17355,"456,271,0"
17356,"64,10,93"
17357,"10,64,93"
17358,"74,317,23"
17359,"23,74,25"
17360,"74,23,60"
17361,"23,49,24"
17362,"43,24,23"
17363,"0,257,449"
17364,"281,21,3"
17365,"3,66,30"
17366,"26,23,231"
17367,"40,243,184"
17368,"43,10,23"
17369,"40,129,128"
17370,"138,135,40"
17371,"10,220,242"
17372,"64,10,65"
17373,"26,89,23"
17374,"105,23,106"
17375,"220,10,242"
17376,"0,522,271"
17377,"40,151,152"
17378,"0,304,216"
17379,"131,40,406"
17380,"0,208,521"
17381,"3,0,505"
17382,"169,199,323"
17383,"165,74,23"
17384,"49,24,23"
17385,"3,14,21"
17386,"0,223,169"
17387,"220,10,221"
17388,"40,324,186"
17389,"3,15,53"
17390,"10,60,234"
17391,"317,40,74"
17392,"146,40,145"
17393,"220,242,10"
17394,"220,242,10"
17395,"199,169,323"
17396,"3,111,119"
17397,"53,3,523"
17398,"11,10,109"
17399,"40,131,226"
17400,"3,21,127"
17401,"40,41,224"
17402,"43,24,10"
17403,"23,105,106"
17404,"64,10,93"
17405,"26,231,23"
17406,"40,187,21"
17407,"26,231,23"
17408,"147,3,167"
17409,"64,10,93"
17410,"49,24,23"
17411,"3,21,48"
17412,"220,10,242"
17413,"43,24,23"
17414,"74,23,118"
17415,"40,139,153"
17416,"279,0,249"
17417,"8,0,308"
17418,"31,328,258"
17419,"4,238,3"
17420,"160,40,334"
17421,"10,239,60"
17422,"40,368,184"
17423,"10,64,65"
17424,"3,21,115"
17425,"64,10,80"
17426,"402,40,145"
17427,"43,24,23"
17428,"135,138,40"
17429,"24,23,43"
17430,"10,54,95"
17431,"0,8,285"
17432,"169,239,170"
17433,"32,31,23"
17434,"21,3,127"
17435,"3,21,187"
17436,"3,108,21"
17437,"169,199,11"
17438,"54,145,95"
17439,"170,169,356"
17440,"44,45,145"
17441,"366,271,0"
17442,"40,395,128"
17443,"3,30,66"
17444,"0,208,453"
17445,"111,267,3"
17446,"0,235,8"
17447,"3,21,228"
17448,"23,89,26"
17449,"3,70,4"
17450,"0,271,456"
17451,"23,74,118"
17452,"145,54,10"
17453,"281,199,169"
17454,"3,164,21"
17455,"89,26,23"
17456,"147,148,3"
17457,"0,271,355"
17458,"10,60,61"
17459,"23,340,265"
17460,"220,221,10"
17461,"128,129,40"
17462,"40,184,185"
17463,"220,10,221"
17464,"3,21,301"
17465,"281,199,169"
17466,"26,89,23"
17467,"3,4,174"
17468,"112,3,111"
17469,"23,26,89"
17470,"40,128,130"
17471,"73,44,145"
17472,"131,406,40"
17473,"64,80,10"
17474,"11,109,10"
17475,"74,107,118"
17476,"23,38,303"
17477,"169,508,199"
17478,"74,118,23"
17479,"10,220,242"
17480,"220,10,221"
17481,"21,3,108"
17482,"25,23,24"
17483,"220,221,10"
17484,"80,64,10"
17485,"220,242,0"
17486,"135,295,189"
17487,"74,63,23"
17488,"3,4,15"
17489,"0,304,213"
17490,"317,74,23"
17491,"60,234,53"
17492,"40,152,151"
17493,"3,4,19"
17494,"40,21,3"
17495,"169,199,170"
17496,"10,64,93"
17497,"23,74,303"
17498,"3,379,21"
17499,"40,201,21"
17500,"188,3,4"
17501,"40,41,324"
17502,"0,218,446"
17503,"64,10,93"
17504,"108,320,17"
17505,"271,0,291"
17506,"0,235,255"
17507,"0,23,89"
17508,"10,242,54"
17509,"3,13,122"
17510,"10,11,205"
17511,"368,184,40"
17512,"296,169,306"
17513,"10,64,448"
17514,"3,85,5"
17515,"40,152,151"
17516,"31,96,23"
17517,"22,3,21"
17518,"0,271,355"
17519,"23,105,106"
17520,"135,138,40"
17521,"3,21,53"
17522,"53,3,287"
17523,"40,145,402"
17524,"0,273,265"
17525,"145,40,44"
17526,"220,10,221"
17527,"3,4,238"
17528,"0,271,424"
17529,"40,132,131"
17530,"26,89,0"
17531,"10,169,323"
17532,"26,23,350"
17533,"0,265,208"
17534,"169,337,339"
17535,"23,24,345"
17536,"199,169,343"
17537,"0,8,285"
17538,"199,169,356"
17539,"0,265,349"
17540,"53,287,99"
17541,"147,3,167"
17542,"74,23,84"
17543,"15,16,3"
17544,"34,3,263"
17545,"296,169,417"
17546,"169,199,323"
17547,"3,108,21"
17548,"40,41,42"
17549,"11,10,419"
17550,"21,3,396"
17551,"281,199,169"
17552,"0,216,304"
17553,"281,199,169"
17554,"40,131,132"
17555,"3,147,148"
17556,"10,60,93"
17557,"279,249,0"
17558,"49,24,23"
17559,"369,0,208"
17560,"89,26,271"
17561,"10,221,220"
17562,"96,31,23"
17563,"3,190,21"
17564,"206,8,0"
17565,"3,21,108"
17566,"64,10,79"
17567,"3,21,147"
17568,"0,521,208"
17569,"0,271,340"
17570,"3,21,48"
17571,"3,4,183"
17572,"3,30,21"
17573,"152,151,40"
17574,"3,21,147"
17575,"23,38,82"
17576,"21,3,102"
17577,"10,64,90"
17578,"49,23,10"
17579,"64,10,79"
17580,"128,40,129"
17581,"10,64,338"
17582,"26,350,23"
17583,"3,21,187"
17584,"169,426,274"
17585,"11,109,10"
17586,"4,3,238"
17587,"89,26,23"
17588,"24,23,49"
17589,"85,86,3"
17590,"64,10,93"
17591,"220,10,221"
17592,"199,281,169"
17593,"11,10,109"
17594,"281,199,169"
17595,"3,147,325"
17596,"21,3,115"
17597,"23,89,26"
17598,"129,40,128"
17599,"40,129,128"
17600,"3,5,385"
17601,"11,10,12"
17602,"3,28,330"
17603,"220,10,221"
17604,"220,10,221"
17605,"0,456,271"
17606,"317,74,23"
17607,"3,21,379"
17608,"0,218,475"
17609,"220,221,10"
17610,"16,15,3"
17611,"170,459,169"
17612,"3,4,238"
17613,"68,105,3"
17614,"3,339,337"
17615,"3,34,263"
17616,"32,31,23"
17617,"5,228,6"
17618,"23,74,38"
17619,"3,21,182"
17620,"3,30,66"
17621,"0,313,216"
17622,"74,303,23"
17623,"260,170,169"
17624,"169,170,199"
17625,"10,11,55"
17626,"0,8,249"
17627,"241,131,40"
17628,"220,10,221"
17629,"187,3,21"
17630,"23,165,74"
17631,"54,95,10"
17632,"10,220,221"
17633,"16,15,3"
17634,"206,8,0"
17635,"23,31,131"
17636,"187,3,21"
17637,"3,21,187"
17638,"43,24,23"
17639,"54,95,10"
17640,"23,24,25"
17641,"40,131,466"
17642,"10,64,448"
17643,"169,170,260"
17644,"3,34,237"
17645,"24,43,23"
17646,"10,11,109"
17647,"8,231,26"
17648,"40,406,131"
17649,"40,41,33"
17650,"3,111,472"
17651,"32,31,23"
17652,"3,21,108"
17653,"11,10,205"
17654,"287,53,320"
17655,"258,31,23"
17656,"170,169,3"
17657,"8,405,169"
17658,"40,406,131"
17659,"74,23,40"
17660,"0,271,355"
17661,"26,23,89"
17662,"43,24,23"
17663,"23,24,38"
17664,"3,21,187"
17665,"3,85,86"
17666,"3,126,21"
17667,"10,90,64"
17668,"11,10,109"
17669,"0,490,271"
17670,"3,21,379"
17671,"105,23,326"
17672,"169,170,343"
17673,"3,4,238"
17674,"220,221,10"
17675,"40,395,241"
17676,"220,10,221"
17677,"118,74,23"
17678,"23,74,231"
17679,"32,23,31"
17680,"220,10,242"
17681,"53,3,68"
17682,"3,4,15"
17683,"8,0,308"
17684,"23,249,0"
17685,"169,296,336"
17686,"3,15,16"
17687,"23,91,38"
17688,"64,93,10"
17689,"3,320,17"
17690,"3,263,34"
17691,"3,85,86"
17692,"23,38,26"
17693,"169,170,31"
17694,"0,265,208"
17695,"149,40,41"
17696,"10,93,60"
17697,"3,147,15"
17698,"26,89,23"
17699,"169,281,199"
17700,"10,45,54"
17701,"0,10,265"
17702,"169,199,323"
17703,"129,128,40"
17704,"169,199,248"
17705,"43,24,23"
17706,"3,53,389"
17707,"10,93,60"
17708,"0,235,8"
17709,"169,199,281"
17710,"286,40,41"
17711,"26,89,23"
17712,"184,40,185"
17713,"4,3,19"
17714,"23,74,303"
17715,"10,220,40"
17716,"17,168,3"
17717,"40,146,145"
17718,"169,199,343"
17719,"10,11,205"
17720,"95,54,40"
17721,"3,4,111"
17722,"3,148,147"
17723,"40,135,395"
17724,"169,287,3"
17725,"271,0,522"
17726,"17,139,153"
17727,"170,260,459"
17728,"54,10,55"
17729,"3,66,30"
17730,"10,60,24"
17731,"208,0,505"
17732,"23,309,38"
17733,"16,15,144"
17734,"3,4,210"
17735,"220,10,221"
17736,"21,3,187"
17737,"43,24,23"
17738,"220,10,221"
17739,"64,10,80"
17740,"169,79,64"
17741,"296,169,526"
17742,"3,30,66"
17743,"40,146,145"
17744,"4,3,19"
17745,"40,241,286"
17746,"40,128,195"
17747,"4,3,19"
17748,"10,64,448"
17749,"3,53,85"
17750,"71,38,23"
17751,"169,281,199"
17752,"220,242,10"
17753,"168,17,3"
17754,"296,169,526"
17755,"23,0,265"
17756,"64,10,93"
17757,"169,199,171"
17758,"10,23,71"
17759,"64,10,23"
17760,"3,168,17"
17761,"71,23,44"
17762,"23,89,26"
17763,"43,24,23"
17764,"10,0,23"
17765,"131,40,134"
17766,"0,456,271"
17767,"3,30,66"
17768,"91,23,38"
17769,"3,21,379"
17770,"23,38,237"
17771,"3,21,124"
17772,"40,128,41"
17773,"40,128,129"
17774,"15,3,16"
17775,"3,85,158"
17776,"456,0,271"
17777,"169,296,460"
17778,"0,319,211"
17779,"220,10,242"
17780,"0,216,271"
17781,"23,74,303"
17782,"0,271,522"
17783,"0,271,456"
17784,"10,220,221"
17785,"0,271,456"
17786,"3,21,111"
17787,"4,3,176"
17788,"10,64,80"
17789,"23,40,31"
17790,"454,23,31"
17791,"3,21,48"
17792,"40,41,324"
17793,"220,221,10"
17794,"3,34,21"
17795,"40,131,226"
17796,"220,10,0"
17797,"21,3,301"
17798,"40,162,131"
17799,"64,10,80"
17800,"139,153,140"
17801,"17,168,3"
17802,"3,14,13"
17803,"169,170,199"
17804,"145,40,10"
17805,"169,459,170"
17806,"145,40,10"
17807,"3,21,124"
17808,"3,4,287"
17809,"3,111,267"
17810,"127,3,21"
17811,"10,54,83"
17812,"135,386,40"
17813,"23,71,38"
17814,"456,271,0"
17815,"23,31,77"
17816,"10,338,64"
17817,"40,149,135"
17818,"3,263,34"
17819,"459,170,169"
17820,"102,3,21"
17821,"402,169,524"
17822,"147,148,3"
17823,"0,380,216"
17824,"40,155,237"
17825,"494,40,184"
17826,"199,323,169"
17827,"64,93,10"
17828,"0,216,255"
17829,"74,165,23"
17830,"160,40,315"
17831,"21,3,115"
17832,"3,52,51"
17833,"0,8,350"
17834,"10,64,93"
17835,"95,43,54"
17836,"43,24,23"
17837,"145,40,44"
17838,"10,64,93"
17839,"0,8,308"
17840,"10,338,64"
17841,"26,231,350"
17842,"0,265,522"
17843,"64,10,338"
17844,"11,109,10"
17845,"11,10,109"
17846,"8,206,0"
17847,"16,15,3"
17848,"234,10,60"
17849,"4,19,3"
17850,"224,161,41"
17851,"128,129,195"
17852,"3,4,19"
17853,"40,129,128"
17854,"89,26,23"
17855,"0,8,271"
17856,"220,10,242"
17857,"40,41,3"
17858,"8,0,206"
17859,"281,169,199"
17860,"44,23,145"
17861,"10,220,11"
17862,"3,53,287"
17863,"10,90,64"
17864,"3,17,85"
17865,"64,10,448"
17866,"234,10,60"
17867,"3,238,4"
17868,"234,10,60"
17869,"111,48,3"
17870,"224,41,40"
17871,"169,312,426"
17872,"199,169,343"
17873,"10,220,11"
17874,"17,168,3"
17875,"220,221,10"
17876,"118,74,23"
17877,"149,40,41"
17878,"64,10,80"
17879,"128,40,195"
17880,"40,41,149"
17881,"0,357,279"
17882,"10,23,60"
17883,"456,0,271"
17884,"26,231,23"
17885,"0,8,308"
17886,"3,21,108"
17887,"23,105,262"
17888,"128,129,40"
17889,"0,266,265"
17890,"21,3,124"
17891,"3,68,53"
17892,"23,24,49"
17893,"129,40,128"
17894,"169,170,199"
17895,"40,395,139"
17896,"10,220,318"
17897,"281,3,187"
17898,"3,66,30"
17899,"199,281,169"
17900,"23,84,74"
17901,"3,4,183"
17902,"74,303,23"
17903,"13,14,3"
17904,"281,169,199"
17905,"0,214,424"
17906,"11,10,205"
17907,"10,54,402"
17908,"21,40,3"
17909,"3,190,21"
17910,"3,325,53"
17911,"303,23,74"
17912,"10,54,95"
17913,"24,23,43"
17914,"3,147,203"
17915,"44,145,45"
17916,"24,10,23"
17917,"10,64,65"
17918,"170,459,169"
17919,"2,1,483"
17920,"0,424,339"
17921,"40,131,395"
17922,"4,375,3"
17923,"147,3,148"
17924,"26,23,89"
17925,"8,0,235"
17926,"26,23,89"
17927,"40,406,131"
17928,"169,199,170"
17929,"23,350,26"
17930,"285,0,355"
17931,"417,459,296"
17932,"0,214,213"
17933,"40,131,226"
17934,"36,35,3"
17935,"3,21,127"
17936,"34,3,263"
17937,"3,85,21"
17938,"199,281,169"
17939,"8,206,0"
17940,"40,145,44"
17941,"64,10,93"
17942,"0,342,2"
17943,"59,24,23"
17944,"23,89,26"
17945,"23,309,24"
17946,"3,147,167"
17947,"317,74,23"
17948,"38,23,309"
17949,"224,40,41"
17950,"3,111,119"
17951,"23,31,105"
17952,"10,64,245"
17953,"115,3,21"
17954,"206,0,8"
17955,"40,41,160"
17956,"169,296,274"
17957,"10,90,64"
17958,"169,356,160"
17959,"0,271,280"
17960,"3,21,108"
17961,"11,10,12"
17962,"3,4,238"
17963,"165,74,23"
17964,"220,10,221"
17965,"23,283,24"
17966,"45,44,23"
17967,"3,40,41"
17968,"3,11,13"
17969,"0,357,381"
17970,"107,118,23"
17971,"169,199,281"
17972,"3,158,210"
17973,"3,17,320"
17974,"74,23,118"
17975,"206,0,8"
17976,"3,34,104"
17977,"40,128,395"
17978,"10,60,64"
17979,"0,235,8"
17980,"169,199,281"
17981,"3,147,53"
17982,"40,151,152"
17983,"128,40,129"
17984,"40,145,402"
17985,"10,242,220"
17986,"3,293,388"
17987,"24,43,23"
17988,"199,169,356"
17989,"105,23,318"
17990,"3,34,447"
17991,"4,3,19"
17992,"3,17,13"
17993,"28,113,3"
17994,"40,23,152"
17995,"11,10,109"
17996,"40,131,406"
17997,"126,21,3"
17998,"105,54,95"
17999,"169,0,199"
18000,"234,60,10"
18001,"258,10,11"
18002,"23,26,89"
18003,"220,242,10"
18004,"220,221,10"
18005,"493,40,326"
18006,"25,23,44"
18007,"0,13,8"
18008,"0,265,349"
18009,"3,28,190"
18010,"41,286,40"
18011,"3,21,305"
18012,"32,31,23"
18013,"296,169,428"
18014,"169,281,199"
18015,"169,171,199"
18016,"11,10,12"
18017,"0,516,265"
18018,"128,195,40"
18019,"64,10,338"
18020,"74,303,23"
18021,"220,10,242"
18022,"23,25,24"
18023,"74,118,23"
18024,"23,24,44"
18025,"3,147,148"
18026,"0,463,255"
18027,"40,131,406"
18028,"23,38,63"
18029,"3,21,48"
18030,"0,8,235"
18031,"500,3,21"
18032,"10,11,109"
18033,"309,23,38"
18034,"220,10,221"
18035,"3,21,124"
18036,"459,170,171"
18037,"296,169,336"
18038,"169,170,199"
18039,"43,24,23"
18040,"11,10,109"
18041,"31,258,23"
18042,"195,128,396"
18043,"3,111,119"
18044,"160,40,315"
18045,"3,15,16"
18046,"40,146,135"
18047,"64,10,65"
18048,"3,5,228"
18049,"3,111,523"
18050,"74,317,23"
18051,"115,21,3"
18052,"40,146,145"
18053,"32,23,31"
18054,"17,168,3"
18055,"322,54,10"
18056,"3,21,122"
18057,"184,185,40"
18058,"199,169,323"
18059,"3,21,17"
18060,"226,131,406"
18061,"40,162,163"
18062,"368,184,40"
18063,"205,11,10"
18064,"4,3,174"
18065,"220,221,10"
18066,"3,53,21"
18067,"40,145,44"
18068,"3,41,40"
18069,"23,26,231"
18070,"23,74,84"
18071,"10,60,23"
18072,"3,147,148"
18073,"40,184,185"
18074,"111,3,119"
18075,"10,64,93"
18076,"10,11,109"
18077,"131,40,466"
18078,"296,169,411"
18079,"3,5,228"
18080,"3,287,53"
18081,"23,74,303"
18082,"14,11,13"
18083,"10,65,90"
18084,"463,0,255"
18085,"3,85,21"
18086,"3,53,287"
18087,"115,3,21"
18088,"3,5,228"
18089,"40,152,151"
18090,"64,10,93"
18091,"32,31,23"
18092,"260,170,169"
18093,"23,44,59"
18094,"3,4,210"
18095,"10,64,93"
18096,"169,170,454"
18097,"64,10,65"
18098,"64,10,80"
18099,"206,8,0"
18100,"64,10,335"
18101,"40,162,155"
18102,"3,4,19"
18103,"220,229,10"
18104,"137,23,38"
18105,"23,26,89"
18106,"40,160,423"
18107,"23,74,32"
18108,"131,40,226"
18109,"11,10,109"
18110,"40,131,41"
18111,"40,145,44"
18112,"3,21,228"
18113,"6,5,3"
18114,"3,85,86"
18115,"111,3,123"
18116,"112,3,111"
18117,"3,85,147"
18118,"3,263,34"
18119,"3,21,127"
18120,"3,21,30"
18121,"10,64,93"
18122,"43,24,23"
18123,"169,134,31"
18124,"3,21,147"
18125,"220,10,221"
18126,"4,3,435"
18127,"10,145,45"
18128,"0,271,304"
18129,"43,24,23"
18130,"235,0,8"
18131,"16,15,3"
18132,"220,10,221"
18133,"3,228,5"
18134,"0,348,255"
18135,"3,267,111"
18136,"0,216,277"
18137,"49,24,23"
18138,"13,14,3"
18139,"64,10,80"
18140,"105,23,326"
18141,"271,456,0"
18142,"10,64,448"
18143,"40,241,131"
18144,"3,4,19"
18145,"220,10,221"
18146,"10,23,54"
18147,"3,147,21"
18148,"40,151,152"
18149,"3,4,183"
18150,"169,199,281"
18151,"43,24,23"
18152,"145,402,40"
18153,"10,64,338"
18154,"10,45,44"
18155,"10,205,11"
18156,"40,160,334"
18157,"135,40,236"
18158,"74,303,23"
18159,"4,19,3"
18160,"3,21,108"
18161,"3,48,21"
18162,"17,3,168"
18163,"89,26,23"
18164,"64,80,448"
18165,"0,8,350"
18166,"3,21,108"
18167,"73,11,23"
18168,"145,40,44"
18169,"3,263,34"
18170,"106,23,105"
18171,"3,21,30"
18172,"64,10,442"
18173,"49,23,24"
18174,"3,21,108"
18175,"171,169,170"
18176,"3,66,30"
18177,"23,317,74"
18178,"271,0,456"
18179,"3,21,187"
18180,"220,10,221"
18181,"3,111,284"
18182,"3,53,523"
18183,"3,34,187"
18184,"64,10,93"
18185,"3,16,15"
18186,"3,5,228"
18187,"10,60,61"
18188,"402,145,40"
18189,"64,10,93"
18190,"74,23,317"
18191,"0,280,271"
18192,"13,3,14"
18193,"3,46,34"
18194,"131,40,406"
18195,"224,41,164"
18196,"74,23,118"
18197,"10,43,24"
18198,"40,128,129"
18199,"23,26,89"
18200,"23,38,249"
18201,"64,10,93"
18202,"44,45,145"
18203,"26,23,231"
18204,"10,54,23"
18205,"3,21,33"
18206,"23,26,350"
18207,"0,271,456"
18208,"44,40,145"
18209,"43,24,23"
18210,"3,111,112"
18211,"3,5,228"
18212,"23,74,118"
18213,"40,48,21"
18214,"40,131,406"
18215,"60,10,197"
18216,"3,15,16"
18217,"53,3,523"
18218,"3,21,147"
18219,"204,3,40"
18220,"129,40,128"
18221,"0,271,456"
18222,"320,3,17"
18223,"3,28,190"
18224,"89,26,23"
18225,"296,169,306"
18226,"281,199,169"
18227,"23,402,31"
18228,"64,10,448"
18229,"40,131,406"
18230,"23,105,24"
18231,"3,21,108"
18232,"206,8,0"
18233,"23,84,74"
18234,"6,5,3"
18235,"3,21,17"
18236,"3,16,15"
18237,"0,271,361"
18238,"366,0,271"
18239,"23,317,74"
18240,"21,3,127"
18241,"199,26,23"
18242,"23,24,25"
18243,"147,148,523"
18244,"3,48,21"
18245,"3,147,21"
18246,"309,23,38"
18247,"204,3,122"
18248,"169,170,271"
18249,"31,23,0"
18250,"0,216,212"
18251,"459,170,169"
18252,"220,10,221"
18253,"3,187,21"
18254,"10,448,64"
18255,"40,41,42"
18256,"3,34,21"
18257,"3,4,238"
18258,"10,220,221"
18259,"165,74,23"
18260,"23,38,137"
18261,"3,4,51"
18262,"169,170,171"
18263,"11,10,109"
18264,"10,402,220"
18265,"23,26,350"
18266,"0,271,456"
18267,"0,169,170"
18268,"11,10,205"
18269,"10,220,242"
18270,"3,164,21"
18271,"3,17,18"
18272,"53,287,3"
18273,"128,40,129"
18274,"3,21,17"
18275,"40,215,131"
18276,"169,199,131"
18277,"0,304,216"
18278,"0,2,1"
18279,"23,91,38"
18280,"193,40,131"
18281,"44,40,145"
18282,"40,41,102"
18283,"3,85,111"
18284,"3,111,4"
18285,"0,271,355"
18286,"3,147,148"
18287,"23,165,74"
18288,"3,21,127"
18289,"10,54,442"
18290,"24,23,44"
18291,"169,10,93"
18292,"43,23,24"
18293,"3,147,148"
18294,"3,147,148"
18295,"3,85,21"
18296,"3,292,53"
18297,"40,129,128"
18298,"0,271,424"
18299,"60,239,10"
18300,"406,131,40"
18301,"21,41,127"
18302,"89,26,23"
18303,"23,74,38"
18304,"126,3,21"
18305,"3,379,4"
18306,"0,271,522"
18307,"0,377,8"
18308,"0,89,26"
18309,"23,26,350"
18310,"169,337,339"
18311,"281,169,260"
18312,"220,10,221"
18313,"8,0,308"
18314,"0,304,216"
18315,"3,4,70"
18316,"206,231,26"
18317,"131,24,23"
18318,"64,10,90"
18319,"171,131,169"
18320,"3,34,263"
18321,"24,43,23"
18322,"43,24,23"
18323,"169,199,356"
18324,"10,64,80"
18325,"3,40,263"
18326,"26,355,271"
18327,"64,10,80"
18328,"131,406,241"
18329,"3,52,51"
18330,"45,44,24"
18331,"169,170,199"
18332,"3,28,190"
18333,"44,40,145"
18334,"3,147,21"
18335,"40,129,128"
18336,"10,220,242"
18337,"40,151,152"
18338,"419,11,10"
18339,"146,40,145"
18340,"3,523,85"
18341,"3,85,86"
18342,"40,128,334"
18343,"220,10,242"
18344,"3,21,30"
18345,"10,64,80"
18346,"40,139,153"
18347,"10,64,93"
18348,"3,21,108"
18349,"169,171,170"
18350,"382,169,199"
18351,"169,199,343"
18352,"40,160,302"
18353,"129,128,40"
18354,"23,303,74"
18355,"64,10,93"
18356,"169,199,323"
18357,"3,16,15"
18358,"281,260,169"
18359,"41,40,42"
18360,"40,139,241"
18361,"3,4,435"
18362,"3,21,48"
18363,"64,10,93"
18364,"147,3,167"
18365,"24,23,11"
18366,"17,3,320"
18367,"3,34,237"
18368,"0,280,271"
18369,"40,160,149"
18370,"0,8,206"
18371,"74,23,118"
18372,"3,28,190"
18373,"199,343,169"
18374,"3,28,66"
18375,"23,306,38"
18376,"10,221,220"
18377,"40,131,226"
18378,"0,8,405"
18379,"4,3,19"
18380,"28,190,330"
18381,"10,64,93"
18382,"3,187,21"
18383,"23,26,231"
18384,"147,3,148"
18385,"226,131,40"
18386,"169,296,507"
18387,"54,10,95"
18388,"3,187,21"
18389,"0,216,380"
18390,"456,271,0"
18391,"40,41,186"
18392,"8,308,0"
18393,"4,3,375"
18394,"0,266,490"
18395,"231,26,23"
18396,"8,0,206"
18397,"17,320,3"
18398,"40,131,406"
18399,"199,169,281"
18400,"169,199,281"
18401,"17,3,320"
18402,"3,127,33"
18403,"220,242,10"
18404,"89,23,26"
18405,"64,448,10"
18406,"3,5,228"
18407,"0,9,8"
18408,"3,48,81"
18409,"3,30,104"
18410,"138,135,40"
18411,"11,109,10"
18412,"23,24,60"
18413,"3,169,21"
18414,"45,44,145"
18415,"3,53,21"
18416,"64,10,473"
18417,"187,3,21"
18418,"3,21,30"
18419,"271,0,272"
18420,"160,40,423"
18421,"169,170,459"
18422,"3,112,17"
18423,"0,216,212"
18424,"162,40,163"
18425,"169,199,248"
18426,"129,40,128"
18427,"3,21,66"
18428,"23,26,89"
18429,"74,23,303"
18430,"23,131,406"
18431,"74,23,303"
18432,"3,379,21"
18433,"40,41,395"
18434,"3,21,127"
18435,"43,24,23"
18436,"40,286,139"
18437,"231,26,23"
18438,"165,23,74"
18439,"3,33,147"
18440,"74,40,169"
18441,"281,199,169"
18442,"3,4,183"
18443,"3,182,68"
18444,"40,145,402"
18445,"64,10,335"
18446,"34,3,263"
18447,"40,41,215"
18448,"54,10,322"
18449,"4,3,435"
18450,"0,279,211"
18451,"309,38,23"
18452,"226,131,40"
18453,"23,74,303"
18454,"456,0,271"
18455,"456,0,271"
18456,"40,131,406"
18457,"3,267,111"
18458,"271,0,456"
18459,"169,64,93"
18460,"206,0,8"
18461,"74,23,317"
18462,"74,23,165"
18463,"3,228,5"
18464,"26,89,23"
18465,"0,211,319"
18466,"3,68,53"
18467,"10,11,64"
18468,"3,4,435"
18469,"11,10,109"
18470,"199,10,169"
18471,"111,123,3"
18472,"169,337,0"
18473,"3,53,111"
18474,"4,3,183"
18475,"89,26,23"
18476,"169,199,281"
18477,"40,160,128"
18478,"3,34,15"
18479,"147,156,3"
18480,"40,139,153"
18481,"64,10,80"
18482,"77,31,53"
18483,"160,315,334"
18484,"3,210,53"
18485,"48,21,40"
18486,"4,3,238"
18487,"74,118,23"
18488,"10,64,65"
18489,"3,34,447"
18490,"44,45,145"
18491,"10,54,322"
18492,"43,24,64"
18493,"64,10,93"
18494,"4,19,174"
18495,"0,271,353"
18496,"40,41,139"
18497,"169,248,199"
18498,"135,40,138"
18499,"40,44,45"
18500,"3,4,435"
18501,"281,199,169"
18502,"296,300,169"
18503,"10,64,11"
18504,"64,473,10"
18505,"74,165,23"
18506,"11,24,40"
18507,"138,135,40"
18508,"45,44,40"
18509,"74,486,23"
18510,"40,131,406"
18511,"64,10,93"
18512,"313,346,501"
18513,"3,263,34"
18514,"3,5,228"
18515,"220,10,221"
18516,"10,64,65"
18517,"23,38,24"
18518,"17,168,18"
18519,"290,31,23"
18520,"135,244,40"
18521,"0,8,391"
18522,"26,23,89"
18523,"95,54,40"
18524,"59,24,23"
18525,"10,49,24"
18526,"60,61,10"
18527,"25,24,10"
18528,"224,40,41"
18529,"40,41,324"
18530,"40,146,145"
18531,"11,24,23"
18532,"3,125,111"
18533,"129,128,40"
18534,"0,254,279"
18535,"3,147,156"
18536,"21,127,40"
18537,"34,263,3"
18538,"23,84,74"
18539,"40,162,163"
18540,"129,128,40"
18541,"4,3,238"
18542,"169,199,170"
18543,"0,366,271"
18544,"49,24,23"
18545,"0,271,456"
18546,"0,304,216"
18547,"155,139,153"
18548,"3,40,111"
18549,"0,3,208"
18550,"0,265,208"
18551,"23,105,137"
18552,"10,54,145"
18553,"102,40,21"
18554,"16,15,3"
18555,"16,15,3"
18556,"23,44,26"
18557,"23,26,89"
18558,"199,281,169"
18559,"11,10,205"
18560,"23,107,74"
18561,"44,45,145"
18562,"3,148,147"
18563,"0,23,255"
18564,"281,169,199"
18565,"129,128,40"
18566,"54,10,322"
18567,"0,216,31"
18568,"3,33,21"
18569,"89,26,23"
18570,"168,17,3"
18571,"21,3,102"
18572,"169,170,426"
18573,"4,3,238"
18574,"23,38,309"
18575,"3,147,148"
18576,"3,21,127"
18577,"220,10,242"
18578,"250,309,135"
18579,"3,50,262"
18580,"296,169,336"
18581,"138,135,40"
18582,"343,199,169"
18583,"23,303,105"
18584,"226,40,131"
18585,"199,169,64"
18586,"64,10,93"
18587,"356,199,169"
18588,"145,44,40"
18589,"10,54,322"
18590,"0,279,249"
18591,"24,23,345"
18592,"3,34,17"
18593,"13,3,14"
18594,"126,21,42"
18595,"3,111,472"
18596,"296,169,417"
18597,"3,379,21"
18598,"89,26,23"
18599,"169,405,8"
18600,"10,64,93"
18601,"3,53,147"
18602,"23,26,89"
18603,"131,40,226"
18604,"3,111,161"
18605,"40,152,151"
18606,"220,10,242"
18607,"323,199,169"
18608,"32,31,23"
18609,"3,15,21"
18610,"138,169,135"
18611,"74,317,23"
18612,"23,47,26"
18613,"149,40,41"
18614,"169,199,323"
18615,"0,342,1"
18616,"3,111,119"
18617,"11,12,10"
18618,"26,23,89"
18619,"206,0,8"
18620,"127,40,3"
18621,"0,255,462"
18622,"146,40,145"
18623,"10,220,80"
18624,"3,13,204"
18625,"10,60,109"
18626,"10,11,12"
18627,"135,141,40"
18628,"296,169,306"
18629,"23,59,24"
18630,"3,4,238"
18631,"3,86,85"
18632,"6,5,3"
18633,"3,53,99"
18634,"0,206,8"
18635,"3,111,275"
18636,"165,74,23"
18637,"220,221,10"
18638,"135,40,138"
18639,"220,221,10"
18640,"64,10,93"
18641,"3,28,21"
18642,"23,71,38"
18643,"10,64,90"
18644,"3,21,48"
18645,"23,38,105"
18646,"281,259,169"
18647,"3,53,127"
18648,"40,145,402"
18649,"59,23,24"
18650,"3,16,15"
18651,"3,158,85"
18652,"33,21,3"
18653,"23,105,106"
18654,"17,168,3"
18655,"41,40,224"
18656,"456,0,271"
18657,"0,456,271"
18658,"23,38,24"
18659,"3,21,187"
18660,"169,281,199"
18661,"206,8,0"
18662,"3,147,148"
18663,"40,131,406"
18664,"4,3,19"
18665,"44,145,73"
18666,"10,95,54"
18667,"64,10,93"
18668,"0,304,216"
18669,"160,40,315"
18670,"25,24,23"
18671,"0,265,490"
18672,"3,263,21"
18673,"128,195,40"
18674,"0,279,249"
18675,"23,48,38"
18676,"170,169,329"
18677,"3,6,53"
18678,"64,10,79"
18679,"0,216,44"
18680,"206,8,0"
18681,"40,128,186"
18682,"169,171,199"
18683,"402,145,40"
18684,"34,3,237"
18685,"49,23,24"
18686,"3,108,21"
18687,"241,40,131"
18688,"3,127,21"
18689,"24,23,49"
18690,"3,53,287"
18691,"105,106,23"
18692,"10,45,40"
18693,"10,60,61"
18694,"220,221,10"
18695,"3,111,284"
18696,"118,23,74"
18697,"31,454,23"
18698,"43,24,25"
18699,"44,109,11"
18700,"0,218,490"
18701,"169,199,281"
18702,"3,4,19"
18703,"26,89,0"
18704,"23,345,24"
18705,"169,426,312"
18706,"64,448,10"
18707,"42,40,41"
18708,"40,145,44"
18709,"10,54,64"
18710,"271,169,456"
18711,"64,93,10"
18712,"339,169,337"
18713,"169,170,337"
18714,"287,53,0"
18715,"3,147,111"
18716,"296,169,306"
18717,"3,53,287"
18718,"95,23,10"
18719,"3,21,267"
18720,"169,296,452"
18721,"40,146,145"
18722,"0,319,211"
18723,"23,24,10"
18724,"93,64,10"
18725,"26,23,199"
18726,"3,17,18"
18727,"169,199,248"
18728,"23,0,232"
18729,"40,152,151"
18730,"0,208,521"
18731,"23,74,165"
18732,"0,271,355"
18733,"131,40,406"
18734,"170,260,169"
18735,"29,111,28"
18736,"45,44,40"
18737,"242,220,10"
18738,"169,23,3"
18739,"169,339,337"
18740,"40,129,128"
18741,"147,3,148"
18742,"3,168,17"
18743,"313,346,501"
18744,"3,228,5"
18745,"40,131,226"
18746,"169,281,199"
18747,"3,30,31"
18748,"40,135,141"
18749,"169,199,138"
18750,"135,40,169"
18751,"3,21,33"
18752,"23,74,71"
18753,"40,131,406"
18754,"206,0,8"
18755,"193,131,406"
18756,"64,80,10"
18757,"3,21,17"
18758,"49,23,24"
18759,"0,265,349"
18760,"23,26,350"
18761,"43,24,23"
18762,"0,8,308"
18763,"3,21,17"
18764,"11,109,10"
18765,"105,23,318"
18766,"96,131,31"
18767,"26,89,23"
18768,"147,148,3"
18769,"290,3,53"
18770,"206,0,8"
18771,"3,53,287"
18772,"23,82,26"
18773,"40,406,131"
18774,"10,64,93"
18775,"5,3,57"
18776,"3,16,15"
18777,"40,131,241"
18778,"44,40,145"
18779,"3,21,126"
18780,"64,10,448"
18781,"43,24,23"
18782,"31,258,23"
18783,"169,199,138"
18784,"4,3,19"
18785,"31,402,40"
18786,"10,54,95"
18787,"361,0,272"
18788,"40,145,45"
18789,"64,10,448"
18790,"3,111,474"
18791,"10,64,65"
18792,"206,0,8"
18793,"3,21,325"
18794,"3,147,203"
18795,"169,199,382"
18796,"0,265,266"
18797,"169,508,170"
18798,"23,24,49"
18799,"43,24,10"
18800,"3,5,228"
18801,"10,323,199"
18802,"171,169,199"
18803,"0,271,272"
18804,"220,10,242"
18805,"147,203,3"
18806,"64,10,448"
18807,"23,308,0"
18808,"3,21,111"
18809,"220,221,10"
18810,"3,17,389"
18811,"3,119,111"
18812,"129,128,40"
18813,"26,350,23"
18814,"160,40,423"
18815,"0,8,206"
18816,"11,10,12"
18817,"44,145,45"
18818,"231,23,118"
18819,"60,10,197"
18820,"148,147,3"
18821,"23,38,309"
18822,"3,4,85"
18823,"23,24,10"
18824,"169,138,374"
18825,"199,23,169"
18826,"3,34,263"
18827,"10,323,64"
18828,"11,10,12"
18829,"8,0,285"
18830,"3,85,86"
18831,"199,169,323"
18832,"23,303,165"
18833,"3,219,30"
18834,"3,34,263"
18835,"10,55,40"
18836,"0,235,8"
18837,"170,169,260"
18838,"3,21,127"
18839,"10,64,80"
18840,"343,169,199"
18841,"23,89,26"
18842,"271,0,355"
18843,"21,127,3"
18844,"32,31,23"
18845,"40,184,185"
18846,"25,24,10"
18847,"40,152,151"
18848,"54,95,10"
18849,"23,39,38"
18850,"523,53,3"
18851,"3,21,17"
18852,"171,199,169"
18853,"3,238,4"
18854,"401,13,3"
18855,"0,271,291"
18856,"281,199,169"
18857,"49,24,23"
18858,"131,40,406"
18859,"201,21,40"
18860,"3,21,102"
18861,"0,266,265"
18862,"64,10,448"
18863,"10,55,54"
18864,"169,199,343"
18865,"199,169,187"
18866,"8,0,391"
18867,"10,54,83"
18868,"330,28,74"
18869,"4,3,238"
18870,"23,26,89"
18871,"23,44,145"
18872,"226,40,131"
18873,"313,0,346"
18874,"43,23,24"
18875,"3,30,147"
18876,"23,26,89"
18877,"169,402,170"
18878,"3,21,48"
18879,"16,15,3"
18880,"3,21,108"
18881,"3,284,111"
18882,"4,3,188"
18883,"10,239,60"
18884,"24,23,43"
18885,"220,10,221"
18886,"64,10,79"
18887,"3,21,187"
18888,"3,15,16"
18889,"206,369,8"
18890,"10,220,242"
18891,"43,24,23"
18892,"0,216,208"
18893,"3,187,21"
18894,"0,249,279"
18895,"21,127,3"
18896,"10,44,40"
18897,"40,145,45"
18898,"165,74,23"
18899,"89,26,23"
18900,"40,128,186"
18901,"169,0,111"
18902,"0,463,462"
18903,"64,10,80"
18904,"135,138,40"
18905,"64,10,448"
18906,"23,63,38"
18907,"40,145,44"
18908,"43,24,23"
18909,"23,118,74"
18910,"3,21,127"
18911,"11,10,12"
18912,"3,48,21"
18913,"40,184,241"
18914,"0,265,277"
18915,"0,304,216"
18916,"3,111,147"
18917,"11,10,419"
18918,"44,45,145"
18919,"17,168,18"
18920,"3,293,85"
18921,"23,43,10"
18922,"0,340,271"
18923,"220,10,221"
18924,"169,199,281"
18925,"3,17,168"
18926,"40,286,111"
18927,"169,199,237"
18928,"3,21,85"
18929,"402,40,145"
18930,"3,53,21"
18931,"23,74,40"
18932,"89,26,23"
18933,"23,105,106"
18934,"23,38,71"
18935,"40,146,283"
18936,"64,93,10"
18937,"0,271,363"
18938,"243,184,40"
18939,"10,64,448"
18940,"0,235,8"
18941,"0,288,8"
18942,"170,260,169"
18943,"3,53,139"
18944,"0,456,271"
18945,"10,11,109"
18946,"0,280,271"
18947,"40,41,286"
18948,"220,221,10"
18949,"3,34,168"
18950,"17,18,3"
18951,"10,220,221"
18952,"0,271,456"
18953,"0,265,349"
18954,"168,17,3"
18955,"4,3,19"
18956,"319,211,0"
18957,"8,0,235"
18958,"40,146,145"
18959,"11,10,205"
18960,"3,112,111"
18961,"43,10,64"
18962,"350,23,0"
18963,"23,91,74"
18964,"49,23,24"
18965,"456,0,271"
18966,"40,128,139"
18967,"3,53,21"
18968,"139,40,153"
18969,"11,10,109"
18970,"40,149,41"
18971,"17,168,3"
18972,"339,169,337"
18973,"3,287,169"
18974,"379,3,21"
18975,"3,4,183"
18976,"23,24,43"
18977,"26,23,231"
18978,"23,74,165"
18979,"71,165,38"
18980,"3,66,30"
18981,"13,14,3"
18982,"40,149,41"
18983,"11,10,205"
18984,"3,293,388"
18985,"131,134,40"
18986,"3,34,263"
18987,"10,64,448"
18988,"3,21,108"
18989,"64,10,80"
18990,"4,3,435"
18991,"3,100,222"
18992,"220,0,10"
18993,"3,68,53"
18994,"10,64,65"
18995,"17,3,168"
18996,"169,260,170"
18997,"3,281,30"
18998,"13,3,204"
18999,"10,54,40"
19000,"135,40,236"
19001,"17,168,18"
19002,"3,4,174"
19003,"3,154,287"
19004,"34,263,3"
19005,"0,313,346"
19006,"4,3,238"
19007,"169,248,199"
19008,"271,355,169"
19009,"3,17,379"
19010,"23,340,265"
19011,"40,41,160"
19012,"74,118,23"
19013,"131,40,406"
19014,"169,199,3"
19015,"3,21,127"
19016,"168,17,18"
19017,"36,35,3"
19018,"220,10,221"
19019,"0,271,444"
19020,"64,10,93"
19021,"3,53,28"
19022,"23,105,106"
19023,"220,10,242"
19024,"4,19,3"
19025,"40,131,226"
19026,"3,147,148"
19027,"467,53,3"
19028,"4,3,435"
19029,"23,63,38"
19030,"151,152,40"
19031,"10,43,24"
19032,"40,152,151"
19033,"5,228,3"
19034,"64,10,80"
19035,"0,218,348"
19036,"3,293,111"
19037,"129,128,130"
19038,"23,118,231"
19039,"40,128,241"
19040,"3,153,17"
19041,"3,13,5"
19042,"10,11,44"
19043,"109,11,69"
19044,"3,21,53"
19045,"3,467,53"
19046,"0,271,265"
19047,"3,30,66"
19048,"26,23,89"
19049,"0,271,456"
19050,"152,151,494"
19051,"64,10,93"
19052,"255,0,463"
19053,"0,456,271"
19054,"220,221,10"
19055,"0,516,271"
19056,"0,53,265"
19057,"199,169,356"
19058,"10,419,60"
19059,"40,146,135"
19060,"3,389,120"
19061,"10,64,338"
19062,"3,199,124"
19063,"199,343,169"
19064,"17,320,168"
19065,"5,228,3"
19066,"3,147,33"
19067,"0,522,271"
19068,"17,168,3"
19069,"3,34,17"
19070,"3,238,52"
19071,"3,21,182"
19072,"3,21,53"
19073,"3,21,158"
19074,"3,147,148"
19075,"23,105,25"
19076,"405,8,169"
19077,"3,4,238"
19078,"10,11,109"
19079,"40,145,44"
19080,"0,8,308"
19081,"3,325,53"
19082,"64,93,10"
19083,"169,170,260"
19084,"3,147,148"
19085,"26,23,0"
19086,"64,145,44"
19087,"32,31,23"
19088,"23,34,155"
19089,"0,128,26"
19090,"17,3,320"
19091,"23,24,105"
19092,"3,238,435"
19093,"64,23,442"
19094,"0,277,513"
19095,"40,128,175"
19096,"32,31,3"
19097,"25,24,23"
19098,"220,10,242"
19099,"10,323,169"
19100,"23,74,118"
19101,"129,128,40"
19102,"3,30,104"
19103,"40,41,139"
19104,"40,3,53"
19105,"0,271,342"
19106,"3,379,17"
19107,"3,21,108"
19108,"296,306,169"
19109,"10,64,90"
19110,"3,68,53"
19111,"10,54,24"
19112,"10,64,448"
19113,"3,21,40"
19114,"64,199,169"
19115,"105,23,326"
19116,"0,271,8"
19117,"55,10,54"
19118,"160,40,317"
19119,"3,4,364"
19120,"10,54,95"
19121,"3,85,111"
19122,"24,10,59"
19123,"0,279,249"
19124,"3,147,148"
19125,"49,23,24"
19126,"3,147,148"
19127,"3,53,60"
19128,"165,74,23"
19129,"10,24,23"
19130,"3,21,48"
19131,"0,271,456"
19132,"3,147,148"
19133,"171,169,199"
19134,"0,218,512"
19135,"160,40,315"
19136,"0,213,214"
19137,"40,131,142"
19138,"40,131,226"
19139,"10,11,12"
19140,"0,254,216"
19141,"23,91,38"
19142,"281,199,169"
19143,"156,3,147"
19144,"380,216,0"
19145,"118,74,23"
19146,"128,129,40"
19147,"8,0,235"
19148,"3,147,33"
19149,"10,64,338"
19150,"0,271,456"
19151,"3,4,19"
19152,"281,199,169"
19153,"3,168,21"
19154,"23,24,0"
19155,"0,456,271"
19156,"23,105,74"
19157,"10,11,218"
19158,"64,80,10"
19159,"10,54,95"
19160,"23,38,71"
19161,"10,448,54"
19162,"0,206,8"
19163,"23,105,318"
19164,"234,60,10"
19165,"169,199,356"
19166,"64,10,80"
19167,"44,67,145"
19168,"0,393,321"
19169,"3,148,147"
19170,"49,24,23"
19171,"3,48,81"
19172,"23,74,118"
19173,"38,39,82"
19174,"17,168,3"
19175,"64,10,93"
19176,"40,478,145"
19177,"10,61,12"
19178,"131,40,406"
19179,"89,23,26"
19180,"220,221,10"
19181,"265,0,340"
19182,"3,158,13"
19183,"346,313,0"
19184,"74,23,63"
19185,"0,8,206"
19186,"0,348,255"
19187,"317,74,23"
19188,"3,13,150"
19189,"220,10,221"
19190,"3,28,330"
19191,"10,220,242"
19192,"146,169,199"
19193,"10,239,60"
19194,"10,64,65"
19195,"23,32,74"
19196,"0,346,313"
19197,"0,279,26"
19198,"3,148,147"
19199,"3,53,287"
19200,"147,148,3"
19201,"3,17,168"
19202,"0,271,456"
19203,"208,0,209"
19204,"3,34,53"
19205,"23,24,418"
19206,"23,24,59"
19207,"199,169,248"
19208,"89,26,23"
19209,"3,108,21"
19210,"23,40,128"
19211,"3,238,4"
19212,"169,281,199"
19213,"74,165,40"
19214,"32,31,23"
19215,"3,53,523"
19216,"10,220,221"
19217,"3,147,148"
19218,"54,45,10"
19219,"220,221,10"
19220,"26,89,23"
19221,"3,96,31"
19222,"3,21,228"
19223,"74,118,23"
19224,"0,206,369"
19225,"10,220,221"
19226,"64,10,80"
19227,"170,169,260"
19228,"165,71,74"
19229,"10,54,239"
19230,"3,115,393"
19231,"105,23,318"
19232,"3,21,379"
19233,"40,186,128"
19234,"23,24,26"
19235,"406,131,226"
19236,"169,199,170"
19237,"199,281,169"
19238,"23,38,91"
19239,"10,60,239"
19240,"220,10,221"
19241,"49,24,23"
19242,"0,249,279"
19243,"459,170,417"
19244,"40,131,135"
19245,"23,71,165"
19246,"0,271,214"
19247,"0,280,255"
19248,"296,300,169"
19249,"3,4,174"
19250,"74,165,23"
19251,"64,10,80"
19252,"54,10,95"
19253,"40,131,128"
19254,"3,34,53"
19255,"23,25,24"
19256,"40,160,152"
19257,"169,111,112"
19258,"10,93,64"
19259,"40,129,313"
19260,"3,46,34"
19261,"3,187,21"
19262,"0,271,169"
19263,"10,93,60"
19264,"128,40,195"
19265,"102,21,3"
19266,"3,53,287"
19267,"3,21,127"
19268,"23,105,317"
19269,"38,103,23"
19270,"93,10,64"
19271,"3,53,287"
19272,"3,164,21"
19273,"44,40,45"
19274,"3,21,30"
19275,"153,139,40"
19276,"23,24,74"
19277,"3,30,32"
19278,"169,199,170"
19279,"8,206,0"
19280,"23,137,38"
19281,"162,163,40"
19282,"3,21,124"
19283,"322,10,54"
19284,"3,30,66"
19285,"3,30,66"
19286,"448,64,10"
19287,"3,30,66"
19288,"3,85,86"
19289,"0,291,271"
19290,"3,176,4"
19291,"0,216,212"
19292,"402,145,40"
19293,"169,296,405"
19294,"40,131,406"
19295,"40,160,315"
19296,"3,21,124"
19297,"0,271,360"
19298,"25,67,24"
19299,"169,199,311"
19300,"74,303,165"
19301,"3,21,108"
19302,"102,40,244"
19303,"30,23,32"
19304,"10,64,93"
19305,"40,131,406"
19306,"23,44,25"
19307,"23,309,303"
19308,"24,95,23"
19309,"402,145,40"
19310,"3,30,28"
19311,"10,64,93"
19312,"74,303,23"
19313,"0,346,313"
19314,"23,95,105"
19315,"0,380,216"
19316,"0,271,291"
19317,"0,24,11"
19318,"96,23,31"
19319,"0,280,271"
19320,"3,147,111"
19321,"201,40,41"
19322,"220,10,221"
19323,"131,40,406"
19324,"524,40,145"
19325,"379,218,0"
19326,"169,171,170"
19327,"26,89,23"
19328,"10,54,55"
19329,"3,66,30"
19330,"3,17,168"
19331,"10,54,55"
19332,"339,337,169"
19333,"220,221,10"
19334,"0,355,313"
19335,"151,152,40"
19336,"40,41,42"
19337,"3,53,5"
19338,"375,4,19"
19339,"169,281,199"
19340,"10,170,169"
19341,"111,337,339"
19342,"286,3,41"
19343,"206,8,0"
19344,"3,48,30"
19345,"71,23,38"
19346,"129,128,40"
19347,"0,8,265"
19348,"169,170,337"
19349,"23,31,96"
19350,"137,23,38"
19351,"64,23,24"
19352,"169,171,459"
19353,"23,44,24"
19354,"220,10,221"
19355,"31,32,23"
19356,"49,24,23"
19357,"402,145,40"
19358,"138,135,40"
19359,"23,89,26"
19360,"3,230,229"
19361,"508,169,31"
19362,"406,131,40"
19363,"3,147,156"
19364,"40,3,23"
19365,"0,421,229"
19366,"64,10,93"
19367,"64,10,93"
19368,"10,11,109"
19369,"151,152,40"
19370,"0,280,255"
19371,"0,355,271"
19372,"165,23,71"
19373,"40,131,159"
19374,"147,148,3"
19375,"3,168,17"
19376,"296,169,306"
19377,"281,199,169"
19378,"220,242,221"
19379,"10,45,54"
19380,"0,218,465"
19381,"11,10,109"
19382,"0,216,380"
19383,"23,10,40"
19384,"3,53,105"
19385,"0,8,308"
19386,"26,23,231"
19387,"3,21,53"
19388,"10,145,44"
19389,"40,41,42"
19390,"11,10,109"
19391,"1,0,2"
19392,"322,10,54"
19393,"24,49,23"
19394,"0,271,291"
19395,"3,21,53"
19396,"124,3,21"
19397,"3,169,187"
19398,"17,168,18"
19399,"10,220,242"
19400,"24,10,59"
19401,"0,1,2"
19402,"170,171,169"
19403,"23,105,303"
19404,"21,127,3"
19405,"40,145,402"
19406,"408,40,128"
19407,"169,296,417"
19408,"350,26,23"
19409,"10,64,11"
19410,"13,204,14"
19411,"10,11,109"
19412,"23,74,165"
19413,"23,74,303"
19414,"23,24,345"
19415,"5,6,3"
19416,"0,235,257"
19417,"54,10,95"
19418,"3,17,320"
19419,"3,21,127"
19420,"64,10,93"
19421,"71,38,23"
19422,"186,128,40"
19423,"317,23,74"
19424,"3,28,111"
19425,"0,206,8"
19426,"11,109,10"
19427,"147,203,3"
19428,"23,84,74"
19429,"93,64,10"
19430,"10,64,442"
19431,"34,263,3"
19432,"147,148,3"
19433,"173,54,40"
19434,"3,68,53"
19435,"31,23,258"
19436,"3,21,33"
19437,"23,26,89"
19438,"4,3,183"
19439,"21,124,3"
19440,"11,10,109"
19441,"23,49,24"
19442,"160,40,315"
19443,"49,24,23"
19444,"23,31,328"
19445,"322,54,10"
19446,"49,23,24"
19447,"24,10,59"
19448,"10,60,61"
19449,"23,74,63"
19450,"0,346,501"
19451,"0,456,271"
19452,"3,53,325"
19453,"3,53,467"
19454,"218,0,512"
19455,"17,168,320"
19456,"0,271,255"
19457,"0,255,218"
19458,"3,17,523"
19459,"0,277,169"
19460,"0,418,265"
19461,"160,40,423"
19462,"160,302,40"
19463,"3,33,21"
19464,"131,40,193"
19465,"11,10,205"
19466,"3,168,17"
19467,"23,89,26"
19468,"3,108,21"
19469,"40,324,41"
19470,"11,10,109"
19471,"40,184,185"
19472,"40,44,145"
19473,"3,22,21"
19474,"40,395,128"
19475,"23,131,40"
19476,"3,111,53"
19477,"165,74,23"
19478,"3,183,5"
19479,"402,145,40"
19480,"3,21,108"
19481,"169,170,171"
19482,"169,171,199"
19483,"271,0,291"
19484,"3,4,183"
19485,"199,169,382"
19486,"3,379,0"
19487,"74,23,303"
19488,"111,169,112"
19489,"523,3,147"
19490,"131,40,406"
19491,"131,406,40"
19492,"169,199,281"
19493,"3,22,301"
19494,"147,3,167"
19495,"199,169,374"
19496,"11,10,205"
19497,"10,60,54"
19498,"40,162,163"
19499,"287,3,53"
19500,"0,249,279"
19501,"3,28,190"
19502,"129,128,130"
19503,"10,448,145"
19504,"10,64,93"
19505,"74,23,118"
19506,"147,148,3"
19507,"40,41,224"
19508,"152,151,40"
19509,"3,21,182"
19510,"4,3,435"
19511,"169,353,271"
19512,"220,10,105"
19513,"40,145,44"
19514,"3,21,68"
19515,"10,43,23"
19516,"3,40,42"
19517,"40,131,159"
19518,"40,186,128"
19519,"11,10,109"
19520,"3,53,523"
19521,"0,8,235"
19522,"40,131,241"
19523,"74,317,303"
19524,"23,175,74"
19525,"10,23,24"
19526,"303,74,23"
19527,"64,10,90"
19528,"10,54,338"
19529,"3,85,86"
19530,"3,523,53"
19531,"53,325,40"
19532,"169,170,171"
19533,"169,199,281"
19534,"10,220,221"
19535,"40,250,135"
19536,"162,163,40"
19537,"146,145,40"
19538,"0,304,216"
19539,"40,186,152"
19540,"0,8,206"
19541,"74,165,303"
19542,"74,317,23"
19543,"53,523,287"
19544,"23,0,24"
19545,"3,5,53"
19546,"220,10,242"
19547,"3,17,320"
19548,"212,0,211"
19549,"147,148,3"
19550,"23,74,91"
19551,"3,21,126"
19552,"40,131,368"
19553,"23,74,84"
19554,"169,260,170"
19555,"169,339,426"
19556,"279,249,0"
19557,"11,109,10"
19558,"4,19,3"
19559,"3,53,99"
19560,"131,241,406"
19561,"328,31,23"
19562,"159,131,208"
19563,"40,128,129"
19564,"402,40,145"
19565,"231,26,23"
19566,"131,193,406"
19567,"3,21,127"
19568,"128,129,40"
19569,"0,346,313"
19570,"296,169,460"
19571,"4,70,3"
19572,"3,127,21"
19573,"10,220,242"
19574,"406,131,40"
19575,"23,317,74"
19576,"11,109,10"
19577,"3,104,21"
19578,"296,169,371"
19579,"4,3,19"
19580,"17,168,3"
19581,"10,54,95"
19582,"31,23,290"
19583,"128,129,40"
19584,"10,220,64"
19585,"3,53,292"
19586,"0,249,279"
19587,"21,127,3"
19588,"10,64,448"
19589,"4,3,238"
19590,"199,323,169"
19591,"3,187,21"
19592,"40,324,41"
19593,"24,265,0"
19594,"0,209,265"
19595,"3,53,219"
19596,"3,111,68"
19597,"40,135,250"
19598,"169,260,170"
19599,"111,125,3"
19600,"49,24,23"
19601,"0,355,169"
19602,"281,169,199"
19603,"10,31,220"
19604,"3,30,21"
19605,"102,21,3"
19606,"49,10,23"
19607,"3,28,190"
19608,"513,2,277"
19609,"10,11,109"
19610,"3,4,19"
19611,"3,204,122"
19612,"129,128,40"
19613,"3,21,48"
19614,"0,8,206"
19615,"3,111,284"
19616,"44,45,145"
19617,"169,199,343"
19618,"169,296,426"
19619,"220,10,221"
19620,"3,218,512"
19621,"3,68,53"
19622,"105,23,318"
19623,"74,84,23"
19624,"169,199,281"
19625,"3,4,30"
19626,"147,3,167"
19627,"0,8,206"
19628,"40,131,406"
19629,"74,84,23"
19630,"10,64,448"
19631,"0,216,212"
19632,"3,4,70"
19633,"26,89,23"
19634,"296,169,526"
19635,"135,138,40"
19636,"74,23,317"
19637,"3,21,147"
19638,"38,23,0"
19639,"23,24,49"
19640,"54,10,96"
19641,"40,241,131"
19642,"89,26,23"
19643,"40,152,151"
19644,"3,30,66"
19645,"40,145,44"
19646,"169,170,260"
19647,"0,26,23"
19648,"23,89,26"
19649,"23,32,31"
19650,"31,23,454"
19651,"23,8,0"
19652,"3,53,30"
19653,"40,145,55"
19654,"226,40,131"
19655,"23,71,24"
19656,"21,3,42"
19657,"3,108,21"
