id,labels
0,"64,10,93"
1,"17,3,168"
2,"3,53,467"
3,"0,216,257"
4,"40,10,220"
5,"206,8,0"
6,"40,145,44"
7,"3,21,126"
8,"23,49,24"
9,"3,21,190"
10,"24,23,59"
11,"145,40,54"
12,"169,296,507"
13,"456,0,271"
14,"23,38,74"
15,"23,38,91"
16,"10,64,80"
17,"3,111,267"
18,"10,64,93"
19,"10,220,242"
20,"10,60,64"
21,"23,26,89"
22,"5,3,57"
23,"40,41,160"
24,"0,249,208"
25,"40,131,159"
26,"3,21,108"
27,"10,64,93"
28,"3,17,168"
29,"13,3,14"
30,"43,23,24"
31,"3,147,148"
32,"131,40,226"
33,"23,26,89"
34,"220,10,242"
35,"3,48,21"
36,"3,5,379"
37,"10,11,109"
38,"4,3,238"
39,"40,139,155"
40,"23,26,89"
41,"3,21,22"
42,"135,138,40"
43,"0,271,291"
44,"11,10,12"
45,"40,162,163"
46,"17,3,168"
47,"10,234,322"
48,"40,128,186"
49,"10,64,322"
50,"23,38,105"
51,"3,147,148"
52,"10,220,242"
53,"3,53,147"
54,"3,111,85"
55,"21,3,127"
56,"10,64,90"
57,"23,74,31"
58,"23,118,74"
59,"28,3,190"
60,"11,205,10"
61,"64,10,448"
62,"0,271,456"
63,"3,53,21"
64,"208,0,403"
65,"3,22,5"
66,"40,131,226"
67,"169,459,10"
68,"17,3,168"
69,"3,53,287"
70,"64,10,65"
71,"64,10,448"
72,"40,41,224"
73,"126,41,40"
74,"220,10,221"
75,"0,340,365"
76,"3,34,447"
77,"313,0,346"
78,"23,24,49"
79,"220,10,221"
80,"64,10,93"
81,"17,3,168"
82,"11,10,109"
83,"296,306,169"
84,"23,10,24"
85,"23,74,63"
86,"40,131,406"
87,"40,41,42"
88,"26,89,23"
89,"3,111,53"
90,"10,64,54"
91,"220,10,221"
92,"0,257,216"
93,"4,3,238"
94,"23,31,96"
95,"40,145,139"
96,"23,24,49"
97,"40,131,241"
98,"40,145,402"
99,"23,26,89"
100,"26,23,231"
101,"23,106,105"
102,"23,49,96"
103,"3,85,156"
104,"23,26,59"
105,"8,0,308"
106,"10,60,239"
107,"23,24,49"
108,"0,216,271"
109,"8,206,0"
110,"3,5,228"
111,"199,169,281"
112,"3,4,238"
113,"3,34,263"
114,"220,10,242"
115,"169,199,281"
116,"485,313,21"
117,"8,220,10"
118,"40,146,145"
119,"3,21,187"
120,"147,3,148"
121,"0,265,53"
122,"11,10,205"
123,"40,41,3"
124,"3,53,4"
125,"3,21,187"
126,"0,229,230"
127,"23,38,24"
128,"0,271,456"
129,"0,218,446"
130,"10,64,322"
131,"170,169,260"
132,"23,38,74"
133,"21,3,395"
134,"3,30,66"
135,"40,145,44"
136,"0,271,456"
137,"40,145,402"
138,"0,340,265"
139,"131,134,40"
140,"40,395,41"
141,"3,111,112"
142,"169,199,343"
143,"3,85,158"
144,"10,72,145"
145,"10,11,109"
146,"4,3,183"
147,"8,0,405"
148,"64,10,448"
149,"160,40,315"
150,"40,135,295"
151,"23,63,74"
152,"4,19,3"
153,"0,265,266"
154,"169,199,17"
155,"23,26,231"
156,"40,131,406"
157,"40,145,44"
158,"40,128,129"
159,"0,216,271"
160,"23,8,0"
161,"23,74,82"
162,"40,241,131"
163,"3,111,267"
164,"0,444,291"
165,"128,195,40"
166,"10,64,90"
167,"64,10,93"
168,"11,10,109"
169,"40,41,324"
170,"184,185,40"
171,"3,21,126"
172,"23,89,413"
173,"4,19,3"
174,"169,199,248"
175,"26,89,40"
176,"64,10,448"
177,"23,82,38"
178,"3,21,66"
179,"26,23,89"
180,"3,21,127"
181,"105,23,318"
182,"0,365,340"
183,"3,85,111"
184,"128,195,0"
185,"23,24,49"
186,"0,211,361"
187,"135,40,236"
188,"64,10,448"
189,"169,199,26"
190,"169,170,10"
191,"169,199,259"
192,"185,184,231"
193,"162,40,163"
194,"169,0,2"
195,"169,199,281"
196,"40,145,44"
197,"3,127,21"
198,"40,131,226"
199,"0,271,456"
200,"23,24,43"
201,"23,24,43"
202,"3,53,287"
203,"4,3,19"
204,"169,170,260"
205,"169,170,260"
206,"23,43,24"
207,"23,38,74"
208,"10,24,23"
209,"64,10,448"
210,"3,53,5"
211,"8,0,235"
212,"0,271,265"
213,"3,21,68"
214,"0,23,384"
215,"43,24,23"
216,"23,74,31"
217,"23,74,38"
218,"3,21,164"
219,"160,40,302"
220,"23,38,39"
221,"0,271,355"
222,"3,4,183"
223,"169,199,281"
224,"40,160,302"
225,"3,13,204"
226,"10,64,11"
227,"10,64,93"
228,"5,3,6"
229,"3,17,168"
230,"40,145,10"
231,"3,53,393"
232,"23,26,89"
233,"0,218,379"
234,"40,145,146"
235,"40,131,134"
236,"53,3,23"
237,"199,169,323"
238,"40,402,145"
239,"23,24,43"
240,"0,313,346"
241,"0,271,456"
242,"152,151,494"
243,"131,40,226"
244,"0,271,355"
245,"0,100,40"
246,"10,234,60"
247,"169,199,281"
248,"3,17,168"
249,"128,129,40"
250,"24,11,23"
251,"220,10,221"
252,"3,147,148"
253,"3,17,168"
254,"23,105,318"
255,"23,26,89"
256,"3,21,127"
257,"3,204,13"
258,"40,129,128"
259,"23,24,11"
260,"64,10,93"
261,"4,3,19"
262,"64,10,93"
263,"147,3,148"
264,"21,3,127"
265,"3,21,108"
266,"23,38,309"
267,"23,74,303"
268,"10,64,93"
269,"40,160,423"
270,"3,21,33"
271,"40,131,406"
272,"23,10,24"
273,"23,24,25"
274,"10,54,11"
275,"64,10,448"
276,"23,31,32"
277,"3,21,28"
278,"23,118,74"
279,"40,131,406"
280,"23,38,118"
281,"10,220,221"
282,"0,265,266"
283,"3,21,127"
284,"3,85,86"
285,"4,3,238"
286,"64,10,448"
287,"0,89,26"
288,"10,64,93"
289,"23,26,89"
290,"0,313,271"
291,"43,23,24"
292,"11,109,10"
293,"0,24,23"
294,"3,21,108"
295,"40,149,160"
296,"40,41,324"
297,"135,40,189"
298,"169,199,343"
299,"3,17,168"
300,"15,3,16"
301,"170,21,3"
302,"23,38,71"
303,"3,111,325"
304,"169,170,0"
305,"0,271,291"
306,"40,23,67"
307,"26,23,89"
308,"10,64,448"
309,"40,139,153"
310,"0,271,304"
311,"3,287,447"
312,"3,21,126"
313,"23,49,24"
314,"17,3,168"
315,"0,271,444"
316,"23,74,38"
317,"3,5,228"
318,"303,23,74"
319,"169,170,199"
320,"0,249,279"
321,"40,152,151"
322,"21,23,3"
323,"3,53,111"
324,"40,160,315"
325,"40,131,406"
326,"3,28,13"
327,"199,169,431"
328,"23,43,24"
329,"0,216,304"
330,"23,24,43"
331,"129,128,40"
332,"319,211,0"
333,"3,123,111"
334,"0,271,366"
335,"3,21,108"
336,"43,23,24"
337,"3,17,34"
338,"3,21,126"
339,"3,147,148"
340,"220,10,221"
341,"147,3,148"
342,"128,129,40"
343,"5,3,228"
344,"40,131,241"
345,"40,145,44"
346,"296,169,460"
347,"220,10,221"
348,"3,188,4"
349,"296,169,300"
350,"10,11,205"
351,"23,74,105"
352,"296,169,411"
353,"23,26,89"
354,"3,111,85"
355,"10,64,80"
356,"23,26,89"
357,"31,23,258"
358,"0,271,8"
359,"64,448,10"
360,"23,31,74"
361,"40,145,44"
362,"3,21,108"
363,"169,170,237"
364,"169,170,508"
365,"0,271,456"
366,"0,8,405"
367,"23,0,26"
368,"23,74,303"
369,"199,169,40"
370,"4,3,238"
371,"23,43,24"
372,"118,23,74"
373,"131,40,406"
374,"206,8,0"
375,"40,145,10"
376,"169,170,199"
377,"48,3,21"
378,"40,41,224"
379,"31,23,96"
380,"3,40,143"
381,"3,21,108"
382,"169,427,426"
383,"169,199,343"
384,"17,3,168"
385,"220,221,10"
386,"220,10,221"
387,"23,74,165"
388,"0,249,279"
389,"3,21,379"
390,"220,10,242"
391,"24,23,40"
392,"0,216,304"
393,"64,10,65"
394,"10,220,221"
395,"3,111,472"
396,"23,48,309"
397,"3,21,108"
398,"337,169,339"
399,"169,170,459"
400,"40,145,44"
401,"169,199,323"
402,"3,21,85"
403,"0,208,209"
404,"3,66,30"
405,"0,8,235"
406,"3,21,127"
407,"131,40,226"
408,"3,34,263"
409,"3,21,68"
410,"3,21,126"
411,"15,16,3"
412,"23,24,31"
413,"169,199,281"
414,"8,0,206"
415,"131,40,226"
416,"23,26,89"
417,"220,10,221"
418,"23,31,40"
419,"23,118,74"
420,"169,31,170"
421,"220,221,10"
422,"0,370,64"
423,"74,23,303"
424,"26,23,350"
425,"0,363,353"
426,"296,169,333"
427,"23,43,24"
428,"25,145,40"
429,"199,169,248"
430,"128,129,195"
431,"26,23,350"
432,"10,11,12"
433,"10,64,448"
434,"234,10,54"
435,"41,3,40"
436,"0,279,249"
437,"220,10,221"
438,"128,40,129"
439,"169,339,337"
440,"23,31,30"
441,"10,220,221"
442,"3,17,168"
443,"169,417,296"
444,"0,370,216"
445,"4,238,3"
446,"0,265,340"
447,"0,249,279"
448,"10,64,442"
449,"128,129,40"
450,"0,8,429"
451,"0,216,354"
452,"296,169,460"
453,"40,160,302"
454,"303,23,74"
455,"169,281,199"
456,"131,40,406"
457,"10,64,448"
458,"3,147,33"
459,"143,241,40"
460,"0,8,308"
461,"170,169,459"
462,"23,165,74"
463,"184,185,40"
464,"0,340,271"
465,"0,271,355"
466,"23,26,350"
467,"40,145,402"
468,"11,10,109"
469,"3,53,287"
470,"134,40,131"
471,"0,456,271"
472,"10,64,93"
473,"0,249,279"
474,"23,26,350"
475,"0,265,266"
476,"0,8,23"
477,"199,169,281"
478,"40,41,135"
479,"169,199,323"
480,"40,395,118"
481,"40,145,44"
482,"40,131,406"
483,"23,0,59"
484,"3,21,379"
485,"8,0,206"
486,"64,10,448"
487,"0,216,212"
488,"23,74,165"
489,"40,152,151"
490,"64,10,90"
491,"40,23,74"
492,"10,64,93"
493,"0,265,349"
494,"3,21,41"
495,"0,214,213"
496,"40,139,41"
497,"10,220,242"
498,"8,206,0"
499,"10,54,95"
500,"3,21,187"
501,"3,33,21"
502,"23,31,96"
503,"64,10,448"
504,"3,17,168"
505,"40,131,406"
506,"10,64,93"
507,"199,169,281"
508,"3,21,108"
509,"3,21,53"
510,"10,64,93"
511,"40,128,186"
512,"0,271,355"
513,"10,60,61"
514,"3,111,267"
515,"40,41,186"
516,"3,17,168"
517,"10,60,197"
518,"21,3,187"
519,"3,15,16"
520,"220,10,221"
521,"0,279,212"
522,"40,145,402"
523,"131,40,226"
524,"23,118,74"
525,"23,26,231"
526,"23,74,118"
527,"40,131,134"
528,"296,169,300"
529,"23,454,31"
530,"10,64,239"
531,"220,10,221"
532,"145,40,44"
533,"249,0,279"
534,"169,296,199"
535,"23,26,89"
536,"3,147,148"
537,"206,0,8"
538,"40,145,10"
539,"3,21,53"
540,"0,8,208"
541,"23,38,87"
542,"23,26,89"
543,"4,3,19"
544,"41,3,40"
545,"40,131,184"
546,"10,64,65"
547,"40,141,153"
548,"3,15,16"
549,"10,60,239"
550,"135,40,138"
551,"208,0,369"
552,"40,128,195"
553,"220,10,221"
554,"11,10,12"
555,"10,60,24"
556,"10,64,93"
557,"23,26,89"
558,"10,64,93"
559,"40,131,129"
560,"220,221,10"
561,"0,265,349"
562,"220,221,10"
563,"11,10,109"
564,"3,21,115"
565,"10,64,93"
566,"346,313,0"
567,"23,24,25"
568,"118,23,74"
569,"11,10,109"
570,"10,54,64"
571,"40,175,128"
572,"3,13,147"
573,"64,10,93"
574,"10,64,473"
575,"3,21,102"
576,"64,10,93"
577,"10,64,54"
578,"3,21,115"
579,"11,10,109"
580,"23,38,309"
581,"3,21,126"
582,"214,218,0"
583,"3,53,5"
584,"170,169,459"
585,"8,0,206"
586,"220,10,242"
587,"147,3,148"
588,"23,74,31"
589,"3,21,22"
590,"23,26,231"
591,"64,10,90"
592,"169,170,459"
593,"23,95,10"
594,"220,10,221"
595,"135,40,236"
596,"23,63,38"
597,"0,208,206"
598,"3,85,111"
599,"23,38,137"
600,"23,74,118"
601,"131,40,406"
602,"3,5,57"
603,"24,0,23"
604,"3,4,238"
605,"0,271,456"
606,"40,160,315"
607,"3,147,36"
608,"0,271,366"
609,"23,74,303"
610,"23,43,24"
611,"23,26,231"
612,"24,23,10"
613,"3,21,108"
614,"40,128,129"
615,"0,348,255"
616,"40,145,44"
617,"53,3,325"
618,"23,31,49"
619,"169,199,281"
620,"26,23,313"
621,"23,26,89"
622,"3,40,21"
623,"3,21,143"
624,"100,3,367"
625,"313,0,346"
626,"169,199,281"
627,"40,159,31"
628,"40,145,10"
629,"4,3,19"
630,"40,402,145"
631,"206,0,8"
632,"169,199,343"
633,"169,170,199"
634,"0,475,218"
635,"23,26,350"
636,"40,135,41"
637,"3,21,127"
638,"40,152,151"
639,"456,271,0"
640,"23,74,303"
641,"8,0,206"
642,"40,135,236"
643,"40,131,128"
644,"21,3,164"
645,"23,26,89"
646,"3,147,33"
647,"23,31,40"
648,"4,3,19"
649,"170,169,260"
650,"10,54,83"
651,"23,26,89"
652,"10,160,11"
653,"40,160,149"
654,"31,23,454"
655,"40,131,241"
656,"3,30,21"
657,"0,206,249"
658,"3,5,133"
659,"3,13,204"
660,"40,131,406"
661,"0,8,216"
662,"21,3,108"
663,"10,43,24"
664,"10,11,109"
665,"23,43,24"
666,"64,10,473"
667,"31,23,96"
668,"23,26,89"
669,"281,23,303"
670,"23,74,165"
671,"44,145,40"
672,"220,10,221"
673,"169,199,281"
674,"40,131,241"
675,"3,147,148"
676,"10,64,448"
677,"3,17,168"
678,"3,111,21"
679,"220,10,221"
680,"8,0,206"
681,"40,131,134"
682,"64,10,448"
683,"74,23,303"
684,"23,74,495"
685,"3,34,15"
686,"40,145,402"
687,"199,169,356"
688,"23,169,199"
689,"220,10,242"
690,"3,523,53"
691,"23,38,169"
692,"3,53,325"
693,"10,64,93"
694,"0,206,8"
695,"23,38,82"
696,"38,71,23"
697,"15,3,16"
698,"3,147,16"
699,"40,131,406"
700,"17,3,168"
701,"10,24,338"
702,"23,74,38"
703,"23,0,38"
704,"23,74,118"
705,"135,40,236"
706,"241,131,40"
707,"40,41,224"
708,"0,8,265"
709,"23,10,24"
710,"3,17,320"
711,"184,40,243"
712,"15,16,3"
713,"0,212,216"
714,"23,3,21"
715,"23,24,49"
716,"3,147,148"
717,"4,3,238"
718,"3,21,126"
719,"23,74,303"
720,"3,147,148"
721,"10,11,12"
722,"3,21,124"
723,"3,148,147"
724,"3,5,228"
725,"43,23,24"
726,"3,53,287"
727,"8,0,308"
728,"169,199,323"
729,"40,41,224"
730,"23,199,169"
731,"169,296,274"
732,"17,3,168"
733,"11,10,44"
734,"199,169,382"
735,"0,271,169"
736,"10,93,64"
737,"426,259,169"
738,"11,10,205"
739,"8,0,514"
740,"23,26,89"
741,"271,0,456"
742,"3,4,183"
743,"23,24,40"
744,"40,145,402"
745,"3,4,183"
746,"23,74,303"
747,"31,23,40"
748,"3,68,53"
749,"10,44,40"
750,"41,40,3"
751,"23,43,24"
752,"3,111,119"
753,"170,169,459"
754,"169,417,296"
755,"10,64,93"
756,"145,40,44"
757,"23,40,175"
758,"15,16,3"
759,"169,296,417"
760,"169,296,170"
761,"0,208,521"
762,"10,64,442"
763,"3,21,182"
764,"3,21,126"
765,"8,0,285"
766,"0,265,273"
767,"169,170,337"
768,"0,340,265"
769,"10,60,61"
770,"3,111,119"
771,"10,64,448"
772,"15,3,16"
773,"3,28,190"
774,"169,199,281"
775,"3,21,124"
776,"3,21,187"
777,"23,40,111"
778,"4,19,3"
779,"10,322,296"
780,"64,10,93"
781,"10,64,60"
782,"0,271,456"
783,"74,303,40"
784,"3,21,190"
785,"23,74,38"
786,"0,216,380"
787,"23,74,38"
788,"8,0,308"
789,"0,8,26"
790,"3,21,127"
791,"220,10,221"
792,"145,40,44"
793,"23,231,26"
794,"169,199,170"
795,"40,131,406"
796,"3,5,228"
797,"3,21,17"
798,"131,40,406"
799,"3,111,112"
800,"169,152,459"
801,"40,128,0"
802,"0,26,89"
803,"3,17,320"
804,"3,53,287"
805,"169,199,170"
806,"23,249,40"
807,"40,145,44"
808,"281,199,21"
809,"170,169,260"
810,"23,24,59"
811,"23,43,24"
812,"40,145,44"
813,"0,291,444"
814,"21,3,40"
815,"40,128,395"
816,"3,21,108"
817,"265,0,349"
818,"3,17,168"
819,"169,170,260"
820,"463,462,0"
821,"17,3,168"
822,"169,170,199"
823,"23,43,24"
824,"3,111,21"
825,"40,145,44"
826,"8,0,391"
827,"11,10,109"
828,"169,296,170"
829,"40,478,145"
830,"10,64,65"
831,"0,214,213"
832,"11,109,10"
833,"169,199,281"
834,"3,111,119"
835,"74,23,40"
836,"169,170,199"
837,"40,184,185"
838,"3,4,183"
839,"3,5,228"
840,"402,40,145"
841,"3,111,161"
842,"5,3,228"
843,"23,26,89"
844,"10,11,23"
845,"23,38,74"
846,"169,199,343"
847,"40,128,129"
848,"0,271,456"
849,"23,31,96"
850,"169,3,199"
851,"145,44,40"
852,"23,31,32"
853,"23,71,38"
854,"169,170,111"
855,"40,41,146"
856,"24,23,10"
857,"10,64,93"
858,"3,28,4"
859,"169,199,459"
860,"23,26,89"
861,"10,60,23"
862,"40,131,23"
863,"463,0,462"
864,"3,13,204"
865,"40,41,186"
866,"3,21,108"
867,"169,170,199"
868,"3,13,393"
869,"43,23,10"
870,"40,395,124"
871,"23,74,38"
872,"3,147,66"
873,"169,199,343"
874,"214,0,213"
875,"40,44,145"
876,"3,13,14"
877,"131,40,226"
878,"169,171,199"
879,"23,38,89"
880,"3,85,86"
881,"0,206,369"
882,"40,145,10"
883,"40,41,149"
884,"40,145,44"
885,"40,41,42"
886,"169,170,260"
887,"10,60,61"
888,"3,53,287"
889,"199,169,281"
890,"40,145,44"
891,"3,53,111"
892,"23,74,303"
893,"10,54,95"
894,"23,26,105"
895,"3,53,523"
896,"131,40,226"
897,"3,21,53"
898,"40,41,42"
899,"0,271,216"
900,"0,279,249"
901,"3,126,21"
902,"25,23,24"
903,"40,131,406"
904,"10,64,93"
905,"23,26,24"
906,"8,0,410"
907,"0,8,235"
908,"3,13,40"
909,"40,162,163"
910,"220,10,221"
911,"10,11,12"
912,"40,145,131"
913,"40,44,145"
914,"64,10,448"
915,"220,10,242"
916,"4,3,435"
917,"0,271,355"
918,"3,4,238"
919,"23,287,53"
920,"147,3,156"
921,"10,234,54"
922,"3,28,30"
923,"10,64,93"
924,"40,146,145"
925,"23,38,74"
926,"10,234,60"
927,"128,129,40"
928,"3,21,53"
929,"3,66,30"
930,"23,26,89"
931,"0,229,421"
932,"38,82,23"
933,"23,38,105"
934,"10,64,93"
935,"169,258,426"
936,"3,21,127"
937,"147,3,148"
938,"3,53,148"
939,"296,169,371"
940,"4,3,19"
941,"23,26,89"
942,"147,3,148"
943,"169,199,281"
944,"4,3,19"
945,"199,169,343"
946,"8,0,206"
947,"3,21,126"
948,"118,23,74"
949,"40,241,131"
950,"0,271,456"
951,"10,54,95"
952,"169,170,459"
953,"40,145,10"
954,"23,49,24"
955,"10,11,205"
956,"40,145,44"
957,"23,24,49"
958,"234,10,60"
959,"64,10,93"
960,"169,199,170"
961,"169,199,281"
962,"11,24,23"
963,"40,139,153"
964,"10,24,54"
965,"128,129,40"
966,"64,10,448"
967,"169,339,337"
968,"3,53,325"
969,"23,74,38"
970,"40,138,135"
971,"40,160,152"
972,"23,74,118"
973,"0,216,279"
974,"220,10,242"
975,"0,271,272"
976,"0,206,8"
977,"40,41,42"
978,"3,21,127"
979,"40,160,201"
980,"23,31,24"
981,"0,8,235"
982,"17,3,168"
983,"3,21,30"
984,"40,131,134"
985,"40,152,151"
986,"23,105,318"
987,"40,131,134"
988,"10,64,448"
989,"3,21,30"
990,"3,34,263"
991,"10,24,23"
992,"23,169,199"
993,"3,111,472"
994,"43,23,24"
995,"3,34,143"
996,"169,199,281"
997,"40,131,406"
998,"40,201,41"
999,"23,62,38"
1000,"0,340,271"
1001,"4,3,238"
1002,"0,216,257"
1003,"23,77,131"
1004,"3,53,523"
1005,"169,170,199"
1006,"3,147,148"
1007,"145,40,44"
1008,"296,169,411"
1009,"10,11,205"
1010,"23,26,231"
1011,"185,184,21"
1012,"3,21,40"
1013,"10,64,448"
1014,"3,21,126"
1015,"0,23,265"
1016,"23,24,95"
1017,"23,26,89"
1018,"3,21,187"
1019,"4,3,238"
1020,"0,255,348"
1021,"220,10,221"
1022,"0,8,235"
1023,"26,23,89"
1024,"3,4,19"
1025,"40,162,163"
1026,"0,8,308"
1027,"23,26,89"
1028,"3,21,127"
1029,"23,43,24"
1030,"131,23,31"
1031,"10,43,23"
1032,"40,128,186"
1033,"3,21,108"
1034,"53,3,287"
1035,"131,287,53"
1036,"15,16,3"
1037,"3,148,147"
1038,"21,3,139"
1039,"23,24,43"
1040,"512,169,64"
1041,"40,145,44"
1042,"265,0,340"
1043,"0,271,304"
1044,"10,64,90"
1045,"71,23,38"
1046,"3,21,108"
1047,"170,169,11"
1048,"220,10,242"
1049,"0,216,304"
1050,"64,10,93"
1051,"3,21,127"
1052,"220,10,242"
1053,"10,64,93"
1054,"40,131,184"
1055,"10,54,145"
1056,"220,221,10"
1057,"3,147,15"
1058,"3,148,147"
1059,"40,139,153"
1060,"23,24,43"
1061,"3,21,22"
1062,"40,3,134"
1063,"0,211,319"
1064,"190,3,28"
1065,"40,152,151"
1066,"145,40,44"
1067,"23,89,26"
1068,"3,111,161"
1069,"3,111,267"
1070,"3,5,228"
1071,"265,0,418"
1072,"10,239,60"
1073,"8,0,206"
1074,"3,21,68"
1075,"3,21,108"
1076,"23,26,89"
1077,"147,3,156"
1078,"40,152,151"
1079,"40,41,224"
1080,"3,13,150"
1081,"3,13,21"
1082,"23,26,89"
1083,"38,23,309"
1084,"40,139,41"
1085,"40,145,402"
1086,"0,277,439"
1087,"10,64,448"
1088,"3,34,263"
1089,"40,395,496"
1090,"3,4,238"
1091,"40,139,41"
1092,"74,303,23"
1093,"21,3,40"
1094,"169,199,170"
1095,"0,216,199"
1096,"3,17,85"
1097,"40,139,41"
1098,"40,41,160"
1099,"40,146,145"
1100,"0,352,271"
1101,"0,280,271"
1102,"3,53,523"
1103,"23,43,24"
1104,"3,21,187"
1105,"23,105,165"
1106,"23,38,440"
1107,"169,170,171"
1108,"40,145,44"
1109,"169,199,281"
1110,"10,64,442"
1111,"206,0,8"
1112,"23,24,49"
1113,"3,4,238"
1114,"169,199,170"
1115,"40,160,302"
1116,"10,60,239"
1117,"0,216,304"
1118,"128,40,195"
1119,"40,146,145"
1120,"10,64,93"
1121,"3,17,21"
1122,"169,296,311"
1123,"40,131,406"
1124,"3,21,127"
1125,"199,169,343"
1126,"3,17,21"
1127,"64,10,448"
1128,"23,26,89"
1129,"0,366,271"
1130,"23,24,25"
1131,"40,145,10"
1132,"0,456,313"
1133,"64,10,448"
1134,"11,205,10"
1135,"211,319,0"
1136,"3,21,48"
1137,"169,296,274"
1138,"220,10,221"
1139,"199,169,281"
1140,"169,296,0"
1141,"3,85,158"
1142,"220,10,221"
1143,"169,199,281"
1144,"10,11,205"
1145,"23,24,118"
1146,"3,28,330"
1147,"23,26,89"
1148,"23,26,89"
1149,"3,85,21"
1150,"3,30,66"
1151,"3,21,41"
1152,"10,54,55"
1153,"40,220,145"
1154,"40,10,145"
1155,"10,60,197"
1156,"40,145,44"
1157,"0,218,255"
1158,"23,26,89"
1159,"147,3,148"
1160,"169,199,170"
1161,"3,34,263"
1162,"26,23,231"
1163,"23,74,84"
1164,"340,0,265"
1165,"23,74,303"
1166,"3,21,53"
1167,"147,3,151"
1168,"0,271,291"
1169,"145,40,44"
1170,"0,255,354"
1171,"23,74,118"
1172,"4,3,19"
1173,"23,26,231"
1174,"0,23,271"
1175,"23,74,60"
1176,"23,24,43"
1177,"0,271,456"
1178,"64,10,448"
1179,"40,160,315"
1180,"169,3,199"
1181,"0,2,1"
1182,"340,265,0"
1183,"23,38,82"
1184,"23,26,350"
1185,"23,31,32"
1186,"220,10,221"
1187,"3,15,16"
1188,"23,31,290"
1189,"169,199,170"
1190,"3,66,30"
1191,"135,40,236"
1192,"10,64,60"
1193,"40,41,324"
1194,"265,0,349"
1195,"169,199,281"
1196,"4,3,238"
1197,"40,152,151"
1198,"0,208,231"
1199,"10,60,239"
1200,"11,205,10"
1201,"23,74,118"
1202,"3,21,164"
1203,"23,118,74"
1204,"10,54,95"
1205,"10,72,95"
1206,"0,235,8"
1207,"0,265,349"
1208,"220,10,221"
1209,"23,24,43"
1210,"74,23,134"
1211,"169,170,260"
1212,"64,10,448"
1213,"169,199,170"
1214,"26,23,350"
1215,"10,220,221"
1216,"236,23,74"
1217,"3,147,523"
1218,"3,111,123"
1219,"64,10,338"
1220,"199,169,281"
1221,"220,221,10"
1222,"3,21,187"
1223,"3,85,154"
1224,"131,40,226"
1225,"11,10,109"
1226,"23,38,309"
1227,"40,41,152"
1228,"40,131,241"
1229,"64,10,338"
1230,"40,152,23"
1231,"3,13,53"
1232,"0,8,391"
1233,"23,26,89"
1234,"10,145,40"
1235,"74,23,40"
1236,"220,10,242"
1237,"249,279,0"
1238,"40,145,402"
1239,"13,139,3"
1240,"0,8,265"
1241,"3,379,21"
1242,"145,44,40"
1243,"40,128,41"
1244,"11,10,109"
1245,"0,265,349"
1246,"199,169,281"
1247,"23,74,165"
1248,"64,10,65"
1249,"199,169,323"
1250,"23,24,59"
1251,"64,10,448"
1252,"3,85,158"
1253,"131,40,406"
1254,"40,41,224"
1255,"23,231,54"
1256,"3,4,238"
1257,"0,271,280"
1258,"169,199,281"
1259,"0,265,266"
1260,"3,21,108"
1261,"40,23,139"
1262,"64,10,93"
1263,"53,3,287"
1264,"10,54,95"
1265,"40,3,139"
1266,"17,3,168"
1267,"395,39,23"
1268,"23,26,231"
1269,"3,21,30"
1270,"40,21,41"
1271,"71,23,10"
1272,"3,48,21"
1273,"131,31,406"
1274,"169,459,170"
1275,"23,26,24"
1276,"3,17,168"
1277,"3,147,85"
1278,"40,135,386"
1279,"15,16,3"
1280,"10,139,3"
1281,"3,34,169"
1282,"10,64,54"
1283,"147,3,148"
1284,"3,169,170"
1285,"3,30,66"
1286,"0,271,272"
1287,"23,26,350"
1288,"128,40,129"
1289,"229,230,0"
1290,"220,10,242"
1291,"169,199,323"
1292,"31,23,53"
1293,"26,23,231"
1294,"10,3,23"
1295,"3,21,182"
1296,"3,5,57"
1297,"3,21,108"
1298,"3,147,148"
1299,"64,10,93"
1300,"23,89,84"
1301,"23,63,74"
1302,"3,21,108"
1303,"3,53,523"
1304,"3,4,111"
1305,"3,53,523"
1306,"3,68,182"
1307,"199,169,281"
1308,"169,339,337"
1309,"176,23,10"
1310,"3,401,13"
1311,"23,38,74"
1312,"208,0,17"
1313,"23,24,25"
1314,"23,26,440"
1315,"53,3,68"
1316,"3,430,53"
1317,"100,0,265"
1318,"271,0,456"
1319,"3,111,161"
1320,"64,10,93"
1321,"220,10,242"
1322,"147,3,148"
1323,"74,23,303"
1324,"23,26,350"
1325,"3,21,169"
1326,"23,26,231"
1327,"220,10,221"
1328,"3,40,523"
1329,"3,21,22"
1330,"64,10,448"
1331,"3,4,238"
1332,"3,21,187"
1333,"169,199,343"
1334,"0,313,346"
1335,"3,364,28"
1336,"3,13,14"
1337,"220,10,242"
1338,"127,40,21"
1339,"3,147,156"
1340,"3,21,187"
1341,"40,145,146"
1342,"169,296,417"
1343,"169,199,281"
1344,"220,10,221"
1345,"40,129,128"
1346,"26,23,231"
1347,"147,3,148"
1348,"135,138,40"
1349,"169,10,60"
1350,"23,31,49"
1351,"0,313,346"
1352,"3,188,4"
1353,"0,313,346"
1354,"53,287,3"
1355,"0,271,8"
1356,"3,147,203"
1357,"3,85,86"
1358,"23,74,118"
1359,"11,10,205"
1360,"3,35,36"
1361,"23,128,38"
1362,"3,48,81"
1363,"169,170,337"
1364,"3,21,187"
1365,"199,169,323"
1366,"23,26,89"
1367,"3,28,190"
1368,"3,53,21"
1369,"23,165,74"
1370,"0,271,456"
1371,"40,41,324"
1372,"40,145,44"
1373,"40,145,10"
1374,"10,54,95"
1375,"11,109,10"
1376,"3,111,148"
1377,"169,170,459"
1378,"10,64,65"
1379,"23,74,26"
1380,"40,145,44"
1381,"206,0,208"
1382,"3,147,148"
1383,"3,21,126"
1384,"3,21,301"
1385,"40,160,315"
1386,"10,60,61"
1387,"26,89,23"
1388,"11,10,205"
1389,"3,21,108"
1390,"17,3,168"
1391,"0,354,216"
1392,"3,21,187"
1393,"40,41,149"
1394,"3,21,164"
1395,"135,40,138"
1396,"11,10,109"
1397,"0,265,266"
1398,"23,38,63"
1399,"169,170,337"
1400,"40,41,128"
1401,"170,169,260"
1402,"3,147,4"
1403,"3,21,17"
1404,"10,54,95"
1405,"10,199,169"
1406,"3,17,168"
1407,"3,111,21"
1408,"3,28,364"
1409,"145,40,44"
1410,"10,239,60"
1411,"23,26,89"
1412,"34,3,237"
1413,"54,10,95"
1414,"220,221,10"
1415,"3,17,21"
1416,"3,53,15"
1417,"3,13,21"
1418,"3,5,228"
1419,"0,266,265"
1420,"3,41,21"
1421,"23,74,38"
1422,"40,152,151"
1423,"23,26,89"
1424,"23,74,38"
1425,"3,17,21"
1426,"311,21,340"
1427,"23,26,350"
1428,"10,11,12"
1429,"3,53,21"
1430,"10,40,145"
1431,"3,21,187"
1432,"40,145,44"
1433,"64,10,80"
1434,"10,40,145"
1435,"64,10,448"
1436,"23,31,454"
1437,"169,199,281"
1438,"23,24,49"
1439,"131,40,406"
1440,"3,21,48"
1441,"3,85,66"
1442,"0,339,337"
1443,"64,10,338"
1444,"11,10,12"
1445,"10,60,239"
1446,"23,26,231"
1447,"23,24,49"
1448,"40,145,10"
1449,"3,21,127"
1450,"0,8,265"
1451,"3,111,267"
1452,"10,60,234"
1453,"3,21,127"
1454,"64,10,65"
1455,"40,160,302"
1456,"3,4,21"
1457,"40,41,224"
1458,"3,34,263"
1459,"169,199,426"
1460,"23,43,24"
1461,"111,41,40"
1462,"10,11,109"
1463,"40,145,44"
1464,"23,24,25"
1465,"128,40,129"
1466,"0,271,355"
1467,"10,60,61"
1468,"0,8,206"
1469,"23,118,74"
1470,"169,426,427"
1471,"64,338,10"
1472,"0,271,265"
1473,"5,3,57"
1474,"4,19,3"
1475,"64,10,80"
1476,"220,10,221"
1477,"4,3,183"
1478,"0,271,280"
1479,"40,186,128"
1480,"23,74,118"
1481,"10,54,95"
1482,"147,3,148"
1483,"0,271,355"
1484,"24,23,10"
1485,"3,15,16"
1486,"3,53,99"
1487,"10,11,205"
1488,"3,143,17"
1489,"40,131,132"
1490,"147,3,203"
1491,"10,64,60"
1492,"23,43,24"
1493,"0,271,456"
1494,"3,148,147"
1495,"38,23,87"
1496,"23,74,303"
1497,"40,131,134"
1498,"23,38,87"
1499,"40,131,226"
1500,"23,24,25"
1501,"3,85,158"
1502,"169,337,170"
1503,"220,10,242"
1504,"38,23,91"
1505,"3,160,30"
1506,"169,199,23"
1507,"23,26,89"
1508,"21,40,3"
1509,"0,400,255"
1510,"3,34,15"
1511,"169,170,199"
1512,"40,138,135"
1513,"0,206,8"
1514,"199,169,281"
1515,"3,111,147"
1516,"339,337,169"
1517,"128,195,40"
1518,"40,145,402"
1519,"3,30,66"
1520,"23,74,165"
1521,"43,23,24"
1522,"21,3,124"
1523,"23,24,49"
1524,"64,10,448"
1525,"11,10,109"
1526,"23,49,24"
1527,"64,10,90"
1528,"0,279,249"
1529,"23,31,454"
1530,"169,199,281"
1531,"220,10,242"
1532,"10,64,338"
1533,"23,24,43"
1534,"10,11,12"
1535,"220,221,10"
1536,"0,216,304"
1537,"169,417,296"
1538,"0,271,288"
1539,"3,15,16"
1540,"23,26,89"
1541,"169,3,68"
1542,"3,21,108"
1543,"40,138,135"
1544,"10,60,239"
1545,"128,40,129"
1546,"40,139,153"
1547,"234,10,60"
1548,"40,145,44"
1549,"10,64,448"
1550,"0,216,304"
1551,"4,3,238"
1552,"23,74,118"
1553,"4,3,435"
1554,"3,15,16"
1555,"23,74,303"
1556,"0,271,456"
1557,"3,147,53"
1558,"220,10,242"
1559,"10,64,60"
1560,"296,169,428"
1561,"10,64,65"
1562,"3,147,148"
1563,"23,63,38"
1564,"3,21,40"
1565,"138,169,135"
1566,"40,145,44"
1567,"0,271,8"
1568,"23,74,38"
1569,"8,206,0"
1570,"64,10,65"
1571,"73,40,44"
1572,"3,17,21"
1573,"296,169,306"
1574,"10,54,95"
1575,"220,10,242"
1576,"23,105,38"
1577,"147,3,148"
1578,"128,129,40"
1579,"169,0,199"
1580,"3,34,21"
1581,"3,53,5"
1582,"10,60,64"
1583,"169,417,296"
1584,"3,21,108"
1585,"40,135,250"
1586,"64,10,338"
1587,"3,21,85"
1588,"43,10,23"
1589,"74,23,303"
1590,"40,186,128"
1591,"40,145,44"
1592,"169,170,260"
1593,"169,170,199"
1594,"23,43,24"
1595,"169,171,199"
1596,"0,128,362"
1597,"147,3,148"
1598,"3,85,158"
1599,"40,145,44"
1600,"23,24,199"
1601,"40,128,186"
1602,"64,10,448"
1603,"10,11,205"
1604,"40,428,3"
1605,"3,147,111"
1606,"40,41,149"
1607,"296,169,306"
1608,"169,170,459"
1609,"3,17,15"
1610,"23,24,49"
1611,"40,184,152"
1612,"23,74,105"
1613,"3,17,21"
1614,"169,199,281"
1615,"3,17,85"
1616,"0,272,271"
1617,"23,26,89"
1618,"3,111,21"
1619,"220,10,221"
1620,"3,53,287"
1621,"169,199,281"
1622,"199,169,281"
1623,"296,169,336"
1624,"0,271,353"
1625,"23,24,26"
1626,"220,10,221"
1627,"23,74,118"
1628,"40,41,149"
1629,"40,131,134"
1630,"10,24,23"
1631,"40,145,44"
1632,"23,26,89"
1633,"3,111,21"
1634,"10,11,64"
1635,"0,279,249"
1636,"23,105,318"
1637,"0,265,266"
1638,"4,3,435"
1639,"131,40,406"
1640,"3,21,124"
1641,"3,21,182"
1642,"3,17,168"
1643,"10,11,12"
1644,"10,60,93"
1645,"0,271,362"
1646,"10,64,60"
1647,"17,3,320"
1648,"40,10,402"
1649,"23,74,118"
1650,"64,10,93"
1651,"0,265,349"
1652,"3,5,228"
1653,"0,216,304"
1654,"3,21,30"
1655,"147,3,148"
1656,"23,49,24"
1657,"170,169,260"
1658,"3,148,147"
1659,"40,145,44"
1660,"31,23,96"
1661,"3,5,169"
1662,"128,40,129"
1663,"40,131,134"
1664,"4,3,7"
1665,"40,44,145"
1666,"40,139,153"
1667,"10,11,44"
1668,"3,28,30"
1669,"40,131,134"
1670,"0,218,446"
1671,"11,10,109"
1672,"169,3,199"
1673,"53,287,40"
1674,"53,3,40"
1675,"10,64,23"
1676,"0,291,271"
1677,"448,64,10"
1678,"129,128,346"
1679,"3,111,119"
1680,"23,43,24"
1681,"0,218,255"
1682,"206,0,8"
1683,"3,21,108"
1684,"3,21,164"
1685,"0,1,265"
1686,"3,21,53"
1687,"3,40,17"
1688,"3,21,127"
1689,"40,131,134"
1690,"100,292,367"
1691,"3,21,187"
1692,"169,170,260"
1693,"3,148,147"
1694,"0,249,279"
1695,"74,23,317"
1696,"23,24,25"
1697,"40,128,129"
1698,"3,53,523"
1699,"40,41,128"
1700,"10,12,11"
1701,"3,85,86"
1702,"3,21,182"
1703,"0,265,349"
1704,"10,11,234"
1705,"3,21,523"
1706,"147,3,148"
1707,"0,271,291"
1708,"23,135,40"
1709,"40,152,151"
1710,"10,60,61"
1711,"0,257,216"
1712,"40,145,44"
1713,"169,170,311"
1714,"147,3,148"
1715,"169,171,199"
1716,"15,16,3"
1717,"0,216,304"
1718,"296,169,411"
1719,"23,38,24"
1720,"131,40,406"
1721,"23,43,24"
1722,"10,11,12"
1723,"40,145,44"
1724,"40,131,406"
1725,"220,10,221"
1726,"23,26,231"
1727,"23,74,165"
1728,"11,10,205"
1729,"218,512,446"
1730,"3,34,263"
1731,"169,199,323"
1732,"170,169,459"
1733,"64,10,93"
1734,"3,21,127"
1735,"363,0,271"
1736,"40,145,44"
1737,"3,17,320"
1738,"10,64,24"
1739,"3,0,379"
1740,"3,21,48"
1741,"3,21,127"
1742,"0,216,257"
1743,"231,271,169"
1744,"48,21,3"
1745,"21,3,127"
1746,"21,3,131"
1747,"3,238,4"
1748,"26,89,23"
1749,"64,10,448"
1750,"65,10,64"
1751,"23,290,31"
1752,"23,26,89"
1753,"0,271,456"
1754,"10,64,93"
1755,"169,199,356"
1756,"40,41,128"
1757,"23,345,24"
1758,"0,313,346"
1759,"23,26,231"
1760,"23,309,74"
1761,"3,21,53"
1762,"40,145,44"
1763,"170,169,260"
1764,"220,10,221"
1765,"3,21,127"
1766,"135,40,138"
1767,"0,257,26"
1768,"3,21,108"
1769,"3,68,21"
1770,"3,17,379"
1771,"8,0,206"
1772,"3,21,108"
1773,"21,3,40"
1774,"11,10,12"
1775,"199,169,356"
1776,"64,448,10"
1777,"3,111,85"
1778,"21,3,108"
1779,"3,21,108"
1780,"169,199,343"
1781,"0,169,271"
1782,"271,0,280"
1783,"23,74,165"
1784,"40,128,129"
1785,"184,185,170"
1786,"23,82,38"
1787,"40,145,44"
1788,"40,41,160"
1789,"169,199,281"
1790,"40,139,155"
1791,"220,10,242"
1792,"23,74,25"
1793,"10,11,109"
1794,"40,128,195"
1795,"0,319,211"
1796,"23,26,89"
1797,"10,220,242"
1798,"23,74,303"
1799,"3,21,48"
1800,"23,31,96"
1801,"0,271,216"
1802,"3,34,21"
1803,"23,24,59"
1804,"23,74,165"
1805,"235,8,0"
1806,"3,21,187"
1807,"23,49,24"
1808,"41,40,3"
1809,"23,31,131"
1810,"31,134,23"
1811,"3,28,113"
1812,"3,5,228"
1813,"220,10,242"
1814,"169,428,296"
1815,"10,23,24"
1816,"40,41,224"
1817,"21,3,127"
1818,"64,10,338"
1819,"53,287,3"
1820,"44,145,40"
1821,"118,23,74"
1822,"3,21,53"
1823,"23,26,350"
1824,"3,21,127"
1825,"23,24,59"
1826,"54,10,95"
1827,"10,64,448"
1828,"3,21,126"
1829,"169,171,199"
1830,"170,169,260"
1831,"0,216,1"
1832,"0,271,314"
1833,"3,21,30"
1834,"169,170,0"
1835,"0,8,313"
1836,"10,60,239"
1837,"40,145,44"
1838,"3,147,148"
1839,"1,2,208"
1840,"40,132,131"
1841,"3,17,18"
1842,"3,21,53"
1843,"3,21,195"
1844,"0,216,380"
1845,"40,145,25"
1846,"40,152,151"
1847,"23,40,243"
1848,"0,8,308"
1849,"15,3,16"
1850,"15,16,3"
1851,"10,64,338"
1852,"3,111,119"
1853,"131,40,241"
1854,"10,64,93"
1855,"8,0,306"
1856,"206,0,8"
1857,"128,40,129"
1858,"40,201,41"
1859,"0,271,291"
1860,"23,40,74"
1861,"40,135,141"
1862,"23,26,350"
1863,"64,10,65"
1864,"3,21,66"
1865,"40,131,134"
1866,"0,255,400"
1867,"169,508,170"
1868,"23,165,74"
1869,"8,206,0"
1870,"40,160,315"
1871,"0,363,271"
1872,"169,199,281"
1873,"0,340,265"
1874,"23,24,44"
1875,"40,395,41"
1876,"128,40,129"
1877,"23,24,43"
1878,"3,21,108"
1879,"0,313,346"
1880,"23,24,370"
1881,"10,64,93"
1882,"10,64,65"
1883,"118,23,74"
1884,"169,199,311"
1885,"3,15,16"
1886,"3,53,13"
1887,"10,64,93"
1888,"10,64,93"
1889,"3,21,33"
1890,"23,118,74"
1891,"15,16,3"
1892,"0,255,463"
1893,"10,220,242"
1894,"23,309,38"
1895,"0,206,8"
1896,"25,40,145"
1897,"26,64,23"
1898,"3,4,375"
1899,"0,313,346"
1900,"40,395,135"
1901,"3,17,168"
1902,"10,53,3"
1903,"3,21,190"
1904,"17,3,168"
1905,"147,3,148"
1906,"0,271,355"
1907,"3,111,284"
1908,"3,21,85"
1909,"4,3,238"
1910,"23,24,25"
1911,"220,10,221"
1912,"128,0,195"
1913,"3,85,293"
1914,"169,199,281"
1915,"0,271,280"
1916,"3,147,148"
1917,"0,8,271"
1918,"0,216,319"
1919,"169,199,281"
1920,"23,74,118"
1921,"64,10,448"
1922,"23,118,231"
1923,"4,3,435"
1924,"40,41,42"
1925,"3,4,19"
1926,"3,4,188"
1927,"26,23,89"
1928,"169,170,459"
1929,"3,5,228"
1930,"11,23,24"
1931,"23,38,91"
1932,"0,271,456"
1933,"3,17,56"
1934,"220,221,10"
1935,"23,118,74"
1936,"199,169,281"
1937,"41,40,286"
1938,"3,85,158"
1939,"169,170,426"
1940,"23,24,43"
1941,"23,31,454"
1942,"0,271,456"
1943,"40,145,326"
1944,"31,23,258"
1945,"23,40,74"
1946,"10,54,322"
1947,"23,74,165"
1948,"220,221,10"
1949,"10,11,205"
1950,"23,165,74"
1951,"10,54,95"
1952,"199,169,343"
1953,"3,4,435"
1954,"220,10,221"
1955,"3,21,126"
1956,"64,10,80"
1957,"3,85,147"
1958,"3,148,147"
1959,"0,271,456"
1960,"0,216,304"
1961,"3,4,28"
1962,"10,220,221"
1963,"64,10,65"
1964,"169,296,306"
1965,"23,74,165"
1966,"10,11,12"
1967,"74,23,317"
1968,"64,10,93"
1969,"0,271,456"
1970,"23,38,309"
1971,"220,10,221"
1972,"220,221,10"
1973,"303,23,60"
1974,"220,221,10"
1975,"0,271,522"
1976,"271,0,280"
1977,"23,105,318"
1978,"0,271,456"
1979,"8,0,206"
1980,"43,10,24"
1981,"3,30,66"
1982,"64,10,80"
1983,"3,147,53"
1984,"235,8,0"
1985,"43,23,24"
1986,"0,216,277"
1987,"0,313,26"
1988,"40,131,406"
1989,"10,220,242"
1990,"3,147,148"
1991,"10,54,322"
1992,"3,21,85"
1993,"3,53,100"
1994,"3,21,126"
1995,"23,74,63"
1996,"169,426,170"
1997,"169,199,281"
1998,"169,170,199"
1999,"64,335,10"
2000,"0,235,8"
2001,"10,60,43"
2002,"3,21,126"
2003,"23,40,24"
2004,"3,34,263"
2005,"169,223,199"
2006,"23,74,165"
2007,"296,169,31"
2008,"10,90,64"
2009,"10,11,205"
2010,"169,199,426"
2011,"0,304,271"
2012,"10,64,448"
2013,"0,271,280"
2014,"0,340,271"
2015,"0,8,206"
2016,"169,199,323"
2017,"40,41,128"
2018,"23,38,118"
2019,"220,10,221"
2020,"169,199,281"
2021,"3,21,127"
2022,"3,85,158"
2023,"147,3,148"
2024,"40,41,139"
2025,"169,199,248"
2026,"3,85,158"
2027,"23,26,89"
2028,"0,249,279"
2029,"11,10,12"
2030,"131,40,134"
2031,"23,40,145"
2032,"199,169,281"
2033,"23,24,43"
2034,"40,41,42"
2035,"169,199,343"
2036,"23,38,63"
2037,"5,228,3"
2038,"3,21,187"
2039,"10,220,221"
2040,"21,169,281"
2041,"3,34,21"
2042,"199,169,281"
2043,"0,218,446"
2044,"216,0,304"
2045,"3,53,29"
2046,"40,145,44"
2047,"169,3,111"
2048,"11,205,10"
2049,"3,111,123"
2050,"11,40,10"
2051,"3,21,108"
2052,"3,21,199"
2053,"40,146,145"
2054,"32,23,31"
2055,"64,10,473"
2056,"169,199,171"
2057,"0,271,456"
2058,"322,146,10"
2059,"40,41,42"
2060,"23,31,32"
2061,"3,21,126"
2062,"3,17,168"
2063,"40,145,44"
2064,"10,60,64"
2065,"169,296,64"
2066,"23,31,10"
2067,"10,64,448"
2068,"4,3,19"
2069,"23,24,49"
2070,"64,10,448"
2071,"3,17,168"
2072,"3,30,66"
2073,"71,23,38"
2074,"3,21,523"
2075,"40,162,23"
2076,"31,23,96"
2077,"147,3,148"
2078,"169,170,459"
2079,"169,199,281"
2080,"0,311,169"
2081,"40,160,302"
2082,"23,26,89"
2083,"0,216,380"
2084,"169,199,343"
2085,"169,337,251"
2086,"169,199,281"
2087,"40,41,324"
2088,"140,139,40"
2089,"0,266,265"
2090,"23,26,350"
2091,"0,208,216"
2092,"3,5,228"
2093,"0,218,265"
2094,"23,169,31"
2095,"0,208,235"
2096,"0,216,254"
2097,"40,41,21"
2098,"10,64,60"
2099,"10,322,54"
2100,"23,38,24"
2101,"3,21,187"
2102,"3,111,112"
2103,"152,151,40"
2104,"64,10,90"
2105,"128,40,129"
2106,"23,40,44"
2107,"169,199,170"
2108,"3,147,148"
2109,"220,10,242"
2110,"169,170,260"
2111,"41,40,42"
2112,"214,0,213"
2113,"64,10,93"
2114,"23,137,38"
2115,"271,0,456"
2116,"147,3,156"
2117,"0,271,23"
2118,"40,44,145"
2119,"23,26,89"
2120,"40,145,44"
2121,"26,23,350"
2122,"40,131,226"
2123,"495,23,94"
2124,"64,10,338"
2125,"23,24,10"
2126,"10,11,12"
2127,"3,21,147"
2128,"0,216,257"
2129,"3,53,287"
2130,"10,11,205"
2131,"23,74,165"
2132,"64,10,93"
2133,"23,74,38"
2134,"10,64,93"
2135,"3,111,53"
2136,"456,0,271"
2137,"10,220,54"
2138,"40,139,153"
2139,"3,4,238"
2140,"3,21,124"
2141,"40,131,226"
2142,"23,63,38"
2143,"3,28,364"
2144,"23,24,49"
2145,"64,10,23"
2146,"229,230,421"
2147,"0,271,355"
2148,"220,10,221"
2149,"199,169,323"
2150,"23,26,89"
2151,"10,64,93"
2152,"3,21,85"
2153,"40,145,131"
2154,"8,0,391"
2155,"3,85,21"
2156,"23,40,62"
2157,"10,60,64"
2158,"40,100,367"
2159,"40,145,44"
2160,"23,38,87"
2161,"393,3,53"
2162,"220,221,10"
2163,"3,111,123"
2164,"40,23,84"
2165,"169,199,170"
2166,"220,10,242"
2167,"23,74,317"
2168,"40,131,406"
2169,"169,323,199"
2170,"0,8,308"
2171,"40,152,151"
2172,"3,21,48"
2173,"40,184,185"
2174,"3,17,379"
2175,"23,26,89"
2176,"48,3,21"
2177,"23,26,231"
2178,"23,24,71"
2179,"17,3,168"
2180,"23,43,24"
2181,"131,40,406"
2182,"23,231,24"
2183,"8,0,308"
2184,"0,8,285"
2185,"3,147,85"
2186,"3,21,127"
2187,"40,152,151"
2188,"23,24,43"
2189,"3,21,426"
2190,"3,287,447"
2191,"145,40,10"
2192,"11,10,109"
2193,"17,3,168"
2194,"3,53,68"
2195,"0,271,280"
2196,"0,271,353"
2197,"40,131,241"
2198,"10,220,242"
2199,"199,169,281"
2200,"40,139,153"
2201,"0,456,271"
2202,"64,10,448"
2203,"169,170,199"
2204,"23,24,49"
2205,"199,169,281"
2206,"3,53,287"
2207,"0,271,291"
2208,"0,313,346"
2209,"169,199,356"
2210,"23,118,38"
2211,"0,216,304"
2212,"3,147,148"
2213,"3,111,13"
2214,"23,74,303"
2215,"128,40,195"
2216,"3,53,21"
2217,"40,131,406"
2218,"220,10,221"
2219,"10,220,242"
2220,"220,10,242"
2221,"131,40,226"
2222,"23,31,96"
2223,"10,64,65"
2224,"23,71,38"
2225,"3,401,4"
2226,"3,21,108"
2227,"10,220,221"
2228,"0,208,8"
2229,"26,169,0"
2230,"10,60,93"
2231,"220,10,242"
2232,"23,71,38"
2233,"145,40,44"
2234,"10,11,12"
2235,"40,145,402"
2236,"220,10,242"
2237,"8,0,391"
2238,"220,10,221"
2239,"0,265,349"
2240,"4,238,3"
2241,"23,96,31"
2242,"3,4,238"
2243,"3,30,66"
2244,"64,80,10"
2245,"40,145,402"
2246,"40,41,21"
2247,"220,10,242"
2248,"43,23,24"
2249,"10,54,95"
2250,"40,131,129"
2251,"3,17,168"
2252,"147,3,148"
2253,"220,10,221"
2254,"3,21,48"
2255,"11,10,205"
2256,"17,3,168"
2257,"0,8,208"
2258,"0,348,255"
2259,"220,10,221"
2260,"105,23,495"
2261,"23,74,118"
2262,"10,11,205"
2263,"138,135,40"
2264,"211,319,361"
2265,"40,139,153"
2266,"169,199,281"
2267,"10,11,12"
2268,"0,208,403"
2269,"10,64,93"
2270,"3,393,13"
2271,"169,170,260"
2272,"152,151,169"
2273,"4,3,435"
2274,"3,15,16"
2275,"169,296,306"
2276,"10,54,55"
2277,"169,312,426"
2278,"3,21,126"
2279,"512,218,0"
2280,"0,279,216"
2281,"10,43,23"
2282,"169,312,343"
2283,"23,26,89"
2284,"296,169,460"
2285,"340,265,0"
2286,"5,3,228"
2287,"147,3,148"
2288,"3,15,16"
2289,"10,220,221"
2290,"3,379,21"
2291,"138,135,40"
2292,"3,111,21"
2293,"23,118,74"
2294,"0,271,353"
2295,"11,205,10"
2296,"220,10,242"
2297,"3,21,108"
2298,"220,10,242"
2299,"169,199,459"
2300,"0,456,271"
2301,"23,38,74"
2302,"23,74,317"
2303,"3,236,53"
2304,"3,34,21"
2305,"3,15,16"
2306,"0,271,291"
2307,"40,41,128"
2308,"0,313,346"
2309,"17,3,168"
2310,"10,55,54"
2311,"0,8,235"
2312,"3,21,108"
2313,"169,199,323"
2314,"10,220,242"
2315,"23,24,31"
2316,"23,26,350"
2317,"199,169,323"
2318,"10,220,242"
2319,"265,0,490"
2320,"3,147,30"
2321,"169,170,199"
2322,"23,231,26"
2323,"0,249,279"
2324,"169,296,530"
2325,"0,319,211"
2326,"0,216,304"
2327,"23,26,89"
2328,"10,54,95"
2329,"40,41,128"
2330,"23,31,32"
2331,"0,277,413"
2332,"170,169,337"
2333,"10,44,40"
2334,"23,26,89"
2335,"26,23,89"
2336,"40,160,302"
2337,"220,10,242"
2338,"4,3,238"
2339,"3,4,183"
2340,"23,74,118"
2341,"40,145,44"
2342,"3,21,127"
2343,"23,24,25"
2344,"40,160,23"
2345,"3,28,113"
2346,"118,23,74"
2347,"220,10,221"
2348,"3,17,320"
2349,"169,199,343"
2350,"64,10,90"
2351,"10,11,205"
2352,"3,53,287"
2353,"220,221,10"
2354,"0,266,265"
2355,"11,10,109"
2356,"3,21,187"
2357,"169,170,171"
2358,"169,199,281"
2359,"23,25,24"
2360,"0,265,349"
2361,"40,145,44"
2362,"31,23,1"
2363,"40,41,224"
2364,"115,21,40"
2365,"128,129,40"
2366,"220,10,221"
2367,"40,162,163"
2368,"23,74,303"
2369,"24,145,40"
2370,"3,147,523"
2371,"23,26,89"
2372,"3,66,30"
2373,"220,10,242"
2374,"220,10,242"
2375,"10,54,95"
2376,"3,21,111"
2377,"40,145,44"
2378,"3,15,16"
2379,"40,145,44"
2380,"214,213,0"
2381,"0,265,349"
2382,"21,3,40"
2383,"3,111,112"
2384,"40,145,478"
2385,"3,28,190"
2386,"40,74,23"
2387,"169,199,343"
2388,"145,40,44"
2389,"170,169,260"
2390,"3,85,293"
2391,"10,11,60"
2392,"169,170,199"
2393,"3,147,148"
2394,"11,10,109"
2395,"100,40,222"
2396,"220,10,242"
2397,"10,54,95"
2398,"169,170,199"
2399,"40,41,224"
2400,"25,23,220"
2401,"23,24,49"
2402,"3,337,339"
2403,"0,277,413"
2404,"3,21,108"
2405,"10,60,61"
2406,"40,41,139"
2407,"11,10,109"
2408,"23,24,43"
2409,"40,145,44"
2410,"10,24,23"
2411,"40,128,395"
2412,"3,53,21"
2413,"40,41,224"
2414,"10,11,24"
2415,"15,16,3"
2416,"118,23,74"
2417,"10,93,64"
2418,"145,44,40"
2419,"64,10,93"
2420,"3,21,187"
2421,"23,43,24"
2422,"3,15,16"
2423,"3,21,108"
2424,"4,3,19"
2425,"64,10,448"
2426,"3,111,472"
2427,"337,169,251"
2428,"118,23,74"
2429,"40,506,10"
2430,"23,89,26"
2431,"128,129,40"
2432,"0,216,372"
2433,"100,208,383"
2434,"3,147,148"
2435,"3,21,126"
2436,"169,199,281"
2437,"23,118,74"
2438,"169,170,312"
2439,"3,147,148"
2440,"72,145,11"
2441,"0,8,206"
2442,"10,64,93"
2443,"3,30,21"
2444,"40,131,139"
2445,"152,151,40"
2446,"23,24,43"
2447,"23,26,231"
2448,"40,131,241"
2449,"10,220,221"
2450,"3,34,447"
2451,"8,0,391"
2452,"128,40,129"
2453,"169,138,40"
2454,"3,21,127"
2455,"0,271,355"
2456,"128,129,40"
2457,"169,199,171"
2458,"460,169,23"
2459,"10,11,205"
2460,"3,21,169"
2461,"40,23,145"
2462,"3,85,86"
2463,"3,21,108"
2464,"10,64,93"
2465,"339,337,0"
2466,"10,40,145"
2467,"169,170,23"
2468,"220,10,221"
2469,"31,96,23"
2470,"64,10,448"
2471,"220,10,242"
2472,"40,128,129"
2473,"3,17,168"
2474,"40,131,159"
2475,"3,296,428"
2476,"3,21,126"
2477,"10,64,60"
2478,"3,21,182"
2479,"3,111,85"
2480,"23,31,32"
2481,"169,199,426"
2482,"10,64,90"
2483,"3,17,168"
2484,"23,24,49"
2485,"169,199,170"
2486,"0,249,279"
2487,"0,265,340"
2488,"23,170,40"
2489,"3,111,284"
2490,"3,17,168"
2491,"0,346,313"
2492,"0,271,456"
2493,"40,145,44"
2494,"0,319,211"
2495,"220,10,40"
2496,"40,41,139"
2497,"23,105,495"
2498,"40,139,155"
2499,"23,31,0"
2500,"170,169,459"
2501,"3,21,108"
2502,"23,26,249"
2503,"3,208,53"
2504,"40,131,406"
2505,"8,0,308"
2506,"40,128,129"
2507,"3,66,30"
2508,"169,170,199"
2509,"24,40,49"
2510,"43,64,10"
2511,"21,3,41"
2512,"0,271,272"
2513,"128,40,129"
2514,"64,10,442"
2515,"3,21,34"
2516,"10,145,40"
2517,"23,43,24"
2518,"10,54,322"
2519,"40,131,134"
2520,"23,24,59"
2521,"3,21,53"
2522,"3,28,21"
2523,"169,199,382"
2524,"10,60,61"
2525,"23,24,59"
2526,"10,64,43"
2527,"23,31,39"
2528,"10,95,54"
2529,"23,26,89"
2530,"3,17,34"
2531,"23,31,454"
2532,"8,0,206"
2533,"199,169,323"
2534,"0,313,346"
2535,"40,139,153"
2536,"3,21,379"
2537,"43,10,24"
2538,"3,21,40"
2539,"3,48,21"
2540,"10,11,109"
2541,"3,21,187"
2542,"23,26,0"
2543,"40,41,224"
2544,"0,214,213"
2545,"131,40,368"
2546,"24,23,25"
2547,"10,54,322"
2548,"40,126,21"
2549,"23,26,350"
2550,"169,199,374"
2551,"64,10,65"
2552,"169,199,135"
2553,"23,38,25"
2554,"10,11,12"
2555,"3,4,435"
2556,"64,10,448"
2557,"3,111,28"
2558,"169,170,199"
2559,"40,41,128"
2560,"10,54,322"
2561,"3,111,15"
2562,"3,29,53"
2563,"0,271,216"
2564,"40,243,185"
2565,"10,64,43"
2566,"40,128,195"
2567,"3,111,119"
2568,"218,512,465"
2569,"220,10,242"
2570,"0,271,280"
2571,"3,28,29"
2572,"10,64,23"
2573,"38,23,91"
2574,"105,23,519"
2575,"25,23,220"
2576,"3,147,148"
2577,"23,49,24"
2578,"3,21,164"
2579,"92,10,239"
2580,"23,454,31"
2581,"220,10,221"
2582,"0,265,266"
2583,"40,186,41"
2584,"3,30,66"
2585,"296,169,300"
2586,"23,105,40"
2587,"3,21,111"
2588,"3,523,53"
2589,"220,10,242"
2590,"3,15,16"
2591,"0,249,319"
2592,"21,127,40"
2593,"10,11,220"
2594,"5,3,331"
2595,"169,199,281"
2596,"31,23,258"
2597,"131,40,241"
2598,"40,186,41"
2599,"208,0,173"
2600,"74,23,160"
2601,"0,249,279"
2602,"40,131,159"
2603,"40,131,241"
2604,"3,17,168"
2605,"26,23,350"
2606,"0,271,457"
2607,"23,118,74"
2608,"23,26,350"
2609,"135,138,40"
2610,"24,23,43"
2611,"0,271,456"
2612,"23,31,96"
2613,"145,40,44"
2614,"23,74,303"
2615,"40,41,286"
2616,"23,24,43"
2617,"10,64,90"
2618,"0,271,355"
2619,"169,312,170"
2620,"40,135,250"
2621,"0,271,456"
2622,"60,10,61"
2623,"3,15,16"
2624,"3,147,148"
2625,"0,265,340"
2626,"40,131,241"
2627,"3,21,108"
2628,"10,54,95"
2629,"0,271,8"
2630,"40,402,10"
2631,"128,129,40"
2632,"3,21,127"
2633,"43,10,24"
2634,"40,3,21"
2635,"199,169,323"
2636,"249,279,0"
2637,"3,339,21"
2638,"3,23,105"
2639,"3,147,21"
2640,"23,24,43"
2641,"40,131,406"
2642,"40,146,145"
2643,"3,111,112"
2644,"3,40,111"
2645,"3,21,48"
2646,"169,170,296"
2647,"3,85,111"
2648,"0,23,26"
2649,"265,0,349"
2650,"23,40,74"
2651,"3,160,147"
2652,"10,64,80"
2653,"3,17,320"
2654,"40,131,132"
2655,"10,64,93"
2656,"40,131,226"
2657,"74,23,165"
2658,"64,10,448"
2659,"220,10,242"
2660,"4,19,3"
2661,"3,17,168"
2662,"3,111,112"
2663,"43,23,24"
2664,"169,199,170"
2665,"23,26,350"
2666,"3,30,131"
2667,"3,147,21"
2668,"3,275,147"
2669,"23,43,24"
2670,"31,23,258"
2671,"11,10,12"
2672,"5,228,3"
2673,"23,31,454"
2674,"10,11,109"
2675,"3,111,112"
2676,"131,40,406"
2677,"3,17,168"
2678,"3,21,111"
2679,"3,11,14"
2680,"265,0,340"
2681,"169,199,0"
2682,"26,23,350"
2683,"3,111,53"
2684,"0,277,513"
2685,"64,10,90"
2686,"4,3,238"
2687,"169,199,170"
2688,"3,17,168"
2689,"3,41,40"
2690,"40,151,3"
2691,"199,169,281"
2692,"131,40,226"
2693,"23,74,38"
2694,"34,3,169"
2695,"152,151,169"
2696,"23,118,74"
2697,"64,10,448"
2698,"199,169,40"
2699,"40,241,131"
2700,"40,41,224"
2701,"3,66,30"
2702,"220,10,221"
2703,"3,4,238"
2704,"40,224,41"
2705,"169,281,199"
2706,"10,23,24"
2707,"169,426,199"
2708,"0,229,230"
2709,"169,199,343"
2710,"3,21,108"
2711,"23,309,135"
2712,"0,271,355"
2713,"10,64,65"
2714,"401,3,110"
2715,"169,170,312"
2716,"0,8,235"
2717,"3,427,426"
2718,"296,0,277"
2719,"169,199,426"
2720,"40,145,44"
2721,"23,26,89"
2722,"0,271,214"
2723,"169,170,311"
2724,"23,24,49"
2725,"0,271,456"
2726,"3,21,108"
2727,"10,60,197"
2728,"220,10,242"
2729,"0,26,249"
2730,"131,40,406"
2731,"3,21,28"
2732,"23,74,118"
2733,"40,145,146"
2734,"10,64,93"
2735,"40,145,44"
2736,"10,11,109"
2737,"3,15,16"
2738,"169,199,281"
2739,"220,10,221"
2740,"152,40,199"
2741,"40,145,10"
2742,"40,41,135"
2743,"23,118,74"
2744,"3,147,148"
2745,"23,49,24"
2746,"90,10,64"
2747,"40,41,152"
2748,"131,40,226"
2749,"23,31,32"
2750,"23,24,62"
2751,"40,250,135"
2752,"3,111,119"
2753,"3,53,523"
2754,"10,64,338"
2755,"64,10,80"
2756,"0,271,280"
2757,"23,74,118"
2758,"220,221,10"
2759,"220,10,242"
2760,"3,21,164"
2761,"0,8,206"
2762,"23,74,118"
2763,"220,221,10"
2764,"3,21,164"
2765,"0,218,444"
2766,"40,128,41"
2767,"28,330,23"
2768,"160,40,315"
2769,"40,160,302"
2770,"169,199,281"
2771,"10,60,234"
2772,"40,131,134"
2773,"10,54,95"
2774,"3,30,147"
2775,"10,11,109"
2776,"23,137,38"
2777,"3,4,375"
2778,"0,342,2"
2779,"277,23,0"
2780,"3,21,53"
2781,"0,8,208"
2782,"214,213,0"
2783,"145,40,44"
2784,"17,3,168"
2785,"10,220,242"
2786,"10,23,24"
2787,"23,118,74"
2788,"199,169,281"
2789,"23,74,317"
2790,"241,131,40"
2791,"131,40,226"
2792,"3,111,23"
2793,"169,199,281"
2794,"3,147,148"
2795,"40,41,139"
2796,"40,128,129"
2797,"0,271,352"
2798,"3,21,379"
2799,"8,0,405"
2800,"128,8,40"
2801,"169,199,170"
2802,"64,10,448"
2803,"40,139,155"
2804,"26,23,231"
2805,"10,23,24"
2806,"128,40,186"
2807,"3,21,108"
2808,"10,54,95"
2809,"64,10,448"
2810,"206,0,8"
2811,"3,4,0"
2812,"0,313,314"
2813,"64,10,93"
2814,"21,48,3"
2815,"3,28,113"
2816,"169,199,251"
2817,"105,23,318"
2818,"17,3,168"
2819,"169,427,426"
2820,"3,13,204"
2821,"3,85,111"
2822,"23,31,74"
2823,"296,169,336"
2824,"199,169,281"
2825,"10,60,64"
2826,"3,337,169"
2827,"21,40,195"
2828,"23,303,71"
2829,"0,446,257"
2830,"3,111,123"
2831,"128,40,129"
2832,"26,23,89"
2833,"128,40,129"
2834,"199,169,323"
2835,"3,21,108"
2836,"23,118,74"
2837,"145,40,44"
2838,"169,170,199"
2839,"169,171,199"
2840,"34,3,263"
2841,"131,40,226"
2842,"11,10,109"
2843,"3,21,53"
2844,"3,4,238"
2845,"3,85,5"
2846,"10,64,93"
2847,"40,139,17"
2848,"0,277,319"
2849,"10,220,242"
2850,"296,169,411"
2851,"17,3,168"
2852,"74,23,303"
2853,"40,135,138"
2854,"40,23,283"
2855,"3,21,369"
2856,"3,339,337"
2857,"23,105,318"
2858,"53,3,287"
2859,"40,149,41"
2860,"169,3,199"
2861,"23,26,89"
2862,"3,17,447"
2863,"3,21,108"
2864,"4,19,3"
2865,"40,131,406"
2866,"23,38,87"
2867,"3,53,31"
2868,"169,199,260"
2869,"23,24,25"
2870,"0,271,360"
2871,"40,131,406"
2872,"64,10,93"
2873,"0,216,212"
2874,"138,135,40"
2875,"0,313,346"
2876,"40,131,406"
2877,"10,24,23"
2878,"0,313,346"
2879,"4,3,238"
2880,"0,271,429"
2881,"43,23,24"
2882,"169,199,171"
2883,"3,4,19"
2884,"0,8,11"
2885,"220,221,10"
2886,"4,3,19"
2887,"456,271,429"
2888,"131,40,406"
2889,"145,44,40"
2890,"10,220,242"
2891,"40,135,141"
2892,"147,3,148"
2893,"23,26,231"
2894,"23,74,165"
2895,"23,24,74"
2896,"0,265,490"
2897,"10,64,93"
2898,"3,13,204"
2899,"23,74,165"
2900,"40,131,406"
2901,"15,16,3"
2902,"40,145,44"
2903,"340,265,0"
2904,"11,10,205"
2905,"3,16,15"
2906,"0,206,8"
2907,"3,21,124"
2908,"3,147,156"
2909,"24,23,62"
2910,"23,74,38"
2911,"23,26,89"
2912,"0,417,337"
2913,"128,129,40"
2914,"0,216,254"
2915,"43,10,23"
2916,"0,271,342"
2917,"220,10,221"
2918,"169,199,64"
2919,"0,271,456"
2920,"10,64,93"
2921,"40,131,406"
2922,"3,147,85"
2923,"40,41,149"
2924,"169,356,170"
2925,"169,199,426"
2926,"3,57,169"
2927,"3,30,21"
2928,"40,160,152"
2929,"10,54,95"
2930,"40,128,129"
2931,"23,24,43"
2932,"23,25,38"
2933,"3,21,164"
2934,"10,54,322"
2935,"3,4,19"
2936,"3,21,127"
2937,"3,111,284"
2938,"10,64,93"
2939,"3,48,21"
2940,"40,145,44"
2941,"3,53,4"
2942,"40,128,129"
2943,"23,43,24"
2944,"40,41,224"
2945,"40,135,41"
2946,"11,10,12"
2947,"23,74,303"
2948,"26,23,89"
2949,"40,185,184"
2950,"3,28,30"
2951,"337,339,169"
2952,"169,170,199"
2953,"128,40,129"
2954,"24,23,43"
2955,"23,31,74"
2956,"3,147,148"
2957,"11,10,205"
2958,"0,40,208"
2959,"0,265,271"
2960,"3,4,238"
2961,"10,239,23"
2962,"169,170,199"
2963,"23,24,49"
2964,"0,271,366"
2965,"31,23,10"
2966,"131,40,226"
2967,"10,90,64"
2968,"131,23,40"
2969,"23,24,49"
2970,"40,128,129"
2971,"169,230,337"
2972,"23,74,231"
2973,"0,206,8"
2974,"3,21,108"
2975,"3,523,53"
2976,"3,41,21"
2977,"10,64,93"
2978,"3,21,66"
2979,"40,162,163"
2980,"220,10,221"
2981,"10,40,402"
2982,"40,41,139"
2983,"40,145,44"
2984,"23,307,74"
2985,"40,128,0"
2986,"0,10,11"
2987,"40,152,151"
2988,"23,350,26"
2989,"10,24,95"
2990,"3,21,108"
2991,"11,10,12"
2992,"23,31,32"
2993,"10,54,95"
2994,"23,43,181"
2995,"220,10,242"
2996,"3,48,21"
2997,"21,127,3"
2998,"23,38,137"
2999,"40,41,215"
3000,"23,24,26"
3001,"3,15,16"
3002,"10,11,205"
3003,"23,26,231"
3004,"296,169,306"
3005,"4,3,19"
3006,"23,26,89"
3007,"135,169,138"
3008,"23,74,118"
3009,"40,41,42"
3010,"3,53,523"
3011,"11,10,205"
3012,"3,21,199"
3013,"64,10,448"
3014,"0,271,456"
3015,"40,145,3"
3016,"23,31,454"
3017,"23,40,31"
3018,"303,60,61"
3019,"38,40,44"
3020,"3,17,21"
3021,"3,13,14"
3022,"40,145,402"
3023,"10,54,95"
3024,"3,379,21"
3025,"128,129,40"
3026,"31,23,32"
3027,"64,10,338"
3028,"169,323,199"
3029,"13,150,506"
3030,"0,279,249"
3031,"169,170,24"
3032,"3,21,126"
3033,"0,271,456"
3034,"23,38,94"
3035,"8,0,235"
3036,"3,147,167"
3037,"3,147,53"
3038,"3,21,187"
3039,"31,23,169"
3040,"23,26,89"
3041,"40,184,41"
3042,"3,21,187"
3043,"169,170,199"
3044,"3,17,320"
3045,"3,21,111"
3046,"23,24,74"
3047,"3,147,148"
3048,"3,21,127"
3049,"3,4,238"
3050,"40,160,315"
3051,"23,74,24"
3052,"272,0,361"
3053,"23,24,26"
3054,"3,147,148"
3055,"128,40,129"
3056,"296,169,371"
3057,"64,10,80"
3058,"3,111,112"
3059,"10,54,95"
3060,"10,54,40"
3061,"0,265,24"
3062,"3,111,119"
3063,"23,24,40"
3064,"145,40,44"
3065,"169,199,281"
3066,"23,105,106"
3067,"23,26,231"
3068,"8,0,206"
3069,"3,182,68"
3070,"0,271,216"
3071,"40,145,3"
3072,"10,60,64"
3073,"169,170,199"
3074,"169,339,337"
3075,"40,139,3"
3076,"4,3,19"
3077,"3,21,187"
3078,"3,53,523"
3079,"8,0,308"
3080,"3,60,53"
3081,"23,40,145"
3082,"11,10,205"
3083,"30,3,23"
3084,"10,64,93"
3085,"3,21,108"
3086,"169,138,40"
3087,"3,21,127"
3088,"11,10,12"
3089,"23,26,89"
3090,"4,3,238"
3091,"11,10,12"
3092,"40,145,402"
3093,"31,23,32"
3094,"23,26,89"
3095,"40,152,151"
3096,"40,146,41"
3097,"0,313,346"
3098,"456,271,0"
3099,"23,26,440"
3100,"3,15,16"
3101,"21,41,40"
3102,"23,38,74"
3103,"40,160,315"
3104,"128,129,40"
3105,"64,10,80"
3106,"60,10,61"
3107,"199,169,323"
3108,"3,147,148"
3109,"199,169,281"
3110,"40,3,21"
3111,"220,10,242"
3112,"169,199,170"
3113,"3,66,30"
3114,"3,53,40"
3115,"169,296,23"
3116,"4,3,19"
3117,"40,159,131"
3118,"3,30,66"
3119,"40,41,215"
3120,"23,38,118"
3121,"64,10,338"
3122,"23,26,89"
3123,"169,199,281"
3124,"10,220,40"
3125,"169,199,281"
3126,"10,64,80"
3127,"3,53,287"
3128,"10,64,338"
3129,"3,4,238"
3130,"10,11,109"
3131,"3,21,182"
3132,"3,48,21"
3133,"199,169,281"
3134,"3,51,52"
3135,"3,147,156"
3136,"40,145,44"
3137,"3,111,112"
3138,"147,3,148"
3139,"3,17,168"
3140,"3,21,13"
3141,"40,160,302"
3142,"3,4,238"
3143,"40,146,437"
3144,"0,271,424"
3145,"23,74,71"
3146,"10,64,11"
3147,"21,3,127"
3148,"23,74,303"
3149,"3,21,127"
3150,"3,17,168"
3151,"23,74,303"
3152,"40,131,406"
3153,"3,17,168"
3154,"40,160,315"
3155,"3,147,148"
3156,"3,182,68"
3157,"220,221,10"
3158,"0,206,8"
3159,"23,43,24"
3160,"169,199,281"
3161,"4,3,238"
3162,"23,74,454"
3163,"40,41,286"
3164,"145,40,44"
3165,"169,170,260"
3166,"0,206,8"
3167,"169,199,0"
3168,"3,34,263"
3169,"3,53,287"
3170,"3,53,111"
3171,"199,169,40"
3172,"23,74,40"
3173,"40,131,134"
3174,"31,23,170"
3175,"0,271,456"
3176,"0,8,285"
3177,"23,26,89"
3178,"23,74,118"
3179,"26,23,350"
3180,"145,40,44"
3181,"4,3,238"
3182,"3,21,187"
3183,"43,23,24"
3184,"147,3,156"
3185,"40,160,149"
3186,"31,23,96"
3187,"220,10,221"
3188,"43,23,24"
3189,"10,60,61"
3190,"199,169,281"
3191,"169,199,343"
3192,"43,23,24"
3193,"169,199,281"
3194,"40,128,129"
3195,"3,156,147"
3196,"169,296,274"
3197,"0,235,257"
3198,"23,31,40"
3199,"255,0,462"
3200,"23,74,303"
3201,"23,74,38"
3202,"0,271,355"
3203,"40,128,129"
3204,"11,10,109"
3205,"40,160,315"
3206,"21,3,102"
3207,"131,241,406"
3208,"40,131,406"
3209,"41,40,201"
3210,"3,21,68"
3211,"10,59,23"
3212,"309,23,38"
3213,"40,128,186"
3214,"169,199,426"
3215,"3,21,187"
3216,"10,64,448"
3217,"23,26,350"
3218,"40,146,145"
3219,"17,3,168"
3220,"169,296,336"
3221,"40,175,128"
3222,"0,249,279"
3223,"0,257,216"
3224,"137,23,38"
3225,"3,40,17"
3226,"23,38,39"
3227,"26,23,231"
3228,"40,131,184"
3229,"0,216,257"
3230,"0,257,216"
3231,"199,169,281"
3232,"43,10,23"
3233,"23,24,40"
3234,"60,10,23"
3235,"3,21,187"
3236,"40,41,149"
3237,"23,24,345"
3238,"220,10,221"
3239,"135,40,250"
3240,"24,23,59"
3241,"3,147,148"
3242,"10,60,322"
3243,"169,170,199"
3244,"40,145,44"
3245,"64,10,65"
3246,"23,74,283"
3247,"11,10,109"
3248,"10,11,205"
3249,"118,23,38"
3250,"64,10,338"
3251,"21,3,40"
3252,"3,53,292"
3253,"40,145,146"
3254,"3,21,108"
3255,"0,271,456"
3256,"0,271,456"
3257,"271,0,272"
3258,"3,4,238"
3259,"3,15,16"
3260,"3,53,523"
3261,"220,10,242"
3262,"64,10,448"
3263,"23,199,169"
3264,"23,38,74"
3265,"64,10,65"
3266,"224,40,41"
3267,"0,358,522"
3268,"0,214,213"
3269,"0,40,216"
3270,"10,54,95"
3271,"23,118,74"
3272,"0,271,366"
3273,"40,131,406"
3274,"3,21,48"
3275,"40,41,186"
3276,"40,145,44"
3277,"32,23,31"
3278,"169,170,199"
3279,"3,21,187"
3280,"23,26,169"
3281,"3,21,182"
3282,"3,21,187"
3283,"40,131,406"
3284,"169,337,251"
3285,"147,3,148"
3286,"23,26,89"
3287,"319,211,0"
3288,"5,3,6"
3289,"40,162,163"
3290,"17,3,168"
3291,"23,38,309"
3292,"169,199,281"
3293,"140,139,40"
3294,"3,21,108"
3295,"160,40,315"
3296,"40,21,41"
3297,"220,10,242"
3298,"3,4,15"
3299,"21,3,187"
3300,"15,16,3"
3301,"23,38,309"
3302,"40,145,44"
3303,"64,10,338"
3304,"169,170,459"
3305,"0,462,463"
3306,"0,216,370"
3307,"220,10,242"
3308,"0,321,271"
3309,"40,23,145"
3310,"0,271,23"
3311,"10,54,95"
3312,"3,21,108"
3313,"64,10,80"
3314,"139,40,153"
3315,"23,49,24"
3316,"265,349,340"
3317,"0,271,291"
3318,"3,147,203"
3319,"0,265,349"
3320,"3,28,190"
3321,"169,199,281"
3322,"10,44,40"
3323,"40,139,155"
3324,"3,85,13"
3325,"3,5,57"
3326,"23,32,31"
3327,"23,24,25"
3328,"220,221,10"
3329,"5,3,228"
3330,"21,3,126"
3331,"13,150,253"
3332,"0,266,265"
3333,"3,21,126"
3334,"169,199,281"
3335,"31,23,100"
3336,"3,15,16"
3337,"17,3,168"
3338,"169,199,281"
3339,"0,366,271"
3340,"40,145,31"
3341,"23,24,49"
3342,"3,21,108"
3343,"3,21,170"
3344,"169,199,281"
3345,"220,10,242"
3346,"23,26,89"
3347,"3,21,108"
3348,"0,271,266"
3349,"220,10,221"
3350,"170,169,260"
3351,"0,313,216"
3352,"23,309,135"
3353,"40,152,151"
3354,"40,128,129"
3355,"3,4,111"
3356,"40,135,162"
3357,"17,3,168"
3358,"40,160,302"
3359,"23,26,89"
3360,"463,0,462"
3361,"40,145,44"
3362,"3,4,435"
3363,"128,129,40"
3364,"40,128,129"
3365,"3,34,263"
3366,"40,3,41"
3367,"40,131,226"
3368,"8,0,308"
3369,"0,313,314"
3370,"0,271,291"
3371,"3,17,168"
3372,"3,21,85"
3373,"10,54,40"
3374,"128,129,40"
3375,"10,60,61"
3376,"10,11,12"
3377,"74,23,317"
3378,"169,170,199"
3379,"131,241,40"
3380,"128,129,40"
3381,"0,265,490"
3382,"23,74,118"
3383,"10,64,93"
3384,"139,40,153"
3385,"23,74,317"
3386,"40,162,163"
3387,"169,170,199"
3388,"0,8,254"
3389,"3,40,31"
3390,"40,41,33"
3391,"23,38,74"
3392,"11,10,109"
3393,"40,162,163"
3394,"3,53,523"
3395,"40,3,139"
3396,"145,40,44"
3397,"10,11,109"
3398,"23,118,74"
3399,"195,40,128"
3400,"10,44,40"
3401,"3,4,21"
3402,"23,43,24"
3403,"26,89,23"
3404,"64,10,80"
3405,"10,54,95"
3406,"199,169,323"
3407,"3,21,127"
3408,"10,54,95"
3409,"23,49,24"
3410,"131,40,241"
3411,"199,40,169"
3412,"23,26,89"
3413,"10,64,11"
3414,"23,24,49"
3415,"43,10,23"
3416,"71,23,38"
3417,"40,145,44"
3418,"10,11,109"
3419,"23,74,40"
3420,"0,418,265"
3421,"64,10,448"
3422,"23,49,24"
3423,"40,41,160"
3424,"206,0,8"
3425,"31,23,96"
3426,"0,265,349"
3427,"0,280,271"
3428,"3,66,30"
3429,"40,145,44"
3430,"3,5,228"
3431,"169,199,426"
3432,"3,40,85"
3433,"40,131,406"
3434,"26,23,8"
3435,"17,0,190"
3436,"8,0,206"
3437,"23,74,303"
3438,"23,43,24"
3439,"40,131,406"
3440,"131,40,226"
3441,"40,145,44"
3442,"229,230,0"
3443,"0,271,355"
3444,"23,74,131"
3445,"17,3,168"
3446,"40,160,41"
3447,"23,24,38"
3448,"40,41,324"
3449,"3,85,111"
3450,"206,8,0"
3451,"169,170,199"
3452,"0,313,346"
3453,"3,4,111"
3454,"3,53,287"
3455,"0,271,456"
3456,"3,13,14"
3457,"3,148,147"
3458,"199,356,169"
3459,"24,23,10"
3460,"40,131,134"
3461,"26,23,231"
3462,"40,132,131"
3463,"3,116,53"
3464,"26,23,350"
3465,"40,128,195"
3466,"10,11,64"
3467,"3,28,330"
3468,"4,3,238"
3469,"3,35,36"
3470,"3,147,148"
3471,"0,216,354"
3472,"4,19,3"
3473,"40,145,402"
3474,"64,10,65"
3475,"10,11,205"
3476,"0,271,280"
3477,"3,108,21"
3478,"23,74,38"
3479,"10,11,419"
3480,"23,26,231"
3481,"23,74,38"
3482,"3,147,148"
3483,"169,170,3"
3484,"3,4,19"
3485,"3,21,379"
3486,"3,17,168"
3487,"169,199,343"
3488,"23,170,454"
3489,"3,21,190"
3490,"23,84,74"
3491,"23,31,32"
3492,"41,3,215"
3493,"128,40,129"
3494,"3,21,154"
3495,"23,89,26"
3496,"169,199,170"
3497,"43,23,24"
3498,"199,169,281"
3499,"8,0,206"
3500,"271,0,355"
3501,"3,21,126"
3502,"40,135,189"
3503,"40,145,44"
3504,"169,199,281"
3505,"3,21,5"
3506,"11,10,109"
3507,"118,23,74"
3508,"220,10,242"
3509,"206,8,0"
3510,"0,271,456"
3511,"473,65,3"
3512,"23,26,231"
3513,"31,23,96"
3514,"3,40,35"
3515,"10,23,43"
3516,"169,199,356"
3517,"10,11,60"
3518,"40,160,302"
3519,"40,145,44"
3520,"3,21,126"
3521,"10,11,109"
3522,"10,54,40"
3523,"40,152,151"
3524,"3,147,160"
3525,"23,309,38"
3526,"296,169,411"
3527,"3,85,147"
3528,"3,21,48"
3529,"40,41,324"
3530,"3,111,53"
3531,"220,10,221"
3532,"23,74,303"
3533,"10,23,24"
3534,"3,147,148"
3535,"169,199,281"
3536,"3,21,108"
3537,"3,147,148"
3538,"3,66,30"
3539,"3,85,86"
3540,"23,26,89"
3541,"23,24,49"
3542,"0,265,418"
3543,"3,147,148"
3544,"40,131,226"
3545,"26,23,89"
3546,"0,206,8"
3547,"40,395,23"
3548,"40,139,140"
3549,"0,271,128"
3550,"23,74,31"
3551,"40,0,145"
3552,"0,456,271"
3553,"169,281,259"
3554,"3,13,21"
3555,"0,271,456"
3556,"3,17,168"
3557,"40,139,153"
3558,"118,23,74"
3559,"3,70,4"
3560,"169,199,171"
3561,"3,21,379"
3562,"3,40,100"
3563,"40,41,324"
3564,"10,64,93"
3565,"3,30,66"
3566,"3,111,21"
3567,"31,23,131"
3568,"3,21,127"
3569,"199,281,169"
3570,"40,131,466"
3571,"23,74,118"
3572,"10,64,338"
3573,"199,169,343"
3574,"3,13,150"
3575,"11,12,10"
3576,"23,40,31"
3577,"220,221,10"
3578,"25,23,24"
3579,"128,40,186"
3580,"64,10,448"
3581,"271,0,456"
3582,"145,40,44"
3583,"3,30,31"
3584,"169,170,339"
3585,"3,21,22"
3586,"43,54,23"
3587,"3,21,108"
3588,"40,135,138"
3589,"23,231,26"
3590,"220,10,221"
3591,"235,8,0"
3592,"169,199,170"
3593,"23,26,89"
3594,"23,74,303"
3595,"10,60,239"
3596,"296,169,411"
3597,"23,31,32"
3598,"3,7,4"
3599,"131,241,40"
3600,"3,17,168"
3601,"3,111,23"
3602,"3,111,112"
3603,"3,21,33"
3604,"3,147,148"
3605,"10,205,11"
3606,"0,271,355"
3607,"40,141,153"
3608,"10,24,23"
3609,"3,85,21"
3610,"3,21,48"
3611,"3,22,21"
3612,"64,10,23"
3613,"184,368,40"
3614,"3,53,15"
3615,"0,271,522"
3616,"64,10,448"
3617,"10,54,95"
3618,"169,337,199"
3619,"3,35,36"
3620,"0,271,456"
3621,"170,169,337"
3622,"23,24,31"
3623,"4,3,238"
3624,"3,21,126"
3625,"220,10,242"
3626,"23,31,258"
3627,"40,402,145"
3628,"131,40,226"
3629,"40,160,247"
3630,"23,89,26"
3631,"10,64,93"
3632,"23,26,350"
3633,"40,152,151"
3634,"313,26,23"
3635,"3,4,238"
3636,"11,10,109"
3637,"40,128,129"
3638,"3,17,168"
3639,"40,145,10"
3640,"40,44,145"
3641,"3,53,287"
3642,"40,145,44"
3643,"131,40,226"
3644,"40,3,184"
3645,"3,156,147"
3646,"44,40,145"
3647,"53,287,3"
3648,"169,339,337"
3649,"74,23,84"
3650,"169,170,31"
3651,"3,4,111"
3652,"23,105,326"
3653,"169,170,31"
3654,"118,23,38"
3655,"3,21,53"
3656,"10,95,54"
3657,"40,145,44"
3658,"147,3,148"
3659,"0,216,257"
3660,"169,199,281"
3661,"40,44,145"
3662,"0,456,271"
3663,"3,21,301"
3664,"40,145,10"
3665,"64,10,93"
3666,"26,23,350"
3667,"11,10,109"
3668,"3,190,28"
3669,"40,145,146"
3670,"40,145,44"
3671,"64,10,338"
3672,"3,21,187"
3673,"4,435,3"
3674,"145,40,44"
3675,"40,185,184"
3676,"165,74,23"
3677,"13,3,14"
3678,"0,271,456"
3679,"271,0,456"
3680,"40,111,334"
3681,"3,21,108"
3682,"199,169,343"
3683,"3,15,16"
3684,"3,21,127"
3685,"3,53,523"
3686,"40,41,224"
3687,"26,23,0"
3688,"40,155,139"
3689,"40,131,406"
3690,"21,3,164"
3691,"169,170,260"
3692,"23,26,38"
3693,"138,40,135"
3694,"23,309,38"
3695,"0,216,380"
3696,"44,145,40"
3697,"21,48,3"
3698,"3,85,158"
3699,"3,34,68"
3700,"199,169,0"
3701,"21,3,33"
3702,"169,199,281"
3703,"3,111,267"
3704,"3,66,30"
3705,"169,199,374"
3706,"224,40,41"
3707,"160,40,315"
3708,"23,24,49"
3709,"3,21,33"
3710,"3,5,4"
3711,"220,10,221"
3712,"3,28,190"
3713,"23,24,62"
3714,"10,64,90"
3715,"220,10,221"
3716,"0,456,271"
3717,"220,221,10"
3718,"23,38,62"
3719,"95,10,40"
3720,"3,28,190"
3721,"10,64,90"
3722,"23,74,303"
3723,"147,3,148"
3724,"23,32,31"
3725,"3,4,111"
3726,"4,3,238"
3727,"23,26,313"
3728,"23,26,89"
3729,"23,38,39"
3730,"23,118,74"
3731,"3,53,523"
3732,"0,8,313"
3733,"11,10,109"
3734,"23,24,59"
3735,"220,10,242"
3736,"169,199,281"
3737,"23,26,89"
3738,"23,74,303"
3739,"3,21,124"
3740,"10,54,95"
3741,"8,0,235"
3742,"8,0,410"
3743,"23,24,59"
3744,"0,1,2"
3745,"475,351,0"
3746,"220,221,10"
3747,"4,19,3"
3748,"23,71,38"
3749,"40,145,10"
3750,"3,17,168"
3751,"23,40,478"
3752,"8,0,308"
3753,"3,111,119"
3754,"26,23,89"
3755,"169,170,199"
3756,"3,53,287"
3757,"23,24,38"
3758,"40,145,402"
3759,"23,31,454"
3760,"23,105,106"
3761,"90,10,64"
3762,"10,54,322"
3763,"23,31,24"
3764,"169,199,170"
3765,"40,23,152"
3766,"23,74,118"
3767,"220,10,221"
3768,"10,60,3"
3769,"31,23,169"
3770,"169,199,459"
3771,"3,21,127"
3772,"23,26,350"
3773,"3,21,48"
3774,"0,8,271"
3775,"0,340,271"
3776,"25,23,24"
3777,"40,160,215"
3778,"3,4,19"
3779,"40,184,131"
3780,"4,3,188"
3781,"3,160,35"
3782,"184,185,40"
3783,"40,131,406"
3784,"17,168,3"
3785,"64,10,448"
3786,"3,21,68"
3787,"0,216,380"
3788,"8,0,206"
3789,"3,53,523"
3790,"3,34,447"
3791,"0,271,456"
3792,"0,285,8"
3793,"64,10,448"
3794,"64,10,65"
3795,"40,131,406"
3796,"220,10,221"
3797,"3,147,169"
3798,"296,169,530"
3799,"23,26,89"
3800,"169,199,281"
3801,"3,34,263"
3802,"40,145,44"
3803,"23,24,26"
3804,"11,10,109"
3805,"26,23,89"
3806,"145,40,44"
3807,"23,24,11"
3808,"131,40,406"
3809,"3,21,100"
3810,"23,137,105"
3811,"40,145,10"
3812,"3,28,190"
3813,"40,131,241"
3814,"23,26,89"
3815,"40,386,135"
3816,"3,116,447"
3817,"10,54,95"
3818,"3,30,66"
3819,"3,15,16"
3820,"145,40,44"
3821,"0,271,444"
3822,"23,26,89"
3823,"40,160,3"
3824,"220,10,221"
3825,"3,15,16"
3826,"44,40,145"
3827,"23,74,303"
3828,"4,3,188"
3829,"23,31,40"
3830,"0,265,490"
3831,"74,23,60"
3832,"40,44,145"
3833,"128,129,40"
3834,"3,379,21"
3835,"220,10,221"
3836,"0,271,456"
3837,"3,4,70"
3838,"0,214,213"
3839,"220,221,10"
3840,"429,456,0"
3841,"40,145,44"
3842,"23,43,24"
3843,"17,3,168"
3844,"8,0,206"
3845,"21,3,139"
3846,"220,10,221"
3847,"169,199,171"
3848,"11,10,109"
3849,"40,131,406"
3850,"3,30,22"
3851,"145,40,44"
3852,"40,146,41"
3853,"199,169,281"
3854,"0,456,271"
3855,"23,31,96"
3856,"169,296,417"
3857,"3,15,16"
3858,"3,147,148"
3859,"3,85,379"
3860,"40,126,41"
3861,"64,10,93"
3862,"3,34,263"
3863,"160,40,302"
3864,"53,287,3"
3865,"10,220,242"
3866,"131,406,40"
3867,"169,199,26"
3868,"23,49,24"
3869,"0,271,456"
3870,"23,74,118"
3871,"10,11,12"
3872,"169,199,170"
3873,"128,129,40"
3874,"40,145,10"
3875,"23,82,38"
3876,"0,271,456"
3877,"3,21,127"
3878,"3,116,447"
3879,"0,8,235"
3880,"11,10,205"
3881,"23,519,105"
3882,"3,4,238"
3883,"40,145,44"
3884,"0,271,291"
3885,"3,13,17"
3886,"8,0,206"
3887,"23,74,118"
3888,"3,15,16"
3889,"169,199,323"
3890,"10,11,109"
3891,"23,74,303"
3892,"0,208,521"
3893,"4,3,188"
3894,"40,160,423"
3895,"28,3,190"
3896,"3,85,17"
3897,"169,199,343"
3898,"23,38,74"
3899,"26,23,231"
3900,"40,41,42"
3901,"337,169,339"
3902,"23,38,39"
3903,"0,277,413"
3904,"40,162,23"
3905,"23,26,89"
3906,"0,216,304"
3907,"0,8,235"
3908,"23,26,350"
3909,"169,199,171"
3910,"40,145,44"
3911,"40,139,155"
3912,"3,111,123"
3913,"10,64,93"
3914,"220,221,10"
3915,"23,74,165"
3916,"10,64,60"
3917,"3,21,127"
3918,"40,145,402"
3919,"131,40,184"
3920,"3,111,112"
3921,"10,11,205"
3922,"23,24,59"
3923,"40,184,185"
3924,"43,23,24"
3925,"23,24,49"
3926,"53,3,23"
3927,"23,31,258"
3928,"41,40,3"
3929,"140,40,169"
3930,"3,21,28"
3931,"10,11,12"
3932,"64,10,448"
3933,"220,221,10"
3934,"40,41,224"
3935,"0,271,513"
3936,"3,66,30"
3937,"23,49,24"
3938,"10,64,80"
3939,"138,135,40"
3940,"40,145,10"
3941,"23,24,43"
3942,"0,265,349"
3943,"40,145,100"
3944,"0,271,456"
3945,"169,199,343"
3946,"10,40,54"
3947,"64,10,448"
3948,"23,84,74"
3949,"10,11,61"
3950,"26,89,23"
3951,"3,111,53"
3952,"23,74,10"
3953,"23,11,24"
3954,"40,145,44"
3955,"3,23,26"
3956,"13,3,204"
3957,"8,0,308"
3958,"40,131,134"
3959,"40,23,38"
3960,"23,24,43"
3961,"23,38,91"
3962,"3,21,500"
3963,"0,265,11"
3964,"23,40,145"
3965,"23,74,184"
3966,"8,0,308"
3967,"220,10,221"
3968,"23,25,38"
3969,"8,0,206"
3970,"3,53,523"
3971,"23,24,49"
3972,"3,111,267"
3973,"3,53,287"
3974,"206,0,8"
3975,"456,0,271"
3976,"4,19,3"
3977,"3,4,472"
3978,"23,160,40"
3979,"0,272,271"
3980,"10,64,90"
3981,"11,10,205"
3982,"0,319,211"
3983,"8,0,235"
3984,"0,271,291"
3985,"169,339,337"
3986,"40,145,402"
3987,"40,145,44"
3988,"40,131,406"
3989,"40,41,139"
3990,"23,74,118"
3991,"40,41,224"
3992,"40,128,129"
3993,"0,218,465"
3994,"40,145,10"
3995,"220,10,242"
3996,"23,137,38"
3997,"3,4,70"
3998,"3,21,33"
3999,"169,339,337"
4000,"0,8,23"
4001,"0,271,456"
4002,"3,111,267"
4003,"3,30,66"
4004,"4,3,238"
4005,"40,431,169"
4006,"169,337,339"
4007,"40,152,151"
4008,"8,0,410"
4009,"23,3,454"
4010,"23,74,303"
4011,"74,23,303"
4012,"64,10,448"
4013,"3,21,108"
4014,"3,34,143"
4015,"3,5,228"
4016,"10,64,93"
4017,"8,0,23"
4018,"296,169,507"
4019,"3,66,30"
4020,"169,170,260"
4021,"0,8,206"
4022,"23,24,43"
4023,"23,26,89"
4024,"3,21,48"
4025,"3,21,127"
4026,"3,28,364"
4027,"3,523,53"
4028,"10,11,205"
4029,"169,3,40"
4030,"169,170,459"
4031,"3,53,287"
4032,"0,208,265"
4033,"23,24,25"
4034,"3,4,238"
4035,"23,38,74"
4036,"3,4,183"
4037,"23,105,318"
4038,"105,23,326"
4039,"3,21,108"
4040,"10,54,95"
4041,"3,28,330"
4042,"3,111,21"
4043,"23,296,169"
4044,"3,21,284"
4045,"10,11,12"
4046,"0,265,273"
4047,"3,15,16"
4048,"0,366,271"
4049,"0,208,216"
4050,"8,0,308"
4051,"40,10,402"
4052,"41,40,3"
4053,"169,170,260"
4054,"0,8,235"
4055,"40,145,44"
4056,"128,40,195"
4057,"40,31,23"
4058,"38,23,87"
4059,"0,354,271"
4060,"3,17,168"
4061,"169,296,170"
4062,"128,40,186"
4063,"10,64,338"
4064,"220,221,10"
4065,"3,111,119"
4066,"3,21,85"
4067,"3,147,203"
4068,"3,21,187"
4069,"10,64,65"
4070,"10,54,145"
4071,"3,21,148"
4072,"40,135,244"
4073,"40,162,128"
4074,"0,455,271"
4075,"40,160,302"
4076,"145,40,44"
4077,"0,214,213"
4078,"3,85,293"
4079,"0,214,213"
4080,"44,40,145"
4081,"10,11,234"
4082,"23,24,43"
4083,"169,281,199"
4084,"40,131,226"
4085,"23,0,26"
4086,"40,131,406"
4087,"3,111,161"
4088,"23,74,303"
4089,"169,199,343"
4090,"23,31,32"
4091,"23,232,231"
4092,"40,21,3"
4093,"3,21,85"
4094,"40,41,139"
4095,"23,118,38"
4096,"220,10,221"
4097,"40,129,128"
4098,"23,31,3"
4099,"23,38,137"
4100,"10,11,12"
4101,"40,128,395"
4102,"23,71,38"
4103,"463,462,255"
4104,"23,31,96"
4105,"199,169,40"
4106,"26,23,350"
4107,"23,43,24"
4108,"10,11,12"
4109,"3,48,21"
4110,"40,41,42"
4111,"40,395,128"
4112,"10,12,11"
4113,"40,145,44"
4114,"40,145,44"
4115,"10,11,109"
4116,"3,34,17"
4117,"64,10,448"
4118,"309,23,38"
4119,"40,131,134"
4120,"4,19,3"
4121,"10,220,221"
4122,"3,53,4"
4123,"0,271,214"
4124,"23,26,89"
4125,"23,24,454"
4126,"3,4,183"
4127,"131,40,226"
4128,"23,26,89"
4129,"40,25,145"
4130,"23,24,25"
4131,"40,139,153"
4132,"3,17,168"
4133,"40,41,139"
4134,"23,49,24"
4135,"3,53,287"
4136,"3,53,325"
4137,"5,228,57"
4138,"3,21,53"
4139,"0,8,285"
4140,"3,4,7"
4141,"40,162,163"
4142,"23,26,350"
4143,"40,131,142"
4144,"40,135,236"
4145,"40,145,44"
4146,"40,41,3"
4147,"40,160,315"
4148,"23,38,91"
4149,"199,169,281"
4150,"169,170,260"
4151,"3,21,108"
4152,"10,64,93"
4153,"296,169,371"
4154,"40,41,286"
4155,"130,129,128"
4156,"421,0,100"
4157,"64,10,80"
4158,"21,3,127"
4159,"74,23,40"
4160,"296,0,277"
4161,"0,214,213"
4162,"135,138,40"
4163,"3,21,53"
4164,"23,10,24"
4165,"17,3,168"
4166,"220,10,242"
4167,"23,26,89"
4168,"169,199,281"
4169,"3,167,53"
4170,"3,21,66"
4171,"224,41,3"
4172,"3,66,30"
4173,"0,23,271"
4174,"23,32,31"
4175,"17,3,168"
4176,"0,271,291"
4177,"3,21,108"
4178,"23,105,54"
4179,"0,271,321"
4180,"0,271,456"
4181,"40,152,151"
4182,"23,74,118"
4183,"11,10,24"
4184,"258,31,23"
4185,"220,10,221"
4186,"23,43,24"
4187,"23,74,118"
4188,"220,221,10"
4189,"23,24,43"
4190,"74,23,303"
4191,"23,24,74"
4192,"10,64,93"
4193,"8,0,235"
4194,"3,66,148"
4195,"169,199,343"
4196,"8,0,308"
4197,"128,195,40"
4198,"4,3,183"
4199,"23,71,165"
4200,"3,40,467"
4201,"64,10,448"
4202,"0,216,257"
4203,"40,184,185"
4204,"40,145,44"
4205,"220,10,242"
4206,"23,26,89"
4207,"23,74,118"
4208,"11,40,109"
4209,"4,3,19"
4210,"23,26,231"
4211,"10,64,93"
4212,"169,199,170"
4213,"23,82,38"
4214,"0,53,3"
4215,"220,10,221"
4216,"3,53,21"
4217,"0,271,456"
4218,"0,206,8"
4219,"169,170,199"
4220,"40,131,159"
4221,"23,31,24"
4222,"218,0,465"
4223,"169,53,3"
4224,"17,168,3"
4225,"3,111,267"
4226,"23,74,38"
4227,"23,74,63"
4228,"53,3,287"
4229,"40,131,159"
4230,"3,34,116"
4231,"0,10,220"
4232,"40,145,10"
4233,"40,145,402"
4234,"3,13,10"
4235,"40,41,224"
4236,"10,23,173"
4237,"3,53,287"
4238,"23,43,24"
4239,"23,26,350"
4240,"23,43,24"
4241,"3,21,108"
4242,"3,15,16"
4243,"10,64,93"
4244,"3,21,126"
4245,"8,23,26"
4246,"271,0,456"
4247,"40,74,41"
4248,"3,147,53"
4249,"23,31,40"
4250,"3,21,126"
4251,"10,64,93"
4252,"296,169,411"
4253,"23,38,309"
4254,"11,10,109"
4255,"3,147,85"
4256,"40,131,132"
4257,"10,11,205"
4258,"4,3,19"
4259,"3,21,111"
4260,"0,8,235"
4261,"17,3,168"
4262,"3,4,183"
4263,"40,139,41"
4264,"3,13,14"
4265,"313,26,23"
4266,"3,4,238"
4267,"10,64,65"
4268,"3,111,148"
4269,"23,24,40"
4270,"11,205,10"
4271,"3,111,53"
4272,"3,17,168"
4273,"8,0,285"
4274,"23,39,38"
4275,"169,199,343"
4276,"169,199,171"
4277,"169,199,0"
4278,"3,21,187"
4279,"3,17,320"
4280,"23,96,169"
4281,"169,199,323"
4282,"43,23,24"
4283,"169,170,199"
4284,"40,131,406"
4285,"199,169,323"
4286,"10,54,322"
4287,"40,184,185"
4288,"220,221,10"
4289,"220,221,10"
4290,"220,25,10"
4291,"23,118,74"
4292,"40,145,44"
4293,"23,40,145"
4294,"3,30,40"
4295,"40,130,128"
4296,"23,26,8"
4297,"0,8,308"
4298,"40,139,153"
4299,"23,24,402"
4300,"40,145,44"
4301,"170,169,0"
4302,"135,138,40"
4303,"10,60,239"
4304,"23,74,38"
4305,"235,8,0"
4306,"11,10,109"
4307,"128,129,40"
4308,"31,23,258"
4309,"23,24,43"
4310,"24,11,23"
4311,"169,170,199"
4312,"40,131,406"
4313,"40,152,41"
4314,"10,64,93"
4315,"3,17,320"
4316,"23,24,40"
4317,"23,26,89"
4318,"23,26,231"
4319,"23,74,84"
4320,"23,74,165"
4321,"40,286,41"
4322,"11,10,73"
4323,"23,40,31"
4324,"169,170,199"
4325,"23,24,43"
4326,"23,265,0"
4327,"26,23,89"
4328,"10,64,448"
4329,"40,139,153"
4330,"23,26,231"
4331,"74,23,53"
4332,"23,24,43"
4333,"3,21,33"
4334,"40,41,42"
4335,"60,61,13"
4336,"10,93,64"
4337,"3,21,115"
4338,"3,30,66"
4339,"3,53,401"
4340,"3,15,16"
4341,"23,38,137"
4342,"40,152,41"
4343,"131,40,406"
4344,"40,145,44"
4345,"3,4,19"
4346,"169,337,339"
4347,"10,11,205"
4348,"169,170,260"
4349,"3,48,21"
4350,"3,21,147"
4351,"64,10,448"
4352,"54,10,95"
4353,"23,74,118"
4354,"0,271,456"
4355,"169,199,323"
4356,"21,3,127"
4357,"40,138,135"
4358,"3,13,150"
4359,"184,185,40"
4360,"40,131,145"
4361,"169,171,170"
4362,"10,11,109"
4363,"0,380,216"
4364,"8,23,26"
4365,"40,152,160"
4366,"28,3,190"
4367,"23,96,31"
4368,"118,23,74"
4369,"0,271,353"
4370,"3,21,108"
4371,"3,28,53"
4372,"10,11,205"
4373,"23,74,84"
4374,"40,153,139"
4375,"3,21,48"
4376,"31,23,454"
4377,"40,128,195"
4378,"40,41,21"
4379,"3,60,28"
4380,"4,3,19"
4381,"220,10,221"
4382,"23,31,328"
4383,"40,131,406"
4384,"3,21,48"
4385,"147,3,148"
4386,"64,10,93"
4387,"3,4,174"
4388,"220,10,242"
4389,"145,40,44"
4390,"40,152,151"
4391,"40,145,10"
4392,"38,40,303"
4393,"23,74,84"
4394,"281,199,169"
4395,"64,10,93"
4396,"220,10,221"
4397,"17,3,168"
4398,"23,74,38"
4399,"3,21,48"
4400,"26,23,89"
4401,"118,23,74"
4402,"131,40,406"
4403,"220,10,221"
4404,"145,40,44"
4405,"3,21,190"
4406,"23,38,74"
4407,"23,10,24"
4408,"169,170,260"
4409,"40,17,243"
4410,"23,26,89"
4411,"23,31,32"
4412,"169,296,337"
4413,"3,21,41"
4414,"3,17,379"
4415,"3,21,320"
4416,"40,131,406"
4417,"0,271,456"
4418,"169,10,199"
4419,"3,21,187"
4420,"23,38,24"
4421,"135,40,244"
4422,"3,21,48"
4423,"23,43,24"
4424,"0,206,249"
4425,"64,10,473"
4426,"271,0,456"
4427,"23,24,31"
4428,"10,60,239"
4429,"0,271,456"
4430,"3,21,187"
4431,"3,21,68"
4432,"10,11,12"
4433,"169,170,260"
4434,"40,162,163"
4435,"40,139,41"
4436,"3,188,219"
4437,"4,3,19"
4438,"0,271,522"
4439,"23,26,350"
4440,"23,26,89"
4441,"23,24,0"
4442,"23,105,3"
4443,"3,111,379"
4444,"8,206,0"
4445,"10,64,93"
4446,"40,145,44"
4447,"10,40,44"
4448,"40,131,132"
4449,"64,10,93"
4450,"3,15,16"
4451,"10,3,23"
4452,"169,199,323"
4453,"10,54,25"
4454,"220,10,221"
4455,"40,128,129"
4456,"40,496,395"
4457,"220,221,10"
4458,"23,26,350"
4459,"406,131,40"
4460,"64,10,80"
4461,"40,395,241"
4462,"220,221,10"
4463,"3,5,228"
4464,"10,64,93"
4465,"169,199,343"
4466,"3,17,168"
4467,"10,93,64"
4468,"40,135,141"
4469,"64,10,23"
4470,"3,21,108"
4471,"0,206,8"
4472,"0,249,279"
4473,"10,11,205"
4474,"3,21,108"
4475,"26,64,10"
4476,"169,199,171"
4477,"169,199,248"
4478,"3,111,112"
4479,"3,217,430"
4480,"216,0,169"
4481,"131,40,241"
4482,"40,111,119"
4483,"40,160,315"
4484,"249,0,279"
4485,"10,60,239"
4486,"3,15,85"
4487,"23,74,303"
4488,"3,53,523"
4489,"40,152,151"
4490,"64,10,80"
4491,"169,170,31"
4492,"0,249,279"
4493,"0,271,272"
4494,"0,208,216"
4495,"23,3,53"
4496,"0,2,1"
4497,"40,145,146"
4498,"131,40,226"
4499,"3,111,112"
4500,"0,271,456"
4501,"131,40,226"
4502,"3,48,21"
4503,"23,24,43"
4504,"118,23,38"
4505,"26,23,350"
4506,"23,24,40"
4507,"220,10,221"
4508,"0,346,313"
4509,"23,74,118"
4510,"3,147,148"
4511,"23,74,317"
4512,"11,10,205"
4513,"0,8,206"
4514,"3,28,29"
4515,"3,111,40"
4516,"40,160,315"
4517,"8,0,391"
4518,"40,131,142"
4519,"40,145,128"
4520,"40,130,128"
4521,"40,131,241"
4522,"23,89,26"
4523,"23,105,24"
4524,"23,31,258"
4525,"3,21,199"
4526,"249,279,0"
4527,"40,131,134"
4528,"0,216,304"
4529,"10,11,12"
4530,"4,3,238"
4531,"3,147,148"
4532,"131,40,406"
4533,"0,8,206"
4534,"40,11,145"
4535,"3,379,21"
4536,"3,41,111"
4537,"64,10,65"
4538,"40,10,145"
4539,"40,41,152"
4540,"220,10,242"
4541,"3,53,21"
4542,"40,149,160"
4543,"169,170,260"
4544,"31,23,96"
4545,"3,85,86"
4546,"3,21,48"
4547,"40,152,151"
4548,"3,21,23"
4549,"40,139,153"
4550,"3,188,4"
4551,"23,24,49"
4552,"64,10,93"
4553,"23,74,165"
4554,"169,199,281"
4555,"40,145,44"
4556,"145,40,44"
4557,"3,21,320"
4558,"3,111,21"
4559,"40,145,44"
4560,"3,17,53"
4561,"40,241,131"
4562,"10,64,65"
4563,"3,21,127"
4564,"10,11,205"
4565,"40,160,315"
4566,"23,31,328"
4567,"169,0,355"
4568,"74,23,303"
4569,"5,3,228"
4570,"23,43,24"
4571,"10,60,11"
4572,"169,199,248"
4573,"23,60,24"
4574,"43,23,24"
4575,"40,131,406"
4576,"11,10,12"
4577,"40,145,10"
4578,"8,0,308"
4579,"21,3,187"
4580,"199,169,281"
4581,"26,23,350"
4582,"199,169,281"
4583,"23,231,74"
4584,"3,21,53"
4585,"23,74,303"
4586,"3,15,16"
4587,"40,145,44"
4588,"3,85,21"
4589,"0,271,277"
4590,"26,23,89"
4591,"3,21,127"
4592,"3,28,330"
4593,"40,184,185"
4594,"23,24,62"
4595,"3,21,108"
4596,"169,311,426"
4597,"23,26,89"
4598,"3,21,34"
4599,"168,17,419"
4600,"220,10,242"
4601,"26,23,89"
4602,"3,168,17"
4603,"40,131,406"
4604,"10,64,338"
4605,"40,41,324"
4606,"40,160,315"
4607,"0,208,218"
4608,"23,74,118"
4609,"10,220,221"
4610,"40,139,41"
4611,"169,459,170"
4612,"0,271,280"
4613,"3,4,188"
4614,"169,337,339"
4615,"3,53,467"
4616,"3,53,287"
4617,"40,131,134"
4618,"23,118,74"
4619,"23,24,25"
4620,"131,40,226"
4621,"10,60,197"
4622,"0,216,304"
4623,"3,21,108"
4624,"40,131,241"
4625,"3,51,52"
4626,"199,64,169"
4627,"3,21,108"
4628,"3,53,99"
4629,"11,10,205"
4630,"10,64,93"
4631,"40,184,23"
4632,"23,26,89"
4633,"23,31,96"
4634,"3,17,168"
4635,"10,169,60"
4636,"160,40,315"
4637,"40,41,160"
4638,"131,40,406"
4639,"23,26,89"
4640,"3,147,148"
4641,"3,21,48"
4642,"23,24,49"
4643,"23,74,303"
4644,"3,21,48"
4645,"64,10,93"
4646,"23,38,137"
4647,"169,339,337"
4648,"10,60,64"
4649,"3,21,108"
4650,"220,10,242"
4651,"40,128,131"
4652,"281,169,199"
4653,"23,43,24"
4654,"10,54,60"
4655,"147,3,148"
4656,"28,3,190"
4657,"10,11,109"
4658,"23,26,350"
4659,"0,279,249"
4660,"0,456,271"
4661,"169,199,356"
4662,"3,48,21"
4663,"40,41,42"
4664,"40,146,145"
4665,"10,11,60"
4666,"40,10,146"
4667,"3,5,228"
4668,"0,271,456"
4669,"26,23,89"
4670,"169,199,343"
4671,"23,31,77"
4672,"0,271,355"
4673,"23,74,118"
4674,"3,21,187"
4675,"40,131,406"
4676,"199,169,26"
4677,"169,170,260"
4678,"40,41,128"
4679,"26,23,350"
4680,"23,74,303"
4681,"3,53,523"
4682,"169,170,459"
4683,"169,199,281"
4684,"3,21,182"
4685,"64,10,65"
4686,"23,31,328"
4687,"3,5,133"
4688,"0,216,319"
4689,"40,160,302"
4690,"0,457,218"
4691,"0,8,271"
4692,"21,3,127"
4693,"3,111,119"
4694,"23,26,89"
4695,"23,105,74"
4696,"4,3,19"
4697,"3,379,21"
4698,"40,145,44"
4699,"64,10,93"
4700,"169,170,199"
4701,"169,170,296"
4702,"3,147,156"
4703,"220,10,221"
4704,"23,31,32"
4705,"0,462,463"
4706,"3,21,127"
4707,"40,131,226"
4708,"296,169,460"
4709,"23,40,155"
4710,"23,199,24"
4711,"220,10,242"
4712,"64,10,448"
4713,"23,106,24"
4714,"23,38,309"
4715,"0,271,291"
4716,"11,10,109"
4717,"0,271,456"
4718,"147,3,148"
4719,"0,346,216"
4720,"23,38,71"
4721,"199,169,40"
4722,"23,26,231"
4723,"139,40,153"
4724,"0,216,254"
4725,"128,40,129"
4726,"23,74,118"
4727,"4,19,3"
4728,"23,10,31"
4729,"3,17,168"
4730,"3,21,187"
4731,"3,85,158"
4732,"3,30,28"
4733,"40,145,44"
4734,"220,221,10"
4735,"10,60,61"
4736,"3,17,320"
4737,"3,85,147"
4738,"169,170,199"
4739,"10,11,220"
4740,"3,147,148"
4741,"3,53,523"
4742,"3,169,170"
4743,"169,312,170"
4744,"3,379,21"
4745,"3,40,30"
4746,"3,85,111"
4747,"71,23,40"
4748,"74,23,40"
4749,"402,40,145"
4750,"220,10,242"
4751,"0,265,280"
4752,"23,31,328"
4753,"169,199,248"
4754,"40,184,185"
4755,"0,235,8"
4756,"40,134,131"
4757,"235,8,400"
4758,"3,21,127"
4759,"3,21,53"
4760,"3,237,309"
4761,"147,3,148"
4762,"3,21,127"
4763,"23,74,38"
4764,"40,162,163"
4765,"3,53,523"
4766,"40,162,163"
4767,"24,59,23"
4768,"10,11,205"
4769,"0,208,403"
4770,"40,160,334"
4771,"3,5,228"
4772,"40,10,145"
4773,"3,53,111"
4774,"3,28,190"
4775,"3,21,127"
4776,"3,21,187"
4777,"3,21,127"
4778,"271,0,456"
4779,"220,221,10"
4780,"3,416,467"
4781,"145,40,44"
4782,"23,31,169"
4783,"64,10,448"
4784,"3,34,169"
4785,"3,188,15"
4786,"23,26,231"
4787,"5,3,228"
4788,"128,40,3"
4789,"26,23,350"
4790,"10,40,145"
4791,"3,21,108"
4792,"0,8,206"
4793,"23,74,38"
4794,"3,4,238"
4795,"23,105,495"
4796,"0,271,272"
4797,"3,21,500"
4798,"0,424,271"
4799,"169,170,459"
4800,"40,41,324"
4801,"3,13,204"
4802,"220,10,242"
4803,"40,41,286"
4804,"169,199,343"
4805,"3,85,158"
4806,"0,2,1"
4807,"147,3,148"
4808,"118,23,74"
4809,"23,24,43"
4810,"11,10,205"
4811,"40,139,153"
4812,"3,85,86"
4813,"10,60,61"
4814,"23,24,49"
4815,"64,10,448"
4816,"296,169,411"
4817,"0,279,249"
4818,"25,23,24"
4819,"3,21,187"
4820,"199,169,281"
4821,"0,206,8"
4822,"3,17,168"
4823,"40,145,72"
4824,"3,5,133"
4825,"23,31,32"
4826,"23,11,24"
4827,"10,11,205"
4828,"128,40,129"
4829,"3,21,33"
4830,"10,54,95"
4831,"26,23,89"
4832,"0,206,249"
4833,"40,131,226"
4834,"0,8,308"
4835,"147,3,148"
4836,"40,145,44"
4837,"40,145,146"
4838,"17,3,168"
4839,"3,21,102"
4840,"169,170,337"
4841,"169,170,199"
4842,"3,21,111"
4843,"71,23,38"
4844,"11,109,10"
4845,"3,147,148"
4846,"3,147,148"
4847,"220,10,242"
4848,"3,34,17"
4849,"40,145,402"
4850,"206,0,8"
4851,"128,195,129"
4852,"40,131,41"
4853,"40,74,23"
4854,"3,28,30"
4855,"23,43,24"
4856,"40,128,129"
4857,"220,10,242"
4858,"23,24,49"
4859,"220,221,10"
4860,"3,53,17"
4861,"10,64,54"
4862,"40,41,160"
4863,"199,169,343"
4864,"3,40,21"
4865,"128,40,129"
4866,"23,49,24"
4867,"3,147,33"
4868,"23,3,32"
4869,"0,363,271"
4870,"64,10,338"
4871,"169,170,199"
4872,"10,220,221"
4873,"199,169,281"
4874,"165,23,74"
4875,"3,21,182"
4876,"17,3,168"
4877,"0,279,249"
4878,"40,41,128"
4879,"0,271,218"
4880,"40,145,402"
4881,"23,38,74"
4882,"220,10,221"
4883,"3,53,66"
4884,"0,313,346"
4885,"128,175,40"
4886,"3,21,127"
4887,"3,53,15"
4888,"147,3,156"
4889,"169,170,426"
4890,"10,59,23"
4891,"169,199,323"
4892,"3,85,158"
4893,"0,271,456"
4894,"145,40,44"
4895,"206,0,8"
4896,"10,23,54"
4897,"23,74,303"
4898,"3,21,40"
4899,"3,21,126"
4900,"3,21,301"
4901,"11,10,205"
4902,"296,169,306"
4903,"169,199,170"
4904,"40,160,302"
4905,"169,199,281"
4906,"10,64,473"
4907,"0,216,304"
4908,"3,21,30"
4909,"3,17,168"
4910,"23,74,38"
4911,"10,54,322"
4912,"3,21,108"
4913,"43,23,24"
4914,"10,448,64"
4915,"3,68,21"
4916,"220,10,221"
4917,"0,291,40"
4918,"23,74,165"
4919,"23,38,26"
4920,"3,66,30"
4921,"23,38,26"
4922,"64,10,80"
4923,"265,0,271"
4924,"15,16,3"
4925,"40,41,131"
4926,"64,10,448"
4927,"3,21,164"
4928,"10,11,205"
4929,"40,128,195"
4930,"40,184,131"
4931,"3,28,30"
4932,"40,41,186"
4933,"64,10,80"
4934,"220,10,221"
4935,"23,74,118"
4936,"220,10,242"
4937,"169,170,260"
4938,"40,41,286"
4939,"249,0,279"
4940,"169,199,170"
4941,"0,216,212"
4942,"23,31,96"
4943,"23,71,38"
4944,"23,49,24"
4945,"220,10,221"
4946,"128,8,129"
4947,"31,23,10"
4948,"40,41,215"
4949,"145,40,95"
4950,"3,113,28"
4951,"23,26,231"
4952,"8,206,0"
4953,"3,4,238"
4954,"31,40,23"
4955,"40,145,44"
4956,"220,10,242"
4957,"26,23,89"
4958,"10,64,65"
4959,"11,109,40"
4960,"169,199,281"
4961,"169,296,111"
4962,"5,3,228"
4963,"222,100,40"
4964,"8,0,206"
4965,"3,21,48"
4966,"40,44,145"
4967,"3,4,183"
4968,"23,62,24"
4969,"220,10,242"
4970,"23,38,71"
4971,"220,10,221"
4972,"220,10,221"
4973,"3,21,41"
4974,"4,19,3"
4975,"24,23,43"
4976,"3,21,48"
4977,"3,21,148"
4978,"23,74,118"
4979,"3,354,17"
4980,"0,216,254"
4981,"40,145,44"
4982,"169,312,426"
4983,"40,139,153"
4984,"3,21,287"
4985,"3,21,66"
4986,"23,118,74"
4987,"40,131,241"
4988,"0,216,485"
4989,"131,40,406"
4990,"23,74,303"
4991,"10,11,109"
4992,"3,111,53"
4993,"28,3,190"
4994,"40,41,324"
4995,"64,448,10"
4996,"23,31,96"
4997,"169,199,323"
4998,"220,10,221"
4999,"10,64,93"
5000,"10,54,40"
5001,"4,238,170"
5002,"3,17,53"
5003,"23,74,317"
5004,"3,21,40"
5005,"169,170,260"
5006,"23,26,89"
5007,"169,199,281"
5008,"40,152,151"
5009,"40,131,402"
5010,"249,279,23"
5011,"272,361,0"
5012,"40,402,145"
5013,"3,4,183"
5014,"23,38,74"
5015,"10,64,93"
5016,"64,10,93"
5017,"4,3,435"
5018,"169,248,3"
5019,"169,199,170"
5020,"138,40,135"
5021,"10,11,220"
5022,"64,10,448"
5023,"26,23,231"
5024,"3,5,228"
5025,"3,21,169"
5026,"0,313,346"
5027,"40,41,286"
5028,"3,53,111"
5029,"147,3,203"
5030,"0,8,23"
5031,"4,3,19"
5032,"169,138,135"
5033,"169,199,343"
5034,"34,3,263"
5035,"0,8,271"
5036,"147,3,148"
5037,"296,169,411"
5038,"169,170,337"
5039,"40,131,406"
5040,"23,43,24"
5041,"64,10,473"
5042,"23,231,26"
5043,"10,11,109"
5044,"10,64,93"
5045,"128,195,129"
5046,"147,3,148"
5047,"4,3,19"
5048,"74,23,165"
5049,"3,85,111"
5050,"3,34,263"
5051,"184,40,185"
5052,"40,131,142"
5053,"15,3,16"
5054,"23,118,74"
5055,"3,4,53"
5056,"10,90,64"
5057,"3,147,148"
5058,"40,145,44"
5059,"3,21,311"
5060,"3,53,21"
5061,"3,21,53"
5062,"169,170,31"
5063,"3,21,127"
5064,"0,291,271"
5065,"3,5,133"
5066,"0,8,235"
5067,"3,4,238"
5068,"40,131,406"
5069,"3,4,238"
5070,"340,0,265"
5071,"64,10,442"
5072,"145,40,44"
5073,"40,135,244"
5074,"3,34,21"
5075,"3,21,127"
5076,"3,21,108"
5077,"3,21,154"
5078,"220,10,221"
5079,"40,128,41"
5080,"64,10,80"
5081,"220,10,242"
5082,"23,74,165"
5083,"169,296,274"
5084,"10,40,145"
5085,"3,21,126"
5086,"184,185,40"
5087,"17,3,168"
5088,"40,131,406"
5089,"3,21,115"
5090,"169,199,281"
5091,"23,25,24"
5092,"220,10,221"
5093,"220,10,0"
5094,"11,10,12"
5095,"71,23,38"
5096,"10,11,109"
5097,"10,64,93"
5098,"0,216,271"
5099,"11,40,44"
5100,"296,169,411"
5101,"129,128,195"
5102,"169,170,459"
5103,"162,163,40"
5104,"23,31,454"
5105,"169,199,426"
5106,"3,34,21"
5107,"3,17,168"
5108,"3,31,32"
5109,"17,3,168"
5110,"3,21,48"
5111,"40,395,145"
5112,"3,147,148"
5113,"3,15,16"
5114,"3,21,40"
5115,"10,64,442"
5116,"169,199,170"
5117,"249,0,279"
5118,"3,147,148"
5119,"3,66,30"
5120,"3,111,119"
5121,"10,64,54"
5122,"3,147,148"
5123,"3,53,111"
5124,"10,64,448"
5125,"40,145,25"
5126,"40,131,406"
5127,"169,199,281"
5128,"40,131,226"
5129,"128,129,40"
5130,"220,221,10"
5131,"23,84,40"
5132,"23,74,303"
5133,"220,10,221"
5134,"40,145,402"
5135,"0,249,206"
5136,"40,139,102"
5137,"3,15,8"
5138,"206,8,0"
5139,"0,271,342"
5140,"10,64,93"
5141,"64,10,93"
5142,"64,10,65"
5143,"169,170,171"
5144,"26,23,350"
5145,"3,5,228"
5146,"23,105,495"
5147,"10,40,145"
5148,"0,216,249"
5149,"3,21,126"
5150,"10,64,448"
5151,"3,30,66"
5152,"64,10,80"
5153,"40,135,141"
5154,"10,11,12"
5155,"11,109,44"
5156,"3,21,17"
5157,"169,199,21"
5158,"40,131,395"
5159,"23,105,106"
5160,"3,4,238"
5161,"3,53,21"
5162,"199,169,343"
5163,"220,10,221"
5164,"23,26,350"
5165,"218,0,512"
5166,"23,31,77"
5167,"3,17,320"
5168,"220,10,221"
5169,"23,105,318"
5170,"23,0,208"
5171,"40,128,129"
5172,"3,21,127"
5173,"3,147,203"
5174,"145,23,24"
5175,"3,53,435"
5176,"147,3,148"
5177,"281,169,199"
5178,"169,170,260"
5179,"23,24,43"
5180,"11,10,109"
5181,"3,0,379"
5182,"10,24,23"
5183,"23,26,231"
5184,"11,10,109"
5185,"23,89,26"
5186,"3,21,108"
5187,"23,118,231"
5188,"3,5,228"
5189,"40,139,153"
5190,"3,21,287"
5191,"169,199,64"
5192,"40,10,402"
5193,"23,74,165"
5194,"3,21,40"
5195,"23,49,10"
5196,"10,12,11"
5197,"40,24,23"
5198,"40,139,153"
5199,"23,31,77"
5200,"23,24,11"
5201,"3,17,168"
5202,"128,40,129"
5203,"23,26,89"
5204,"23,118,74"
5205,"41,40,126"
5206,"3,28,29"
5207,"3,21,22"
5208,"0,8,206"
5209,"3,21,182"
5210,"23,39,454"
5211,"40,145,44"
5212,"169,199,281"
5213,"40,149,160"
5214,"3,111,21"
5215,"40,145,44"
5216,"54,10,40"
5217,"185,184,40"
5218,"169,199,323"
5219,"11,205,10"
5220,"131,23,40"
5221,"3,22,21"
5222,"54,95,24"
5223,"23,38,105"
5224,"40,128,129"
5225,"23,508,169"
5226,"23,26,89"
5227,"10,322,54"
5228,"456,271,0"
5229,"11,10,109"
5230,"23,26,89"
5231,"0,214,218"
5232,"3,85,111"
5233,"40,41,102"
5234,"128,40,129"
5235,"145,40,44"
5236,"26,23,89"
5237,"170,169,260"
5238,"64,10,93"
5239,"169,199,248"
5240,"10,11,109"
5241,"3,111,13"
5242,"23,26,89"
5243,"220,221,10"
5244,"23,137,38"
5245,"3,21,48"
5246,"152,151,40"
5247,"3,4,19"
5248,"169,170,296"
5249,"40,131,406"
5250,"40,131,226"
5251,"23,74,118"
5252,"3,21,48"
5253,"512,0,218"
5254,"23,74,118"
5255,"0,313,346"
5256,"169,199,170"
5257,"40,145,146"
5258,"10,44,109"
5259,"0,206,249"
5260,"26,23,89"
5261,"23,74,71"
5262,"60,10,61"
5263,"23,26,89"
5264,"23,31,25"
5265,"220,10,221"
5266,"339,337,169"
5267,"169,64,199"
5268,"4,238,3"
5269,"3,21,108"
5270,"0,271,456"
5271,"40,131,241"
5272,"23,10,31"
5273,"169,170,459"
5274,"40,131,132"
5275,"23,31,328"
5276,"0,8,206"
5277,"23,26,231"
5278,"169,296,482"
5279,"3,21,108"
5280,"23,26,89"
5281,"38,40,23"
5282,"169,23,31"
5283,"74,23,317"
5284,"0,271,355"
5285,"147,3,148"
5286,"34,3,237"
5287,"3,53,21"
5288,"3,66,30"
5289,"40,160,315"
5290,"3,21,164"
5291,"3,148,147"
5292,"23,78,74"
5293,"0,271,366"
5294,"23,26,89"
5295,"169,199,170"
5296,"40,162,163"
5297,"23,303,74"
5298,"199,169,281"
5299,"220,10,242"
5300,"23,24,43"
5301,"40,145,44"
5302,"169,296,507"
5303,"23,43,24"
5304,"23,25,24"
5305,"40,3,100"
5306,"3,34,263"
5307,"40,175,184"
5308,"40,145,402"
5309,"64,10,65"
5310,"23,74,165"
5311,"11,10,109"
5312,"160,40,3"
5313,"23,26,231"
5314,"0,271,291"
5315,"40,145,44"
5316,"0,249,381"
5317,"3,111,21"
5318,"0,265,271"
5319,"3,17,168"
5320,"53,3,169"
5321,"40,131,406"
5322,"3,34,143"
5323,"8,26,23"
5324,"23,24,25"
5325,"135,40,189"
5326,"3,111,112"
5327,"169,281,199"
5328,"17,3,168"
5329,"23,38,63"
5330,"40,74,160"
5331,"40,131,139"
5332,"23,105,318"
5333,"3,66,30"
5334,"40,138,135"
5335,"3,111,119"
5336,"169,199,343"
5337,"31,23,32"
5338,"169,199,170"
5339,"40,131,159"
5340,"169,170,171"
5341,"169,296,507"
5342,"3,21,164"
5343,"199,169,281"
5344,"10,54,40"
5345,"23,38,0"
5346,"23,24,11"
5347,"23,26,231"
5348,"8,0,23"
5349,"23,145,40"
5350,"296,23,169"
5351,"3,21,126"
5352,"40,131,134"
5353,"11,10,109"
5354,"10,54,145"
5355,"40,131,134"
5356,"3,139,153"
5357,"23,74,38"
5358,"3,66,30"
5359,"23,49,24"
5360,"23,26,89"
5361,"3,21,127"
5362,"38,23,309"
5363,"3,147,53"
5364,"10,11,109"
5365,"3,21,28"
5366,"3,147,148"
5367,"169,170,459"
5368,"169,170,459"
5369,"3,21,108"
5370,"3,4,19"
5371,"64,10,80"
5372,"31,23,0"
5373,"0,340,265"
5374,"64,10,169"
5375,"40,131,406"
5376,"169,281,199"
5377,"169,199,281"
5378,"3,4,174"
5379,"10,54,169"
5380,"23,105,318"
5381,"40,128,186"
5382,"220,10,242"
5383,"0,271,456"
5384,"40,131,41"
5385,"271,0,456"
5386,"31,23,96"
5387,"17,3,168"
5388,"10,11,12"
5389,"40,145,502"
5390,"145,40,44"
5391,"10,64,93"
5392,"296,169,411"
5393,"3,21,53"
5394,"40,402,145"
5395,"23,25,24"
5396,"118,23,74"
5397,"0,8,391"
5398,"0,8,271"
5399,"23,0,271"
5400,"3,21,48"
5401,"199,169,323"
5402,"10,23,24"
5403,"40,149,41"
5404,"0,271,522"
5405,"40,241,131"
5406,"40,128,186"
5407,"26,23,350"
5408,"199,169,382"
5409,"147,3,148"
5410,"206,8,0"
5411,"296,169,411"
5412,"169,199,337"
5413,"64,10,93"
5414,"0,216,169"
5415,"31,23,258"
5416,"3,147,53"
5417,"3,13,21"
5418,"10,11,109"
5419,"40,145,44"
5420,"17,3,168"
5421,"3,21,187"
5422,"3,21,187"
5423,"3,34,21"
5424,"10,93,64"
5425,"169,170,199"
5426,"3,40,467"
5427,"23,24,49"
5428,"64,10,448"
5429,"10,220,242"
5430,"3,21,34"
5431,"4,3,19"
5432,"23,38,309"
5433,"3,40,53"
5434,"0,8,235"
5435,"10,64,448"
5436,"23,38,71"
5437,"0,235,8"
5438,"23,26,89"
5439,"40,146,145"
5440,"23,26,89"
5441,"454,23,31"
5442,"0,8,327"
5443,"0,8,206"
5444,"3,21,111"
5445,"40,145,402"
5446,"0,271,362"
5447,"40,21,3"
5448,"23,105,24"
5449,"40,184,185"
5450,"10,60,239"
5451,"3,21,287"
5452,"296,169,411"
5453,"3,21,187"
5454,"169,170,0"
5455,"40,139,41"
5456,"0,444,271"
5457,"21,3,108"
5458,"258,11,31"
5459,"17,3,320"
5460,"3,147,148"
5461,"10,23,43"
5462,"140,139,40"
5463,"3,21,108"
5464,"3,28,190"
5465,"26,23,24"
5466,"0,271,265"
5467,"169,170,459"
5468,"23,43,24"
5469,"8,0,308"
5470,"23,0,26"
5471,"169,199,170"
5472,"74,23,303"
5473,"0,265,271"
5474,"0,271,355"
5475,"147,3,148"
5476,"3,111,284"
5477,"64,10,448"
5478,"23,145,40"
5479,"296,169,460"
5480,"169,199,281"
5481,"3,111,123"
5482,"169,199,170"
5483,"0,206,8"
5484,"3,68,53"
5485,"296,169,306"
5486,"3,53,287"
5487,"169,199,124"
5488,"23,31,32"
5489,"296,169,306"
5490,"21,3,164"
5491,"10,79,64"
5492,"3,21,48"
5493,"10,64,65"
5494,"3,30,66"
5495,"0,271,355"
5496,"40,128,129"
5497,"23,26,350"
5498,"3,17,168"
5499,"13,3,150"
5500,"11,10,12"
5501,"10,95,54"
5502,"23,74,303"
5503,"64,10,80"
5504,"23,118,74"
5505,"131,241,40"
5506,"0,8,410"
5507,"0,211,319"
5508,"271,0,355"
5509,"169,199,323"
5510,"3,21,40"
5511,"21,3,187"
5512,"169,199,374"
5513,"3,30,104"
5514,"10,220,242"
5515,"40,145,44"
5516,"131,40,406"
5517,"64,10,448"
5518,"40,23,38"
5519,"3,21,33"
5520,"23,71,38"
5521,"23,26,350"
5522,"23,105,318"
5523,"3,28,190"
5524,"220,10,242"
5525,"3,190,28"
5526,"23,31,328"
5527,"229,0,230"
5528,"3,111,119"
5529,"10,11,12"
5530,"3,85,158"
5531,"72,40,145"
5532,"23,38,91"
5533,"169,199,343"
5534,"3,15,21"
5535,"0,458,319"
5536,"3,13,506"
5537,"34,3,143"
5538,"170,169,260"
5539,"10,11,12"
5540,"74,23,303"
5541,"10,43,60"
5542,"3,21,199"
5543,"0,271,355"
5544,"23,71,38"
5545,"3,111,125"
5546,"23,43,24"
5547,"3,21,68"
5548,"17,3,320"
5549,"10,11,205"
5550,"40,135,138"
5551,"169,199,138"
5552,"0,216,40"
5553,"169,170,199"
5554,"0,271,291"
5555,"10,64,338"
5556,"23,110,105"
5557,"23,74,38"
5558,"0,208,209"
5559,"23,26,440"
5560,"3,148,15"
5561,"3,147,53"
5562,"11,10,12"
5563,"220,10,221"
5564,"43,24,23"
5565,"0,271,355"
5566,"40,145,44"
5567,"339,337,169"
5568,"3,5,228"
5569,"40,224,41"
5570,"220,10,221"
5571,"23,43,24"
5572,"169,170,199"
5573,"3,21,127"
5574,"40,41,21"
5575,"23,105,106"
5576,"169,170,199"
5577,"0,277,216"
5578,"0,8,285"
5579,"220,10,221"
5580,"129,128,40"
5581,"10,11,109"
5582,"3,4,70"
5583,"40,135,189"
5584,"40,131,159"
5585,"145,40,72"
5586,"169,135,199"
5587,"10,220,242"
5588,"40,128,129"
5589,"40,160,3"
5590,"0,271,355"
5591,"118,23,74"
5592,"40,131,134"
5593,"40,41,42"
5594,"220,10,221"
5595,"23,26,89"
5596,"0,271,456"
5597,"296,169,411"
5598,"40,496,395"
5599,"0,271,456"
5600,"3,53,523"
5601,"10,40,44"
5602,"3,21,127"
5603,"23,26,89"
5604,"23,38,309"
5605,"10,11,109"
5606,"220,221,10"
5607,"26,23,89"
5608,"10,220,242"
5609,"10,60,24"
5610,"3,4,19"
5611,"0,348,280"
5612,"0,271,280"
5613,"3,53,68"
5614,"23,26,231"
5615,"15,3,16"
5616,"10,64,93"
5617,"0,271,456"
5618,"26,0,23"
5619,"3,5,228"
5620,"10,64,93"
5621,"220,221,10"
5622,"128,40,195"
5623,"0,273,249"
5624,"0,271,456"
5625,"3,34,447"
5626,"40,145,44"
5627,"199,169,131"
5628,"23,40,131"
5629,"105,453,34"
5630,"10,60,96"
5631,"53,325,3"
5632,"40,128,195"
5633,"199,169,382"
5634,"169,459,170"
5635,"64,10,93"
5636,"169,171,199"
5637,"23,26,89"
5638,"11,205,10"
5639,"339,337,169"
5640,"40,128,129"
5641,"0,271,456"
5642,"169,199,281"
5643,"40,139,153"
5644,"199,169,323"
5645,"26,23,350"
5646,"10,54,40"
5647,"64,10,448"
5648,"23,74,303"
5649,"23,74,38"
5650,"3,28,190"
5651,"296,169,306"
5652,"0,216,380"
5653,"23,38,87"
5654,"4,19,3"
5655,"0,8,23"
5656,"3,21,127"
5657,"3,21,127"
5658,"3,147,148"
5659,"3,111,119"
5660,"40,41,224"
5661,"64,10,80"
5662,"146,40,145"
5663,"26,23,231"
5664,"0,271,444"
5665,"271,0,361"
5666,"40,139,153"
5667,"40,139,140"
5668,"23,118,74"
5669,"54,10,95"
5670,"0,265,349"
5671,"64,10,80"
5672,"44,145,40"
5673,"40,131,241"
5674,"64,10,448"
5675,"3,111,472"
5676,"23,53,74"
5677,"296,169,333"
5678,"118,23,74"
5679,"3,127,21"
5680,"0,271,314"
5681,"10,54,95"
5682,"3,21,108"
5683,"145,23,44"
5684,"40,149,160"
5685,"66,3,30"
5686,"3,148,147"
5687,"10,11,109"
5688,"23,26,89"
5689,"21,3,124"
5690,"64,10,335"
5691,"40,128,140"
5692,"169,296,411"
5693,"23,40,24"
5694,"23,231,26"
5695,"23,26,231"
5696,"23,24,10"
5697,"4,3,238"
5698,"23,145,40"
5699,"147,3,148"
5700,"160,40,302"
5701,"296,169,411"
5702,"3,21,126"
5703,"10,64,448"
5704,"10,64,93"
5705,"3,53,287"
5706,"15,16,3"
5707,"40,185,131"
5708,"169,170,426"
5709,"40,139,155"
5710,"10,60,64"
5711,"8,0,23"
5712,"0,355,271"
5713,"220,10,221"
5714,"40,131,226"
5715,"169,199,170"
5716,"169,170,337"
5717,"10,11,12"
5718,"3,147,53"
5719,"40,131,406"
5720,"199,169,131"
5721,"3,21,108"
5722,"23,24,220"
5723,"40,131,134"
5724,"10,64,65"
5725,"3,523,53"
5726,"0,271,366"
5727,"3,4,238"
5728,"169,199,343"
5729,"25,23,24"
5730,"10,64,338"
5731,"0,255,1"
5732,"170,0,169"
5733,"74,23,303"
5734,"40,146,145"
5735,"3,147,148"
5736,"23,38,26"
5737,"31,23,328"
5738,"3,379,21"
5739,"10,64,60"
5740,"3,4,238"
5741,"23,49,24"
5742,"220,221,10"
5743,"4,3,19"
5744,"265,0,340"
5745,"3,147,21"
5746,"10,64,448"
5747,"40,145,131"
5748,"10,54,95"
5749,"64,10,473"
5750,"220,10,242"
5751,"40,152,151"
5752,"169,199,374"
5753,"40,145,31"
5754,"40,41,151"
5755,"54,10,95"
5756,"169,199,343"
5757,"3,13,14"
5758,"40,152,151"
5759,"0,216,380"
5760,"220,221,10"
5761,"40,131,406"
5762,"3,28,111"
5763,"10,220,95"
5764,"3,4,19"
5765,"3,111,119"
5766,"10,11,60"
5767,"40,41,224"
5768,"23,26,231"
5769,"169,281,199"
5770,"3,111,164"
5771,"23,26,89"
5772,"54,10,322"
5773,"10,60,64"
5774,"3,21,108"
5775,"10,40,145"
5776,"40,145,44"
5777,"3,68,182"
5778,"21,3,127"
5779,"3,21,164"
5780,"26,23,89"
5781,"3,21,379"
5782,"40,145,44"
5783,"139,40,3"
5784,"3,111,112"
5785,"243,40,184"
5786,"169,199,281"
5787,"220,10,242"
5788,"23,74,317"
5789,"23,38,137"
5790,"23,26,8"
5791,"23,31,131"
5792,"10,64,90"
5793,"13,3,204"
5794,"10,220,221"
5795,"169,199,356"
5796,"169,199,171"
5797,"40,145,44"
5798,"23,169,170"
5799,"23,84,74"
5800,"10,11,12"
5801,"40,160,315"
5802,"23,74,38"
5803,"43,10,23"
5804,"23,31,74"
5805,"0,216,271"
5806,"0,10,216"
5807,"0,485,313"
5808,"3,147,148"
5809,"23,38,24"
5810,"11,10,109"
5811,"15,3,16"
5812,"169,199,281"
5813,"3,21,108"
5814,"0,271,8"
5815,"26,23,89"
5816,"170,169,15"
5817,"40,128,129"
5818,"23,31,328"
5819,"169,199,343"
5820,"220,10,221"
5821,"8,0,206"
5822,"0,265,349"
5823,"23,345,24"
5824,"10,11,24"
5825,"23,71,38"
5826,"23,74,303"
5827,"3,53,523"
5828,"220,10,221"
5829,"43,64,10"
5830,"23,31,96"
5831,"3,21,126"
5832,"23,31,328"
5833,"23,26,89"
5834,"23,26,89"
5835,"128,129,40"
5836,"4,19,3"
5837,"220,10,242"
5838,"3,21,187"
5839,"220,10,242"
5840,"40,131,406"
5841,"40,160,302"
5842,"11,10,205"
5843,"169,199,281"
5844,"3,21,379"
5845,"0,346,313"
5846,"3,17,320"
5847,"21,3,126"
5848,"0,208,3"
5849,"169,296,170"
5850,"220,10,242"
5851,"64,10,338"
5852,"23,74,118"
5853,"3,111,53"
5854,"169,199,343"
5855,"40,131,142"
5856,"249,0,279"
5857,"40,131,486"
5858,"17,3,168"
5859,"0,208,216"
5860,"10,64,93"
5861,"23,145,24"
5862,"40,145,11"
5863,"3,4,375"
5864,"40,145,402"
5865,"185,40,184"
5866,"23,309,38"
5867,"220,10,242"
5868,"10,43,24"
5869,"3,5,6"
5870,"3,147,21"
5871,"0,2,1"
5872,"64,10,338"
5873,"10,11,109"
5874,"3,21,108"
5875,"131,40,226"
5876,"169,199,53"
5877,"23,31,32"
5878,"0,2,1"
5879,"40,21,41"
5880,"40,160,315"
5881,"48,21,3"
5882,"40,131,134"
5883,"169,199,281"
5884,"23,454,31"
5885,"0,271,280"
5886,"220,221,23"
5887,"10,11,12"
5888,"23,24,49"
5889,"40,162,128"
5890,"23,24,25"
5891,"3,85,86"
5892,"0,271,366"
5893,"3,21,48"
5894,"23,49,31"
5895,"0,265,418"
5896,"3,17,168"
5897,"3,4,238"
5898,"3,10,17"
5899,"306,23,31"
5900,"40,131,406"
5901,"40,431,135"
5902,"135,40,100"
5903,"169,170,260"
5904,"23,74,118"
5905,"3,5,183"
5906,"11,10,109"
5907,"40,41,324"
5908,"169,170,459"
5909,"64,10,93"
5910,"0,319,211"
5911,"135,40,236"
5912,"23,24,25"
5913,"40,131,139"
5914,"0,8,285"
5915,"23,25,24"
5916,"131,40,406"
5917,"131,40,406"
5918,"40,128,195"
5919,"3,85,147"
5920,"24,23,40"
5921,"71,165,160"
5922,"0,216,304"
5923,"23,24,43"
5924,"0,271,265"
5925,"3,190,28"
5926,"64,10,80"
5927,"3,17,320"
5928,"3,30,53"
5929,"4,3,19"
5930,"169,199,23"
5931,"11,10,24"
5932,"10,64,93"
5933,"3,21,379"
5934,"4,3,174"
5935,"169,199,343"
5936,"11,10,109"
5937,"40,145,23"
5938,"23,26,89"
5939,"40,160,315"
5940,"0,216,208"
5941,"64,10,448"
5942,"3,4,183"
5943,"220,221,10"
5944,"3,4,183"
5945,"40,139,153"
5946,"23,118,74"
5947,"26,23,89"
5948,"220,10,221"
5949,"208,222,100"
5950,"40,145,44"
5951,"0,271,291"
5952,"23,26,199"
5953,"3,48,21"
5954,"40,149,41"
5955,"138,135,40"
5956,"3,147,21"
5957,"15,16,3"
5958,"3,33,21"
5959,"169,296,170"
5960,"3,21,263"
5961,"40,3,371"
5962,"3,17,21"
5963,"40,145,44"
5964,"147,3,148"
5965,"0,218,11"
5966,"131,40,226"
5967,"23,40,145"
5968,"15,16,3"
5969,"169,199,343"
5970,"25,23,24"
5971,"169,170,31"
5972,"43,23,24"
5973,"206,0,8"
5974,"3,21,127"
5975,"23,74,303"
5976,"40,135,189"
5977,"220,23,31"
5978,"3,17,168"
5979,"64,10,448"
5980,"220,23,10"
5981,"0,340,265"
5982,"0,216,304"
5983,"10,11,109"
5984,"26,23,199"
5985,"4,3,238"
5986,"40,160,41"
5987,"0,216,279"
5988,"23,26,231"
5989,"3,21,127"
5990,"169,170,3"
5991,"0,8,410"
5992,"0,319,211"
5993,"220,10,221"
5994,"40,131,241"
5995,"64,448,10"
5996,"4,19,3"
5997,"220,10,242"
5998,"5,3,331"
5999,"40,128,395"
6000,"10,64,60"
6001,"3,523,53"
6002,"3,53,287"
6003,"0,216,304"
6004,"23,38,165"
6005,"10,60,239"
6006,"40,131,406"
6007,"23,105,3"
6008,"3,21,199"
6009,"3,21,108"
6010,"64,65,10"
6011,"5,3,228"
6012,"64,10,93"
6013,"10,54,95"
6014,"3,53,116"
6015,"3,68,199"
6016,"3,21,379"
6017,"169,199,40"
6018,"0,504,218"
6019,"3,111,112"
6020,"64,10,43"
6021,"0,456,271"
6022,"8,0,206"
6023,"3,21,127"
6024,"206,0,8"
6025,"10,12,60"
6026,"3,21,108"
6027,"0,235,8"
6028,"147,3,156"
6029,"40,131,406"
6030,"3,21,30"
6031,"23,118,74"
6032,"0,280,255"
6033,"40,145,402"
6034,"3,30,66"
6035,"40,135,138"
6036,"40,145,402"
6037,"23,74,118"
6038,"23,26,231"
6039,"3,4,188"
6040,"40,152,151"
6041,"131,40,406"
6042,"3,111,40"
6043,"138,135,169"
6044,"0,249,279"
6045,"40,131,406"
6046,"220,10,221"
6047,"43,23,24"
6048,"11,109,145"
6049,"48,21,345"
6050,"23,74,165"
6051,"23,38,74"
6052,"3,17,168"
6053,"40,41,139"
6054,"23,24,40"
6055,"17,3,168"
6056,"21,187,3"
6057,"0,216,257"
6058,"356,159,169"
6059,"23,63,74"
6060,"40,128,186"
6061,"40,41,286"
6062,"23,74,131"
6063,"40,145,152"
6064,"3,21,48"
6065,"23,74,24"
6066,"3,30,66"
6067,"23,118,74"
6068,"169,199,171"
6069,"4,3,435"
6070,"4,3,174"
6071,"5,3,228"
6072,"0,8,285"
6073,"296,169,306"
6074,"3,53,523"
6075,"40,41,149"
6076,"40,145,44"
6077,"272,0,271"
6078,"169,199,171"
6079,"43,23,10"
6080,"10,11,109"
6081,"3,17,379"
6082,"0,216,208"
6083,"0,170,216"
6084,"23,26,89"
6085,"10,60,64"
6086,"160,40,315"
6087,"23,74,303"
6088,"23,24,49"
6089,"23,24,43"
6090,"10,64,93"
6091,"10,64,65"
6092,"169,199,170"
6093,"40,139,155"
6094,"23,31,40"
6095,"26,23,350"
6096,"3,21,305"
6097,"10,11,220"
6098,"4,3,19"
6099,"64,10,93"
6100,"8,0,206"
6101,"40,162,175"
6102,"169,40,64"
6103,"0,271,456"
6104,"169,199,170"
6105,"296,169,336"
6106,"0,208,209"
6107,"40,184,494"
6108,"10,11,12"
6109,"3,30,66"
6110,"10,60,11"
6111,"23,105,106"
6112,"40,41,139"
6113,"169,199,323"
6114,"220,10,242"
6115,"169,199,23"
6116,"0,216,212"
6117,"0,265,340"
6118,"23,38,74"
6119,"11,205,10"
6120,"0,249,206"
6121,"40,145,10"
6122,"15,3,16"
6123,"152,40,151"
6124,"3,21,126"
6125,"0,216,208"
6126,"3,17,51"
6127,"3,21,48"
6128,"40,128,186"
6129,"145,44,40"
6130,"3,30,66"
6131,"3,17,168"
6132,"40,139,153"
6133,"0,271,352"
6134,"64,10,65"
6135,"3,148,147"
6136,"40,11,44"
6137,"3,66,30"
6138,"3,21,108"
6139,"21,3,164"
6140,"3,21,108"
6141,"40,145,44"
6142,"10,64,93"
6143,"64,10,93"
6144,"11,109,10"
6145,"224,41,40"
6146,"44,145,45"
6147,"0,271,26"
6148,"3,17,168"
6149,"64,10,93"
6150,"3,21,190"
6151,"23,134,31"
6152,"169,199,281"
6153,"169,356,199"
6154,"31,23,96"
6155,"220,221,10"
6156,"3,53,287"
6157,"10,23,71"
6158,"40,131,406"
6159,"40,131,406"
6160,"0,313,346"
6161,"3,15,16"
6162,"40,160,152"
6163,"169,170,337"
6164,"169,312,170"
6165,"10,95,54"
6166,"169,170,459"
6167,"220,10,242"
6168,"10,54,95"
6169,"3,53,523"
6170,"3,4,19"
6171,"296,169,460"
6172,"3,21,66"
6173,"10,60,61"
6174,"74,3,23"
6175,"10,3,60"
6176,"40,152,151"
6177,"40,23,31"
6178,"3,15,53"
6179,"169,170,199"
6180,"40,152,151"
6181,"220,10,221"
6182,"23,24,38"
6183,"31,23,258"
6184,"23,26,231"
6185,"3,104,30"
6186,"17,3,168"
6187,"23,31,24"
6188,"64,23,24"
6189,"74,23,118"
6190,"8,0,23"
6191,"23,74,317"
6192,"0,271,355"
6193,"40,145,402"
6194,"23,38,71"
6195,"23,105,106"
6196,"3,21,33"
6197,"3,21,126"
6198,"118,23,74"
6199,"23,43,24"
6200,"3,28,190"
6201,"10,64,461"
6202,"0,271,456"
6203,"23,31,96"
6204,"40,160,152"
6205,"23,26,89"
6206,"64,10,448"
6207,"139,40,153"
6208,"0,40,216"
6209,"3,21,85"
6210,"8,0,235"
6211,"3,21,22"
6212,"40,185,184"
6213,"23,26,89"
6214,"3,15,16"
6215,"10,11,12"
6216,"23,24,62"
6217,"40,23,31"
6218,"23,43,24"
6219,"40,131,41"
6220,"220,221,10"
6221,"0,271,362"
6222,"3,23,53"
6223,"40,131,406"
6224,"10,60,239"
6225,"220,10,242"
6226,"220,10,221"
6227,"64,10,80"
6228,"128,40,129"
6229,"3,21,187"
6230,"0,216,291"
6231,"0,265,266"
6232,"23,105,318"
6233,"0,214,213"
6234,"296,3,411"
6235,"3,21,124"
6236,"3,66,30"
6237,"128,129,40"
6238,"145,40,44"
6239,"40,145,44"
6240,"169,170,459"
6241,"131,40,406"
6242,"3,16,15"
6243,"3,21,48"
6244,"169,170,199"
6245,"40,135,41"
6246,"169,199,323"
6247,"3,21,127"
6248,"169,274,426"
6249,"23,24,253"
6250,"40,152,151"
6251,"0,216,257"
6252,"3,21,48"
6253,"3,21,148"
6254,"10,220,242"
6255,"147,3,148"
6256,"138,135,459"
6257,"462,463,255"
6258,"23,309,38"
6259,"0,313,346"
6260,"23,105,318"
6261,"40,184,185"
6262,"0,249,279"
6263,"40,41,139"
6264,"169,199,170"
6265,"10,93,64"
6266,"3,85,21"
6267,"3,21,66"
6268,"3,4,435"
6269,"3,30,21"
6270,"184,40,185"
6271,"3,21,187"
6272,"147,3,148"
6273,"3,147,85"
6274,"11,10,109"
6275,"3,5,228"
6276,"214,0,213"
6277,"11,10,109"
6278,"169,170,345"
6279,"17,3,168"
6280,"0,271,456"
6281,"100,222,3"
6282,"4,3,435"
6283,"40,3,160"
6284,"3,4,238"
6285,"3,4,238"
6286,"0,280,271"
6287,"64,10,93"
6288,"169,170,199"
6289,"3,111,161"
6290,"31,23,32"
6291,"40,131,139"
6292,"23,24,49"
6293,"3,53,287"
6294,"3,23,105"
6295,"40,44,145"
6296,"53,3,287"
6297,"206,8,0"
6298,"3,111,112"
6299,"10,11,205"
6300,"40,131,159"
6301,"199,169,382"
6302,"0,208,304"
6303,"40,145,402"
6304,"0,271,355"
6305,"23,24,62"
6306,"169,356,199"
6307,"23,74,303"
6308,"10,11,54"
6309,"3,127,21"
6310,"23,43,24"
6311,"10,64,12"
6312,"23,24,49"
6313,"169,281,199"
6314,"40,145,44"
6315,"23,118,74"
6316,"3,85,158"
6317,"40,145,44"
6318,"64,10,448"
6319,"64,10,80"
6320,"3,147,4"
6321,"43,23,24"
6322,"10,64,448"
6323,"10,54,95"
6324,"169,199,0"
6325,"128,40,129"
6326,"169,199,281"
6327,"4,3,19"
6328,"169,170,171"
6329,"220,10,221"
6330,"17,3,320"
6331,"3,4,238"
6332,"23,32,31"
6333,"10,23,24"
6334,"10,54,40"
6335,"23,82,39"
6336,"3,17,505"
6337,"3,17,150"
6338,"3,147,15"
6339,"23,26,89"
6340,"3,85,21"
6341,"13,3,14"
6342,"40,145,11"
6343,"10,64,43"
6344,"0,271,8"
6345,"206,0,8"
6346,"40,145,44"
6347,"220,10,221"
6348,"199,169,38"
6349,"3,53,287"
6350,"169,199,248"
6351,"40,152,160"
6352,"23,24,59"
6353,"0,462,463"
6354,"3,190,28"
6355,"10,54,95"
6356,"3,147,21"
6357,"31,96,23"
6358,"4,3,238"
6359,"40,23,74"
6360,"0,208,505"
6361,"169,296,170"
6362,"23,24,43"
6363,"40,41,224"
6364,"3,21,187"
6365,"40,145,146"
6366,"128,40,129"
6367,"23,31,258"
6368,"10,220,242"
6369,"3,111,119"
6370,"11,10,109"
6371,"23,74,303"
6372,"0,216,254"
6373,"3,111,41"
6374,"220,10,242"
6375,"40,131,406"
6376,"3,34,21"
6377,"23,24,49"
6378,"40,185,184"
6379,"3,53,21"
6380,"0,340,265"
6381,"271,0,456"
6382,"0,444,271"
6383,"220,10,242"
6384,"126,41,40"
6385,"62,24,23"
6386,"8,0,308"
6387,"169,199,281"
6388,"206,0,8"
6389,"3,523,53"
6390,"74,23,303"
6391,"10,220,242"
6392,"23,38,74"
6393,"3,199,169"
6394,"40,145,44"
6395,"199,169,216"
6396,"40,184,243"
6397,"199,169,281"
6398,"0,280,271"
6399,"220,10,221"
6400,"11,10,109"
6401,"0,265,209"
6402,"147,3,148"
6403,"3,158,85"
6404,"10,64,93"
6405,"23,24,43"
6406,"208,0,369"
6407,"40,145,146"
6408,"3,21,111"
6409,"0,313,346"
6410,"3,190,28"
6411,"23,74,84"
6412,"15,16,3"
6413,"23,24,25"
6414,"3,34,237"
6415,"3,30,66"
6416,"4,3,435"
6417,"23,74,317"
6418,"185,184,40"
6419,"40,131,406"
6420,"135,40,138"
6421,"3,4,435"
6422,"40,131,241"
6423,"169,170,199"
6424,"64,448,10"
6425,"3,13,204"
6426,"8,0,235"
6427,"40,145,478"
6428,"3,523,147"
6429,"131,40,226"
6430,"8,0,410"
6431,"169,199,26"
6432,"10,205,11"
6433,"10,24,23"
6434,"0,271,23"
6435,"184,185,40"
6436,"118,23,107"
6437,"23,184,40"
6438,"3,147,148"
6439,"3,17,168"
6440,"40,131,159"
6441,"26,23,231"
6442,"169,199,281"
6443,"23,107,74"
6444,"10,64,93"
6445,"3,4,19"
6446,"40,185,184"
6447,"4,19,3"
6448,"3,419,10"
6449,"3,17,168"
6450,"199,169,281"
6451,"40,135,41"
6452,"23,39,38"
6453,"0,8,206"
6454,"40,145,44"
6455,"40,145,44"
6456,"8,0,308"
6457,"3,15,16"
6458,"40,395,396"
6459,"3,21,170"
6460,"64,10,448"
6461,"0,313,346"
6462,"220,10,242"
6463,"28,3,113"
6464,"31,23,131"
6465,"3,115,53"
6466,"10,64,93"
6467,"0,271,456"
6468,"24,23,43"
6469,"40,131,241"
6470,"0,229,421"
6471,"40,139,153"
6472,"23,43,24"
6473,"3,147,148"
6474,"3,523,147"
6475,"131,40,226"
6476,"40,41,126"
6477,"3,21,195"
6478,"0,216,304"
6479,"40,41,42"
6480,"214,213,252"
6481,"237,34,3"
6482,"296,169,411"
6483,"40,41,149"
6484,"40,145,31"
6485,"0,216,277"
6486,"0,271,516"
6487,"3,15,29"
6488,"131,40,134"
6489,"23,38,137"
6490,"3,111,267"
6491,"0,8,308"
6492,"169,170,271"
6493,"28,190,3"
6494,"10,64,93"
6495,"296,169,460"
6496,"64,10,335"
6497,"169,170,34"
6498,"0,8,206"
6499,"169,170,260"
6500,"10,40,44"
6501,"3,147,15"
6502,"0,206,208"
6503,"23,31,77"
6504,"220,221,10"
6505,"10,64,90"
6506,"0,271,216"
6507,"40,21,3"
6508,"11,10,109"
6509,"128,129,40"
6510,"40,145,44"
6511,"3,21,108"
6512,"169,199,3"
6513,"3,169,339"
6514,"11,10,109"
6515,"221,220,10"
6516,"11,10,109"
6517,"40,145,44"
6518,"10,11,109"
6519,"74,303,23"
6520,"40,131,406"
6521,"23,10,24"
6522,"3,53,523"
6523,"19,4,3"
6524,"40,145,402"
6525,"169,170,199"
6526,"169,170,311"
6527,"40,160,315"
6528,"3,66,30"
6529,"3,147,148"
6530,"3,21,126"
6531,"25,10,24"
6532,"23,26,89"
6533,"3,4,183"
6534,"199,169,281"
6535,"23,24,25"
6536,"40,41,111"
6537,"3,111,284"
6538,"3,147,148"
6539,"40,129,128"
6540,"40,145,402"
6541,"128,129,40"
6542,"169,170,0"
6543,"220,10,242"
6544,"3,21,108"
6545,"23,309,38"
6546,"64,10,335"
6547,"3,147,148"
6548,"40,152,151"
6549,"40,186,128"
6550,"40,131,132"
6551,"23,26,313"
6552,"40,145,44"
6553,"64,10,93"
6554,"220,221,10"
6555,"3,111,112"
6556,"11,205,10"
6557,"169,170,199"
6558,"23,31,32"
6559,"23,31,454"
6560,"199,40,169"
6561,"10,54,322"
6562,"23,31,258"
6563,"40,23,145"
6564,"23,74,71"
6565,"23,38,74"
6566,"40,139,140"
6567,"3,111,21"
6568,"3,17,320"
6569,"169,170,199"
6570,"0,271,2"
6571,"8,0,308"
6572,"23,26,0"
6573,"23,26,89"
6574,"23,49,31"
6575,"3,111,112"
6576,"169,337,339"
6577,"11,10,12"
6578,"0,249,279"
6579,"169,199,281"
6580,"40,145,44"
6581,"23,49,24"
6582,"131,40,406"
6583,"40,41,126"
6584,"152,40,151"
6585,"23,74,303"
6586,"15,16,3"
6587,"23,43,24"
6588,"220,10,221"
6589,"0,2,1"
6590,"40,23,145"
6591,"40,128,162"
6592,"40,139,153"
6593,"220,10,221"
6594,"40,145,502"
6595,"23,38,63"
6596,"11,13,218"
6597,"3,33,40"
6598,"4,3,7"
6599,"220,10,242"
6600,"23,91,38"
6601,"40,145,44"
6602,"3,21,115"
6603,"64,10,448"
6604,"40,41,224"
6605,"3,21,182"
6606,"3,147,148"
6607,"199,169,281"
6608,"23,74,118"
6609,"10,64,93"
6610,"147,3,148"
6611,"0,271,291"
6612,"23,345,24"
6613,"10,11,109"
6614,"169,170,3"
6615,"40,138,135"
6616,"4,3,238"
6617,"131,40,241"
6618,"128,40,129"
6619,"17,3,168"
6620,"3,21,108"
6621,"145,40,44"
6622,"0,319,211"
6623,"206,0,8"
6624,"169,170,199"
6625,"10,12,11"
6626,"138,40,135"
6627,"3,21,108"
6628,"220,221,10"
6629,"5,57,3"
6630,"26,23,0"
6631,"0,271,214"
6632,"3,21,127"
6633,"0,2,342"
6634,"53,23,287"
6635,"118,23,74"
6636,"23,26,8"
6637,"3,85,379"
6638,"23,26,89"
6639,"64,10,448"
6640,"147,3,148"
6641,"0,271,342"
6642,"169,3,34"
6643,"23,137,10"
6644,"3,21,127"
6645,"23,26,231"
6646,"145,40,44"
6647,"171,199,169"
6648,"169,405,8"
6649,"4,3,331"
6650,"199,169,323"
6651,"10,54,95"
6652,"40,41,224"
6653,"23,24,38"
6654,"74,23,317"
6655,"3,21,48"
6656,"40,41,42"
6657,"23,38,74"
6658,"199,169,281"
6659,"3,21,187"
6660,"220,221,10"
6661,"23,43,24"
6662,"40,402,145"
6663,"40,128,129"
6664,"220,221,10"
6665,"3,147,148"
6666,"0,346,216"
6667,"15,16,3"
6668,"40,131,406"
6669,"40,131,184"
6670,"40,395,135"
6671,"26,23,89"
6672,"23,74,38"
6673,"10,173,23"
6674,"0,422,504"
6675,"31,23,96"
6676,"64,10,93"
6677,"169,199,343"
6678,"40,131,241"
6679,"8,0,206"
6680,"0,249,279"
6681,"23,40,48"
6682,"10,54,322"
6683,"64,10,448"
6684,"3,21,108"
6685,"169,138,459"
6686,"40,160,315"
6687,"3,21,48"
6688,"0,216,271"
6689,"0,271,361"
6690,"145,40,402"
6691,"40,139,153"
6692,"199,169,281"
6693,"3,21,53"
6694,"0,271,280"
6695,"147,148,3"
6696,"3,183,5"
6697,"3,53,68"
6698,"131,40,406"
6699,"3,21,85"
6700,"3,21,108"
6701,"10,11,12"
6702,"40,41,395"
6703,"220,221,10"
6704,"3,13,17"
6705,"23,26,38"
6706,"13,3,14"
6707,"23,24,25"
6708,"3,15,16"
6709,"10,64,93"
6710,"313,346,0"
6711,"10,64,93"
6712,"3,21,108"
6713,"169,199,343"
6714,"23,74,303"
6715,"199,169,382"
6716,"220,221,10"
6717,"23,43,24"
6718,"8,0,391"
6719,"0,8,308"
6720,"23,74,303"
6721,"23,24,25"
6722,"40,145,44"
6723,"23,24,47"
6724,"220,10,221"
6725,"40,131,241"
6726,"169,199,171"
6727,"0,271,424"
6728,"3,15,16"
6729,"40,131,226"
6730,"0,475,216"
6731,"199,169,171"
6732,"3,21,34"
6733,"3,147,35"
6734,"11,40,109"
6735,"26,23,89"
6736,"23,38,137"
6737,"40,145,10"
6738,"220,10,221"
6739,"3,147,85"
6740,"206,8,0"
6741,"169,199,170"
6742,"59,24,23"
6743,"220,221,10"
6744,"0,8,206"
6745,"3,17,168"
6746,"23,74,303"
6747,"43,23,181"
6748,"3,21,17"
6749,"3,111,474"
6750,"3,4,238"
6751,"0,271,265"
6752,"127,40,41"
6753,"40,3,127"
6754,"139,40,140"
6755,"296,169,411"
6756,"10,220,221"
6757,"48,23,87"
6758,"3,21,17"
6759,"3,33,147"
6760,"26,23,89"
6761,"10,11,12"
6762,"169,199,343"
6763,"23,26,231"
6764,"3,53,523"
6765,"3,15,16"
6766,"271,0,456"
6767,"40,44,145"
6768,"220,10,242"
6769,"169,199,323"
6770,"40,36,160"
6771,"0,8,277"
6772,"118,23,74"
6773,"40,160,41"
6774,"3,21,523"
6775,"3,4,19"
6776,"3,17,168"
6777,"296,169,306"
6778,"128,40,129"
6779,"0,271,429"
6780,"17,3,168"
6781,"40,131,406"
6782,"23,231,118"
6783,"169,199,281"
6784,"40,145,44"
6785,"0,313,314"
6786,"10,220,173"
6787,"40,131,132"
6788,"10,54,95"
6789,"23,169,31"
6790,"206,23,8"
6791,"10,54,322"
6792,"235,0,8"
6793,"220,10,221"
6794,"10,23,49"
6795,"0,271,355"
6796,"40,199,431"
6797,"23,63,38"
6798,"3,21,187"
6799,"4,3,435"
6800,"4,3,238"
6801,"23,38,74"
6802,"3,21,85"
6803,"0,271,456"
6804,"11,90,10"
6805,"23,105,495"
6806,"40,25,145"
6807,"337,339,169"
6808,"169,296,306"
6809,"4,3,238"
6810,"0,348,280"
6811,"40,395,41"
6812,"3,21,30"
6813,"3,34,447"
6814,"3,4,435"
6815,"10,11,12"
6816,"40,160,3"
6817,"199,169,281"
6818,"3,28,21"
6819,"3,21,108"
6820,"0,265,349"
6821,"0,271,214"
6822,"23,38,87"
6823,"40,41,128"
6824,"0,363,271"
6825,"64,10,448"
6826,"40,431,160"
6827,"131,40,226"
6828,"0,362,214"
6829,"10,54,95"
6830,"23,31,32"
6831,"64,10,43"
6832,"170,169,260"
6833,"3,21,182"
6834,"3,53,523"
6835,"40,135,295"
6836,"4,19,3"
6837,"64,10,80"
6838,"23,74,38"
6839,"23,74,38"
6840,"220,10,242"
6841,"296,169,428"
6842,"23,24,345"
6843,"23,89,26"
6844,"40,41,286"
6845,"0,271,456"
6846,"40,145,10"
6847,"3,34,263"
6848,"11,10,109"
6849,"23,24,43"
6850,"3,21,108"
6851,"23,10,220"
6852,"10,64,448"
6853,"40,220,493"
6854,"145,40,44"
6855,"3,120,15"
6856,"23,105,326"
6857,"3,15,16"
6858,"8,0,206"
6859,"0,313,8"
6860,"169,199,343"
6861,"169,199,343"
6862,"3,147,148"
6863,"40,44,145"
6864,"11,10,12"
6865,"162,40,163"
6866,"169,296,306"
6867,"10,64,338"
6868,"0,456,271"
6869,"10,64,80"
6870,"3,53,523"
6871,"40,159,131"
6872,"40,131,406"
6873,"23,118,24"
6874,"0,214,213"
6875,"0,26,23"
6876,"199,169,281"
6877,"23,26,89"
6878,"169,339,337"
6879,"21,3,127"
6880,"206,8,0"
6881,"220,10,221"
6882,"169,199,281"
6883,"10,43,24"
6884,"26,313,23"
6885,"296,169,336"
6886,"40,155,139"
6887,"10,43,60"
6888,"3,21,127"
6889,"11,10,109"
6890,"0,363,271"
6891,"40,23,226"
6892,"26,23,350"
6893,"214,0,213"
6894,"23,26,89"
6895,"43,23,64"
6896,"40,17,222"
6897,"0,365,340"
6898,"23,105,318"
6899,"40,128,129"
6900,"23,38,118"
6901,"10,11,205"
6902,"23,26,350"
6903,"220,10,221"
6904,"23,38,39"
6905,"23,26,350"
6906,"74,23,303"
6907,"3,15,16"
6908,"118,23,74"
6909,"40,145,44"
6910,"8,0,391"
6911,"15,16,3"
6912,"169,199,171"
6913,"40,131,226"
6914,"8,0,206"
6915,"8,0,206"
6916,"74,23,303"
6917,"23,38,137"
6918,"23,31,328"
6919,"100,40,222"
6920,"3,4,30"
6921,"220,10,221"
6922,"3,238,4"
6923,"118,23,74"
6924,"23,74,303"
6925,"216,77,0"
6926,"23,26,89"
6927,"220,10,221"
6928,"214,213,0"
6929,"23,74,303"
6930,"3,147,15"
6931,"64,10,448"
6932,"40,152,151"
6933,"169,199,337"
6934,"10,220,242"
6935,"3,85,86"
6936,"3,17,21"
6937,"10,54,95"
6938,"3,53,147"
6939,"10,11,205"
6940,"23,74,165"
6941,"0,265,349"
6942,"10,54,40"
6943,"169,199,171"
6944,"3,4,183"
6945,"23,105,106"
6946,"169,170,459"
6947,"0,8,285"
6948,"3,156,21"
6949,"5,228,3"
6950,"3,17,5"
6951,"10,64,60"
6952,"23,49,24"
6953,"169,311,199"
6954,"10,220,221"
6955,"64,448,10"
6956,"220,221,10"
6957,"3,15,16"
6958,"220,10,221"
6959,"199,169,0"
6960,"3,30,4"
6961,"3,21,115"
6962,"145,40,44"
6963,"4,3,19"
6964,"241,34,40"
6965,"281,169,199"
6966,"23,26,89"
6967,"26,23,89"
6968,"0,366,271"
6969,"10,23,24"
6970,"3,21,85"
6971,"21,3,127"
6972,"131,40,406"
6973,"145,40,44"
6974,"23,71,38"
6975,"169,170,171"
6976,"220,10,221"
6977,"3,21,126"
6978,"3,53,34"
6979,"8,0,206"
6980,"3,127,21"
6981,"220,10,242"
6982,"64,169,10"
6983,"10,64,93"
6984,"40,41,149"
6985,"40,41,324"
6986,"64,199,338"
6987,"169,427,497"
6988,"160,40,315"
6989,"169,170,459"
6990,"170,169,260"
6991,"26,23,89"
6992,"40,41,224"
6993,"296,169,411"
6994,"23,38,440"
6995,"4,3,435"
6996,"3,21,187"
6997,"40,184,185"
6998,"169,199,170"
6999,"40,131,134"
7000,"10,64,93"
7001,"64,10,90"
7002,"40,0,100"
7003,"64,10,473"
7004,"3,168,17"
7005,"128,40,129"
7006,"296,169,411"
7007,"40,41,42"
7008,"3,147,148"
7009,"4,238,3"
7010,"4,3,188"
7011,"40,131,406"
7012,"3,21,127"
7013,"23,165,74"
7014,"0,363,265"
7015,"23,31,32"
7016,"40,145,44"
7017,"0,271,363"
7018,"3,17,320"
7019,"3,53,111"
7020,"23,118,38"
7021,"10,55,40"
7022,"40,41,128"
7023,"10,11,109"
7024,"23,31,39"
7025,"3,111,119"
7026,"21,3,126"
7027,"23,26,145"
7028,"0,475,218"
7029,"40,139,153"
7030,"40,41,224"
7031,"3,53,467"
7032,"3,17,21"
7033,"26,23,89"
7034,"0,271,272"
7035,"253,105,287"
7036,"11,10,109"
7037,"3,34,263"
7038,"40,185,131"
7039,"10,11,12"
7040,"169,296,507"
7041,"23,40,31"
7042,"10,60,64"
7043,"10,64,473"
7044,"10,43,23"
7045,"138,135,40"
7046,"40,44,145"
7047,"10,54,95"
7048,"3,21,108"
7049,"40,41,139"
7050,"0,277,1"
7051,"8,0,405"
7052,"26,23,350"
7053,"220,10,242"
7054,"40,160,41"
7055,"169,296,311"
7056,"23,24,25"
7057,"26,23,8"
7058,"3,53,99"
7059,"23,38,74"
7060,"3,21,379"
7061,"3,4,15"
7062,"74,23,317"
7063,"169,199,170"
7064,"23,26,89"
7065,"40,128,195"
7066,"0,271,291"
7067,"220,10,242"
7068,"199,169,323"
7069,"0,206,249"
7070,"23,74,118"
7071,"169,296,371"
7072,"23,137,38"
7073,"95,54,10"
7074,"3,10,17"
7075,"10,220,242"
7076,"0,265,349"
7077,"10,54,95"
7078,"23,118,74"
7079,"169,170,23"
7080,"3,17,168"
7081,"40,145,44"
7082,"220,10,242"
7083,"169,170,199"
7084,"0,8,235"
7085,"3,40,53"
7086,"23,24,25"
7087,"23,38,91"
7088,"23,43,24"
7089,"3,147,148"
7090,"3,4,5"
7091,"10,64,93"
7092,"23,105,495"
7093,"3,143,40"
7094,"3,13,14"
7095,"10,54,40"
7096,"3,21,40"
7097,"220,10,221"
7098,"3,169,287"
7099,"23,31,258"
7100,"0,8,313"
7101,"23,31,32"
7102,"23,24,25"
7103,"23,31,96"
7104,"23,74,303"
7105,"40,152,151"
7106,"40,145,44"
7107,"23,24,49"
7108,"10,11,12"
7109,"23,24,309"
7110,"10,11,12"
7111,"118,23,74"
7112,"169,296,170"
7113,"31,23,40"
7114,"23,345,38"
7115,"26,23,350"
7116,"40,145,402"
7117,"23,43,24"
7118,"40,10,145"
7119,"40,131,406"
7120,"128,40,195"
7121,"40,145,44"
7122,"8,0,235"
7123,"199,169,135"
7124,"3,21,53"
7125,"31,23,96"
7126,"169,170,199"
7127,"3,21,127"
7128,"10,220,242"
7129,"10,64,93"
7130,"3,53,523"
7131,"0,271,456"
7132,"10,11,205"
7133,"0,271,361"
7134,"64,10,338"
7135,"23,26,313"
7136,"169,170,337"
7137,"0,265,340"
7138,"3,111,68"
7139,"3,21,28"
7140,"21,3,108"
7141,"40,128,195"
7142,"105,23,318"
7143,"220,221,10"
7144,"271,199,355"
7145,"169,296,337"
7146,"23,74,165"
7147,"0,456,271"
7148,"40,128,41"
7149,"40,185,184"
7150,"3,199,169"
7151,"3,21,199"
7152,"199,169,356"
7153,"199,169,281"
7154,"206,0,8"
7155,"145,40,44"
7156,"3,111,161"
7157,"3,4,435"
7158,"169,199,3"
7159,"128,175,40"
7160,"40,160,315"
7161,"23,77,283"
7162,"169,170,171"
7163,"3,53,40"
7164,"3,40,41"
7165,"170,169,260"
7166,"169,311,124"
7167,"23,74,160"
7168,"3,111,320"
7169,"3,21,127"
7170,"95,10,0"
7171,"40,160,315"
7172,"40,160,149"
7173,"4,3,435"
7174,"0,8,235"
7175,"15,16,3"
7176,"0,216,360"
7177,"3,30,66"
7178,"462,463,255"
7179,"0,271,456"
7180,"138,135,40"
7181,"131,241,40"
7182,"40,41,128"
7183,"23,26,231"
7184,"296,169,411"
7185,"10,54,40"
7186,"40,10,145"
7187,"3,190,21"
7188,"64,10,338"
7189,"10,220,242"
7190,"3,53,287"
7191,"3,66,30"
7192,"10,64,43"
7193,"131,40,226"
7194,"128,129,40"
7195,"0,271,456"
7196,"40,160,315"
7197,"11,13,3"
7198,"40,41,286"
7199,"40,145,44"
7200,"0,8,271"
7201,"40,139,153"
7202,"64,10,80"
7203,"0,249,279"
7204,"169,199,343"
7205,"54,10,95"
7206,"40,145,402"
7207,"0,216,212"
7208,"3,21,108"
7209,"59,23,24"
7210,"3,126,21"
7211,"3,15,16"
7212,"4,3,238"
7213,"128,129,40"
7214,"23,24,43"
7215,"10,64,80"
7216,"3,53,287"
7217,"169,459,170"
7218,"169,199,356"
7219,"10,64,93"
7220,"220,221,10"
7221,"23,105,318"
7222,"40,145,44"
7223,"169,199,343"
7224,"220,221,10"
7225,"169,199,374"
7226,"3,21,187"
7227,"3,53,11"
7228,"3,21,126"
7229,"40,131,406"
7230,"3,85,86"
7231,"40,131,241"
7232,"0,271,355"
7233,"23,74,303"
7234,"3,17,447"
7235,"23,31,32"
7236,"220,10,242"
7237,"40,145,44"
7238,"21,3,108"
7239,"3,105,21"
7240,"3,17,168"
7241,"169,199,281"
7242,"3,147,30"
7243,"169,199,356"
7244,"13,3,150"
7245,"3,21,238"
7246,"160,40,315"
7247,"3,66,30"
7248,"40,146,135"
7249,"23,118,38"
7250,"169,21,296"
7251,"3,147,156"
7252,"3,21,190"
7253,"31,23,258"
7254,"40,130,128"
7255,"40,145,220"
7256,"140,139,40"
7257,"3,10,16"
7258,"169,10,40"
7259,"0,265,490"
7260,"23,24,43"
7261,"3,53,21"
7262,"31,23,169"
7263,"40,162,131"
7264,"0,366,216"
7265,"0,271,170"
7266,"23,303,74"
7267,"0,271,456"
7268,"3,66,30"
7269,"169,199,343"
7270,"105,23,519"
7271,"3,21,187"
7272,"3,170,169"
7273,"40,41,42"
7274,"3,34,46"
7275,"0,456,271"
7276,"23,26,0"
7277,"23,43,24"
7278,"131,40,406"
7279,"40,41,160"
7280,"3,17,168"
7281,"4,238,3"
7282,"40,395,128"
7283,"40,145,44"
7284,"0,271,522"
7285,"3,147,148"
7286,"0,265,340"
7287,"339,169,337"
7288,"3,53,17"
7289,"199,169,323"
7290,"70,3,4"
7291,"40,145,146"
7292,"23,32,31"
7293,"3,127,21"
7294,"131,40,406"
7295,"3,53,287"
7296,"206,0,8"
7297,"23,24,49"
7298,"0,271,522"
7299,"23,26,350"
7300,"11,10,109"
7301,"64,10,93"
7302,"339,337,169"
7303,"11,10,12"
7304,"337,339,169"
7305,"40,145,44"
7306,"3,17,320"
7307,"345,24,23"
7308,"10,60,64"
7309,"29,28,3"
7310,"3,30,66"
7311,"4,3,435"
7312,"10,11,12"
7313,"23,10,43"
7314,"0,265,349"
7315,"0,271,360"
7316,"131,40,406"
7317,"3,147,21"
7318,"23,63,38"
7319,"296,417,169"
7320,"23,74,118"
7321,"111,3,112"
7322,"40,131,406"
7323,"3,34,21"
7324,"216,0,77"
7325,"23,26,62"
7326,"26,23,89"
7327,"3,21,124"
7328,"199,169,40"
7329,"0,271,456"
7330,"3,17,168"
7331,"23,31,32"
7332,"40,41,224"
7333,"40,128,129"
7334,"0,271,444"
7335,"169,199,281"
7336,"199,169,281"
7337,"23,74,303"
7338,"10,60,64"
7339,"40,129,128"
7340,"3,15,16"
7341,"23,26,105"
7342,"40,128,186"
7343,"3,21,40"
7344,"169,199,171"
7345,"3,160,127"
7346,"3,111,40"
7347,"3,34,263"
7348,"26,23,231"
7349,"3,21,48"
7350,"40,23,283"
7351,"0,218,265"
7352,"23,25,10"
7353,"40,131,142"
7354,"0,340,265"
7355,"10,64,93"
7356,"3,13,23"
7357,"169,199,343"
7358,"3,21,85"
7359,"3,169,108"
7360,"128,129,8"
7361,"100,3,40"
7362,"131,40,226"
7363,"3,4,70"
7364,"3,35,36"
7365,"64,10,448"
7366,"169,312,337"
7367,"23,118,74"
7368,"41,40,286"
7369,"23,38,137"
7370,"220,10,242"
7371,"0,216,212"
7372,"15,16,3"
7373,"3,111,284"
7374,"3,13,85"
7375,"23,38,137"
7376,"40,145,44"
7377,"10,11,205"
7378,"40,128,129"
7379,"4,3,238"
7380,"23,26,169"
7381,"3,21,127"
7382,"220,10,242"
7383,"3,21,53"
7384,"0,8,218"
7385,"319,211,212"
7386,"4,19,3"
7387,"10,11,12"
7388,"23,31,40"
7389,"3,148,147"
7390,"3,21,108"
7391,"40,129,128"
7392,"10,54,95"
7393,"23,31,134"
7394,"23,31,454"
7395,"31,96,23"
7396,"169,170,343"
7397,"3,4,28"
7398,"220,10,221"
7399,"23,89,26"
7400,"40,145,44"
7401,"23,105,318"
7402,"64,10,448"
7403,"40,145,260"
7404,"40,128,395"
7405,"64,10,448"
7406,"40,139,155"
7407,"0,249,279"
7408,"169,199,343"
7409,"24,43,23"
7410,"3,21,187"
7411,"40,162,163"
7412,"40,135,139"
7413,"3,53,287"
7414,"3,147,156"
7415,"44,40,145"
7416,"10,54,40"
7417,"259,426,169"
7418,"40,131,406"
7419,"395,40,23"
7420,"0,218,509"
7421,"3,21,187"
7422,"0,169,1"
7423,"64,10,65"
7424,"23,38,39"
7425,"3,21,379"
7426,"10,11,205"
7427,"0,265,349"
7428,"3,85,86"
7429,"10,11,109"
7430,"224,111,41"
7431,"26,23,350"
7432,"169,199,170"
7433,"74,23,3"
7434,"169,296,199"
7435,"40,128,129"
7436,"3,21,17"
7437,"10,24,23"
7438,"0,429,456"
7439,"23,21,60"
7440,"26,23,350"
7441,"10,11,12"
7442,"169,199,281"
7443,"10,11,12"
7444,"199,169,343"
7445,"3,217,120"
7446,"23,74,26"
7447,"23,31,40"
7448,"3,21,127"
7449,"23,49,24"
7450,"3,21,108"
7451,"3,21,108"
7452,"145,40,44"
7453,"3,21,124"
7454,"23,26,89"
7455,"3,4,183"
7456,"296,169,306"
7457,"64,10,65"
7458,"23,74,118"
7459,"10,44,95"
7460,"23,26,350"
7461,"17,3,168"
7462,"23,24,10"
7463,"21,3,127"
7464,"169,199,374"
7465,"3,21,379"
7466,"40,23,406"
7467,"206,0,8"
7468,"303,23,74"
7469,"3,17,51"
7470,"31,23,131"
7471,"23,63,38"
7472,"199,169,10"
7473,"199,169,171"
7474,"0,271,522"
7475,"17,3,168"
7476,"160,40,315"
7477,"169,135,138"
7478,"10,60,24"
7479,"363,0,271"
7480,"3,21,127"
7481,"10,11,12"
7482,"170,169,260"
7483,"3,53,287"
7484,"0,291,218"
7485,"64,10,80"
7486,"0,216,319"
7487,"40,131,134"
7488,"462,0,255"
7489,"40,406,131"
7490,"3,21,379"
7491,"40,41,201"
7492,"40,128,175"
7493,"220,10,242"
7494,"0,265,8"
7495,"23,345,24"
7496,"40,41,224"
7497,"220,10,221"
7498,"26,23,0"
7499,"169,199,343"
7500,"3,4,19"
7501,"0,271,444"
7502,"10,11,109"
7503,"0,271,355"
7504,"169,31,170"
7505,"169,24,23"
7506,"23,118,74"
7507,"3,53,4"
7508,"169,171,199"
7509,"23,74,165"
7510,"3,147,160"
7511,"23,71,38"
7512,"0,271,355"
7513,"10,239,60"
7514,"23,74,118"
7515,"40,41,126"
7516,"3,21,48"
7517,"169,199,382"
7518,"40,131,486"
7519,"40,155,139"
7520,"220,10,242"
7521,"23,26,89"
7522,"25,23,24"
7523,"170,169,311"
7524,"0,271,394"
7525,"131,40,406"
7526,"3,147,148"
7527,"40,131,241"
7528,"3,111,4"
7529,"169,170,40"
7530,"10,93,43"
7531,"10,11,109"
7532,"40,145,10"
7533,"3,238,17"
7534,"3,16,15"
7535,"25,23,24"
7536,"10,65,64"
7537,"40,160,41"
7538,"3,447,34"
7539,"23,26,0"
7540,"135,3,40"
7541,"281,199,169"
7542,"40,127,21"
7543,"23,31,32"
7544,"0,366,271"
7545,"3,21,68"
7546,"8,0,26"
7547,"10,11,109"
7548,"0,255,271"
7549,"40,145,44"
7550,"40,13,401"
7551,"0,271,319"
7552,"3,21,187"
7553,"3,15,16"
7554,"64,10,65"
7555,"220,10,242"
7556,"290,23,31"
7557,"4,3,238"
7558,"40,41,139"
7559,"169,199,459"
7560,"23,71,38"
7561,"3,30,13"
7562,"199,169,323"
7563,"10,43,23"
7564,"3,15,16"
7565,"10,11,234"
7566,"220,10,242"
7567,"206,8,0"
7568,"220,10,221"
7569,"3,85,86"
7570,"10,64,93"
7571,"40,41,42"
7572,"40,145,44"
7573,"220,10,221"
7574,"40,3,31"
7575,"23,26,89"
7576,"3,4,19"
7577,"40,131,241"
7578,"169,170,337"
7579,"10,60,61"
7580,"23,74,31"
7581,"145,40,44"
7582,"0,216,279"
7583,"3,147,15"
7584,"40,131,241"
7585,"3,21,108"
7586,"3,21,66"
7587,"23,24,43"
7588,"3,147,30"
7589,"10,44,40"
7590,"3,66,30"
7591,"40,139,41"
7592,"3,147,148"
7593,"4,3,19"
7594,"15,16,3"
7595,"0,304,271"
7596,"23,43,24"
7597,"40,145,402"
7598,"23,40,74"
7599,"169,199,345"
7600,"169,199,281"
7601,"23,24,43"
7602,"23,38,165"
7603,"40,131,406"
7604,"23,74,303"
7605,"0,363,271"
7606,"23,26,350"
7607,"3,147,167"
7608,"220,10,221"
7609,"23,24,49"
7610,"0,381,358"
7611,"3,21,187"
7612,"10,64,80"
7613,"0,216,346"
7614,"11,10,12"
7615,"0,271,456"
7616,"220,10,242"
7617,"40,145,44"
7618,"3,52,51"
7619,"105,23,318"
7620,"43,24,23"
7621,"10,11,109"
7622,"10,60,239"
7623,"3,148,523"
7624,"169,171,199"
7625,"0,8,285"
7626,"3,168,17"
7627,"3,17,168"
7628,"3,21,126"
7629,"40,152,151"
7630,"131,23,40"
7631,"3,53,523"
7632,"43,23,24"
7633,"220,10,242"
7634,"23,26,89"
7635,"3,21,170"
7636,"10,60,239"
7637,"23,31,454"
7638,"40,152,151"
7639,"3,21,108"
7640,"23,24,49"
7641,"23,31,290"
7642,"0,319,279"
7643,"0,521,279"
7644,"3,21,187"
7645,"74,23,317"
7646,"3,5,228"
7647,"462,255,463"
7648,"23,105,495"
7649,"0,516,465"
7650,"296,169,300"
7651,"220,10,221"
7652,"160,40,315"
7653,"40,21,3"
7654,"10,64,448"
7655,"26,23,89"
7656,"10,43,23"
7657,"3,17,15"
7658,"23,38,137"
7659,"3,21,108"
7660,"3,51,17"
7661,"40,131,406"
7662,"220,10,221"
7663,"23,40,145"
7664,"169,199,170"
7665,"40,131,406"
7666,"169,160,40"
7667,"3,17,168"
7668,"3,147,148"
7669,"3,5,337"
7670,"0,280,271"
7671,"169,199,170"
7672,"10,220,242"
7673,"10,220,221"
7674,"169,459,170"
7675,"10,60,64"
7676,"53,393,3"
7677,"31,23,454"
7678,"23,43,24"
7679,"3,21,115"
7680,"3,21,126"
7681,"169,199,171"
7682,"40,131,132"
7683,"23,26,89"
7684,"3,21,108"
7685,"10,31,454"
7686,"0,265,349"
7687,"3,111,176"
7688,"40,138,3"
7689,"3,21,53"
7690,"3,111,305"
7691,"40,138,135"
7692,"40,131,241"
7693,"64,10,448"
7694,"3,17,168"
7695,"0,11,10"
7696,"0,208,403"
7697,"28,330,3"
7698,"135,40,141"
7699,"23,24,49"
7700,"169,199,343"
7701,"23,31,40"
7702,"169,296,426"
7703,"10,64,93"
7704,"23,26,89"
7705,"40,128,195"
7706,"3,53,147"
7707,"3,21,147"
7708,"40,145,44"
7709,"40,128,129"
7710,"40,160,315"
7711,"23,26,89"
7712,"0,8,3"
7713,"23,165,74"
7714,"0,8,350"
7715,"10,145,40"
7716,"169,311,426"
7717,"40,3,406"
7718,"10,11,64"
7719,"3,5,85"
7720,"40,131,406"
7721,"10,64,448"
7722,"126,3,21"
7723,"23,118,74"
7724,"3,40,53"
7725,"10,54,40"
7726,"126,3,21"
7727,"10,64,448"
7728,"40,146,145"
7729,"40,139,153"
7730,"17,139,3"
7731,"169,170,171"
7732,"379,3,21"
7733,"23,26,89"
7734,"64,10,448"
7735,"10,60,61"
7736,"87,23,40"
7737,"3,188,147"
7738,"40,160,315"
7739,"17,3,168"
7740,"23,24,43"
7741,"31,290,23"
7742,"3,4,174"
7743,"3,147,21"
7744,"3,21,116"
7745,"3,21,108"
7746,"40,41,324"
7747,"3,21,30"
7748,"26,23,231"
7749,"40,41,224"
7750,"10,54,322"
7751,"4,3,19"
7752,"0,271,444"
7753,"40,139,153"
7754,"23,265,0"
7755,"17,3,320"
7756,"3,21,115"
7757,"23,169,258"
7758,"23,31,32"
7759,"23,31,454"
7760,"23,40,145"
7761,"0,265,280"
7762,"40,145,402"
7763,"23,26,89"
7764,"23,26,89"
7765,"15,16,3"
7766,"10,64,93"
7767,"3,17,320"
7768,"15,16,3"
7769,"40,135,236"
7770,"147,3,148"
7771,"3,85,86"
7772,"30,3,66"
7773,"199,169,323"
7774,"0,1,2"
7775,"8,0,285"
7776,"3,147,53"
7777,"23,26,89"
7778,"40,131,134"
7779,"40,145,493"
7780,"10,11,205"
7781,"3,147,21"
7782,"23,74,165"
7783,"0,199,169"
7784,"4,3,238"
7785,"220,10,221"
7786,"3,111,267"
7787,"23,26,91"
7788,"0,313,346"
7789,"23,26,89"
7790,"23,26,89"
7791,"11,10,109"
7792,"21,3,40"
7793,"40,395,241"
7794,"220,10,242"
7795,"3,111,123"
7796,"220,10,242"
7797,"10,64,338"
7798,"169,296,428"
7799,"39,23,38"
7800,"40,131,241"
7801,"10,24,448"
7802,"23,74,303"
7803,"23,62,24"
7804,"17,3,168"
7805,"3,17,53"
7806,"40,131,406"
7807,"3,53,21"
7808,"23,105,318"
7809,"10,11,419"
7810,"0,1,208"
7811,"3,21,108"
7812,"10,11,12"
7813,"0,216,304"
7814,"169,199,170"
7815,"40,41,224"
7816,"139,153,40"
7817,"64,10,90"
7818,"3,17,21"
7819,"3,21,124"
7820,"10,64,43"
7821,"71,40,145"
7822,"0,271,362"
7823,"23,11,10"
7824,"3,15,16"
7825,"3,53,287"
7826,"40,169,199"
7827,"0,208,265"
7828,"26,89,23"
7829,"0,271,456"
7830,"23,231,26"
7831,"169,199,296"
7832,"0,216,77"
7833,"40,11,145"
7834,"3,30,66"
7835,"64,169,79"
7836,"337,169,170"
7837,"170,169,337"
7838,"11,10,205"
7839,"145,40,44"
7840,"3,182,21"
7841,"26,23,89"
7842,"40,128,131"
7843,"28,3,29"
7844,"0,265,266"
7845,"43,23,24"
7846,"131,40,226"
7847,"40,160,315"
7848,"4,3,238"
7849,"3,17,168"
7850,"3,21,108"
7851,"3,147,148"
7852,"40,128,129"
7853,"8,0,206"
7854,"10,448,64"
7855,"169,170,337"
7856,"40,145,44"
7857,"40,145,146"
7858,"40,160,41"
7859,"0,208,209"
7860,"8,0,235"
7861,"3,4,238"
7862,"23,74,118"
7863,"40,145,146"
7864,"23,105,318"
7865,"3,53,287"
7866,"10,54,95"
7867,"23,49,24"
7868,"0,313,271"
7869,"3,53,111"
7870,"64,10,93"
7871,"23,74,49"
7872,"3,219,53"
7873,"10,11,234"
7874,"26,89,23"
7875,"23,74,38"
7876,"23,287,3"
7877,"10,64,90"
7878,"40,41,42"
7879,"169,296,0"
7880,"40,41,42"
7881,"3,53,265"
7882,"10,64,93"
7883,"10,24,60"
7884,"40,135,138"
7885,"0,271,444"
7886,"17,3,168"
7887,"147,3,148"
7888,"0,265,418"
7889,"23,118,32"
7890,"17,3,168"
7891,"0,279,249"
7892,"10,234,60"
7893,"0,8,235"
7894,"147,3,148"
7895,"13,3,14"
7896,"40,41,74"
7897,"169,199,170"
7898,"40,160,41"
7899,"3,21,168"
7900,"10,220,249"
7901,"23,31,258"
7902,"0,271,362"
7903,"26,23,0"
7904,"3,21,108"
7905,"3,21,53"
7906,"169,171,199"
7907,"3,53,21"
7908,"169,199,281"
7909,"31,23,169"
7910,"169,199,171"
7911,"44,145,40"
7912,"23,165,74"
7913,"0,271,456"
7914,"64,93,10"
7915,"3,238,4"
7916,"3,53,111"
7917,"23,43,24"
7918,"40,44,145"
7919,"169,170,260"
7920,"169,170,260"
7921,"220,10,242"
7922,"169,296,336"
7923,"64,448,10"
7924,"3,170,169"
7925,"23,74,38"
7926,"64,10,93"
7927,"23,105,106"
7928,"74,23,303"
7929,"40,131,406"
7930,"456,0,429"
7931,"3,13,190"
7932,"0,265,349"
7933,"3,85,86"
7934,"3,21,66"
7935,"0,426,223"
7936,"3,40,139"
7937,"8,0,206"
7938,"40,44,145"
7939,"15,16,3"
7940,"135,40,141"
7941,"23,118,74"
7942,"10,11,12"
7943,"40,135,431"
7944,"128,40,129"
7945,"31,23,454"
7946,"169,170,296"
7947,"24,43,23"
7948,"135,40,138"
7949,"10,54,55"
7950,"23,26,350"
7951,"3,17,21"
7952,"4,3,19"
7953,"131,40,226"
7954,"0,304,216"
7955,"40,160,315"
7956,"3,85,86"
7957,"40,145,44"
7958,"40,139,102"
7959,"0,265,349"
7960,"169,199,259"
7961,"0,216,304"
7962,"44,40,145"
7963,"4,3,238"
7964,"3,30,53"
7965,"3,13,379"
7966,"3,15,16"
7967,"3,28,190"
7968,"23,40,145"
7969,"337,3,339"
7970,"40,41,127"
7971,"40,139,155"
7972,"40,131,241"
7973,"3,21,164"
7974,"0,271,456"
7975,"23,26,350"
7976,"23,24,25"
7977,"40,145,23"
7978,"0,271,291"
7979,"3,40,21"
7980,"43,23,24"
7981,"23,74,303"
7982,"40,131,406"
7983,"3,23,111"
7984,"3,21,33"
7985,"40,131,134"
7986,"220,10,242"
7987,"40,128,129"
7988,"17,168,3"
7989,"220,10,221"
7990,"23,26,89"
7991,"23,24,43"
7992,"3,15,34"
7993,"10,205,11"
7994,"10,64,60"
7995,"281,169,199"
7996,"0,271,272"
7997,"3,21,108"
7998,"28,330,190"
7999,"23,26,231"
8000,"169,296,417"
8001,"74,23,3"
8002,"40,131,226"
8003,"3,111,119"
8004,"23,26,89"
8005,"140,139,40"
8006,"64,10,80"
8007,"3,15,16"
8008,"3,21,301"
8009,"23,26,231"
8010,"26,23,350"
8011,"3,111,275"
8012,"23,26,8"
8013,"23,96,31"
8014,"0,271,352"
8015,"8,0,308"
8016,"169,199,343"
8017,"21,3,127"
8018,"3,21,40"
8019,"40,44,145"
8020,"10,234,54"
8021,"3,21,127"
8022,"23,26,38"
8023,"40,155,139"
8024,"10,60,61"
8025,"40,41,3"
8026,"111,3,161"
8027,"10,12,11"
8028,"0,366,271"
8029,"3,238,4"
8030,"3,34,169"
8031,"169,170,199"
8032,"23,26,89"
8033,"17,3,168"
8034,"23,31,258"
8035,"3,21,301"
8036,"23,74,317"
8037,"40,146,145"
8038,"152,40,151"
8039,"64,10,65"
8040,"3,21,34"
8041,"296,23,31"
8042,"139,40,155"
8043,"0,271,291"
8044,"199,169,171"
8045,"220,10,242"
8046,"3,21,111"
8047,"3,13,28"
8048,"3,13,14"
8049,"38,23,40"
8050,"17,3,168"
8051,"23,26,350"
8052,"206,0,8"
8053,"3,40,53"
8054,"3,17,320"
8055,"10,40,145"
8056,"40,23,31"
8057,"23,89,26"
8058,"3,66,30"
8059,"23,118,74"
8060,"220,10,221"
8061,"10,220,221"
8062,"40,23,241"
8063,"129,128,40"
8064,"10,60,24"
8065,"169,296,417"
8066,"3,111,51"
8067,"3,85,86"
8068,"3,17,85"
8069,"40,145,44"
8070,"17,3,320"
8071,"10,11,12"
8072,"72,145,44"
8073,"40,135,236"
8074,"31,23,258"
8075,"23,71,38"
8076,"40,185,184"
8077,"14,13,3"
8078,"10,54,95"
8079,"3,21,22"
8080,"40,241,496"
8081,"23,24,43"
8082,"26,23,89"
8083,"131,40,226"
8084,"40,395,128"
8085,"40,128,129"
8086,"3,34,447"
8087,"0,249,279"
8088,"0,265,349"
8089,"8,0,308"
8090,"0,355,313"
8091,"3,113,28"
8092,"44,109,24"
8093,"220,10,242"
8094,"169,199,23"
8095,"169,426,199"
8096,"131,40,226"
8097,"3,53,66"
8098,"220,10,221"
8099,"40,145,44"
8100,"23,38,82"
8101,"169,170,171"
8102,"23,26,89"
8103,"3,4,19"
8104,"3,30,66"
8105,"3,21,22"
8106,"40,145,10"
8107,"3,21,127"
8108,"3,53,523"
8109,"271,0,456"
8110,"3,147,148"
8111,"23,24,43"
8112,"31,23,258"
8113,"3,4,238"
8114,"40,128,175"
8115,"23,74,303"
8116,"147,3,148"
8117,"220,10,242"
8118,"3,147,148"
8119,"0,8,23"
8120,"23,26,231"
8121,"23,24,43"
8122,"15,16,3"
8123,"23,74,317"
8124,"296,306,169"
8125,"169,199,170"
8126,"10,11,109"
8127,"40,145,44"
8128,"10,60,23"
8129,"40,185,184"
8130,"23,118,74"
8131,"0,265,349"
8132,"31,23,32"
8133,"151,152,40"
8134,"220,10,221"
8135,"0,218,481"
8136,"296,169,306"
8137,"3,15,16"
8138,"3,21,108"
8139,"220,10,40"
8140,"23,74,303"
8141,"3,21,108"
8142,"145,40,44"
8143,"64,10,169"
8144,"296,169,336"
8145,"40,41,324"
8146,"3,17,168"
8147,"3,447,116"
8148,"3,4,238"
8149,"26,23,89"
8150,"296,169,526"
8151,"0,8,235"
8152,"160,40,302"
8153,"10,60,61"
8154,"0,271,522"
8155,"3,21,40"
8156,"0,313,346"
8157,"23,74,303"
8158,"8,0,308"
8159,"40,250,23"
8160,"40,186,41"
8161,"185,184,40"
8162,"169,3,199"
8163,"3,85,15"
8164,"40,145,23"
8165,"40,184,152"
8166,"23,10,24"
8167,"3,21,127"
8168,"3,4,238"
8169,"3,21,127"
8170,"463,0,462"
8171,"10,23,24"
8172,"169,199,343"
8173,"23,26,89"
8174,"0,216,254"
8175,"0,271,272"
8176,"40,131,406"
8177,"23,43,60"
8178,"0,265,349"
8179,"4,3,238"
8180,"169,170,311"
8181,"40,131,406"
8182,"40,241,131"
8183,"23,74,303"
8184,"131,40,159"
8185,"10,220,54"
8186,"3,68,21"
8187,"3,68,21"
8188,"3,21,108"
8189,"169,199,323"
8190,"131,31,40"
8191,"40,128,186"
8192,"3,15,16"
8193,"64,10,43"
8194,"3,28,30"
8195,"23,137,38"
8196,"40,145,44"
8197,"3,85,86"
8198,"23,74,303"
8199,"64,10,93"
8200,"220,10,221"
8201,"319,211,216"
8202,"3,17,56"
8203,"3,104,21"
8204,"23,26,440"
8205,"8,0,206"
8206,"23,26,89"
8207,"0,271,456"
8208,"40,131,241"
8209,"40,145,402"
8210,"0,8,285"
8211,"24,59,23"
8212,"23,307,74"
8213,"0,235,257"
8214,"309,23,38"
8215,"0,271,456"
8216,"220,10,242"
8217,"17,3,168"
8218,"4,3,19"
8219,"23,49,24"
8220,"3,21,379"
8221,"23,24,49"
8222,"23,105,326"
8223,"3,21,126"
8224,"23,24,49"
8225,"169,49,24"
8226,"23,74,303"
8227,"17,320,3"
8228,"23,26,89"
8229,"131,40,134"
8230,"3,21,127"
8231,"0,271,456"
8232,"23,74,165"
8233,"43,23,24"
8234,"3,53,287"
8235,"23,26,440"
8236,"23,74,63"
8237,"3,28,500"
8238,"100,3,265"
8239,"0,216,357"
8240,"0,271,444"
8241,"23,24,43"
8242,"3,4,19"
8243,"40,131,406"
8244,"40,152,151"
8245,"40,145,402"
8246,"10,234,322"
8247,"23,24,62"
8248,"3,4,238"
8249,"0,216,212"
8250,"23,74,118"
8251,"169,199,170"
8252,"0,255,280"
8253,"206,0,8"
8254,"64,10,448"
8255,"10,64,239"
8256,"10,64,239"
8257,"3,21,22"
8258,"10,23,24"
8259,"40,131,134"
8260,"10,60,61"
8261,"10,64,93"
8262,"25,23,10"
8263,"3,21,187"
8264,"23,24,59"
8265,"199,169,343"
8266,"3,30,15"
8267,"10,60,11"
8268,"169,199,426"
8269,"74,23,303"
8270,"0,319,211"
8271,"170,459,169"
8272,"169,199,296"
8273,"8,0,410"
8274,"3,4,111"
8275,"23,24,10"
8276,"23,74,137"
8277,"17,3,40"
8278,"3,523,53"
8279,"23,31,32"
8280,"220,221,10"
8281,"131,40,406"
8282,"3,15,16"
8283,"296,169,460"
8284,"0,522,271"
8285,"40,131,134"
8286,"160,40,315"
8287,"3,21,111"
8288,"3,30,66"
8289,"4,19,3"
8290,"23,24,10"
8291,"402,40,220"
8292,"10,64,80"
8293,"40,184,185"
8294,"23,24,49"
8295,"0,206,208"
8296,"169,199,343"
8297,"3,53,15"
8298,"40,131,134"
8299,"3,4,5"
8300,"0,216,304"
8301,"169,0,337"
8302,"66,3,30"
8303,"3,23,53"
8304,"23,26,89"
8305,"3,53,523"
8306,"3,51,52"
8307,"206,0,249"
8308,"5,3,228"
8309,"40,41,42"
8310,"21,3,108"
8311,"0,313,485"
8312,"10,64,93"
8313,"23,74,303"
8314,"23,26,40"
8315,"3,21,108"
8316,"0,214,271"
8317,"3,21,301"
8318,"199,169,356"
8319,"23,49,24"
8320,"169,170,339"
8321,"3,111,161"
8322,"23,24,43"
8323,"64,10,23"
8324,"64,10,448"
8325,"64,10,65"
8326,"169,170,260"
8327,"40,129,128"
8328,"23,74,303"
8329,"508,426,169"
8330,"220,10,221"
8331,"3,190,28"
8332,"10,54,95"
8333,"11,10,12"
8334,"3,147,5"
8335,"3,17,168"
8336,"3,287,21"
8337,"40,135,395"
8338,"3,21,102"
8339,"160,40,302"
8340,"17,3,168"
8341,"3,21,108"
8342,"3,4,19"
8343,"8,0,235"
8344,"10,64,93"
8345,"23,26,271"
8346,"3,21,33"
8347,"40,41,286"
8348,"40,31,23"
8349,"23,74,118"
8350,"23,24,62"
8351,"10,11,109"
8352,"10,54,95"
8353,"23,26,89"
8354,"10,40,145"
8355,"3,40,35"
8356,"10,93,64"
8357,"4,3,238"
8358,"23,74,317"
8359,"10,220,221"
8360,"23,105,106"
8361,"169,199,281"
8362,"169,199,171"
8363,"0,26,130"
8364,"40,184,243"
8365,"0,271,272"
8366,"3,4,19"
8367,"3,30,66"
8368,"11,10,109"
8369,"15,16,3"
8370,"23,63,38"
8371,"23,26,89"
8372,"169,199,248"
8373,"23,31,328"
8374,"40,152,151"
8375,"17,3,168"
8376,"11,10,205"
8377,"0,313,346"
8378,"15,16,3"
8379,"10,11,109"
8380,"23,71,165"
8381,"3,40,41"
8382,"379,0,17"
8383,"74,23,303"
8384,"40,145,44"
8385,"0,8,410"
8386,"21,3,40"
8387,"10,54,173"
8388,"3,53,21"
8389,"220,10,221"
8390,"3,111,119"
8391,"40,160,315"
8392,"3,21,34"
8393,"3,21,127"
8394,"3,23,31"
8395,"3,21,68"
8396,"0,365,340"
8397,"44,145,40"
8398,"169,199,171"
8399,"31,23,258"
8400,"10,11,109"
8401,"23,131,40"
8402,"147,3,167"
8403,"169,199,281"
8404,"199,169,343"
8405,"169,260,199"
8406,"23,26,89"
8407,"23,24,40"
8408,"3,17,168"
8409,"3,111,21"
8410,"74,23,303"
8411,"23,26,89"
8412,"31,23,40"
8413,"38,23,44"
8414,"64,10,473"
8415,"11,10,109"
8416,"10,54,0"
8417,"10,65,64"
8418,"3,15,16"
8419,"74,23,303"
8420,"0,271,456"
8421,"64,10,80"
8422,"26,23,89"
8423,"169,459,199"
8424,"40,131,134"
8425,"40,131,226"
8426,"23,106,105"
8427,"23,26,231"
8428,"23,43,24"
8429,"40,10,145"
8430,"139,40,153"
8431,"169,199,281"
8432,"0,271,353"
8433,"64,10,448"
8434,"10,11,205"
8435,"3,21,115"
8436,"3,21,379"
8437,"340,0,265"
8438,"23,345,309"
8439,"3,85,111"
8440,"40,128,129"
8441,"17,3,168"
8442,"8,0,206"
8443,"3,17,320"
8444,"23,38,71"
8445,"23,345,21"
8446,"169,199,281"
8447,"11,10,109"
8448,"0,429,456"
8449,"3,5,57"
8450,"0,8,285"
8451,"23,345,38"
8452,"3,53,523"
8453,"0,23,26"
8454,"128,129,40"
8455,"23,345,38"
8456,"197,23,10"
8457,"3,17,40"
8458,"169,170,260"
8459,"0,271,265"
8460,"0,444,291"
8461,"26,23,346"
8462,"23,38,74"
8463,"23,40,24"
8464,"40,184,131"
8465,"40,152,151"
8466,"26,23,231"
8467,"40,41,224"
8468,"23,31,96"
8469,"145,40,72"
8470,"3,17,168"
8471,"0,1,2"
8472,"169,199,281"
8473,"10,64,93"
8474,"169,199,10"
8475,"8,206,0"
8476,"0,216,255"
8477,"64,10,23"
8478,"220,221,10"
8479,"258,31,296"
8480,"3,15,16"
8481,"220,221,10"
8482,"8,0,405"
8483,"10,220,242"
8484,"169,199,281"
8485,"220,221,10"
8486,"3,21,48"
8487,"169,199,356"
8488,"3,74,303"
8489,"10,64,65"
8490,"169,199,312"
8491,"40,128,186"
8492,"230,229,0"
8493,"3,28,53"
8494,"23,105,318"
8495,"23,31,74"
8496,"271,0,272"
8497,"10,64,338"
8498,"64,10,80"
8499,"169,296,170"
8500,"199,169,323"
8501,"28,3,86"
8502,"8,0,206"
8503,"40,145,31"
8504,"312,169,426"
8505,"10,60,239"
8506,"40,3,153"
8507,"169,199,248"
8508,"10,11,12"
8509,"40,160,315"
8510,"23,74,303"
8511,"169,199,10"
8512,"40,139,155"
8513,"3,523,21"
8514,"169,199,356"
8515,"17,3,168"
8516,"169,312,170"
8517,"169,170,199"
8518,"0,291,456"
8519,"145,40,44"
8520,"199,169,356"
8521,"147,3,148"
8522,"23,26,350"
8523,"0,40,139"
8524,"40,139,135"
8525,"10,60,239"
8526,"23,26,89"
8527,"10,12,11"
8528,"3,111,112"
8529,"40,131,241"
8530,"199,169,223"
8531,"105,23,318"
8532,"3,53,523"
8533,"3,4,435"
8534,"220,10,221"
8535,"3,21,108"
8536,"40,145,44"
8537,"23,26,350"
8538,"23,24,43"
8539,"8,0,410"
8540,"3,21,127"
8541,"169,199,459"
8542,"111,3,31"
8543,"3,21,40"
8544,"220,221,17"
8545,"3,66,30"
8546,"0,255,462"
8547,"3,34,21"
8548,"40,145,146"
8549,"8,0,285"
8550,"40,152,151"
8551,"0,216,212"
8552,"11,8,0"
8553,"3,17,168"
8554,"3,21,108"
8555,"3,21,30"
8556,"3,111,267"
8557,"0,337,339"
8558,"23,303,38"
8559,"220,10,221"
8560,"64,10,65"
8561,"10,11,205"
8562,"64,10,338"
8563,"23,26,231"
8564,"23,24,44"
8565,"8,0,308"
8566,"40,145,402"
8567,"169,170,459"
8568,"169,170,337"
8569,"131,40,142"
8570,"3,21,124"
8571,"3,21,127"
8572,"220,10,221"
8573,"169,199,281"
8574,"0,271,291"
8575,"3,111,119"
8576,"220,10,242"
8577,"3,147,156"
8578,"431,40,135"
8579,"23,43,24"
8580,"3,53,29"
8581,"23,39,38"
8582,"23,74,303"
8583,"3,111,119"
8584,"23,26,350"
8585,"128,129,40"
8586,"3,30,66"
8587,"23,74,31"
8588,"10,11,109"
8589,"23,105,318"
8590,"139,140,40"
8591,"31,40,454"
8592,"23,24,43"
8593,"169,170,417"
8594,"23,220,10"
8595,"169,199,343"
8596,"64,10,80"
8597,"214,213,0"
8598,"169,199,281"
8599,"15,16,3"
8600,"40,195,128"
8601,"64,10,80"
8602,"170,169,459"
8603,"40,21,41"
8604,"40,334,160"
8605,"3,34,169"
8606,"3,111,112"
8607,"11,109,10"
8608,"169,170,296"
8609,"169,170,459"
8610,"3,21,187"
8611,"23,118,74"
8612,"23,24,25"
8613,"11,10,109"
8614,"0,271,362"
8615,"23,38,309"
8616,"0,271,456"
8617,"10,239,60"
8618,"3,34,46"
8619,"60,10,61"
8620,"3,33,127"
8621,"3,85,21"
8622,"17,0,3"
8623,"169,199,426"
8624,"17,3,168"
8625,"40,131,406"
8626,"220,10,221"
8627,"23,38,71"
8628,"40,152,151"
8629,"23,105,318"
8630,"3,5,331"
8631,"3,21,124"
8632,"23,26,350"
8633,"296,169,428"
8634,"40,41,139"
8635,"3,111,21"
8636,"23,43,24"
8637,"3,85,86"
8638,"241,131,40"
8639,"147,3,156"
8640,"23,38,74"
8641,"40,41,149"
8642,"40,131,134"
8643,"26,23,350"
8644,"40,145,24"
8645,"100,208,0"
8646,"21,3,41"
8647,"23,77,31"
8648,"40,152,151"
8649,"3,53,147"
8650,"3,21,48"
8651,"23,24,59"
8652,"0,211,319"
8653,"128,40,129"
8654,"160,40,315"
8655,"25,23,40"
8656,"28,190,3"
8657,"40,159,131"
8658,"23,31,96"
8659,"23,24,49"
8660,"129,128,40"
8661,"0,271,355"
8662,"11,10,12"
8663,"131,40,226"
8664,"40,145,44"
8665,"40,131,226"
8666,"0,366,271"
8667,"426,427,169"
8668,"4,3,19"
8669,"23,26,350"
8670,"3,147,15"
8671,"0,319,211"
8672,"220,221,10"
8673,"0,279,249"
8674,"40,135,139"
8675,"3,66,30"
8676,"64,10,90"
8677,"3,21,127"
8678,"169,199,281"
8679,"23,24,49"
8680,"169,199,281"
8681,"8,0,206"
8682,"21,3,187"
8683,"3,21,126"
8684,"169,199,281"
8685,"3,53,523"
8686,"169,426,199"
8687,"23,43,24"
8688,"10,24,64"
8689,"8,0,206"
8690,"169,199,281"
8691,"3,34,447"
8692,"40,41,42"
8693,"3,21,301"
8694,"64,10,80"
8695,"135,40,138"
8696,"64,10,448"
8697,"10,64,93"
8698,"220,10,221"
8699,"0,8,235"
8700,"0,216,304"
8701,"64,10,80"
8702,"3,33,40"
8703,"3,147,148"
8704,"0,1,2"
8705,"23,24,43"
8706,"40,139,41"
8707,"23,74,38"
8708,"23,26,89"
8709,"95,40,145"
8710,"23,31,454"
8711,"40,10,145"
8712,"23,26,350"
8713,"23,74,96"
8714,"10,40,145"
8715,"169,199,170"
8716,"40,41,126"
8717,"40,41,21"
8718,"10,64,93"
8719,"0,3,21"
8720,"0,272,361"
8721,"3,53,4"
8722,"3,30,66"
8723,"23,31,32"
8724,"169,135,40"
8725,"40,145,44"
8726,"10,65,64"
8727,"23,49,24"
8728,"23,74,118"
8729,"3,17,168"
8730,"40,131,134"
8731,"0,271,352"
8732,"44,40,145"
8733,"169,199,135"
8734,"40,3,118"
8735,"128,151,152"
8736,"3,48,21"
8737,"23,24,10"
8738,"10,40,145"
8739,"169,337,170"
8740,"23,24,49"
8741,"23,26,89"
8742,"3,53,523"
8743,"169,199,323"
8744,"220,10,221"
8745,"214,0,213"
8746,"40,145,44"
8747,"3,17,168"
8748,"296,169,277"
8749,"0,271,26"
8750,"0,218,512"
8751,"271,0,456"
8752,"40,145,437"
8753,"0,8,313"
8754,"10,12,11"
8755,"40,140,128"
8756,"0,340,271"
8757,"220,10,221"
8758,"0,208,261"
8759,"60,10,61"
8760,"3,111,119"
8761,"175,128,237"
8762,"281,271,223"
8763,"138,135,40"
8764,"3,21,15"
8765,"0,271,362"
8766,"23,31,32"
8767,"23,71,74"
8768,"11,10,205"
8769,"131,40,406"
8770,"0,429,456"
8771,"220,221,10"
8772,"23,26,89"
8773,"10,220,242"
8774,"131,40,406"
8775,"10,64,93"
8776,"41,40,3"
8777,"340,21,3"
8778,"43,23,24"
8779,"21,3,127"
8780,"135,40,295"
8781,"265,0,266"
8782,"40,145,146"
8783,"169,281,199"
8784,"169,260,170"
8785,"64,10,448"
8786,"40,145,44"
8787,"43,23,24"
8788,"3,21,127"
8789,"23,74,303"
8790,"10,220,242"
8791,"220,10,221"
8792,"23,26,89"
8793,"23,38,74"
8794,"3,21,287"
8795,"3,66,28"
8796,"0,271,265"
8797,"3,13,204"
8798,"10,64,65"
8799,"3,21,379"
8800,"40,186,128"
8801,"26,23,231"
8802,"23,3,31"
8803,"220,10,208"
8804,"10,23,64"
8805,"0,277,413"
8806,"10,12,11"
8807,"23,24,49"
8808,"3,111,267"
8809,"31,23,32"
8810,"26,0,23"
8811,"3,28,190"
8812,"10,64,93"
8813,"0,1,2"
8814,"23,118,74"
8815,"3,21,126"
8816,"3,21,379"
8817,"3,21,108"
8818,"0,216,380"
8819,"23,26,89"
8820,"23,74,303"
8821,"0,271,355"
8822,"169,170,260"
8823,"0,216,354"
8824,"0,23,265"
8825,"23,38,71"
8826,"3,15,16"
8827,"199,169,281"
8828,"3,147,148"
8829,"8,0,308"
8830,"0,271,355"
8831,"3,17,168"
8832,"40,145,162"
8833,"13,3,204"
8834,"3,85,86"
8835,"8,0,235"
8836,"0,40,64"
8837,"169,171,131"
8838,"23,74,118"
8839,"0,346,313"
8840,"3,21,108"
8841,"128,40,129"
8842,"23,74,84"
8843,"3,21,126"
8844,"23,49,24"
8845,"500,118,23"
8846,"169,170,337"
8847,"3,21,127"
8848,"40,145,146"
8849,"40,146,145"
8850,"64,10,80"
8851,"40,128,395"
8852,"220,10,242"
8853,"169,199,281"
8854,"169,199,281"
8855,"40,131,406"
8856,"10,220,242"
8857,"40,145,44"
8858,"220,10,242"
8859,"26,23,231"
8860,"23,318,105"
8861,"169,199,323"
8862,"4,3,238"
8863,"10,64,473"
8864,"23,74,38"
8865,"10,60,61"
8866,"169,170,199"
8867,"339,169,337"
8868,"23,32,31"
8869,"3,34,169"
8870,"23,74,38"
8871,"169,199,323"
8872,"11,10,12"
8873,"3,4,19"
8874,"40,145,44"
8875,"40,131,139"
8876,"3,30,66"
8877,"23,26,231"
8878,"8,0,206"
8879,"169,171,131"
8880,"3,21,127"
8881,"10,205,11"
8882,"0,271,456"
8883,"40,145,64"
8884,"4,3,238"
8885,"40,241,395"
8886,"3,17,51"
8887,"220,10,221"
8888,"23,25,74"
8889,"3,4,183"
8890,"40,402,145"
8891,"169,170,199"
8892,"0,169,216"
8893,"1,2,3"
8894,"24,23,59"
8895,"3,17,85"
8896,"271,361,272"
8897,"3,15,16"
8898,"220,10,242"
8899,"3,147,148"
8900,"206,0,8"
8901,"169,199,323"
8902,"40,139,41"
8903,"23,38,105"
8904,"44,10,45"
8905,"3,147,148"
8906,"4,3,7"
8907,"40,131,134"
8908,"40,100,3"
8909,"40,41,324"
8910,"23,31,32"
8911,"71,23,38"
8912,"3,188,4"
8913,"169,337,170"
8914,"3,147,148"
8915,"40,162,163"
8916,"152,151,40"
8917,"40,131,406"
8918,"24,23,59"
8919,"3,21,147"
8920,"23,74,118"
8921,"169,199,343"
8922,"25,23,24"
8923,"5,3,228"
8924,"0,8,235"
8925,"31,23,328"
8926,"40,128,129"
8927,"10,64,93"
8928,"3,21,126"
8929,"3,15,16"
8930,"23,145,24"
8931,"296,169,428"
8932,"10,60,61"
8933,"10,64,338"
8934,"100,292,367"
8935,"26,23,231"
8936,"3,147,148"
8937,"23,49,24"
8938,"0,8,249"
8939,"26,23,231"
8940,"287,3,105"
8941,"3,263,21"
8942,"169,199,281"
8943,"220,242,10"
8944,"0,218,446"
8945,"26,23,231"
8946,"235,0,8"
8947,"23,26,89"
8948,"10,60,64"
8949,"220,10,242"
8950,"3,21,108"
8951,"131,40,406"
8952,"34,17,3"
8953,"23,31,258"
8954,"10,93,64"
8955,"169,199,374"
8956,"40,145,44"
8957,"169,199,171"
8958,"3,21,379"
8959,"40,129,128"
8960,"220,10,221"
8961,"23,74,165"
8962,"40,224,41"
8963,"23,105,106"
8964,"145,40,44"
8965,"38,44,10"
8966,"3,238,4"
8967,"3,15,379"
8968,"4,3,238"
8969,"3,21,108"
8970,"3,15,16"
8971,"40,135,250"
8972,"3,17,168"
8973,"0,216,380"
8974,"40,160,315"
8975,"3,21,379"
8976,"3,53,68"
8977,"40,131,134"
8978,"145,40,44"
8979,"64,10,80"
8980,"220,10,221"
8981,"3,21,53"
8982,"40,145,44"
8983,"3,147,156"
8984,"417,169,296"
8985,"24,23,10"
8986,"23,24,370"
8987,"23,26,89"
8988,"23,26,89"
8989,"169,171,199"
8990,"147,3,148"
8991,"40,152,160"
8992,"40,145,44"
8993,"74,23,40"
8994,"23,38,91"
8995,"40,145,10"
8996,"64,10,338"
8997,"40,186,128"
8998,"10,60,64"
8999,"4,238,3"
9000,"3,111,4"
9001,"169,199,26"
9002,"220,221,10"
9003,"40,145,44"
9004,"10,220,242"
9005,"40,135,138"
9006,"64,10,338"
9007,"3,30,66"
9008,"40,145,44"
9009,"3,4,238"
9010,"0,516,271"
9011,"23,26,350"
9012,"10,11,109"
9013,"220,221,10"
9014,"10,220,221"
9015,"10,40,220"
9016,"3,17,320"
9017,"3,22,21"
9018,"10,11,205"
9019,"11,205,10"
9020,"23,165,71"
9021,"40,41,286"
9022,"3,5,228"
9023,"169,199,26"
9024,"0,279,249"
9025,"0,255,348"
9026,"3,17,168"
9027,"3,21,127"
9028,"23,43,24"
9029,"10,60,61"
9030,"40,131,169"
9031,"23,345,38"
9032,"21,40,3"
9033,"220,10,221"
9034,"3,35,36"
9035,"0,229,230"
9036,"3,21,17"
9037,"10,64,93"
9038,"169,296,170"
9039,"147,148,3"
9040,"0,271,456"
9041,"23,49,24"
9042,"40,160,302"
9043,"23,26,89"
9044,"3,5,228"
9045,"0,271,424"
9046,"3,34,447"
9047,"10,64,54"
9048,"64,10,80"
9049,"3,21,108"
9050,"220,10,221"
9051,"0,366,271"
9052,"3,21,108"
9053,"3,34,30"
9054,"220,10,221"
9055,"3,21,127"
9056,"3,111,112"
9057,"43,23,10"
9058,"40,41,128"
9059,"31,131,32"
9060,"8,0,235"
9061,"11,10,109"
9062,"40,186,128"
9063,"11,109,10"
9064,"3,21,22"
9065,"40,162,163"
9066,"169,199,356"
9067,"23,118,74"
9068,"17,3,168"
9069,"3,13,17"
9070,"220,10,221"
9071,"23,74,105"
9072,"40,145,44"
9073,"169,199,382"
9074,"199,169,323"
9075,"0,271,456"
9076,"10,64,473"
9077,"169,230,0"
9078,"40,135,138"
9079,"3,15,16"
9080,"265,0,349"
9081,"40,152,151"
9082,"64,10,448"
9083,"23,38,26"
9084,"40,199,169"
9085,"3,4,238"
9086,"199,169,281"
9087,"0,206,8"
9088,"0,271,218"
9089,"3,15,16"
9090,"40,31,402"
9091,"169,199,281"
9092,"281,199,169"
9093,"8,0,206"
9094,"170,169,260"
9095,"3,15,16"
9096,"169,199,343"
9097,"10,24,23"
9098,"3,21,108"
9099,"4,3,238"
9100,"23,24,49"
9101,"23,105,54"
9102,"10,60,61"
9103,"3,41,40"
9104,"74,165,23"
9105,"40,41,139"
9106,"10,220,242"
9107,"10,11,205"
9108,"24,23,59"
9109,"10,95,54"
9110,"139,40,155"
9111,"3,85,21"
9112,"152,151,40"
9113,"220,10,221"
9114,"169,170,260"
9115,"11,10,109"
9116,"3,28,113"
9117,"10,64,448"
9118,"74,23,165"
9119,"74,23,303"
9120,"40,128,129"
9121,"3,330,28"
9122,"3,21,111"
9123,"0,249,279"
9124,"10,220,242"
9125,"199,169,281"
9126,"3,111,85"
9127,"11,10,205"
9128,"0,271,291"
9129,"23,74,118"
9130,"3,111,53"
9131,"10,205,11"
9132,"3,21,48"
9133,"23,105,24"
9134,"23,38,309"
9135,"40,145,10"
9136,"10,60,93"
9137,"40,169,199"
9138,"31,23,3"
9139,"10,11,60"
9140,"40,145,44"
9141,"40,129,128"
9142,"220,10,242"
9143,"3,30,66"
9144,"169,426,427"
9145,"32,31,23"
9146,"40,128,129"
9147,"3,53,124"
9148,"3,0,17"
9149,"23,26,89"
9150,"169,199,281"
9151,"10,64,93"
9152,"3,17,111"
9153,"10,220,40"
9154,"296,169,300"
9155,"3,21,187"
9156,"4,3,19"
9157,"23,38,137"
9158,"220,10,242"
9159,"512,465,218"
9160,"296,169,336"
9161,"40,41,324"
9162,"23,26,89"
9163,"169,199,170"
9164,"10,93,64"
9165,"64,10,448"
9166,"214,213,0"
9167,"3,21,127"
9168,"4,3,19"
9169,"64,26,23"
9170,"0,271,362"
9171,"23,118,231"
9172,"169,199,281"
9173,"23,26,89"
9174,"10,11,12"
9175,"3,21,108"
9176,"8,0,206"
9177,"64,10,448"
9178,"40,431,135"
9179,"23,43,24"
9180,"64,10,448"
9181,"40,21,3"
9182,"220,221,10"
9183,"3,53,21"
9184,"10,11,12"
9185,"40,145,44"
9186,"128,129,40"
9187,"206,0,8"
9188,"17,3,168"
9189,"40,23,135"
9190,"10,60,61"
9191,"64,10,448"
9192,"10,54,95"
9193,"40,128,213"
9194,"40,152,151"
9195,"23,38,137"
9196,"3,53,287"
9197,"169,199,223"
9198,"0,216,304"
9199,"0,8,208"
9200,"126,3,21"
9201,"220,10,242"
9202,"3,17,168"
9203,"23,26,24"
9204,"53,3,467"
9205,"199,169,248"
9206,"21,3,127"
9207,"40,131,226"
9208,"271,456,0"
9209,"40,128,129"
9210,"169,199,343"
9211,"23,26,89"
9212,"10,54,95"
9213,"3,5,228"
9214,"40,145,437"
9215,"10,25,23"
9216,"3,15,16"
9217,"0,216,271"
9218,"3,111,119"
9219,"220,10,242"
9220,"145,40,44"
9221,"23,24,25"
9222,"26,23,21"
9223,"64,10,93"
9224,"3,21,168"
9225,"53,3,287"
9226,"64,10,448"
9227,"0,216,279"
9228,"10,64,93"
9229,"105,287,23"
9230,"169,459,170"
9231,"23,10,24"
9232,"3,21,187"
9233,"24,23,10"
9234,"40,160,315"
9235,"40,160,423"
9236,"0,8,82"
9237,"3,53,287"
9238,"8,0,206"
9239,"296,169,420"
9240,"147,3,148"
9241,"40,128,21"
9242,"23,105,24"
9243,"0,8,308"
9244,"3,21,108"
9245,"40,135,41"
9246,"128,129,40"
9247,"0,249,279"
9248,"3,111,119"
9249,"0,8,206"
9250,"40,145,194"
9251,"64,10,80"
9252,"64,10,448"
9253,"3,21,48"
9254,"0,271,366"
9255,"169,170,199"
9256,"23,74,303"
9257,"0,23,26"
9258,"147,3,148"
9259,"169,199,281"
9260,"169,199,64"
9261,"23,74,118"
9262,"135,40,236"
9263,"40,220,10"
9264,"3,169,339"
9265,"23,74,303"
9266,"3,4,238"
9267,"0,313,26"
9268,"28,330,364"
9269,"169,199,171"
9270,"0,214,291"
9271,"40,128,129"
9272,"10,11,205"
9273,"3,40,53"
9274,"3,53,147"
9275,"23,38,94"
9276,"23,74,62"
9277,"23,74,303"
9278,"3,85,86"
9279,"3,523,53"
9280,"10,64,93"
9281,"3,21,164"
9282,"3,36,21"
9283,"11,40,44"
9284,"169,170,459"
9285,"220,10,221"
9286,"23,84,38"
9287,"23,26,89"
9288,"3,21,68"
9289,"23,105,318"
9290,"23,26,89"
9291,"220,10,242"
9292,"10,60,61"
9293,"3,5,228"
9294,"24,59,23"
9295,"0,280,255"
9296,"3,21,301"
9297,"40,128,41"
9298,"0,216,319"
9299,"23,38,137"
9300,"118,3,23"
9301,"23,74,303"
9302,"40,145,44"
9303,"0,365,340"
9304,"3,21,53"
9305,"169,199,343"
9306,"40,162,163"
9307,"23,31,0"
9308,"11,10,205"
9309,"4,19,3"
9310,"64,10,93"
9311,"10,64,448"
9312,"3,21,108"
9313,"23,26,89"
9314,"64,10,448"
9315,"74,23,317"
9316,"3,13,14"
9317,"5,3,228"
9318,"3,4,435"
9319,"3,53,15"
9320,"23,26,89"
9321,"74,23,118"
9322,"23,74,49"
9323,"169,199,323"
9324,"40,41,286"
9325,"272,0,361"
9326,"169,170,199"
9327,"40,41,215"
9328,"220,10,221"
9329,"23,26,0"
9330,"3,21,287"
9331,"3,147,148"
9332,"40,139,153"
9333,"23,38,94"
9334,"3,4,70"
9335,"23,49,24"
9336,"4,3,435"
9337,"3,111,119"
9338,"40,41,139"
9339,"64,3,17"
9340,"10,199,239"
9341,"169,199,281"
9342,"64,10,448"
9343,"118,23,74"
9344,"23,74,317"
9345,"3,21,190"
9346,"23,74,165"
9347,"0,271,355"
9348,"23,25,24"
9349,"0,214,216"
9350,"21,271,340"
9351,"170,169,26"
9352,"3,147,148"
9353,"64,10,65"
9354,"23,231,26"
9355,"4,3,183"
9356,"169,170,199"
9357,"3,21,124"
9358,"169,199,431"
9359,"169,199,281"
9360,"3,21,379"
9361,"8,206,0"
9362,"169,199,170"
9363,"3,111,182"
9364,"199,169,343"
9365,"3,21,108"
9366,"23,43,24"
9367,"169,199,248"
9368,"23,26,89"
9369,"3,13,14"
9370,"3,66,30"
9371,"4,3,19"
9372,"3,21,53"
9373,"3,169,53"
9374,"40,160,315"
9375,"220,10,221"
9376,"8,0,285"
9377,"64,10,448"
9378,"23,24,43"
9379,"0,257,216"
9380,"139,40,153"
9381,"8,0,308"
9382,"40,145,3"
9383,"23,118,74"
9384,"206,0,8"
9385,"10,64,93"
9386,"0,216,304"
9387,"8,206,0"
9388,"40,160,315"
9389,"184,40,243"
9390,"8,206,0"
9391,"23,74,40"
9392,"3,147,148"
9393,"0,8,285"
9394,"0,218,465"
9395,"296,169,411"
9396,"3,21,108"
9397,"0,216,313"
9398,"23,43,24"
9399,"3,147,148"
9400,"23,105,495"
9401,"40,128,129"
9402,"0,216,304"
9403,"40,152,151"
9404,"199,169,323"
9405,"40,131,241"
9406,"10,322,54"
9407,"3,21,48"
9408,"3,147,148"
9409,"10,54,60"
9410,"128,129,40"
9411,"40,17,139"
9412,"10,234,60"
9413,"23,231,26"
9414,"40,10,145"
9415,"23,31,24"
9416,"23,24,26"
9417,"4,3,183"
9418,"40,23,31"
9419,"23,24,49"
9420,"3,21,379"
9421,"0,271,355"
9422,"169,199,343"
9423,"40,139,41"
9424,"3,13,204"
9425,"3,17,168"
9426,"3,4,70"
9427,"10,54,95"
9428,"17,168,3"
9429,"169,170,260"
9430,"10,11,12"
9431,"0,218,512"
9432,"4,3,238"
9433,"3,21,5"
9434,"26,350,23"
9435,"3,15,16"
9436,"220,221,10"
9437,"3,21,66"
9438,"10,64,323"
9439,"40,160,431"
9440,"131,40,226"
9441,"40,41,42"
9442,"3,21,127"
9443,"0,271,444"
9444,"23,74,118"
9445,"26,23,231"
9446,"23,271,26"
9447,"169,199,382"
9448,"40,145,44"
9449,"3,21,160"
9450,"3,85,21"
9451,"216,0,354"
9452,"0,8,206"
9453,"23,74,71"
9454,"10,64,93"
9455,"26,23,231"
9456,"0,257,216"
9457,"40,41,139"
9458,"23,26,89"
9459,"169,508,426"
9460,"23,74,84"
9461,"8,0,391"
9462,"3,21,187"
9463,"3,66,30"
9464,"8,0,235"
9465,"135,40,138"
9466,"11,10,109"
9467,"23,26,231"
9468,"40,139,153"
9469,"10,60,43"
9470,"131,406,40"
9471,"3,21,379"
9472,"40,145,402"
9473,"40,145,44"
9474,"0,311,169"
9475,"40,131,406"
9476,"3,5,53"
9477,"220,10,242"
9478,"64,10,448"
9479,"23,118,74"
9480,"10,54,220"
9481,"169,170,459"
9482,"64,10,65"
9483,"249,0,279"
9484,"23,38,137"
9485,"147,3,148"
9486,"40,41,191"
9487,"131,40,184"
9488,"0,271,397"
9489,"3,17,168"
9490,"3,21,187"
9491,"206,0,369"
9492,"15,16,3"
9493,"0,319,211"
9494,"0,206,208"
9495,"23,26,89"
9496,"3,53,147"
9497,"64,10,80"
9498,"128,40,129"
9499,"3,183,5"
9500,"296,169,526"
9501,"40,160,315"
9502,"74,23,165"
9503,"10,220,221"
9504,"220,221,10"
9505,"40,139,155"
9506,"0,249,206"
9507,"0,8,235"
9508,"40,41,324"
9509,"169,199,281"
9510,"24,59,23"
9511,"0,271,456"
9512,"3,5,85"
9513,"11,10,109"
9514,"296,0,277"
9515,"100,13,3"
9516,"169,199,343"
9517,"3,21,111"
9518,"40,23,454"
9519,"3,21,169"
9520,"3,147,66"
9521,"199,169,281"
9522,"40,131,241"
9523,"170,169,337"
9524,"3,40,41"
9525,"40,145,44"
9526,"26,23,89"
9527,"0,216,421"
9528,"40,201,41"
9529,"21,3,127"
9530,"4,3,19"
9531,"23,26,89"
9532,"64,10,65"
9533,"0,249,279"
9534,"3,17,168"
9535,"0,257,271"
9536,"23,26,89"
9537,"3,53,21"
9538,"10,11,109"
9539,"0,208,369"
9540,"3,53,85"
9541,"24,23,253"
9542,"271,0,456"
9543,"31,23,454"
9544,"220,10,221"
9545,"3,48,21"
9546,"40,128,129"
9547,"23,24,43"
9548,"23,74,303"
9549,"128,129,40"
9550,"3,21,182"
9551,"0,216,319"
9552,"0,277,413"
9553,"3,147,127"
9554,"40,162,163"
9555,"4,3,238"
9556,"64,10,448"
9557,"10,59,23"
9558,"40,44,145"
9559,"10,64,93"
9560,"220,10,242"
9561,"169,171,199"
9562,"220,10,242"
9563,"169,170,23"
9564,"40,146,145"
9565,"0,216,170"
9566,"10,11,12"
9567,"23,24,49"
9568,"23,43,24"
9569,"23,31,258"
9570,"3,53,111"
9571,"23,71,74"
9572,"23,38,40"
9573,"23,89,26"
9574,"3,337,339"
9575,"220,10,221"
9576,"0,313,346"
9577,"3,40,126"
9578,"10,64,448"
9579,"8,0,405"
9580,"0,271,2"
9581,"3,21,40"
9582,"43,23,10"
9583,"74,23,303"
9584,"33,3,112"
9585,"26,23,89"
9586,"40,145,10"
9587,"0,249,279"
9588,"4,3,7"
9589,"169,170,459"
9590,"3,21,127"
9591,"10,11,109"
9592,"40,131,159"
9593,"169,170,459"
9594,"23,31,32"
9595,"131,40,31"
9596,"3,66,30"
9597,"40,131,142"
9598,"60,61,10"
9599,"0,26,89"
9600,"40,128,129"
9601,"118,23,74"
9602,"17,3,168"
9603,"0,271,522"
9604,"23,38,91"
9605,"23,38,40"
9606,"169,170,199"
9607,"40,139,41"
9608,"170,169,459"
9609,"3,150,13"
9610,"10,54,40"
9611,"3,111,119"
9612,"0,8,206"
9613,"23,74,38"
9614,"3,33,111"
9615,"3,4,19"
9616,"169,199,281"
9617,"506,23,105"
9618,"220,10,221"
9619,"49,24,23"
9620,"40,131,241"
9621,"40,31,23"
9622,"3,5,228"
9623,"0,271,355"
9624,"64,10,448"
9625,"169,170,260"
9626,"3,447,34"
9627,"296,169,411"
9628,"169,199,323"
9629,"279,249,418"
9630,"0,208,279"
9631,"43,23,24"
9632,"3,21,127"
9633,"23,49,24"
9634,"8,0,206"
9635,"169,199,170"
9636,"23,24,49"
9637,"0,216,257"
9638,"170,169,31"
9639,"40,152,151"
9640,"3,21,127"
9641,"24,23,10"
9642,"169,296,199"
9643,"23,24,10"
9644,"199,169,343"
9645,"23,26,89"
9646,"147,3,148"
9647,"40,186,41"
9648,"10,54,95"
9649,"3,53,17"
9650,"169,199,171"
9651,"40,41,224"
9652,"40,131,226"
9653,"10,54,24"
9654,"0,216,380"
9655,"40,145,146"
9656,"64,10,338"
9657,"23,38,137"
9658,"3,21,68"
9659,"10,64,93"
9660,"23,24,43"
9661,"60,10,61"
9662,"23,165,38"
9663,"26,23,0"
9664,"169,199,281"
9665,"220,10,242"
9666,"199,169,281"
9667,"3,21,68"
9668,"3,21,111"
9669,"64,10,23"
9670,"169,199,281"
9671,"169,199,323"
9672,"40,131,134"
9673,"3,30,104"
9674,"3,53,21"
9675,"10,64,93"
9676,"10,11,205"
9677,"23,31,32"
9678,"23,26,89"
9679,"23,74,118"
9680,"3,147,21"
9681,"3,21,108"
9682,"3,147,148"
9683,"23,31,0"
9684,"220,221,10"
9685,"220,10,242"
9686,"169,170,459"
9687,"199,169,323"
9688,"169,199,343"
9689,"40,135,138"
9690,"3,111,119"
9691,"3,30,219"
9692,"139,40,153"
9693,"169,356,199"
9694,"3,147,148"
9695,"10,11,109"
9696,"0,128,40"
9697,"220,10,221"
9698,"40,131,406"
9699,"0,218,475"
9700,"220,10,221"
9701,"462,463,0"
9702,"10,11,205"
9703,"169,170,337"
9704,"23,118,74"
9705,"23,38,64"
9706,"40,145,44"
9707,"40,145,10"
9708,"21,3,195"
9709,"169,64,170"
9710,"10,64,338"
9711,"40,131,159"
9712,"40,41,135"
9713,"28,190,3"
9714,"170,169,459"
9715,"10,64,448"
9716,"40,139,155"
9717,"169,426,199"
9718,"169,199,323"
9719,"40,145,24"
9720,"0,208,261"
9721,"0,313,346"
9722,"3,21,182"
9723,"3,147,148"
9724,"3,21,108"
9725,"3,108,21"
9726,"4,188,3"
9727,"40,131,241"
9728,"40,44,145"
9729,"64,10,65"
9730,"23,74,84"
9731,"3,111,161"
9732,"3,147,148"
9733,"0,271,456"
9734,"17,3,168"
9735,"23,38,165"
9736,"3,34,17"
9737,"10,64,93"
9738,"4,19,3"
9739,"40,135,189"
9740,"3,21,17"
9741,"220,10,221"
9742,"24,205,59"
9743,"64,10,169"
9744,"23,74,303"
9745,"40,145,44"
9746,"40,201,41"
9747,"3,111,53"
9748,"25,23,24"
9749,"137,38,87"
9750,"0,23,216"
9751,"169,199,248"
9752,"23,26,89"
9753,"0,26,8"
9754,"60,10,61"
9755,"220,10,221"
9756,"40,145,44"
9757,"131,40,226"
9758,"3,30,66"
9759,"25,40,145"
9760,"40,23,38"
9761,"23,71,74"
9762,"3,21,111"
9763,"220,10,221"
9764,"169,170,3"
9765,"40,131,128"
9766,"3,21,127"
9767,"23,24,43"
9768,"169,199,323"
9769,"3,21,187"
9770,"220,10,221"
9771,"4,3,19"
9772,"184,40,185"
9773,"10,60,93"
9774,"44,40,145"
9775,"146,40,145"
9776,"64,65,10"
9777,"3,21,127"
9778,"169,170,260"
9779,"53,3,287"
9780,"3,21,187"
9781,"169,170,459"
9782,"23,24,43"
9783,"23,26,89"
9784,"169,170,199"
9785,"3,4,238"
9786,"0,277,413"
9787,"0,265,349"
9788,"3,34,46"
9789,"40,128,129"
9790,"23,89,84"
9791,"169,10,64"
9792,"10,64,60"
9793,"40,131,139"
9794,"44,40,145"
9795,"23,43,24"
9796,"287,53,253"
9797,"40,41,149"
9798,"40,128,129"
9799,"10,220,221"
9800,"23,43,24"
9801,"169,311,199"
9802,"135,40,386"
9803,"3,30,66"
9804,"0,216,366"
9805,"17,3,168"
9806,"23,3,105"
9807,"3,21,108"
9808,"13,3,150"
9809,"3,28,113"
9810,"3,21,127"
9811,"199,169,323"
9812,"127,21,3"
9813,"23,24,43"
9814,"10,54,83"
9815,"40,139,153"
9816,"3,48,21"
9817,"0,208,369"
9818,"17,3,168"
9819,"64,10,80"
9820,"54,40,173"
9821,"40,287,106"
9822,"0,319,211"
9823,"40,131,406"
9824,"17,3,168"
9825,"23,38,137"
9826,"10,64,79"
9827,"31,23,328"
9828,"40,309,135"
9829,"169,199,281"
9830,"3,5,133"
9831,"3,28,190"
9832,"3,17,168"
9833,"3,111,28"
9834,"11,10,12"
9835,"0,271,456"
9836,"15,16,3"
9837,"220,10,221"
9838,"23,24,43"
9839,"169,199,374"
9840,"3,30,66"
9841,"4,3,238"
9842,"23,26,38"
9843,"10,54,40"
9844,"43,23,24"
9845,"40,152,151"
9846,"40,145,44"
9847,"0,271,291"
9848,"10,40,0"
9849,"64,10,65"
9850,"23,105,318"
9851,"3,85,158"
9852,"26,23,350"
9853,"10,64,43"
9854,"8,0,308"
9855,"3,21,127"
9856,"40,41,224"
9857,"220,10,221"
9858,"23,38,74"
9859,"3,147,148"
9860,"31,23,40"
9861,"199,169,281"
9862,"3,21,22"
9863,"10,220,242"
9864,"31,23,328"
9865,"361,211,319"
9866,"3,21,187"
9867,"3,21,187"
9868,"169,199,281"
9869,"40,23,74"
9870,"10,11,109"
9871,"3,147,523"
9872,"8,0,206"
9873,"3,199,169"
9874,"169,170,171"
9875,"3,53,287"
9876,"0,8,206"
9877,"3,28,190"
9878,"0,271,444"
9879,"40,41,42"
9880,"0,271,456"
9881,"169,199,281"
9882,"3,21,187"
9883,"199,169,343"
9884,"10,220,221"
9885,"128,129,40"
9886,"147,3,148"
9887,"118,74,23"
9888,"105,23,318"
9889,"0,271,360"
9890,"25,10,220"
9891,"3,4,174"
9892,"10,64,80"
9893,"169,171,199"
9894,"40,151,152"
9895,"3,21,33"
9896,"169,296,417"
9897,"3,188,30"
9898,"23,105,318"
9899,"21,3,127"
9900,"26,23,350"
9901,"40,31,145"
9902,"26,23,0"
9903,"10,64,90"
9904,"10,64,40"
9905,"3,147,33"
9906,"0,216,212"
9907,"23,31,96"
9908,"156,147,3"
9909,"3,85,21"
9910,"40,135,250"
9911,"40,145,44"
9912,"10,11,109"
9913,"169,199,323"
9914,"0,319,211"
9915,"0,230,28"
9916,"3,21,187"
9917,"23,38,74"
9918,"40,41,139"
9919,"10,43,23"
9920,"17,3,320"
9921,"40,160,302"
9922,"3,21,301"
9923,"3,21,22"
9924,"152,151,40"
9925,"40,186,41"
9926,"462,463,0"
9927,"11,10,109"
9928,"23,38,137"
9929,"3,17,168"
9930,"3,147,156"
9931,"169,199,0"
9932,"10,95,54"
9933,"169,296,274"
9934,"40,41,224"
9935,"3,15,16"
9936,"3,13,14"
9937,"0,271,355"
9938,"0,271,456"
9939,"169,170,337"
9940,"3,68,53"
9941,"64,10,338"
9942,"23,243,40"
9943,"10,60,24"
9944,"64,10,448"
9945,"0,8,216"
9946,"0,8,235"
9947,"23,26,0"
9948,"3,523,53"
9949,"23,31,96"
9950,"220,10,242"
9951,"8,0,206"
9952,"199,169,343"
9953,"220,10,221"
9954,"3,21,108"
9955,"3,28,330"
9956,"3,53,21"
9957,"13,11,3"
9958,"40,131,241"
9959,"15,16,3"
9960,"4,3,19"
9961,"220,10,242"
9962,"40,162,163"
9963,"40,131,406"
9964,"21,3,187"
9965,"3,21,301"
9966,"26,337,169"
9967,"10,40,145"
9968,"0,271,311"
9969,"23,31,74"
9970,"3,15,16"
9971,"3,21,187"
9972,"40,131,406"
9973,"3,144,15"
9974,"40,128,129"
9975,"169,171,199"
9976,"3,17,168"
9977,"0,265,349"
9978,"10,40,145"
9979,"24,23,43"
9980,"3,53,523"
9981,"10,173,93"
9982,"220,10,221"
9983,"0,354,216"
9984,"3,15,16"
9985,"3,21,127"
9986,"26,23,89"
9987,"23,24,38"
9988,"0,444,271"
9989,"3,4,19"
9990,"40,139,153"
9991,"40,131,185"
9992,"38,10,23"
9993,"0,340,349"
9994,"3,53,325"
9995,"220,10,221"
9996,"40,145,44"
9997,"23,71,38"
9998,"169,170,199"
9999,"0,313,346"
10000,"0,23,279"
10001,"3,147,203"
10002,"0,249,279"
10003,"169,199,281"
10004,"3,4,19"
10005,"229,0,421"
10006,"220,221,10"
10007,"0,10,60"
10008,"40,131,406"
10009,"23,31,258"
10010,"220,10,242"
10011,"170,169,260"
10012,"23,74,38"
10013,"3,21,182"
10014,"40,135,128"
10015,"3,485,21"
10016,"40,131,486"
10017,"10,64,24"
10018,"40,146,41"
10019,"0,272,271"
10020,"3,100,17"
10021,"237,128,34"
10022,"40,41,324"
10023,"40,145,10"
10024,"3,169,426"
10025,"43,23,24"
10026,"0,8,308"
10027,"8,0,26"
10028,"23,74,3"
10029,"40,151,152"
10030,"40,41,368"
10031,"100,0,17"
10032,"220,221,10"
10033,"3,21,108"
10034,"3,169,170"
10035,"3,40,13"
10036,"135,40,236"
10037,"3,53,523"
10038,"10,43,24"
10039,"160,40,3"
10040,"64,10,93"
10041,"23,26,89"
10042,"40,146,145"
10043,"40,131,142"
10044,"74,23,303"
10045,"169,170,199"
10046,"71,23,38"
10047,"220,10,221"
10048,"40,152,151"
10049,"11,10,109"
10050,"160,40,3"
10051,"169,199,40"
10052,"0,271,456"
10053,"206,0,369"
10054,"40,21,3"
10055,"17,3,168"
10056,"3,147,148"
10057,"169,199,259"
10058,"3,13,150"
10059,"3,17,168"
10060,"54,10,95"
10061,"40,292,3"
10062,"0,365,340"
10063,"31,23,454"
10064,"426,223,271"
10065,"10,64,60"
10066,"184,185,40"
10067,"199,169,40"
10068,"64,10,448"
10069,"220,221,10"
10070,"3,4,183"
10071,"3,21,53"
10072,"220,10,221"
10073,"23,26,89"
10074,"40,41,42"
10075,"40,128,129"
10076,"4,3,19"
10077,"64,10,338"
10078,"206,8,0"
10079,"171,199,40"
10080,"40,145,131"
10081,"10,64,93"
10082,"3,15,16"
10083,"23,40,31"
10084,"23,26,89"
10085,"3,21,22"
10086,"23,74,118"
10087,"10,54,55"
10088,"128,40,129"
10089,"3,85,111"
10090,"0,271,366"
10091,"3,21,48"
10092,"11,10,205"
10093,"40,152,151"
10094,"3,147,15"
10095,"10,11,12"
10096,"23,60,10"
10097,"3,53,287"
10098,"3,111,119"
10099,"3,21,108"
10100,"40,139,155"
10101,"3,364,4"
10102,"3,147,148"
10103,"0,271,265"
10104,"3,21,127"
10105,"23,25,24"
10106,"3,116,447"
10107,"3,13,150"
10108,"64,10,338"
10109,"169,170,260"
10110,"169,170,199"
10111,"0,249,279"
10112,"169,199,281"
10113,"3,21,187"
10114,"95,10,54"
10115,"40,241,131"
10116,"0,2,1"
10117,"220,221,10"
10118,"0,214,304"
10119,"3,15,34"
10120,"3,21,164"
10121,"220,221,10"
10122,"169,170,260"
10123,"0,216,304"
10124,"169,199,281"
10125,"10,60,61"
10126,"220,221,10"
10127,"40,11,145"
10128,"456,0,271"
10129,"40,145,44"
10130,"138,135,169"
10131,"0,271,272"
10132,"0,279,249"
10133,"3,85,158"
10134,"3,21,53"
10135,"23,26,350"
10136,"10,64,338"
10137,"3,111,112"
10138,"10,54,55"
10139,"3,53,111"
10140,"23,26,350"
10141,"10,11,12"
10142,"169,296,274"
10143,"169,199,281"
10144,"0,271,214"
10145,"40,145,44"
10146,"138,135,169"
10147,"0,304,216"
10148,"169,199,271"
10149,"3,15,16"
10150,"10,64,60"
10151,"40,41,224"
10152,"220,221,10"
10153,"40,129,128"
10154,"3,13,14"
10155,"3,21,147"
10156,"40,160,149"
10157,"8,0,3"
10158,"169,199,343"
10159,"23,49,24"
10160,"23,26,89"
10161,"64,10,338"
10162,"40,131,159"
10163,"23,24,49"
10164,"3,17,168"
10165,"169,296,507"
10166,"24,23,49"
10167,"0,271,444"
10168,"10,54,40"
10169,"64,10,80"
10170,"40,25,145"
10171,"3,199,53"
10172,"3,21,108"
10173,"3,147,148"
10174,"40,139,153"
10175,"3,66,30"
10176,"3,21,108"
10177,"40,185,184"
10178,"3,21,108"
10179,"3,21,108"
10180,"10,60,61"
10181,"40,139,153"
10182,"169,199,281"
10183,"10,11,12"
10184,"271,456,355"
10185,"40,135,236"
10186,"23,74,40"
10187,"3,147,15"
10188,"10,64,93"
10189,"220,10,242"
10190,"3,21,108"
10191,"40,139,155"
10192,"10,40,145"
10193,"145,40,44"
10194,"10,64,65"
10195,"40,131,241"
10196,"64,10,448"
10197,"3,148,147"
10198,"64,10,448"
10199,"23,74,31"
10200,"131,199,241"
10201,"3,66,30"
10202,"0,266,265"
10203,"220,10,221"
10204,"220,10,242"
10205,"10,54,11"
10206,"10,60,239"
10207,"0,8,208"
10208,"0,216,380"
10209,"10,54,95"
10210,"3,21,379"
10211,"10,60,234"
10212,"23,26,89"
10213,"31,40,23"
10214,"23,26,89"
10215,"11,10,109"
10216,"10,3,338"
10217,"0,513,1"
10218,"3,21,127"
10219,"147,3,148"
10220,"23,31,10"
10221,"0,208,505"
10222,"169,170,459"
10223,"3,21,28"
10224,"23,91,38"
10225,"89,26,23"
10226,"40,130,128"
10227,"40,41,139"
10228,"3,169,337"
10229,"23,31,454"
10230,"3,21,85"
10231,"5,3,6"
10232,"40,135,244"
10233,"3,111,267"
10234,"0,271,456"
10235,"40,145,64"
10236,"220,10,221"
10237,"169,199,138"
10238,"10,40,220"
10239,"40,160,302"
10240,"3,21,53"
10241,"23,38,24"
10242,"26,23,313"
10243,"169,170,260"
10244,"23,271,0"
10245,"23,44,40"
10246,"40,145,44"
10247,"3,15,16"
10248,"199,169,343"
10249,"3,4,28"
10250,"0,206,8"
10251,"23,40,74"
10252,"23,38,0"
10253,"23,24,26"
10254,"64,10,448"
10255,"3,21,379"
10256,"23,26,89"
10257,"0,271,352"
10258,"128,195,40"
10259,"8,0,391"
10260,"23,105,38"
10261,"3,21,108"
10262,"64,10,448"
10263,"10,220,242"
10264,"3,17,320"
10265,"40,41,149"
10266,"3,53,99"
10267,"0,271,456"
10268,"3,23,31"
10269,"169,199,323"
10270,"15,16,3"
10271,"23,31,32"
10272,"40,243,184"
10273,"3,21,108"
10274,"3,53,287"
10275,"40,184,131"
10276,"0,355,313"
10277,"41,40,21"
10278,"15,3,16"
10279,"10,64,90"
10280,"40,23,145"
10281,"23,24,43"
10282,"3,21,127"
10283,"23,340,24"
10284,"23,24,25"
10285,"3,33,147"
10286,"220,10,242"
10287,"60,10,61"
10288,"23,24,43"
10289,"0,271,223"
10290,"3,21,13"
10291,"3,21,17"
10292,"24,23,64"
10293,"3,111,123"
10294,"220,221,10"
10295,"40,145,146"
10296,"3,53,21"
10297,"10,11,60"
10298,"10,54,95"
10299,"40,135,138"
10300,"26,23,350"
10301,"0,456,271"
10302,"40,139,41"
10303,"3,21,127"
10304,"3,21,126"
10305,"0,8,308"
10306,"3,147,148"
10307,"3,21,48"
10308,"40,145,146"
10309,"10,11,12"
10310,"3,21,53"
10311,"3,147,156"
10312,"40,41,135"
10313,"40,145,10"
10314,"40,135,295"
10315,"3,523,111"
10316,"169,40,454"
10317,"3,21,108"
10318,"23,271,0"
10319,"169,170,459"
10320,"128,8,129"
10321,"0,216,319"
10322,"17,320,3"
10323,"220,221,10"
10324,"8,0,514"
10325,"40,41,126"
10326,"23,24,49"
10327,"23,24,43"
10328,"3,21,126"
10329,"3,183,4"
10330,"26,23,89"
10331,"3,21,53"
10332,"169,199,0"
10333,"40,128,129"
10334,"23,43,24"
10335,"3,21,238"
10336,"0,279,249"
10337,"0,271,280"
10338,"169,170,260"
10339,"17,3,168"
10340,"31,23,11"
10341,"3,21,108"
10342,"23,31,89"
10343,"40,145,146"
10344,"23,74,303"
10345,"23,74,118"
10346,"8,0,308"
10347,"0,218,351"
10348,"131,23,406"
10349,"23,31,96"
10350,"40,41,127"
10351,"64,10,448"
10352,"3,21,33"
10353,"10,60,239"
10354,"0,271,280"
10355,"460,296,169"
10356,"3,21,48"
10357,"152,199,151"
10358,"23,118,74"
10359,"199,169,281"
10360,"40,23,184"
10361,"23,74,118"
10362,"11,10,109"
10363,"3,147,148"
10364,"0,313,346"
10365,"169,170,260"
10366,"10,54,40"
10367,"463,462,0"
10368,"23,105,74"
10369,"10,11,109"
10370,"216,0,319"
10371,"40,145,23"
10372,"0,249,279"
10373,"3,111,267"
10374,"31,23,96"
10375,"40,41,128"
10376,"23,74,118"
10377,"169,199,248"
10378,"64,10,338"
10379,"131,40,184"
10380,"23,24,59"
10381,"169,312,3"
10382,"0,455,271"
10383,"10,220,40"
10384,"40,131,134"
10385,"40,10,145"
10386,"3,188,53"
10387,"40,3,41"
10388,"10,64,239"
10389,"24,23,44"
10390,"0,8,457"
10391,"23,71,38"
10392,"0,216,279"
10393,"4,3,435"
10394,"3,66,30"
10395,"23,105,326"
10396,"4,174,3"
10397,"31,40,245"
10398,"0,271,349"
10399,"40,131,241"
10400,"23,26,89"
10401,"10,234,11"
10402,"169,170,31"
10403,"169,199,281"
10404,"10,11,44"
10405,"40,145,44"
10406,"3,68,21"
10407,"147,3,148"
10408,"169,64,10"
10409,"23,43,24"
10410,"10,105,23"
10411,"3,21,126"
10412,"8,0,327"
10413,"23,26,89"
10414,"3,17,168"
10415,"3,15,16"
10416,"40,131,226"
10417,"3,4,238"
10418,"0,340,265"
10419,"10,11,12"
10420,"10,23,160"
10421,"64,10,80"
10422,"10,64,93"
10423,"145,40,524"
10424,"40,3,41"
10425,"23,74,303"
10426,"23,43,24"
10427,"3,21,187"
10428,"169,199,323"
10429,"40,10,145"
10430,"169,199,374"
10431,"11,10,205"
10432,"40,145,10"
10433,"30,32,66"
10434,"3,190,21"
10435,"23,26,89"
10436,"4,19,3"
10437,"3,282,111"
10438,"3,21,41"
10439,"134,131,31"
10440,"53,3,287"
10441,"169,296,274"
10442,"10,234,60"
10443,"10,44,40"
10444,"3,21,108"
10445,"169,296,131"
10446,"3,13,153"
10447,"199,169,356"
10448,"169,171,199"
10449,"169,199,343"
10450,"40,145,44"
10451,"40,41,160"
10452,"169,199,281"
10453,"3,4,238"
10454,"199,169,281"
10455,"10,60,64"
10456,"40,146,145"
10457,"8,0,206"
10458,"220,10,221"
10459,"0,235,208"
10460,"118,23,74"
10461,"10,11,12"
10462,"0,271,272"
10463,"4,3,435"
10464,"162,40,163"
10465,"10,54,322"
10466,"10,11,205"
10467,"0,271,444"
10468,"8,0,514"
10469,"0,214,213"
10470,"220,10,242"
10471,"23,38,87"
10472,"220,10,221"
10473,"4,19,3"
10474,"169,199,170"
10475,"3,48,40"
10476,"169,296,170"
10477,"3,320,17"
10478,"277,513,60"
10479,"40,152,151"
10480,"3,4,435"
10481,"40,160,166"
10482,"40,41,42"
10483,"23,31,96"
10484,"220,10,221"
10485,"23,24,43"
10486,"64,169,10"
10487,"169,199,281"
10488,"3,85,86"
10489,"296,169,460"
10490,"3,21,126"
10491,"169,199,281"
10492,"64,10,23"
10493,"40,131,134"
10494,"169,199,170"
10495,"3,17,168"
10496,"10,11,205"
10497,"147,3,148"
10498,"169,199,374"
10499,"199,2,0"
10500,"26,23,89"
10501,"64,10,448"
10502,"40,139,131"
10503,"0,208,421"
10504,"40,175,128"
10505,"4,3,435"
10506,"23,26,89"
10507,"3,21,127"
10508,"23,31,131"
10509,"64,10,448"
10510,"40,395,139"
10511,"40,131,406"
10512,"23,26,89"
10513,"23,26,231"
10514,"43,23,24"
10515,"40,131,142"
10516,"206,23,8"
10517,"10,11,12"
10518,"0,21,3"
10519,"23,26,89"
10520,"10,64,93"
10521,"64,10,448"
10522,"40,41,131"
10523,"3,13,17"
10524,"3,66,30"
10525,"169,199,382"
10526,"40,44,145"
10527,"40,145,44"
10528,"23,74,105"
10529,"220,10,242"
10530,"8,0,391"
10531,"40,160,41"
10532,"10,40,145"
10533,"3,21,187"
10534,"0,8,346"
10535,"3,4,183"
10536,"23,26,89"
10537,"21,3,108"
10538,"23,74,303"
10539,"40,160,315"
10540,"3,108,21"
10541,"10,64,93"
10542,"169,199,323"
10543,"3,160,147"
10544,"111,3,284"
10545,"23,26,89"
10546,"3,160,247"
10547,"10,11,205"
10548,"3,147,148"
10549,"0,444,291"
10550,"23,31,32"
10551,"10,40,54"
10552,"3,111,112"
10553,"296,169,460"
10554,"41,224,40"
10555,"64,10,448"
10556,"3,111,119"
10557,"23,49,24"
10558,"40,41,128"
10559,"40,131,134"
10560,"0,8,23"
10561,"23,74,38"
10562,"199,10,169"
10563,"40,145,44"
10564,"145,40,44"
10565,"3,111,119"
10566,"10,23,40"
10567,"64,10,338"
10568,"23,43,24"
10569,"3,5,228"
10570,"3,21,108"
10571,"3,66,386"
10572,"23,26,89"
10573,"23,105,318"
10574,"10,11,12"
10575,"40,23,74"
10576,"0,271,456"
10577,"23,38,87"
10578,"3,34,46"
10579,"40,131,406"
10580,"220,10,242"
10581,"0,216,304"
10582,"169,170,34"
10583,"0,214,304"
10584,"169,199,281"
10585,"0,265,349"
10586,"23,24,59"
10587,"40,131,134"
10588,"10,11,109"
10589,"23,63,38"
10590,"3,21,187"
10591,"169,170,260"
10592,"40,145,44"
10593,"23,105,318"
10594,"131,40,241"
10595,"21,3,48"
10596,"44,145,45"
10597,"0,265,349"
10598,"23,74,118"
10599,"23,38,24"
10600,"0,216,271"
10601,"3,17,320"
10602,"10,54,322"
10603,"128,40,129"
10604,"296,169,411"
10605,"3,4,100"
10606,"448,64,10"
10607,"3,111,123"
10608,"3,147,148"
10609,"17,320,3"
10610,"40,131,241"
10611,"3,21,127"
10612,"10,64,93"
10613,"169,199,323"
10614,"21,3,126"
10615,"3,85,86"
10616,"3,21,126"
10617,"40,145,44"
10618,"3,21,33"
10619,"10,64,338"
10620,"3,21,127"
10621,"129,128,130"
10622,"169,199,170"
10623,"23,137,38"
10624,"23,128,40"
10625,"26,23,89"
10626,"220,40,454"
10627,"277,413,0"
10628,"169,170,199"
10629,"3,5,13"
10630,"21,3,102"
10631,"26,23,89"
10632,"220,10,242"
10633,"0,208,265"
10634,"64,10,80"
10635,"0,271,456"
10636,"3,21,164"
10637,"3,147,148"
10638,"3,17,320"
10639,"40,41,224"
10640,"8,0,308"
10641,"0,3,271"
10642,"0,216,288"
10643,"5,3,228"
10644,"23,24,43"
10645,"40,145,44"
10646,"160,40,315"
10647,"0,271,363"
10648,"23,89,26"
10649,"64,10,448"
10650,"145,40,44"
10651,"40,145,44"
10652,"23,38,74"
10653,"3,21,182"
10654,"40,129,128"
10655,"11,10,109"
10656,"40,131,226"
10657,"271,0,456"
10658,"26,23,231"
10659,"0,8,308"
10660,"15,16,3"
10661,"40,139,41"
10662,"10,60,24"
10663,"25,23,24"
10664,"169,417,296"
10665,"0,271,522"
10666,"40,41,324"
10667,"3,147,156"
10668,"23,26,89"
10669,"3,287,53"
10670,"220,221,10"
10671,"0,216,257"
10672,"40,128,131"
10673,"23,24,43"
10674,"0,313,346"
10675,"3,21,127"
10676,"10,54,322"
10677,"0,457,291"
10678,"23,49,24"
10679,"31,23,96"
10680,"0,271,355"
10681,"3,51,4"
10682,"41,40,21"
10683,"131,40,226"
10684,"40,135,189"
10685,"21,3,127"
10686,"271,0,456"
10687,"169,170,260"
10688,"23,118,38"
10689,"184,494,40"
10690,"169,199,281"
10691,"169,281,199"
10692,"53,23,3"
10693,"147,3,148"
10694,"0,8,285"
10695,"40,128,195"
10696,"3,5,228"
10697,"4,3,435"
10698,"3,53,238"
10699,"0,271,444"
10700,"90,64,10"
10701,"145,40,23"
10702,"3,21,40"
10703,"64,448,10"
10704,"10,220,221"
10705,"0,8,23"
10706,"40,131,41"
10707,"3,4,238"
10708,"3,21,48"
10709,"3,21,187"
10710,"3,169,68"
10711,"0,8,235"
10712,"43,23,24"
10713,"169,170,199"
10714,"10,64,93"
10715,"0,265,271"
10716,"10,64,93"
10717,"23,24,43"
10718,"3,4,40"
10719,"23,96,31"
10720,"170,169,459"
10721,"10,60,54"
10722,"296,169,460"
10723,"4,3,238"
10724,"3,111,112"
10725,"23,24,11"
10726,"220,10,221"
10727,"169,170,459"
10728,"11,109,10"
10729,"0,273,249"
10730,"0,216,304"
10731,"43,23,24"
10732,"0,271,353"
10733,"17,3,168"
10734,"3,21,292"
10735,"0,429,456"
10736,"64,10,338"
10737,"3,66,30"
10738,"3,21,115"
10739,"147,3,148"
10740,"3,21,127"
10741,"23,38,74"
10742,"11,10,109"
10743,"3,111,169"
10744,"169,199,237"
10745,"169,312,426"
10746,"463,462,0"
10747,"145,40,44"
10748,"64,10,338"
10749,"5,3,228"
10750,"17,3,168"
10751,"23,105,24"
10752,"199,169,281"
10753,"10,220,242"
10754,"40,131,406"
10755,"40,145,44"
10756,"0,1,277"
10757,"40,145,44"
10758,"4,3,238"
10759,"23,8,0"
10760,"17,3,168"
10761,"23,118,38"
10762,"3,13,21"
10763,"3,199,169"
10764,"129,0,128"
10765,"4,3,238"
10766,"0,313,271"
10767,"3,17,168"
10768,"169,513,426"
10769,"3,147,148"
10770,"43,10,64"
10771,"169,199,281"
10772,"40,160,149"
10773,"199,169,281"
10774,"10,11,109"
10775,"40,139,153"
10776,"3,21,68"
10777,"220,10,242"
10778,"3,21,108"
10779,"0,265,266"
10780,"4,3,435"
10781,"220,10,242"
10782,"0,216,257"
10783,"3,21,187"
10784,"3,111,112"
10785,"3,34,21"
10786,"41,40,21"
10787,"23,24,59"
10788,"0,265,456"
10789,"0,216,271"
10790,"0,346,313"
10791,"10,43,23"
10792,"0,214,271"
10793,"3,15,16"
10794,"169,199,281"
10795,"40,41,324"
10796,"4,238,3"
10797,"169,199,343"
10798,"3,21,17"
10799,"10,60,61"
10800,"10,419,220"
10801,"40,135,145"
10802,"74,23,303"
10803,"23,24,38"
10804,"0,235,462"
10805,"64,448,10"
10806,"11,10,205"
10807,"3,21,108"
10808,"10,64,448"
10809,"23,26,89"
10810,"135,40,138"
10811,"3,148,21"
10812,"10,64,60"
10813,"0,421,229"
10814,"3,13,473"
10815,"199,169,23"
10816,"40,145,44"
10817,"23,26,231"
10818,"23,26,89"
10819,"64,10,80"
10820,"0,271,291"
10821,"3,66,30"
10822,"220,10,221"
10823,"169,199,96"
10824,"64,10,80"
10825,"23,43,24"
10826,"220,10,221"
10827,"23,38,24"
10828,"169,296,306"
10829,"40,41,160"
10830,"10,11,205"
10831,"23,4,165"
10832,"0,216,279"
10833,"34,3,263"
10834,"4,3,435"
10835,"3,21,379"
10836,"23,74,38"
10837,"23,303,74"
10838,"3,21,168"
10839,"0,249,279"
10840,"40,131,226"
10841,"23,74,62"
10842,"0,271,291"
10843,"0,216,304"
10844,"0,216,304"
10845,"3,53,287"
10846,"337,169,339"
10847,"3,21,182"
10848,"26,23,89"
10849,"3,111,85"
10850,"10,64,93"
10851,"0,216,249"
10852,"145,40,44"
10853,"23,26,231"
10854,"3,21,379"
10855,"23,26,89"
10856,"40,162,23"
10857,"0,271,456"
10858,"25,145,40"
10859,"169,23,40"
10860,"23,26,89"
10861,"23,118,74"
10862,"3,311,21"
10863,"220,10,242"
10864,"3,40,111"
10865,"10,64,24"
10866,"23,31,454"
10867,"10,220,242"
10868,"10,220,221"
10869,"10,60,11"
10870,"17,3,168"
10871,"220,221,10"
10872,"0,214,271"
10873,"40,135,244"
10874,"40,131,406"
10875,"366,0,362"
10876,"462,463,255"
10877,"74,23,165"
10878,"128,129,40"
10879,"23,118,74"
10880,"206,0,8"
10881,"23,74,303"
10882,"3,15,16"
10883,"147,3,148"
10884,"31,23,328"
10885,"23,317,74"
10886,"220,10,221"
10887,"10,55,64"
10888,"64,10,338"
10889,"145,40,44"
10890,"3,53,111"
10891,"3,21,108"
10892,"169,356,199"
10893,"15,3,16"
10894,"0,271,444"
10895,"4,3,174"
10896,"3,5,228"
10897,"3,111,267"
10898,"3,30,66"
10899,"145,23,448"
10900,"3,30,66"
10901,"3,21,22"
10902,"40,139,153"
10903,"40,21,184"
10904,"40,131,145"
10905,"10,55,54"
10906,"3,53,287"
10907,"169,199,40"
10908,"296,169,460"
10909,"138,135,40"
10910,"3,4,435"
10911,"3,21,53"
10912,"64,10,90"
10913,"26,23,231"
10914,"3,21,108"
10915,"40,145,44"
10916,"93,10,64"
10917,"0,271,265"
10918,"23,26,89"
10919,"4,3,238"
10920,"4,3,238"
10921,"26,64,23"
10922,"40,145,134"
10923,"10,64,448"
10924,"0,8,410"
10925,"40,41,149"
10926,"0,23,206"
10927,"296,169,411"
10928,"3,17,168"
10929,"40,128,41"
10930,"3,28,190"
10931,"10,64,448"
10932,"23,24,43"
10933,"0,265,490"
10934,"23,24,59"
10935,"10,40,145"
10936,"23,26,350"
10937,"10,64,80"
10938,"21,3,40"
10939,"3,13,111"
10940,"10,60,239"
10941,"3,21,148"
10942,"0,271,456"
10943,"23,24,49"
10944,"4,19,3"
10945,"3,21,127"
10946,"218,0,446"
10947,"40,138,135"
10948,"64,10,80"
10949,"23,26,89"
10950,"8,0,206"
10951,"229,230,0"
10952,"3,147,30"
10953,"10,11,205"
10954,"40,402,145"
10955,"23,63,38"
10956,"10,220,221"
10957,"3,4,19"
10958,"3,21,53"
10959,"23,49,24"
10960,"0,337,339"
10961,"3,66,30"
10962,"3,169,199"
10963,"145,40,44"
10964,"43,23,24"
10965,"23,43,24"
10966,"40,41,186"
10967,"169,199,281"
10968,"3,21,108"
10969,"169,508,426"
10970,"48,3,21"
10971,"0,429,456"
10972,"3,147,148"
10973,"40,138,41"
10974,"3,10,239"
10975,"3,53,523"
10976,"43,23,24"
10977,"3,21,85"
10978,"3,21,287"
10979,"0,249,279"
10980,"40,135,189"
10981,"3,15,16"
10982,"169,311,21"
10983,"23,25,24"
10984,"23,24,43"
10985,"3,111,112"
10986,"26,350,23"
10987,"128,129,40"
10988,"3,21,126"
10989,"220,10,221"
10990,"0,354,216"
10991,"128,0,195"
10992,"40,128,129"
10993,"3,111,472"
10994,"3,17,168"
10995,"3,21,40"
10996,"3,111,112"
10997,"23,74,303"
10998,"40,131,134"
10999,"3,21,108"
11000,"296,411,169"
11001,"169,170,199"
11002,"23,24,25"
11003,"23,89,26"
11004,"40,41,149"
11005,"3,30,66"
11006,"10,11,205"
11007,"162,40,175"
11008,"23,26,350"
11009,"64,10,448"
11010,"10,239,60"
11011,"220,10,221"
11012,"10,40,402"
11013,"40,131,134"
11014,"10,338,54"
11015,"40,145,44"
11016,"0,271,355"
11017,"169,170,199"
11018,"40,145,402"
11019,"169,170,426"
11020,"40,41,128"
11021,"8,0,391"
11022,"40,145,44"
11023,"40,145,128"
11024,"169,199,260"
11025,"23,43,24"
11026,"128,129,40"
11027,"296,169,526"
11028,"3,85,53"
11029,"10,60,64"
11030,"23,38,137"
11031,"169,199,170"
11032,"31,23,40"
11033,"0,271,522"
11034,"313,0,346"
11035,"23,345,24"
11036,"3,4,238"
11037,"40,145,44"
11038,"23,26,38"
11039,"23,118,74"
11040,"108,21,3"
11041,"169,170,199"
11042,"3,190,28"
11043,"0,265,349"
11044,"0,313,26"
11045,"0,314,313"
11046,"3,111,126"
11047,"296,31,23"
11048,"0,271,353"
11049,"0,249,279"
11050,"271,0,456"
11051,"296,169,411"
11052,"3,21,126"
11053,"220,221,10"
11054,"23,118,231"
11055,"23,24,49"
11056,"40,131,226"
11057,"74,303,23"
11058,"64,10,93"
11059,"31,23,131"
11060,"169,170,260"
11061,"220,10,40"
11062,"3,34,263"
11063,"40,145,160"
11064,"40,128,129"
11065,"64,10,448"
11066,"0,271,291"
11067,"145,44,26"
11068,"64,10,80"
11069,"8,0,308"
11070,"23,24,43"
11071,"169,170,311"
11072,"3,21,127"
11073,"220,10,221"
11074,"3,48,21"
11075,"3,17,53"
11076,"128,40,129"
11077,"3,21,199"
11078,"10,169,60"
11079,"64,10,65"
11080,"0,456,271"
11081,"40,128,129"
11082,"3,17,168"
11083,"3,15,16"
11084,"10,44,40"
11085,"23,24,49"
11086,"23,26,89"
11087,"145,40,44"
11088,"11,10,109"
11089,"0,304,216"
11090,"40,145,402"
11091,"3,66,85"
11092,"105,23,318"
11093,"8,206,0"
11094,"23,26,350"
11095,"160,40,169"
11096,"0,429,271"
11097,"23,74,63"
11098,"23,39,31"
11099,"131,40,406"
11100,"23,24,38"
11101,"23,74,303"
11102,"31,23,96"
11103,"3,21,22"
11104,"3,238,4"
11105,"169,170,296"
11106,"145,44,40"
11107,"40,139,153"
11108,"0,280,255"
11109,"40,131,226"
11110,"40,11,44"
11111,"64,10,448"
11112,"23,165,74"
11113,"40,395,396"
11114,"3,21,53"
11115,"169,199,24"
11116,"8,0,206"
11117,"220,10,242"
11118,"64,90,10"
11119,"40,152,151"
11120,"23,31,96"
11121,"3,21,66"
11122,"0,218,351"
11123,"3,21,379"
11124,"4,3,19"
11125,"3,85,158"
11126,"40,131,406"
11127,"23,31,32"
11128,"0,214,213"
11129,"0,8,271"
11130,"10,61,60"
11131,"40,145,23"
11132,"23,74,165"
11133,"0,271,366"
11134,"23,74,118"
11135,"8,0,308"
11136,"23,26,24"
11137,"339,337,169"
11138,"0,218,475"
11139,"17,3,168"
11140,"40,160,302"
11141,"0,249,279"
11142,"0,444,271"
11143,"3,40,151"
11144,"40,131,406"
11145,"220,221,10"
11146,"3,15,16"
11147,"26,23,89"
11148,"40,160,41"
11149,"40,41,135"
11150,"26,23,231"
11151,"3,111,123"
11152,"23,24,43"
11153,"64,10,93"
11154,"3,53,13"
11155,"40,224,41"
11156,"40,131,134"
11157,"10,64,60"
11158,"23,105,24"
11159,"169,199,26"
11160,"21,3,40"
11161,"220,10,242"
11162,"40,145,402"
11163,"145,40,10"
11164,"21,3,102"
11165,"10,43,24"
11166,"220,10,221"
11167,"40,145,44"
11168,"220,10,242"
11169,"220,10,221"
11170,"64,10,448"
11171,"5,3,228"
11172,"0,366,271"
11173,"40,162,175"
11174,"23,106,105"
11175,"26,23,231"
11176,"10,11,12"
11177,"3,147,148"
11178,"40,131,241"
11179,"169,296,170"
11180,"44,40,145"
11181,"3,34,17"
11182,"40,152,151"
11183,"23,74,303"
11184,"199,169,343"
11185,"23,24,279"
11186,"3,182,21"
11187,"199,169,323"
11188,"3,13,5"
11189,"8,0,206"
11190,"402,40,145"
11191,"23,26,231"
11192,"8,0,285"
11193,"3,66,30"
11194,"3,4,435"
11195,"23,38,74"
11196,"23,24,31"
11197,"169,26,199"
11198,"169,170,260"
11199,"169,199,26"
11200,"64,10,93"
11201,"23,38,309"
11202,"0,206,249"
11203,"0,280,271"
11204,"3,21,108"
11205,"64,10,65"
11206,"23,74,317"
11207,"3,40,160"
11208,"40,145,402"
11209,"3,60,10"
11210,"43,23,24"
11211,"0,216,304"
11212,"0,8,457"
11213,"3,21,34"
11214,"40,131,226"
11215,"64,448,10"
11216,"169,199,343"
11217,"10,11,109"
11218,"40,135,459"
11219,"3,34,21"
11220,"40,145,44"
11221,"23,26,89"
11222,"23,49,24"
11223,"0,271,362"
11224,"40,131,406"
11225,"199,169,281"
11226,"10,220,242"
11227,"3,21,287"
11228,"15,16,3"
11229,"23,26,89"
11230,"0,271,169"
11231,"23,24,49"
11232,"0,271,529"
11233,"25,23,24"
11234,"23,26,89"
11235,"23,106,105"
11236,"131,40,406"
11237,"3,21,147"
11238,"3,17,320"
11239,"10,54,43"
11240,"3,5,85"
11241,"40,131,134"
11242,"23,38,309"
11243,"0,271,362"
11244,"10,64,65"
11245,"319,211,0"
11246,"3,66,30"
11247,"220,221,10"
11248,"3,21,48"
11249,"15,16,3"
11250,"169,170,337"
11251,"169,199,343"
11252,"0,271,291"
11253,"21,3,187"
11254,"23,31,328"
11255,"23,24,59"
11256,"10,11,205"
11257,"10,64,80"
11258,"15,16,3"
11259,"10,64,448"
11260,"64,10,448"
11261,"220,221,10"
11262,"169,199,356"
11263,"40,145,44"
11264,"3,147,156"
11265,"169,199,281"
11266,"40,131,241"
11267,"10,11,220"
11268,"40,152,151"
11269,"40,139,155"
11270,"0,265,349"
11271,"21,3,108"
11272,"0,208,369"
11273,"23,43,24"
11274,"0,8,271"
11275,"10,54,95"
11276,"40,146,145"
11277,"135,40,244"
11278,"0,271,456"
11279,"26,23,89"
11280,"169,339,337"
11281,"23,25,24"
11282,"40,145,10"
11283,"3,34,263"
11284,"0,216,212"
11285,"131,40,406"
11286,"10,44,40"
11287,"169,170,459"
11288,"10,95,54"
11289,"169,459,170"
11290,"40,145,44"
11291,"40,145,402"
11292,"4,3,188"
11293,"26,89,23"
11294,"23,31,32"
11295,"3,17,168"
11296,"64,10,65"
11297,"169,199,343"
11298,"3,287,53"
11299,"64,10,448"
11300,"23,10,60"
11301,"135,40,138"
11302,"3,21,108"
11303,"0,216,304"
11304,"10,64,80"
11305,"3,21,23"
11306,"3,53,287"
11307,"40,60,61"
11308,"23,137,38"
11309,"0,265,8"
11310,"3,85,86"
11311,"40,41,201"
11312,"265,349,0"
11313,"10,60,239"
11314,"169,138,199"
11315,"23,84,38"
11316,"3,66,30"
11317,"220,10,242"
11318,"169,199,281"
11319,"169,170,260"
11320,"3,4,238"
11321,"40,145,10"
11322,"0,216,304"
11323,"10,220,242"
11324,"60,10,61"
11325,"64,10,448"
11326,"10,64,40"
11327,"3,13,204"
11328,"23,26,89"
11329,"23,31,32"
11330,"296,169,411"
11331,"243,40,184"
11332,"23,74,118"
11333,"3,15,53"
11334,"170,169,31"
11335,"220,221,10"
11336,"3,111,119"
11337,"128,195,40"
11338,"40,0,304"
11339,"10,64,43"
11340,"169,199,248"
11341,"0,8,327"
11342,"131,134,40"
11343,"220,10,221"
11344,"3,13,53"
11345,"10,93,64"
11346,"21,3,126"
11347,"131,40,226"
11348,"10,60,239"
11349,"169,170,199"
11350,"40,201,41"
11351,"3,111,284"
11352,"23,31,328"
11353,"10,64,93"
11354,"169,170,26"
11355,"3,74,30"
11356,"3,5,228"
11357,"169,199,281"
11358,"0,235,8"
11359,"3,21,40"
11360,"0,295,40"
11361,"10,64,442"
11362,"40,145,23"
11363,"3,17,168"
11364,"40,145,44"
11365,"3,48,21"
11366,"10,220,242"
11367,"3,4,169"
11368,"10,11,109"
11369,"3,53,15"
11370,"0,271,456"
11371,"40,395,41"
11372,"3,21,126"
11373,"40,145,44"
11374,"135,40,236"
11375,"0,271,363"
11376,"21,3,127"
11377,"220,10,221"
11378,"0,271,214"
11379,"220,10,221"
11380,"40,131,134"
11381,"17,3,168"
11382,"0,8,308"
11383,"23,8,0"
11384,"10,24,23"
11385,"23,31,24"
11386,"340,26,0"
11387,"21,3,108"
11388,"3,21,169"
11389,"3,147,148"
11390,"10,11,205"
11391,"3,53,68"
11392,"40,131,368"
11393,"40,152,151"
11394,"40,145,402"
11395,"220,10,221"
11396,"131,406,40"
11397,"26,23,89"
11398,"23,26,231"
11399,"0,199,169"
11400,"169,170,260"
11401,"0,271,456"
11402,"40,395,41"
11403,"0,249,279"
11404,"40,145,402"
11405,"40,23,162"
11406,"147,3,156"
11407,"8,0,391"
11408,"220,221,10"
11409,"5,3,228"
11410,"23,74,165"
11411,"40,135,138"
11412,"21,3,127"
11413,"3,21,108"
11414,"23,63,38"
11415,"23,74,40"
11416,"3,28,113"
11417,"23,74,41"
11418,"281,199,169"
11419,"10,54,95"
11420,"169,170,199"
11421,"31,23,169"
11422,"53,287,3"
11423,"8,0,206"
11424,"23,24,105"
11425,"40,128,145"
11426,"21,3,0"
11427,"128,129,40"
11428,"23,49,24"
11429,"0,304,216"
11430,"220,10,242"
11431,"128,40,129"
11432,"3,28,30"
11433,"10,11,12"
11434,"220,10,221"
11435,"11,10,109"
11436,"40,128,129"
11437,"23,31,77"
11438,"3,4,238"
11439,"40,146,145"
11440,"40,184,185"
11441,"40,145,44"
11442,"3,21,33"
11443,"147,3,148"
11444,"40,145,402"
11445,"3,21,127"
11446,"135,40,295"
11447,"40,160,41"
11448,"169,281,199"
11449,"3,15,147"
11450,"10,64,448"
11451,"40,131,128"
11452,"3,21,15"
11453,"0,208,369"
11454,"23,24,59"
11455,"3,147,148"
11456,"11,10,205"
11457,"220,10,242"
11458,"3,21,85"
11459,"40,145,44"
11460,"8,0,308"
11461,"23,24,59"
11462,"3,147,33"
11463,"220,221,10"
11464,"105,23,318"
11465,"3,147,21"
11466,"220,221,10"
11467,"3,66,30"
11468,"3,53,10"
11469,"23,74,165"
11470,"169,199,281"
11471,"23,74,31"
11472,"3,4,238"
11473,"10,11,44"
11474,"23,24,59"
11475,"3,21,22"
11476,"330,13,3"
11477,"0,271,456"
11478,"3,53,287"
11479,"64,10,448"
11480,"23,40,243"
11481,"11,109,10"
11482,"3,21,30"
11483,"10,54,95"
11484,"199,169,323"
11485,"0,271,456"
11486,"220,10,221"
11487,"169,199,382"
11488,"23,26,89"
11489,"3,4,188"
11490,"3,53,287"
11491,"40,131,406"
11492,"23,49,31"
11493,"169,170,171"
11494,"0,216,212"
11495,"0,279,216"
11496,"23,74,118"
11497,"3,53,416"
11498,"169,170,199"
11499,"31,23,96"
11500,"8,235,0"
11501,"3,4,111"
11502,"3,147,148"
11503,"23,26,89"
11504,"3,17,168"
11505,"147,3,167"
11506,"74,23,303"
11507,"5,3,228"
11508,"3,85,158"
11509,"169,170,459"
11510,"3,15,16"
11511,"10,64,448"
11512,"3,4,238"
11513,"3,34,17"
11514,"220,10,242"
11515,"169,296,460"
11516,"0,2,271"
11517,"3,21,34"
11518,"40,41,324"
11519,"169,170,199"
11520,"3,111,85"
11521,"40,152,151"
11522,"128,0,195"
11523,"23,105,24"
11524,"23,91,38"
11525,"170,169,260"
11526,"220,221,10"
11527,"64,10,93"
11528,"40,241,131"
11529,"199,169,343"
11530,"169,199,323"
11531,"3,147,148"
11532,"0,218,512"
11533,"4,3,238"
11534,"10,11,205"
11535,"3,21,287"
11536,"23,26,89"
11537,"11,109,10"
11538,"23,24,145"
11539,"10,64,11"
11540,"53,3,292"
11541,"40,145,44"
11542,"0,169,170"
11543,"10,64,93"
11544,"40,41,139"
11545,"10,11,44"
11546,"3,53,21"
11547,"3,66,30"
11548,"23,40,131"
11549,"40,131,241"
11550,"40,131,159"
11551,"40,145,402"
11552,"40,128,129"
11553,"135,138,40"
11554,"40,131,406"
11555,"23,26,231"
11556,"3,21,187"
11557,"10,64,473"
11558,"23,38,440"
11559,"3,21,126"
11560,"3,21,182"
11561,"220,221,242"
11562,"40,3,145"
11563,"0,340,265"
11564,"3,17,320"
11565,"40,131,142"
11566,"10,54,95"
11567,"40,128,129"
11568,"0,271,265"
11569,"3,17,40"
11570,"23,199,169"
11571,"23,49,24"
11572,"10,11,109"
11573,"40,23,74"
11574,"8,0,206"
11575,"0,340,265"
11576,"23,105,318"
11577,"64,10,79"
11578,"3,34,21"
11579,"3,147,148"
11580,"0,313,26"
11581,"0,249,279"
11582,"23,24,25"
11583,"3,147,167"
11584,"3,21,22"
11585,"3,30,21"
11586,"23,118,38"
11587,"15,3,16"
11588,"0,271,456"
11589,"3,21,111"
11590,"64,10,338"
11591,"152,40,151"
11592,"169,199,323"
11593,"10,145,44"
11594,"235,8,0"
11595,"3,21,169"
11596,"10,64,199"
11597,"10,64,448"
11598,"3,21,108"
11599,"10,60,239"
11600,"23,74,118"
11601,"169,199,356"
11602,"3,34,263"
11603,"23,74,303"
11604,"64,10,448"
11605,"0,265,271"
11606,"40,160,315"
11607,"234,10,60"
11608,"0,271,456"
11609,"40,131,3"
11610,"40,139,153"
11611,"64,10,93"
11612,"3,85,17"
11613,"10,64,93"
11614,"3,17,21"
11615,"0,265,511"
11616,"3,17,320"
11617,"131,241,40"
11618,"23,71,38"
11619,"40,131,406"
11620,"40,145,146"
11621,"169,199,170"
11622,"3,21,126"
11623,"74,23,165"
11624,"3,17,320"
11625,"40,145,24"
11626,"23,38,39"
11627,"208,0,453"
11628,"21,3,127"
11629,"169,23,170"
11630,"40,159,131"
11631,"23,74,303"
11632,"3,53,523"
11633,"220,10,221"
11634,"23,74,118"
11635,"10,54,95"
11636,"3,21,108"
11637,"11,10,12"
11638,"23,25,105"
11639,"23,74,38"
11640,"10,60,239"
11641,"64,10,93"
11642,"23,24,49"
11643,"71,23,38"
11644,"3,36,35"
11645,"145,40,54"
11646,"40,131,226"
11647,"10,3,14"
11648,"3,53,99"
11649,"159,40,131"
11650,"11,109,10"
11651,"3,21,108"
11652,"0,8,271"
11653,"0,211,319"
11654,"23,24,43"
11655,"10,11,220"
11656,"40,131,406"
11657,"3,21,127"
11658,"3,4,238"
11659,"26,23,89"
11660,"3,111,284"
11661,"220,10,40"
11662,"23,43,24"
11663,"220,10,221"
11664,"34,3,143"
11665,"3,21,17"
11666,"10,220,221"
11667,"138,40,135"
11668,"10,11,205"
11669,"169,296,507"
11670,"3,17,168"
11671,"23,105,38"
11672,"23,303,74"
11673,"23,74,303"
11674,"23,118,74"
11675,"170,169,426"
11676,"169,459,170"
11677,"169,199,343"
11678,"429,0,456"
11679,"0,8,271"
11680,"10,64,338"
11681,"23,24,10"
11682,"220,10,221"
11683,"10,64,60"
11684,"199,10,323"
11685,"169,199,343"
11686,"3,111,123"
11687,"128,40,395"
11688,"23,25,24"
11689,"3,85,21"
11690,"23,74,118"
11691,"40,145,44"
11692,"10,64,60"
11693,"4,3,19"
11694,"0,214,218"
11695,"5,3,228"
11696,"271,0,355"
11697,"211,319,216"
11698,"0,313,346"
11699,"3,21,238"
11700,"170,169,260"
11701,"3,147,148"
11702,"0,169,296"
11703,"40,145,10"
11704,"10,64,40"
11705,"3,30,190"
11706,"3,53,147"
11707,"17,3,320"
11708,"10,60,239"
11709,"0,216,403"
11710,"40,135,138"
11711,"4,3,183"
11712,"23,31,40"
11713,"10,64,54"
11714,"10,64,93"
11715,"3,53,40"
11716,"10,169,199"
11717,"40,149,41"
11718,"169,199,281"
11719,"23,26,89"
11720,"3,21,126"
11721,"3,34,46"
11722,"3,53,68"
11723,"10,11,24"
11724,"40,41,139"
11725,"3,21,0"
11726,"169,339,296"
11727,"10,11,109"
11728,"123,111,3"
11729,"25,23,24"
11730,"4,3,19"
11731,"249,0,279"
11732,"40,185,184"
11733,"40,131,226"
11734,"3,447,34"
11735,"31,23,96"
11736,"3,111,21"
11737,"74,23,303"
11738,"8,0,206"
11739,"338,10,64"
11740,"10,220,242"
11741,"3,147,111"
11742,"3,21,33"
11743,"169,296,306"
11744,"3,21,301"
11745,"3,523,53"
11746,"3,104,30"
11747,"3,17,320"
11748,"3,15,16"
11749,"169,199,281"
11750,"40,41,128"
11751,"0,271,362"
11752,"3,21,108"
11753,"11,10,109"
11754,"23,258,40"
11755,"10,64,43"
11756,"11,10,205"
11757,"23,31,96"
11758,"64,10,338"
11759,"10,64,169"
11760,"23,38,94"
11761,"118,23,74"
11762,"3,21,126"
11763,"3,111,17"
11764,"3,147,148"
11765,"3,17,168"
11766,"0,216,304"
11767,"3,85,158"
11768,"3,15,16"
11769,"169,199,281"
11770,"3,21,108"
11771,"3,21,108"
11772,"15,16,3"
11773,"337,339,169"
11774,"169,356,170"
11775,"131,40,241"
11776,"64,10,80"
11777,"3,21,68"
11778,"64,10,448"
11779,"10,11,205"
11780,"64,10,448"
11781,"170,169,459"
11782,"169,170,260"
11783,"23,31,49"
11784,"23,43,24"
11785,"24,23,49"
11786,"169,199,323"
11787,"4,3,19"
11788,"10,64,93"
11789,"40,131,226"
11790,"3,147,156"
11791,"128,129,40"
11792,"23,105,318"
11793,"23,26,24"
11794,"23,31,454"
11795,"169,0,405"
11796,"23,74,38"
11797,"10,11,205"
11798,"23,38,10"
11799,"3,40,237"
11800,"0,257,235"
11801,"3,21,126"
11802,"3,21,40"
11803,"3,5,228"
11804,"3,147,53"
11805,"3,17,168"
11806,"3,21,187"
11807,"23,38,87"
11808,"23,74,303"
11809,"10,64,448"
11810,"40,21,184"
11811,"40,145,402"
11812,"3,111,85"
11813,"3,17,320"
11814,"40,145,44"
11815,"40,184,185"
11816,"162,40,163"
11817,"4,19,3"
11818,"11,10,109"
11819,"0,2,1"
11820,"3,30,66"
11821,"152,151,40"
11822,"23,26,0"
11823,"220,221,10"
11824,"0,271,456"
11825,"3,21,148"
11826,"54,10,95"
11827,"0,23,457"
11828,"40,139,153"
11829,"10,234,60"
11830,"11,10,3"
11831,"199,169,171"
11832,"10,220,242"
11833,"3,147,148"
11834,"0,271,8"
11835,"128,195,40"
11836,"0,313,23"
11837,"0,8,313"
11838,"40,131,134"
11839,"3,21,48"
11840,"40,162,163"
11841,"3,4,19"
11842,"10,64,338"
11843,"0,216,277"
11844,"26,8,23"
11845,"64,10,338"
11846,"23,38,39"
11847,"199,169,323"
11848,"0,216,254"
11849,"40,145,402"
11850,"23,118,74"
11851,"0,313,346"
11852,"0,271,291"
11853,"0,313,271"
11854,"3,21,53"
11855,"220,10,221"
11856,"10,60,11"
11857,"64,10,80"
11858,"3,111,53"
11859,"53,3,325"
11860,"0,8,285"
11861,"10,11,205"
11862,"23,74,118"
11863,"220,221,10"
11864,"3,68,21"
11865,"40,160,315"
11866,"10,54,95"
11867,"169,199,40"
11868,"64,10,448"
11869,"3,17,168"
11870,"3,85,158"
11871,"23,24,25"
11872,"4,3,238"
11873,"145,40,44"
11874,"17,3,320"
11875,"0,265,208"
11876,"23,74,38"
11877,"3,15,16"
11878,"206,0,369"
11879,"160,40,315"
11880,"10,64,40"
11881,"128,40,195"
11882,"169,199,138"
11883,"169,135,259"
11884,"0,8,235"
11885,"26,89,23"
11886,"3,21,124"
11887,"8,0,206"
11888,"3,4,19"
11889,"3,21,523"
11890,"0,8,327"
11891,"220,221,10"
11892,"3,17,320"
11893,"296,169,526"
11894,"24,23,199"
11895,"23,89,26"
11896,"220,221,10"
11897,"10,220,221"
11898,"10,11,205"
11899,"3,17,13"
11900,"169,199,343"
11901,"3,21,170"
11902,"169,170,171"
11903,"169,426,199"
11904,"3,21,111"
11905,"11,10,205"
11906,"10,44,40"
11907,"64,10,80"
11908,"3,17,168"
11909,"40,135,138"
11910,"169,170,459"
11911,"3,15,16"
11912,"4,3,19"
11913,"11,205,10"
11914,"10,40,145"
11915,"23,26,74"
11916,"74,23,40"
11917,"64,10,93"
11918,"23,24,62"
11919,"10,64,80"
11920,"23,31,24"
11921,"3,21,127"
11922,"3,21,85"
11923,"23,63,74"
11924,"169,170,459"
11925,"13,14,3"
11926,"40,135,244"
11927,"26,23,40"
11928,"0,265,349"
11929,"3,4,15"
11930,"23,74,303"
11931,"23,24,26"
11932,"296,169,371"
11933,"319,211,0"
11934,"3,28,113"
11935,"3,147,148"
11936,"23,24,74"
11937,"40,135,431"
11938,"131,40,226"
11939,"3,13,150"
11940,"3,85,158"
11941,"40,184,185"
11942,"147,3,148"
11943,"40,41,135"
11944,"64,10,473"
11945,"11,10,205"
11946,"3,238,4"
11947,"199,169,382"
11948,"40,145,44"
11949,"40,41,135"
11950,"10,11,12"
11951,"10,54,95"
11952,"23,38,105"
11953,"220,10,221"
11954,"3,85,86"
11955,"0,271,366"
11956,"23,131,78"
11957,"10,64,93"
11958,"40,41,149"
11959,"3,53,523"
11960,"23,24,345"
11961,"311,169,3"
11962,"23,38,24"
11963,"337,339,230"
11964,"0,216,319"
11965,"3,33,21"
11966,"118,192,107"
11967,"3,111,21"
11968,"23,74,38"
11969,"64,10,338"
11970,"169,199,281"
11971,"64,10,80"
11972,"40,145,44"
11973,"206,8,0"
11974,"199,169,281"
11975,"40,41,128"
11976,"23,24,26"
11977,"169,170,426"
11978,"169,199,343"
11979,"23,24,43"
11980,"3,34,263"
11981,"23,38,74"
11982,"169,312,426"
11983,"0,271,456"
11984,"26,23,89"
11985,"3,21,169"
11986,"135,40,138"
11987,"40,10,44"
11988,"40,131,134"
11989,"8,0,206"
11990,"3,108,21"
11991,"3,21,111"
11992,"40,3,320"
11993,"13,3,14"
11994,"169,199,248"
11995,"0,429,8"
11996,"10,220,221"
11997,"40,131,159"
11998,"220,10,242"
11999,"3,21,108"
12000,"10,64,90"
12001,"40,145,402"
12002,"3,66,30"
12003,"40,145,146"
12004,"3,21,127"
12005,"130,40,128"
12006,"3,21,182"
12007,"170,169,53"
12008,"147,3,148"
12009,"10,60,239"
12010,"40,131,406"
12011,"40,145,44"
12012,"3,21,147"
12013,"3,500,21"
12014,"169,199,374"
12015,"0,271,355"
12016,"185,184,368"
12017,"17,3,56"
12018,"64,10,338"
12019,"3,85,111"
12020,"40,41,128"
12021,"131,40,406"
12022,"40,185,184"
12023,"3,17,168"
12024,"3,21,30"
12025,"4,70,19"
12026,"23,26,89"
12027,"40,145,44"
12028,"169,296,417"
12029,"23,31,258"
12030,"23,40,162"
12031,"40,128,41"
12032,"3,34,46"
12033,"40,131,145"
12034,"0,216,257"
12035,"3,21,53"
12036,"0,8,308"
12037,"23,24,40"
12038,"23,74,48"
12039,"3,68,21"
12040,"5,3,228"
12041,"23,309,74"
12042,"26,23,89"
12043,"23,25,24"
12044,"0,271,355"
12045,"23,74,38"
12046,"3,238,4"
12047,"169,281,260"
12048,"145,40,23"
12049,"64,10,93"
12050,"169,199,171"
12051,"0,265,349"
12052,"10,64,23"
12053,"3,46,34"
12054,"3,17,168"
12055,"23,26,89"
12056,"169,170,199"
12057,"23,74,118"
12058,"220,10,242"
12059,"3,21,147"
12060,"40,10,145"
12061,"40,131,406"
12062,"3,34,21"
12063,"23,105,318"
12064,"3,17,85"
12065,"64,10,90"
12066,"40,44,145"
12067,"23,43,24"
12068,"3,66,30"
12069,"11,10,109"
12070,"23,26,89"
12071,"0,216,212"
12072,"40,160,41"
12073,"40,145,44"
12074,"10,64,80"
12075,"17,168,3"
12076,"199,169,323"
12077,"11,10,109"
12078,"3,17,21"
12079,"40,131,226"
12080,"3,23,31"
12081,"64,10,93"
12082,"40,145,402"
12083,"10,11,205"
12084,"3,21,33"
12085,"40,146,23"
12086,"64,10,448"
12087,"10,64,90"
12088,"3,53,17"
12089,"169,170,459"
12090,"3,147,203"
12091,"40,160,315"
12092,"3,379,21"
12093,"220,221,10"
12094,"3,85,158"
12095,"43,23,24"
12096,"23,105,495"
12097,"0,8,410"
12098,"23,26,350"
12099,"0,456,271"
12100,"3,53,21"
12101,"23,24,49"
12102,"40,145,44"
12103,"3,21,40"
12104,"8,0,405"
12105,"64,448,10"
12106,"3,21,127"
12107,"3,17,21"
12108,"3,17,168"
12109,"23,24,25"
12110,"3,30,66"
12111,"64,10,93"
12112,"296,169,411"
12113,"3,21,379"
12114,"0,216,271"
12115,"64,10,93"
12116,"40,145,44"
12117,"10,54,322"
12118,"0,271,280"
12119,"10,64,93"
12120,"43,23,10"
12121,"0,2,342"
12122,"23,43,24"
12123,"0,2,1"
12124,"43,23,24"
12125,"8,0,235"
12126,"23,26,89"
12127,"3,21,41"
12128,"23,49,24"
12129,"3,21,108"
12130,"3,13,85"
12131,"3,13,40"
12132,"234,10,60"
12133,"40,41,149"
12134,"40,145,146"
12135,"3,40,299"
12136,"23,24,43"
12137,"0,249,279"
12138,"64,338,10"
12139,"3,34,21"
12140,"0,271,456"
12141,"10,220,221"
12142,"0,208,26"
12143,"40,145,23"
12144,"169,199,281"
12145,"169,199,281"
12146,"64,10,448"
12147,"40,145,44"
12148,"0,525,360"
12149,"220,10,242"
12150,"0,271,456"
12151,"23,43,24"
12152,"40,10,145"
12153,"43,23,24"
12154,"23,38,39"
12155,"23,43,24"
12156,"40,135,236"
12157,"40,145,55"
12158,"10,60,61"
12159,"40,41,324"
12160,"40,131,159"
12161,"169,199,171"
12162,"0,456,271"
12163,"220,10,221"
12164,"0,271,456"
12165,"199,169,281"
12166,"40,224,41"
12167,"135,138,40"
12168,"40,131,406"
12169,"32,3,31"
12170,"10,64,93"
12171,"40,41,224"
12172,"40,162,128"
12173,"10,60,64"
12174,"23,49,24"
12175,"118,23,74"
12176,"23,74,41"
12177,"3,34,447"
12178,"40,160,152"
12179,"3,40,53"
12180,"169,199,356"
12181,"0,271,349"
12182,"40,131,226"
12183,"40,155,139"
12184,"23,26,89"
12185,"23,26,231"
12186,"0,271,362"
12187,"3,28,330"
12188,"131,40,226"
12189,"0,249,279"
12190,"15,16,3"
12191,"23,26,350"
12192,"3,17,168"
12193,"23,135,309"
12194,"169,296,300"
12195,"23,0,74"
12196,"3,21,147"
12197,"26,23,89"
12198,"10,64,338"
12199,"40,131,241"
12200,"8,0,206"
12201,"28,190,330"
12202,"128,40,129"
12203,"40,145,44"
12204,"3,20,330"
12205,"3,21,182"
12206,"169,170,199"
12207,"15,16,3"
12208,"26,23,89"
12209,"0,279,366"
12210,"3,15,16"
12211,"10,40,44"
12212,"3,4,238"
12213,"40,41,128"
12214,"0,8,410"
12215,"3,17,21"
12216,"3,104,169"
12217,"169,296,311"
12218,"40,131,406"
12219,"15,3,16"
12220,"3,21,182"
12221,"0,2,1"
12222,"23,26,89"
12223,"0,271,456"
12224,"4,3,19"
12225,"23,26,350"
12226,"0,216,380"
12227,"3,5,228"
12228,"40,145,44"
12229,"40,41,224"
12230,"3,15,16"
12231,"147,3,148"
12232,"3,21,187"
12233,"23,40,38"
12234,"3,21,126"
12235,"234,10,54"
12236,"3,21,48"
12237,"3,34,263"
12238,"64,10,65"
12239,"21,3,102"
12240,"429,456,0"
12241,"3,21,379"
12242,"23,74,199"
12243,"17,3,168"
12244,"64,10,65"
12245,"23,38,74"
12246,"40,41,149"
12247,"271,0,361"
12248,"40,185,184"
12249,"0,23,455"
12250,"3,21,33"
12251,"23,74,165"
12252,"40,41,169"
12253,"3,111,267"
12254,"220,10,221"
12255,"0,348,280"
12256,"10,64,60"
12257,"184,40,494"
12258,"23,31,258"
12259,"0,339,337"
12260,"23,38,63"
12261,"23,74,38"
12262,"23,118,31"
12263,"40,135,386"
12264,"0,272,361"
12265,"255,0,462"
12266,"40,145,44"
12267,"21,3,127"
12268,"23,43,24"
12269,"40,10,145"
12270,"40,145,146"
12271,"40,431,135"
12272,"23,74,118"
12273,"0,271,291"
12274,"40,184,185"
12275,"11,10,109"
12276,"4,174,3"
12277,"23,24,10"
12278,"23,49,24"
12279,"3,21,33"
12280,"229,0,230"
12281,"40,160,302"
12282,"0,216,304"
12283,"3,85,86"
12284,"23,60,10"
12285,"0,342,271"
12286,"138,40,135"
12287,"3,220,17"
12288,"131,40,23"
12289,"40,145,44"
12290,"10,64,338"
12291,"3,111,13"
12292,"220,221,10"
12293,"40,131,406"
12294,"23,38,74"
12295,"131,40,406"
12296,"3,85,158"
12297,"23,30,32"
12298,"40,21,48"
12299,"10,60,239"
12300,"0,265,218"
12301,"10,64,65"
12302,"23,24,44"
12303,"40,184,243"
12304,"64,10,93"
12305,"0,291,271"
12306,"10,64,93"
12307,"40,25,23"
12308,"0,271,456"
12309,"8,405,0"
12310,"128,129,40"
12311,"48,23,21"
12312,"4,3,238"
12313,"3,28,330"
12314,"10,205,11"
12315,"40,131,406"
12316,"169,199,343"
12317,"0,266,265"
12318,"10,11,205"
12319,"40,131,134"
12320,"3,36,35"
12321,"3,111,5"
12322,"23,26,89"
12323,"23,26,350"
12324,"3,147,203"
12325,"23,74,25"
12326,"53,3,393"
12327,"40,224,41"
12328,"3,168,17"
12329,"23,231,26"
12330,"40,135,295"
12331,"0,277,1"
12332,"169,199,343"
12333,"40,145,44"
12334,"10,11,205"
12335,"23,0,8"
12336,"3,28,330"
12337,"40,131,406"
12338,"100,208,222"
12339,"0,216,380"
12340,"3,111,21"
12341,"23,258,31"
12342,"170,169,459"
12343,"0,313,346"
12344,"128,40,195"
12345,"128,40,129"
12346,"3,21,124"
12347,"10,220,221"
12348,"3,4,238"
12349,"10,54,23"
12350,"128,40,195"
12351,"23,74,84"
12352,"3,66,30"
12353,"160,40,3"
12354,"10,11,109"
12355,"0,265,349"
12356,"0,206,8"
12357,"169,170,459"
12358,"23,24,38"
12359,"10,220,221"
12360,"169,199,323"
12361,"131,40,226"
12362,"3,68,21"
12363,"0,8,206"
12364,"40,395,128"
12365,"23,24,49"
12366,"3,53,147"
12367,"10,11,12"
12368,"3,13,204"
12369,"41,40,286"
12370,"64,10,93"
12371,"169,199,248"
12372,"40,241,131"
12373,"0,457,218"
12374,"3,147,148"
12375,"40,145,44"
12376,"4,3,7"
12377,"40,237,34"
12378,"220,10,242"
12379,"5,3,228"
12380,"0,365,340"
12381,"40,41,42"
12382,"218,0,475"
12383,"169,170,171"
12384,"169,296,306"
12385,"40,186,128"
12386,"10,54,95"
12387,"3,21,182"
12388,"3,85,86"
12389,"23,74,134"
12390,"169,199,23"
12391,"64,10,65"
12392,"339,337,169"
12393,"169,199,259"
12394,"128,40,129"
12395,"40,145,44"
12396,"10,11,12"
12397,"169,417,296"
12398,"235,8,0"
12399,"169,199,281"
12400,"23,38,105"
12401,"40,145,44"
12402,"40,41,186"
12403,"3,21,124"
12404,"40,145,44"
12405,"32,23,31"
12406,"23,10,54"
12407,"169,199,281"
12408,"10,23,24"
12409,"169,296,426"
12410,"40,41,224"
12411,"0,271,456"
12412,"10,40,145"
12413,"3,523,53"
12414,"11,40,10"
12415,"10,64,60"
12416,"3,53,111"
12417,"3,85,86"
12418,"40,160,152"
12419,"169,170,199"
12420,"0,216,212"
12421,"23,49,31"
12422,"23,74,24"
12423,"23,118,105"
12424,"40,145,44"
12425,"4,188,3"
12426,"40,145,402"
12427,"8,0,162"
12428,"40,131,406"
12429,"23,24,43"
12430,"74,23,303"
12431,"3,21,66"
12432,"220,10,221"
12433,"40,185,184"
12434,"0,2,1"
12435,"21,3,40"
12436,"23,26,89"
12437,"3,21,127"
12438,"40,160,149"
12439,"23,38,74"
12440,"40,41,42"
12441,"115,146,3"
12442,"169,199,281"
12443,"11,10,109"
12444,"3,53,287"
12445,"220,10,242"
12446,"3,28,190"
12447,"3,28,4"
12448,"10,11,44"
12449,"74,303,23"
12450,"3,4,183"
12451,"10,60,61"
12452,"24,59,23"
12453,"40,145,44"
12454,"10,220,221"
12455,"64,10,448"
12456,"40,131,139"
12457,"220,10,221"
12458,"3,21,127"
12459,"0,216,380"
12460,"169,199,281"
12461,"23,39,38"
12462,"195,128,40"
12463,"169,426,427"
12464,"3,53,21"
12465,"3,147,156"
12466,"340,0,265"
12467,"3,111,112"
12468,"3,147,148"
12469,"3,21,53"
12470,"0,271,214"
12471,"271,0,355"
12472,"169,199,343"
12473,"0,8,128"
12474,"23,26,231"
12475,"184,40,368"
12476,"23,118,74"
12477,"3,5,133"
12478,"11,10,109"
12479,"184,40,10"
12480,"23,24,43"
12481,"40,131,159"
12482,"128,130,40"
12483,"23,105,137"
12484,"111,3,119"
12485,"169,337,251"
12486,"0,271,456"
12487,"23,38,74"
12488,"169,199,296"
12489,"3,34,17"
12490,"23,26,89"
12491,"3,147,148"
12492,"169,199,138"
12493,"199,169,0"
12494,"10,64,93"
12495,"10,64,239"
12496,"220,10,242"
12497,"3,21,131"
12498,"10,12,11"
12499,"3,4,238"
12500,"64,10,448"
12501,"23,74,165"
12502,"8,0,514"
12503,"118,23,74"
12504,"34,3,263"
12505,"3,199,169"
12506,"40,145,95"
12507,"40,185,184"
12508,"3,15,16"
12509,"0,313,346"
12510,"0,265,266"
12511,"169,170,199"
12512,"3,147,148"
12513,"21,3,127"
12514,"40,128,129"
12515,"23,26,89"
12516,"40,160,3"
12517,"3,21,33"
12518,"312,169,426"
12519,"3,21,108"
12520,"90,64,10"
12521,"3,4,21"
12522,"319,211,0"
12523,"23,62,24"
12524,"10,54,95"
12525,"10,64,448"
12526,"0,235,8"
12527,"463,462,0"
12528,"40,160,423"
12529,"3,15,16"
12530,"38,23,0"
12531,"31,32,23"
12532,"24,23,49"
12533,"10,220,162"
12534,"3,21,111"
12535,"23,24,10"
12536,"11,10,205"
12537,"40,41,286"
12538,"3,21,182"
12539,"0,271,214"
12540,"40,130,128"
12541,"169,339,337"
12542,"10,11,109"
12543,"206,0,8"
12544,"23,74,165"
12545,"23,74,118"
12546,"10,40,44"
12547,"28,3,30"
12548,"3,147,15"
12549,"4,3,238"
12550,"54,10,322"
12551,"3,4,183"
12552,"40,145,128"
12553,"296,169,306"
12554,"3,21,126"
12555,"3,21,33"
12556,"169,170,459"
12557,"199,169,431"
12558,"40,145,44"
12559,"40,145,10"
12560,"0,271,355"
12561,"128,40,129"
12562,"23,31,32"
12563,"0,208,265"
12564,"23,49,24"
12565,"0,208,265"
12566,"40,199,169"
12567,"0,271,366"
12568,"0,463,1"
12569,"0,216,319"
12570,"3,309,237"
12571,"10,11,109"
12572,"3,21,182"
12573,"23,25,24"
12574,"40,139,153"
12575,"3,36,35"
12576,"3,21,127"
12577,"3,21,108"
12578,"23,49,24"
12579,"23,26,89"
12580,"40,145,44"
12581,"10,11,109"
12582,"3,66,30"
12583,"23,74,303"
12584,"3,147,148"
12585,"40,131,406"
12586,"3,85,17"
12587,"4,3,238"
12588,"3,66,30"
12589,"0,319,211"
12590,"3,21,53"
12591,"128,195,40"
12592,"26,23,350"
12593,"3,21,53"
12594,"40,131,241"
12595,"23,118,74"
12596,"131,40,406"
12597,"169,199,170"
12598,"15,16,3"
12599,"3,85,21"
12600,"3,17,168"
12601,"26,23,89"
12602,"23,24,49"
12603,"0,266,265"
12604,"23,345,38"
12605,"0,271,355"
12606,"10,64,65"
12607,"0,265,340"
12608,"40,395,128"
12609,"0,271,363"
12610,"10,60,54"
12611,"3,21,108"
12612,"26,23,350"
12613,"3,53,111"
12614,"3,53,523"
12615,"3,40,41"
12616,"0,410,285"
12617,"3,53,21"
12618,"0,2,1"
12619,"147,3,148"
12620,"3,5,57"
12621,"402,40,145"
12622,"23,38,24"
12623,"366,0,271"
12624,"10,11,419"
12625,"11,10,12"
12626,"10,40,54"
12627,"23,169,74"
12628,"21,3,40"
12629,"0,208,209"
12630,"3,85,21"
12631,"10,60,239"
12632,"249,0,279"
12633,"0,271,456"
12634,"3,15,16"
12635,"3,21,108"
12636,"3,147,148"
12637,"40,139,131"
12638,"0,265,266"
12639,"15,16,3"
12640,"0,208,403"
12641,"3,15,147"
12642,"40,41,139"
12643,"23,38,309"
12644,"23,74,118"
12645,"249,0,24"
12646,"23,277,169"
12647,"190,28,3"
12648,"10,64,93"
12649,"40,41,42"
12650,"0,23,24"
12651,"3,30,66"
12652,"10,40,54"
12653,"3,21,108"
12654,"3,53,28"
12655,"169,339,337"
12656,"0,265,349"
12657,"3,34,17"
12658,"0,271,355"
12659,"23,74,118"
12660,"40,10,145"
12661,"3,147,148"
12662,"10,40,54"
12663,"4,188,3"
12664,"23,40,131"
12665,"10,64,448"
12666,"13,60,61"
12667,"220,10,221"
12668,"40,139,153"
12669,"40,131,406"
12670,"0,271,272"
12671,"10,54,95"
12672,"3,53,17"
12673,"10,234,322"
12674,"10,205,11"
12675,"23,84,40"
12676,"40,139,153"
12677,"3,199,21"
12678,"64,10,65"
12679,"3,127,21"
12680,"40,131,134"
12681,"24,43,10"
12682,"0,8,308"
12683,"406,131,40"
12684,"23,24,59"
12685,"169,199,343"
12686,"169,199,281"
12687,"0,11,218"
12688,"23,26,89"
12689,"169,296,306"
12690,"169,281,3"
12691,"220,10,242"
12692,"3,4,238"
12693,"64,10,448"
12694,"169,199,343"
12695,"220,10,40"
12696,"21,3,127"
12697,"21,40,3"
12698,"0,8,271"
12699,"199,169,281"
12700,"40,41,201"
12701,"23,31,24"
12702,"3,111,85"
12703,"40,160,315"
12704,"0,271,280"
12705,"131,40,406"
12706,"40,145,502"
12707,"3,53,523"
12708,"23,26,89"
12709,"23,26,231"
12710,"64,10,93"
12711,"23,24,43"
12712,"10,11,109"
12713,"10,220,221"
12714,"3,21,17"
12715,"0,354,214"
12716,"40,152,151"
12717,"3,17,111"
12718,"339,337,169"
12719,"220,10,221"
12720,"40,160,149"
12721,"312,3,169"
12722,"3,21,127"
12723,"3,17,320"
12724,"40,41,160"
12725,"23,74,303"
12726,"40,145,44"
12727,"3,34,128"
12728,"21,3,23"
12729,"40,23,44"
12730,"23,26,350"
12731,"24,23,59"
12732,"0,8,346"
12733,"169,199,248"
12734,"3,21,187"
12735,"3,111,161"
12736,"23,71,40"
12737,"118,23,74"
12738,"26,0,8"
12739,"3,17,21"
12740,"3,66,30"
12741,"40,145,402"
12742,"0,271,456"
12743,"96,31,60"
12744,"17,3,320"
12745,"90,64,10"
12746,"40,131,159"
12747,"0,271,360"
12748,"0,265,418"
12749,"40,131,406"
12750,"0,422,504"
12751,"10,11,64"
12752,"0,363,271"
12753,"31,23,131"
12754,"0,456,271"
12755,"40,145,23"
12756,"23,64,10"
12757,"10,54,55"
12758,"169,170,296"
12759,"40,128,195"
12760,"23,0,271"
12761,"3,4,111"
12762,"17,3,168"
12763,"0,8,235"
12764,"0,169,199"
12765,"0,8,206"
12766,"23,43,24"
12767,"4,3,19"
12768,"220,10,242"
12769,"64,10,80"
12770,"23,74,38"
12771,"10,44,40"
12772,"235,8,0"
12773,"118,23,74"
12774,"3,147,523"
12775,"3,21,108"
12776,"220,10,242"
12777,"3,53,68"
12778,"23,43,24"
12779,"3,21,164"
12780,"23,26,89"
12781,"147,3,148"
12782,"64,10,93"
12783,"64,10,65"
12784,"15,16,3"
12785,"23,43,24"
12786,"3,147,33"
12787,"169,199,382"
12788,"0,271,456"
12789,"169,170,199"
12790,"170,169,260"
12791,"64,10,338"
12792,"23,26,231"
12793,"3,53,523"
12794,"3,4,435"
12795,"74,23,303"
12796,"10,23,239"
12797,"10,54,55"
12798,"169,323,199"
12799,"3,4,238"
12800,"40,402,145"
12801,"3,15,16"
12802,"3,182,68"
12803,"10,64,239"
12804,"10,60,61"
12805,"3,147,21"
12806,"0,271,355"
12807,"10,64,65"
12808,"3,15,16"
12809,"169,170,459"
12810,"0,279,249"
12811,"199,23,169"
12812,"64,10,93"
12813,"0,266,265"
12814,"64,10,448"
12815,"40,41,3"
12816,"3,467,53"
12817,"3,111,441"
12818,"169,170,199"
12819,"208,0,369"
12820,"169,170,10"
12821,"3,34,263"
12822,"169,170,26"
12823,"21,3,124"
12824,"169,170,417"
12825,"23,24,49"
12826,"40,131,226"
12827,"169,199,281"
12828,"169,170,260"
12829,"3,13,53"
12830,"64,10,448"
12831,"17,3,168"
12832,"10,11,12"
12833,"3,111,161"
12834,"3,21,85"
12835,"0,26,23"
12836,"64,10,93"
12837,"3,17,15"
12838,"40,41,139"
12839,"220,10,221"
12840,"3,15,16"
12841,"0,216,304"
12842,"23,74,165"
12843,"131,241,40"
12844,"3,17,320"
12845,"23,26,89"
12846,"40,146,145"
12847,"3,30,66"
12848,"3,28,364"
12849,"220,10,221"
12850,"8,0,128"
12851,"3,48,53"
12852,"3,4,19"
12853,"40,41,127"
12854,"10,54,40"
12855,"169,170,260"
12856,"10,11,12"
12857,"0,340,265"
12858,"3,21,108"
12859,"220,10,221"
12860,"169,135,296"
12861,"4,3,19"
12862,"15,3,16"
12863,"0,265,266"
12864,"3,21,5"
12865,"3,21,108"
12866,"220,10,242"
12867,"10,64,90"
12868,"3,21,111"
12869,"0,206,8"
12870,"17,3,168"
12871,"31,40,23"
12872,"281,169,199"
12873,"64,10,65"
12874,"309,3,23"
12875,"0,214,213"
12876,"10,44,145"
12877,"3,4,435"
12878,"220,10,221"
12879,"3,17,320"
12880,"8,0,206"
12881,"3,147,148"
12882,"3,30,66"
12883,"40,131,241"
12884,"229,0,421"
12885,"169,170,199"
12886,"3,15,16"
12887,"40,162,128"
12888,"3,111,112"
12889,"3,21,108"
12890,"23,26,89"
12891,"3,147,148"
12892,"169,128,337"
12893,"118,23,74"
12894,"0,271,355"
12895,"40,41,42"
12896,"23,26,89"
12897,"169,199,312"
12898,"8,0,391"
12899,"169,31,23"
12900,"40,128,129"
12901,"3,21,187"
12902,"199,169,281"
12903,"0,271,366"
12904,"40,41,160"
12905,"23,43,24"
12906,"10,40,402"
12907,"169,199,281"
12908,"40,131,406"
12909,"145,44,40"
12910,"40,3,145"
12911,"23,26,89"
12912,"3,34,263"
12913,"3,147,148"
12914,"23,24,43"
12915,"3,34,263"
12916,"10,64,24"
12917,"23,26,8"
12918,"40,23,3"
12919,"23,24,43"
12920,"23,3,31"
12921,"10,54,95"
12922,"3,147,148"
12923,"169,199,281"
12924,"40,138,135"
12925,"220,221,10"
12926,"23,38,74"
12927,"169,199,152"
12928,"147,3,148"
12929,"160,40,3"
12930,"40,145,25"
12931,"23,26,89"
12932,"8,0,206"
12933,"0,271,280"
12934,"3,66,30"
12935,"220,10,242"
12936,"23,74,317"
12937,"206,8,0"
12938,"4,3,238"
12939,"40,145,44"
12940,"0,271,280"
12941,"169,199,171"
12942,"11,10,109"
12943,"340,265,0"
12944,"10,64,90"
12945,"220,10,242"
12946,"10,64,93"
12947,"23,38,87"
12948,"3,111,119"
12949,"0,199,169"
12950,"3,4,238"
12951,"10,220,221"
12952,"3,21,127"
12953,"3,147,148"
12954,"11,10,109"
12955,"4,3,238"
12956,"169,199,171"
12957,"23,49,24"
12958,"128,129,40"
12959,"0,8,265"
12960,"23,74,40"
12961,"169,199,3"
12962,"218,0,465"
12963,"23,74,165"
12964,"23,26,89"
12965,"3,17,168"
12966,"10,64,43"
12967,"3,147,148"
12968,"40,152,151"
12969,"3,33,21"
12970,"23,165,38"
12971,"40,146,145"
12972,"169,170,260"
12973,"10,220,221"
12974,"23,26,231"
12975,"296,169,411"
12976,"0,271,456"
12977,"128,130,129"
12978,"40,3,41"
12979,"3,4,170"
12980,"3,21,108"
12981,"40,131,241"
12982,"23,74,165"
12983,"10,64,93"
12984,"170,169,459"
12985,"0,2,1"
12986,"40,162,163"
12987,"3,30,66"
12988,"23,31,49"
12989,"23,24,206"
12990,"169,199,356"
12991,"40,145,402"
12992,"10,338,64"
12993,"0,271,1"
12994,"235,8,0"
12995,"145,11,40"
12996,"21,3,127"
12997,"43,23,24"
12998,"40,145,10"
12999,"10,54,95"
13000,"3,21,379"
13001,"169,170,199"
13002,"3,21,126"
13003,"3,70,4"
13004,"23,24,43"
13005,"40,3,21"
13006,"64,10,448"
13007,"3,21,187"
13008,"0,271,522"
13009,"40,145,44"
13010,"40,131,23"
13011,"17,3,168"
13012,"10,54,95"
13013,"74,23,303"
13014,"3,23,0"
13015,"40,145,44"
13016,"313,346,0"
13017,"147,3,148"
13018,"3,4,19"
13019,"0,271,214"
13020,"40,145,11"
13021,"40,135,189"
13022,"3,21,311"
13023,"10,64,93"
13024,"23,26,89"
13025,"23,32,31"
13026,"3,17,34"
13027,"40,160,315"
13028,"169,170,10"
13029,"0,214,213"
13030,"23,26,89"
13031,"169,170,459"
13032,"23,105,287"
13033,"23,26,89"
13034,"23,165,74"
13035,"0,271,456"
13036,"23,31,454"
13037,"169,199,170"
13038,"40,414,10"
13039,"223,426,169"
13040,"147,3,148"
13041,"199,169,343"
13042,"220,10,242"
13043,"0,218,512"
13044,"3,21,48"
13045,"26,23,89"
13046,"3,53,21"
13047,"169,339,3"
13048,"3,147,148"
13049,"10,220,242"
13050,"3,21,108"
13051,"40,41,21"
13052,"23,74,118"
13053,"23,74,38"
13054,"64,10,338"
13055,"23,38,137"
13056,"3,21,108"
13057,"23,26,350"
13058,"89,26,23"
13059,"199,169,281"
13060,"40,11,109"
13061,"26,23,89"
13062,"131,40,406"
13063,"296,169,306"
13064,"10,64,448"
13065,"3,17,320"
13066,"249,0,279"
13067,"23,74,303"
13068,"3,66,21"
13069,"74,303,3"
13070,"23,40,131"
13071,"220,10,221"
13072,"220,10,221"
13073,"23,303,74"
13074,"40,131,406"
13075,"40,160,149"
13076,"40,139,153"
13077,"152,40,151"
13078,"23,3,31"
13079,"43,23,24"
13080,"10,64,80"
13081,"0,214,271"
13082,"170,169,260"
13083,"10,44,145"
13084,"169,170,199"
13085,"169,26,199"
13086,"10,60,239"
13087,"3,85,86"
13088,"40,128,129"
13089,"4,3,19"
13090,"0,216,304"
13091,"131,241,40"
13092,"28,190,3"
13093,"214,0,213"
13094,"169,199,356"
13095,"23,38,74"
13096,"26,0,23"
13097,"28,3,190"
13098,"0,249,279"
13099,"40,41,215"
13100,"8,206,0"
13101,"220,10,221"
13102,"10,23,24"
13103,"40,41,139"
13104,"40,41,224"
13105,"40,131,142"
13106,"23,74,118"
13107,"23,31,40"
13108,"3,15,16"
13109,"23,62,24"
13110,"23,118,231"
13111,"40,131,486"
13112,"11,10,109"
13113,"23,74,303"
13114,"3,21,108"
13115,"23,118,74"
13116,"10,54,95"
13117,"3,35,36"
13118,"3,85,86"
13119,"208,0,369"
13120,"40,160,302"
13121,"3,4,19"
13122,"169,199,248"
13123,"0,271,456"
13124,"40,128,130"
13125,"0,410,8"
13126,"3,5,228"
13127,"40,145,402"
13128,"23,74,118"
13129,"23,26,231"
13130,"3,111,53"
13131,"0,229,421"
13132,"128,40,129"
13133,"40,185,184"
13134,"10,11,109"
13135,"23,31,258"
13136,"0,208,369"
13137,"64,10,93"
13138,"145,40,44"
13139,"23,345,24"
13140,"10,220,221"
13141,"3,21,281"
13142,"10,64,448"
13143,"0,313,346"
13144,"3,4,70"
13145,"11,10,109"
13146,"40,175,23"
13147,"3,17,320"
13148,"463,462,0"
13149,"40,135,138"
13150,"220,10,221"
13151,"147,3,156"
13152,"128,40,129"
13153,"8,0,285"
13154,"11,10,109"
13155,"3,15,16"
13156,"40,131,226"
13157,"23,38,309"
13158,"3,21,108"
13159,"0,8,391"
13160,"40,44,145"
13161,"3,53,287"
13162,"3,4,238"
13163,"3,53,21"
13164,"8,0,206"
13165,"10,11,60"
13166,"10,60,239"
13167,"10,11,60"
13168,"17,3,168"
13169,"3,4,183"
13170,"3,53,523"
13171,"21,3,135"
13172,"169,199,343"
13173,"169,199,343"
13174,"0,100,265"
13175,"3,53,523"
13176,"10,23,60"
13177,"169,170,260"
13178,"64,10,448"
13179,"23,24,25"
13180,"23,89,0"
13181,"10,64,93"
13182,"64,10,448"
13183,"23,43,24"
13184,"3,147,148"
13185,"8,0,308"
13186,"40,162,163"
13187,"220,10,221"
13188,"23,24,338"
13189,"40,131,132"
13190,"131,40,134"
13191,"3,53,523"
13192,"10,54,322"
13193,"23,105,495"
13194,"0,271,8"
13195,"0,271,456"
13196,"169,199,343"
13197,"0,271,362"
13198,"17,3,320"
13199,"169,339,337"
13200,"3,21,111"
13201,"40,145,146"
13202,"3,48,81"
13203,"3,28,113"
13204,"17,3,168"
13205,"220,221,10"
13206,"11,10,205"
13207,"10,60,239"
13208,"10,11,12"
13209,"23,31,43"
13210,"3,21,147"
13211,"40,128,129"
13212,"3,21,108"
13213,"10,239,60"
13214,"43,23,24"
13215,"3,85,5"
13216,"169,296,274"
13217,"10,11,109"
13218,"10,234,54"
13219,"147,3,188"
13220,"169,23,31"
13221,"40,145,44"
13222,"40,31,23"
13223,"0,271,255"
13224,"3,13,14"
13225,"3,17,168"
13226,"40,131,134"
13227,"3,4,70"
13228,"23,38,25"
13229,"11,10,109"
13230,"169,199,281"
13231,"169,170,260"
13232,"152,151,494"
13233,"10,3,17"
13234,"10,64,93"
13235,"41,40,286"
13236,"10,60,239"
13237,"3,30,104"
13238,"3,21,108"
13239,"3,21,111"
13240,"40,402,145"
13241,"40,145,44"
13242,"10,64,93"
13243,"220,10,221"
13244,"3,111,119"
13245,"40,131,406"
13246,"40,145,44"
13247,"64,26,10"
13248,"3,21,108"
13249,"169,199,374"
13250,"0,218,475"
13251,"23,24,62"
13252,"10,54,322"
13253,"145,40,44"
13254,"40,145,44"
13255,"10,64,448"
13256,"3,21,22"
13257,"0,59,40"
13258,"169,40,135"
13259,"3,17,56"
13260,"40,128,129"
13261,"0,271,214"
13262,"40,145,10"
13263,"169,170,199"
13264,"64,10,448"
13265,"23,84,74"
13266,"10,64,60"
13267,"10,54,95"
13268,"3,147,148"
13269,"10,11,109"
13270,"169,199,281"
13271,"64,10,448"
13272,"26,23,350"
13273,"40,152,151"
13274,"34,3,263"
13275,"131,40,241"
13276,"23,38,137"
13277,"23,74,317"
13278,"64,10,80"
13279,"0,31,296"
13280,"3,53,100"
13281,"53,169,3"
13282,"10,54,145"
13283,"26,23,89"
13284,"10,54,95"
13285,"23,165,303"
13286,"40,41,324"
13287,"169,40,312"
13288,"23,24,38"
13289,"53,3,287"
13290,"17,3,168"
13291,"220,10,221"
13292,"40,131,132"
13293,"0,271,355"
13294,"23,38,87"
13295,"3,21,190"
13296,"3,85,158"
13297,"8,0,206"
13298,"3,21,148"
13299,"10,60,64"
13300,"3,176,111"
13301,"8,0,391"
13302,"3,51,52"
13303,"0,8,285"
13304,"169,170,260"
13305,"220,10,221"
13306,"0,216,212"
13307,"40,129,128"
13308,"0,214,271"
13309,"40,152,151"
13310,"40,145,402"
13311,"3,17,168"
13312,"40,128,129"
13313,"3,147,148"
13314,"169,170,171"
13315,"40,145,10"
13316,"40,41,224"
13317,"23,24,43"
13318,"10,11,109"
13319,"169,199,281"
13320,"0,265,490"
13321,"8,0,235"
13322,"23,10,11"
13323,"40,402,145"
13324,"10,60,239"
13325,"128,40,186"
13326,"241,40,131"
13327,"169,199,248"
13328,"271,0,456"
13329,"199,169,281"
13330,"3,21,187"
13331,"0,249,279"
13332,"271,0,321"
13333,"40,145,402"
13334,"11,10,205"
13335,"40,13,3"
13336,"40,145,44"
13337,"10,64,93"
13338,"40,160,302"
13339,"23,24,31"
13340,"23,38,74"
13341,"3,53,467"
13342,"169,199,171"
13343,"64,10,448"
13344,"169,199,170"
13345,"23,24,105"
13346,"23,26,350"
13347,"169,426,274"
13348,"10,12,40"
13349,"3,111,267"
13350,"23,74,118"
13351,"8,0,235"
13352,"3,53,21"
13353,"23,26,350"
13354,"40,145,44"
13355,"229,0,230"
13356,"3,21,187"
13357,"23,24,49"
13358,"10,11,109"
13359,"23,24,59"
13360,"44,145,11"
13361,"10,11,109"
13362,"3,21,182"
13363,"40,145,44"
13364,"23,105,318"
13365,"11,109,10"
13366,"199,169,343"
13367,"4,3,183"
13368,"131,40,184"
13369,"40,41,215"
13370,"160,40,302"
13371,"0,26,23"
13372,"0,8,327"
13373,"3,198,523"
13374,"26,23,0"
13375,"23,31,96"
13376,"131,40,226"
13377,"40,139,153"
13378,"169,199,343"
13379,"169,339,337"
13380,"33,3,21"
13381,"3,21,379"
13382,"296,169,411"
13383,"220,10,221"
13384,"3,8,21"
13385,"128,129,40"
13386,"53,105,23"
13387,"3,21,17"
13388,"17,3,168"
13389,"23,26,89"
13390,"169,199,281"
13391,"40,131,241"
13392,"24,43,23"
13393,"23,258,31"
13394,"40,128,195"
13395,"23,71,38"
13396,"3,21,126"
13397,"131,406,40"
13398,"40,41,286"
13399,"11,40,44"
13400,"220,10,242"
13401,"147,156,3"
13402,"23,8,0"
13403,"3,435,4"
13404,"17,3,168"
13405,"220,10,242"
13406,"40,145,146"
13407,"10,93,54"
13408,"199,169,281"
13409,"3,15,16"
13410,"3,147,148"
13411,"0,214,271"
13412,"23,24,105"
13413,"3,111,284"
13414,"3,85,86"
13415,"128,40,195"
13416,"11,10,205"
13417,"23,38,87"
13418,"165,23,74"
13419,"23,31,32"
13420,"3,21,108"
13421,"40,145,44"
13422,"23,24,49"
13423,"3,147,148"
13424,"3,15,16"
13425,"40,128,195"
13426,"169,296,336"
13427,"23,95,24"
13428,"23,26,231"
13429,"23,38,87"
13430,"23,26,89"
13431,"17,3,168"
13432,"64,10,43"
13433,"3,4,183"
13434,"40,145,44"
13435,"3,17,85"
13436,"0,313,23"
13437,"10,205,11"
13438,"24,23,59"
13439,"10,64,65"
13440,"8,0,235"
13441,"23,25,24"
13442,"220,10,221"
13443,"40,145,44"
13444,"3,21,17"
13445,"10,60,23"
13446,"23,74,38"
13447,"23,24,105"
13448,"31,147,3"
13449,"40,131,241"
13450,"3,147,15"
13451,"3,17,34"
13452,"23,24,49"
13453,"4,3,238"
13454,"11,10,205"
13455,"26,23,231"
13456,"5,3,228"
13457,"23,24,43"
13458,"10,64,323"
13459,"74,118,23"
13460,"3,85,158"
13461,"23,26,89"
13462,"23,25,40"
13463,"3,34,447"
13464,"0,8,285"
13465,"10,60,239"
13466,"64,23,10"
13467,"23,24,43"
13468,"26,0,249"
13469,"0,265,418"
13470,"17,3,320"
13471,"169,199,281"
13472,"8,0,206"
13473,"100,3,70"
13474,"3,21,53"
13475,"64,10,338"
13476,"185,40,184"
13477,"40,149,41"
13478,"23,38,94"
13479,"23,26,89"
13480,"199,169,281"
13481,"147,3,167"
13482,"0,26,350"
13483,"23,74,38"
13484,"170,169,260"
13485,"10,64,24"
13486,"169,199,281"
13487,"0,216,271"
13488,"3,4,183"
13489,"3,21,111"
13490,"10,54,322"
13491,"169,199,248"
13492,"74,23,118"
13493,"3,53,21"
13494,"23,26,231"
13495,"23,74,165"
13496,"21,3,127"
13497,"10,54,95"
13498,"93,10,64"
13499,"3,21,108"
13500,"40,130,128"
13501,"3,21,164"
13502,"169,170,312"
13503,"3,4,238"
13504,"26,23,89"
13505,"40,152,151"
13506,"160,40,302"
13507,"23,26,89"
13508,"169,199,170"
13509,"3,21,48"
13510,"3,111,21"
13511,"3,21,33"
13512,"40,131,41"
13513,"43,23,24"
13514,"169,199,281"
13515,"3,325,53"
13516,"23,74,303"
13517,"4,238,3"
13518,"169,170,311"
13519,"3,17,168"
13520,"8,0,308"
13521,"23,38,39"
13522,"3,143,337"
13523,"24,23,11"
13524,"23,40,31"
13525,"0,360,362"
13526,"3,64,109"
13527,"23,49,24"
13528,"38,71,23"
13529,"3,53,236"
13530,"0,8,206"
13531,"23,231,74"
13532,"23,105,318"
13533,"220,10,221"
13534,"10,65,90"
13535,"23,118,74"
13536,"21,3,126"
13537,"131,40,241"
13538,"64,448,10"
13539,"62,24,23"
13540,"3,85,21"
13541,"40,131,142"
13542,"199,23,169"
13543,"311,169,426"
13544,"64,10,448"
13545,"40,131,406"
13546,"31,23,32"
13547,"23,26,231"
13548,"43,23,24"
13549,"3,28,190"
13550,"0,271,444"
13551,"40,131,406"
13552,"0,313,346"
13553,"40,128,139"
13554,"40,131,159"
13555,"10,60,61"
13556,"3,5,228"
13557,"3,85,13"
13558,"23,105,106"
13559,"8,0,206"
13560,"3,21,379"
13561,"3,34,263"
13562,"3,147,148"
13563,"23,24,43"
13564,"40,145,237"
13565,"220,10,221"
13566,"40,160,315"
13567,"3,53,147"
13568,"0,216,212"
13569,"40,146,145"
13570,"64,10,93"
13571,"0,271,291"
13572,"3,4,28"
13573,"100,222,208"
13574,"3,40,139"
13575,"3,15,16"
13576,"3,21,127"
13577,"64,10,65"
13578,"40,145,44"
13579,"160,169,356"
13580,"0,216,271"
13581,"500,21,3"
13582,"3,21,126"
13583,"3,21,40"
13584,"11,10,109"
13585,"517,453,13"
13586,"131,40,241"
13587,"10,64,169"
13588,"169,199,170"
13589,"3,21,115"
13590,"0,265,208"
13591,"3,53,21"
13592,"23,26,89"
13593,"10,64,93"
13594,"3,15,147"
13595,"10,64,239"
13596,"0,271,456"
13597,"3,127,21"
13598,"206,0,8"
13599,"3,51,53"
13600,"0,265,349"
13601,"23,31,32"
13602,"23,0,231"
13603,"3,21,53"
13604,"199,169,281"
13605,"23,24,43"
13606,"185,40,184"
13607,"3,34,263"
13608,"64,23,442"
13609,"0,218,349"
13610,"3,15,16"
13611,"43,23,10"
13612,"169,170,459"
13613,"3,21,108"
13614,"3,17,320"
13615,"0,265,349"
13616,"152,151,40"
13617,"169,170,459"
13618,"3,147,148"
13619,"3,21,108"
13620,"23,31,24"
13621,"21,3,33"
13622,"271,0,23"
13623,"5,3,228"
13624,"23,26,350"
13625,"10,64,93"
13626,"23,128,175"
13627,"64,10,65"
13628,"8,206,0"
13629,"292,100,40"
13630,"3,111,267"
13631,"271,0,456"
13632,"118,23,74"
13633,"10,54,95"
13634,"3,21,127"
13635,"64,10,448"
13636,"13,204,3"
13637,"10,60,24"
13638,"40,139,41"
13639,"169,296,306"
13640,"3,21,34"
13641,"10,43,23"
13642,"23,26,89"
13643,"23,26,89"
13644,"169,3,199"
13645,"40,131,226"
13646,"10,220,221"
13647,"23,24,49"
13648,"40,131,406"
13649,"0,249,206"
13650,"3,21,115"
13651,"0,504,422"
13652,"3,15,16"
13653,"23,118,74"
13654,"220,221,10"
13655,"220,221,10"
13656,"10,23,43"
13657,"3,21,108"
13658,"169,199,40"
13659,"135,40,236"
13660,"3,15,16"
13661,"3,15,16"
13662,"10,40,145"
13663,"3,53,60"
13664,"0,271,321"
13665,"169,199,356"
13666,"10,54,40"
13667,"10,40,145"
13668,"0,216,319"
13669,"3,21,139"
13670,"40,139,395"
13671,"23,74,303"
13672,"296,169,306"
13673,"23,26,231"
13674,"23,74,118"
13675,"23,74,40"
13676,"0,271,280"
13677,"220,221,10"
13678,"24,59,23"
13679,"3,379,21"
13680,"169,199,64"
13681,"10,11,109"
13682,"3,65,17"
13683,"8,0,206"
13684,"131,241,406"
13685,"10,11,205"
13686,"100,3,222"
13687,"220,221,10"
13688,"3,21,48"
13689,"23,26,89"
13690,"40,131,134"
13691,"23,145,40"
13692,"23,74,40"
13693,"3,53,111"
13694,"23,309,38"
13695,"3,53,523"
13696,"23,26,24"
13697,"3,21,187"
13698,"128,40,186"
13699,"4,3,435"
13700,"320,58,3"
13701,"23,24,43"
13702,"64,10,93"
13703,"220,10,242"
13704,"40,145,10"
13705,"64,10,448"
13706,"13,3,204"
13707,"3,41,224"
13708,"3,21,53"
13709,"10,64,90"
13710,"128,40,129"
13711,"10,60,239"
13712,"3,21,53"
13713,"0,265,349"
13714,"4,3,188"
13715,"313,346,0"
13716,"2,0,1"
13717,"23,74,118"
13718,"170,169,260"
13719,"21,3,40"
13720,"169,199,323"
13721,"23,31,74"
13722,"3,21,33"
13723,"169,170,199"
13724,"296,169,526"
13725,"3,68,53"
13726,"3,5,133"
13727,"13,3,204"
13728,"3,170,169"
13729,"169,296,274"
13730,"0,313,346"
13731,"3,21,111"
13732,"3,111,472"
13733,"3,21,182"
13734,"3,111,112"
13735,"10,11,205"
13736,"169,199,248"
13737,"23,74,303"
13738,"40,145,402"
13739,"0,363,271"
13740,"3,53,21"
13741,"3,17,21"
13742,"3,21,111"
13743,"23,26,231"
13744,"10,64,93"
13745,"23,105,95"
13746,"127,21,3"
13747,"23,345,40"
13748,"0,220,40"
13749,"23,74,165"
13750,"169,300,296"
13751,"3,21,127"
13752,"3,111,53"
13753,"3,5,228"
13754,"10,239,60"
13755,"64,473,80"
13756,"169,199,281"
13757,"40,160,149"
13758,"40,131,159"
13759,"40,145,131"
13760,"40,241,131"
13761,"0,249,279"
13762,"220,10,221"
13763,"10,64,93"
13764,"10,64,93"
13765,"3,15,16"
13766,"169,199,171"
13767,"271,0,23"
13768,"199,169,281"
13769,"40,145,44"
13770,"0,265,271"
13771,"170,169,260"
13772,"3,111,53"
13773,"40,131,486"
13774,"64,10,93"
13775,"145,40,44"
13776,"3,28,30"
13777,"11,10,205"
13778,"23,71,38"
13779,"0,208,403"
13780,"23,31,380"
13781,"0,271,456"
13782,"3,34,263"
13783,"4,3,238"
13784,"23,24,105"
13785,"3,188,53"
13786,"40,145,44"
13787,"218,0,465"
13788,"25,23,24"
13789,"4,238,3"
13790,"128,40,129"
13791,"3,34,447"
13792,"10,60,24"
13793,"3,30,66"
13794,"23,24,25"
13795,"220,221,10"
13796,"64,10,448"
13797,"135,40,138"
13798,"23,24,38"
13799,"169,199,323"
13800,"3,147,148"
13801,"23,118,74"
13802,"40,152,151"
13803,"17,3,168"
13804,"3,126,21"
13805,"23,89,26"
13806,"23,26,89"
13807,"220,221,10"
13808,"169,339,337"
13809,"131,40,406"
13810,"23,24,49"
13811,"220,10,242"
13812,"220,10,242"
13813,"23,24,59"
13814,"3,21,126"
13815,"169,40,69"
13816,"10,11,205"
13817,"19,4,70"
13818,"23,345,454"
13819,"23,26,89"
13820,"64,10,43"
13821,"3,30,66"
13822,"0,271,265"
13823,"23,24,49"
13824,"23,74,303"
13825,"40,145,10"
13826,"3,53,15"
13827,"74,23,40"
13828,"4,238,3"
13829,"23,31,32"
13830,"0,271,353"
13831,"17,168,3"
13832,"3,21,53"
13833,"296,169,411"
13834,"128,195,0"
13835,"169,199,311"
13836,"0,206,8"
13837,"64,10,448"
13838,"3,66,30"
13839,"0,211,319"
13840,"40,145,194"
13841,"3,21,127"
13842,"10,40,145"
13843,"4,3,183"
13844,"40,128,131"
13845,"23,43,24"
13846,"64,10,448"
13847,"0,265,349"
13848,"10,64,93"
13849,"3,21,187"
13850,"13,14,150"
13851,"40,23,162"
13852,"3,147,148"
13853,"26,23,89"
13854,"3,21,187"
13855,"0,271,429"
13856,"3,21,124"
13857,"10,60,24"
13858,"64,10,448"
13859,"3,147,148"
13860,"0,271,456"
13861,"220,10,221"
13862,"40,146,145"
13863,"96,40,31"
13864,"0,8,265"
13865,"220,221,10"
13866,"3,21,111"
13867,"23,26,89"
13868,"23,309,40"
13869,"3,21,172"
13870,"3,111,112"
13871,"23,31,32"
13872,"23,77,131"
13873,"3,17,168"
13874,"23,118,74"
13875,"23,26,64"
13876,"3,17,168"
13877,"23,26,89"
13878,"40,128,129"
13879,"64,10,338"
13880,"220,221,10"
13881,"64,10,90"
13882,"3,147,148"
13883,"3,30,28"
13884,"40,159,77"
13885,"3,21,108"
13886,"0,265,340"
13887,"220,10,221"
13888,"40,128,129"
13889,"40,145,402"
13890,"3,111,34"
13891,"3,17,15"
13892,"64,10,65"
13893,"23,44,145"
13894,"23,89,40"
13895,"10,54,239"
13896,"40,128,195"
13897,"169,0,229"
13898,"40,41,42"
13899,"10,60,61"
13900,"199,169,343"
13901,"0,271,456"
13902,"3,21,17"
13903,"64,10,93"
13904,"169,170,459"
13905,"3,21,108"
13906,"3,15,16"
13907,"40,145,44"
13908,"23,74,165"
13909,"40,160,423"
13910,"40,41,224"
13911,"3,21,170"
13912,"26,23,350"
13913,"40,131,132"
13914,"169,170,274"
13915,"220,10,221"
13916,"23,26,231"
13917,"40,8,405"
13918,"10,64,93"
13919,"170,337,3"
13920,"3,21,147"
13921,"40,41,152"
13922,"10,23,231"
13923,"3,21,53"
13924,"3,53,523"
13925,"10,64,93"
13926,"40,128,186"
13927,"169,170,337"
13928,"184,40,185"
13929,"23,71,165"
13930,"3,4,238"
13931,"241,40,131"
13932,"17,3,168"
13933,"25,23,40"
13934,"23,26,89"
13935,"3,40,41"
13936,"151,152,40"
13937,"337,339,169"
13938,"3,21,147"
13939,"11,10,205"
13940,"10,40,145"
13941,"40,162,163"
13942,"296,169,411"
13943,"23,25,24"
13944,"220,10,242"
13945,"64,10,65"
13946,"220,10,242"
13947,"12,72,145"
13948,"23,40,74"
13949,"5,3,331"
13950,"8,0,405"
13951,"3,17,168"
13952,"10,205,11"
13953,"169,199,0"
13954,"169,199,459"
13955,"4,3,238"
13956,"4,3,19"
13957,"169,199,170"
13958,"296,169,411"
13959,"10,93,64"
13960,"3,21,48"
13961,"296,169,411"
13962,"118,23,74"
13963,"296,169,274"
13964,"0,271,291"
13965,"40,395,131"
13966,"3,53,467"
13967,"0,216,212"
13968,"0,235,8"
13969,"0,313,346"
13970,"3,30,66"
13971,"3,16,15"
13972,"199,169,281"
13973,"40,138,135"
13974,"23,118,74"
13975,"271,0,456"
13976,"3,21,68"
13977,"0,216,380"
13978,"40,145,44"
13979,"0,271,2"
13980,"40,23,44"
13981,"151,152,128"
13982,"23,26,231"
13983,"3,30,53"
13984,"3,111,119"
13985,"3,111,161"
13986,"64,10,338"
13987,"220,10,221"
13988,"15,16,3"
13989,"3,21,22"
13990,"10,64,93"
13991,"31,40,23"
13992,"64,10,65"
13993,"3,147,53"
13994,"0,128,195"
13995,"3,17,320"
13996,"10,93,64"
13997,"3,447,17"
13998,"40,131,132"
13999,"3,53,523"
14000,"23,24,49"
14001,"0,255,272"
14002,"4,3,19"
14003,"0,366,271"
14004,"40,145,44"
14005,"3,21,48"
14006,"10,54,173"
14007,"3,17,111"
14008,"10,11,12"
14009,"220,10,221"
14010,"64,10,448"
14011,"10,60,61"
14012,"3,21,126"
14013,"3,13,17"
14014,"169,170,199"
14015,"214,213,0"
14016,"40,139,155"
14017,"3,34,169"
14018,"40,131,159"
14019,"3,147,148"
14020,"3,21,108"
14021,"199,169,281"
14022,"23,292,53"
14023,"11,10,109"
14024,"287,3,53"
14025,"3,85,21"
14026,"40,146,145"
14027,"128,129,40"
14028,"0,504,422"
14029,"34,3,263"
14030,"74,23,303"
14031,"3,21,22"
14032,"3,147,148"
14033,"131,40,226"
14034,"96,31,23"
14035,"23,26,89"
14036,"40,131,142"
14037,"40,41,224"
14038,"23,26,89"
14039,"23,38,137"
14040,"40,184,131"
14041,"0,235,216"
14042,"3,4,19"
14043,"64,10,448"
14044,"3,21,187"
14045,"3,13,14"
14046,"5,3,228"
14047,"10,64,448"
14048,"8,0,206"
14049,"169,199,170"
14050,"105,23,495"
14051,"23,74,303"
14052,"10,64,93"
14053,"169,171,170"
14054,"40,138,135"
14055,"40,41,3"
14056,"0,271,522"
14057,"26,23,89"
14058,"3,53,287"
14059,"23,74,303"
14060,"0,271,522"
14061,"26,23,89"
14062,"23,74,38"
14063,"128,40,129"
14064,"3,4,30"
14065,"145,40,44"
14066,"3,21,108"
14067,"40,145,146"
14068,"3,21,187"
14069,"128,129,40"
14070,"26,23,89"
14071,"40,23,165"
14072,"290,31,23"
14073,"313,0,26"
14074,"0,366,271"
14075,"10,64,60"
14076,"199,169,343"
14077,"199,169,343"
14078,"15,16,3"
14079,"23,26,89"
14080,"354,0,216"
14081,"3,17,21"
14082,"40,128,41"
14083,"169,170,199"
14084,"64,10,93"
14085,"184,40,243"
14086,"40,128,186"
14087,"3,21,523"
14088,"11,10,109"
14089,"40,129,128"
14090,"40,131,406"
14091,"10,173,54"
14092,"224,161,41"
14093,"339,337,0"
14094,"23,74,303"
14095,"31,23,96"
14096,"23,71,74"
14097,"23,74,303"
14098,"3,85,158"
14099,"3,147,53"
14100,"4,3,19"
14101,"40,145,44"
14102,"3,401,13"
14103,"0,8,285"
14104,"40,41,324"
14105,"4,3,238"
14106,"0,265,349"
14107,"3,21,147"
14108,"3,100,17"
14109,"23,31,49"
14110,"40,131,134"
14111,"23,24,26"
14112,"23,318,105"
14113,"131,40,406"
14114,"131,40,406"
14115,"3,21,108"
14116,"199,169,281"
14117,"26,231,23"
14118,"64,10,93"
14119,"0,465,218"
14120,"220,10,242"
14121,"23,38,91"
14122,"64,10,448"
14123,"3,4,5"
14124,"23,40,317"
14125,"3,156,21"
14126,"40,23,128"
14127,"169,170,260"
14128,"40,131,226"
14129,"23,74,63"
14130,"23,74,118"
14131,"17,3,168"
14132,"40,160,315"
14133,"40,131,134"
14134,"10,49,23"
14135,"40,41,286"
14136,"216,0,304"
14137,"40,131,134"
14138,"11,10,109"
14139,"0,271,291"
14140,"169,34,3"
14141,"0,354,214"
14142,"23,43,24"
14143,"3,21,108"
14144,"23,31,49"
14145,"0,271,366"
14146,"40,184,185"
14147,"184,185,40"
14148,"23,24,62"
14149,"3,147,148"
14150,"0,348,280"
14151,"0,216,513"
14152,"220,10,221"
14153,"0,319,211"
14154,"0,206,8"
14155,"3,21,187"
14156,"10,64,93"
14157,"3,5,228"
14158,"0,249,216"
14159,"3,156,147"
14160,"23,43,24"
14161,"64,10,335"
14162,"24,23,59"
14163,"40,131,241"
14164,"10,64,93"
14165,"199,169,356"
14166,"8,0,206"
14167,"10,11,109"
14168,"3,34,263"
14169,"23,220,24"
14170,"220,10,221"
14171,"15,16,3"
14172,"131,40,406"
14173,"199,169,323"
14174,"220,10,221"
14175,"3,222,17"
14176,"169,170,260"
14177,"3,28,190"
14178,"169,199,343"
14179,"138,135,40"
14180,"40,41,224"
14181,"23,31,32"
14182,"40,145,44"
14183,"23,31,3"
14184,"3,13,5"
14185,"169,448,199"
14186,"13,3,14"
14187,"43,23,24"
14188,"3,147,156"
14189,"3,188,53"
14190,"3,21,108"
14191,"23,26,231"
14192,"0,362,271"
14193,"26,23,0"
14194,"0,271,456"
14195,"31,3,32"
14196,"3,168,17"
14197,"23,10,38"
14198,"26,23,89"
14199,"169,199,171"
14200,"3,13,14"
14201,"8,0,391"
14202,"3,53,287"
14203,"3,40,21"
14204,"31,23,258"
14205,"170,169,0"
14206,"0,265,340"
14207,"10,11,12"
14208,"0,206,208"
14209,"0,271,355"
14210,"235,8,0"
14211,"40,152,151"
14212,"169,199,323"
14213,"40,140,139"
14214,"128,40,129"
14215,"10,64,65"
14216,"265,340,0"
14217,"74,303,23"
14218,"0,216,304"
14219,"3,21,17"
14220,"3,379,21"
14221,"0,271,456"
14222,"140,40,139"
14223,"169,199,343"
14224,"8,0,235"
14225,"23,26,89"
14226,"40,41,224"
14227,"40,139,41"
14228,"10,60,43"
14229,"23,24,43"
14230,"23,24,43"
14231,"10,11,109"
14232,"40,131,406"
14233,"0,339,337"
14234,"0,214,213"
14235,"23,74,303"
14236,"100,3,222"
14237,"90,64,10"
14238,"23,82,38"
14239,"13,0,218"
14240,"3,17,168"
14241,"3,147,21"
14242,"8,0,308"
14243,"10,40,54"
14244,"23,40,220"
14245,"23,38,87"
14246,"0,271,456"
14247,"23,84,74"
14248,"3,34,311"
14249,"169,170,260"
14250,"23,26,89"
14251,"8,0,128"
14252,"21,3,127"
14253,"23,10,31"
14254,"0,218,351"
14255,"147,3,203"
14256,"3,15,16"
14257,"220,10,242"
14258,"40,145,44"
14259,"3,53,287"
14260,"23,26,89"
14261,"10,11,12"
14262,"3,128,195"
14263,"11,205,10"
14264,"3,21,108"
14265,"3,21,48"
14266,"40,41,135"
14267,"10,11,109"
14268,"64,10,448"
14269,"0,8,410"
14270,"169,281,199"
14271,"3,21,108"
14272,"220,10,221"
14273,"3,15,16"
14274,"169,170,260"
14275,"21,3,127"
14276,"23,495,40"
14277,"17,3,168"
14278,"31,23,328"
14279,"3,139,40"
14280,"40,131,226"
14281,"40,41,186"
14282,"23,24,43"
14283,"10,220,242"
14284,"3,111,21"
14285,"23,105,318"
14286,"10,64,338"
14287,"23,31,32"
14288,"4,3,238"
14289,"40,128,129"
14290,"4,3,238"
14291,"74,23,303"
14292,"0,280,271"
14293,"89,26,23"
14294,"64,10,448"
14295,"40,100,139"
14296,"40,395,145"
14297,"271,0,456"
14298,"0,271,265"
14299,"3,85,13"
14300,"0,313,346"
14301,"199,169,356"
14302,"10,60,239"
14303,"4,3,238"
14304,"40,402,145"
14305,"3,53,523"
14306,"23,26,231"
14307,"145,40,44"
14308,"40,145,44"
14309,"3,4,19"
14310,"64,10,93"
14311,"169,296,306"
14312,"0,280,348"
14313,"10,54,145"
14314,"0,249,279"
14315,"296,169,411"
14316,"3,4,19"
14317,"0,342,1"
14318,"24,23,43"
14319,"3,4,238"
14320,"21,3,126"
14321,"3,53,68"
14322,"3,147,426"
14323,"0,265,349"
14324,"0,340,265"
14325,"10,345,169"
14326,"199,169,23"
14327,"3,15,16"
14328,"313,26,346"
14329,"206,0,8"
14330,"10,64,448"
14331,"169,199,281"
14332,"147,3,148"
14333,"3,5,228"
14334,"10,64,93"
14335,"40,160,423"
14336,"296,169,411"
14337,"0,40,346"
14338,"0,271,216"
14339,"44,40,23"
14340,"234,10,60"
14341,"3,21,379"
14342,"5,3,331"
14343,"23,26,8"
14344,"169,170,199"
14345,"4,19,3"
14346,"199,169,281"
14347,"128,129,40"
14348,"3,21,108"
14349,"169,199,281"
14350,"296,169,460"
14351,"23,24,43"
14352,"0,249,279"
14353,"169,459,170"
14354,"126,3,21"
14355,"40,131,395"
14356,"220,10,242"
14357,"40,131,241"
14358,"296,169,526"
14359,"23,24,25"
14360,"64,10,338"
14361,"0,271,265"
14362,"4,3,19"
14363,"169,170,260"
14364,"0,271,21"
14365,"40,41,160"
14366,"3,21,48"
14367,"40,131,134"
14368,"4,3,238"
14369,"10,60,61"
14370,"23,26,89"
14371,"40,145,44"
14372,"10,64,93"
14373,"3,28,30"
14374,"218,0,13"
14375,"96,31,23"
14376,"23,24,25"
14377,"3,60,53"
14378,"220,10,242"
14379,"23,74,118"
14380,"40,41,128"
14381,"3,35,36"
14382,"265,340,0"
14383,"3,48,21"
14384,"23,74,165"
14385,"3,21,127"
14386,"0,271,456"
14387,"15,3,16"
14388,"169,170,199"
14389,"40,145,44"
14390,"3,21,301"
14391,"0,216,169"
14392,"131,40,406"
14393,"64,10,93"
14394,"3,34,263"
14395,"10,11,12"
14396,"0,273,231"
14397,"4,3,238"
14398,"169,199,170"
14399,"128,40,129"
14400,"3,4,238"
14401,"11,10,109"
14402,"10,93,64"
14403,"168,17,419"
14404,"11,10,109"
14405,"3,21,22"
14406,"169,170,311"
14407,"23,24,43"
14408,"3,30,21"
14409,"40,160,152"
14410,"40,160,152"
14411,"3,111,112"
14412,"40,162,128"
14413,"220,221,10"
14414,"10,40,54"
14415,"0,280,218"
14416,"23,105,38"
14417,"23,454,31"
14418,"3,111,112"
14419,"40,131,142"
14420,"10,23,60"
14421,"169,170,199"
14422,"31,3,23"
14423,"10,11,419"
14424,"40,131,395"
14425,"40,129,128"
14426,"234,10,60"
14427,"220,10,221"
14428,"0,339,337"
14429,"64,10,448"
14430,"40,21,3"
14431,"23,32,31"
14432,"135,40,138"
14433,"10,11,109"
14434,"3,21,108"
14435,"3,182,21"
14436,"3,5,158"
14437,"15,16,3"
14438,"296,169,526"
14439,"71,23,38"
14440,"11,45,44"
14441,"23,26,89"
14442,"0,289,313"
14443,"23,74,303"
14444,"3,34,21"
14445,"26,23,89"
14446,"23,74,165"
14447,"3,21,33"
14448,"3,15,144"
14449,"128,40,129"
14450,"10,64,473"
14451,"25,23,24"
14452,"128,129,40"
14453,"23,105,495"
14454,"40,160,152"
14455,"3,147,148"
14456,"40,131,134"
14457,"23,38,309"
14458,"40,145,44"
14459,"4,19,3"
14460,"10,64,93"
14461,"0,271,361"
14462,"220,221,10"
14463,"10,54,40"
14464,"40,145,402"
14465,"40,3,21"
14466,"17,3,168"
14467,"40,138,224"
14468,"0,271,340"
14469,"23,25,10"
14470,"40,129,128"
14471,"23,31,10"
14472,"64,10,93"
14473,"10,60,64"
14474,"26,23,350"
14475,"11,10,109"
14476,"23,38,137"
14477,"10,95,54"
14478,"23,31,32"
14479,"3,147,148"
14480,"23,26,89"
14481,"3,35,36"
14482,"23,165,3"
14483,"17,3,40"
14484,"3,147,148"
14485,"3,21,182"
14486,"3,4,183"
14487,"3,111,112"
14488,"4,19,3"
14489,"23,84,74"
14490,"3,21,187"
14491,"23,43,24"
14492,"296,169,460"
14493,"3,13,14"
14494,"23,31,40"
14495,"10,54,95"
14496,"169,170,337"
14497,"3,17,287"
14498,"40,131,406"
14499,"206,0,369"
14500,"40,152,41"
14501,"3,147,148"
14502,"23,63,38"
14503,"40,145,44"
14504,"3,158,85"
14505,"10,64,239"
14506,"40,41,286"
14507,"118,23,74"
14508,"10,64,93"
14509,"3,147,148"
14510,"3,85,158"
14511,"10,11,60"
14512,"220,10,221"
14513,"23,24,59"
14514,"23,74,38"
14515,"23,0,31"
14516,"23,40,402"
14517,"40,145,44"
14518,"23,31,32"
14519,"40,146,145"
14520,"3,147,148"
14521,"11,10,205"
14522,"220,10,221"
14523,"169,199,323"
14524,"3,53,523"
14525,"17,3,168"
14526,"40,152,151"
14527,"3,28,364"
14528,"0,280,271"
14529,"26,199,23"
14530,"3,21,111"
14531,"10,11,12"
14532,"3,21,111"
14533,"23,26,89"
14534,"0,271,361"
14535,"140,40,139"
14536,"10,64,93"
14537,"0,216,257"
14538,"3,21,187"
14539,"3,147,15"
14540,"17,3,168"
14541,"0,271,456"
14542,"11,10,109"
14543,"3,30,66"
14544,"40,145,10"
14545,"169,199,343"
14546,"10,64,93"
14547,"23,38,137"
14548,"23,74,40"
14549,"10,54,95"
14550,"40,152,151"
14551,"23,74,317"
14552,"40,160,302"
14553,"0,313,346"
14554,"40,191,41"
14555,"171,169,199"
14556,"23,26,231"
14557,"40,215,41"
14558,"3,15,16"
14559,"3,21,108"
14560,"3,4,188"
14561,"10,220,221"
14562,"40,131,226"
14563,"3,53,287"
14564,"3,17,168"
14565,"17,3,168"
14566,"23,24,43"
14567,"0,271,291"
14568,"23,31,32"
14569,"3,147,148"
14570,"10,64,93"
14571,"3,15,379"
14572,"40,129,328"
14573,"3,85,158"
14574,"23,26,89"
14575,"40,160,302"
14576,"220,10,221"
14577,"10,64,93"
14578,"40,146,41"
14579,"3,147,148"
14580,"220,10,242"
14581,"10,64,93"
14582,"10,24,43"
14583,"4,3,238"
14584,"220,221,10"
14585,"128,129,40"
14586,"23,345,31"
14587,"139,40,140"
14588,"3,474,111"
14589,"3,4,435"
14590,"23,38,91"
14591,"23,24,49"
14592,"3,21,182"
14593,"169,199,281"
14594,"23,74,303"
14595,"23,24,43"
14596,"3,53,68"
14597,"10,64,93"
14598,"11,40,44"
14599,"23,24,49"
14600,"3,21,108"
14601,"3,13,190"
14602,"139,153,40"
14603,"23,31,32"
14604,"40,145,44"
14605,"456,271,0"
14606,"169,199,21"
14607,"3,34,21"
14608,"3,4,238"
14609,"0,271,456"
14610,"40,129,128"
14611,"4,3,238"
14612,"23,74,118"
14613,"145,40,44"
14614,"10,64,93"
14615,"10,64,448"
14616,"64,10,80"
14617,"40,41,145"
14618,"10,11,205"
14619,"74,23,165"
14620,"0,216,212"
14621,"23,74,303"
14622,"10,59,23"
14623,"169,199,248"
14624,"169,199,171"
14625,"64,10,80"
14626,"21,3,108"
14627,"21,3,395"
14628,"8,0,308"
14629,"3,21,127"
14630,"11,10,205"
14631,"11,10,205"
14632,"296,169,306"
14633,"220,10,221"
14634,"40,128,41"
14635,"10,60,43"
14636,"3,13,53"
14637,"220,10,221"
14638,"145,44,40"
14639,"23,105,318"
14640,"169,0,296"
14641,"3,21,108"
14642,"3,21,187"
14643,"220,10,242"
14644,"40,41,42"
14645,"8,0,308"
14646,"3,53,5"
14647,"23,71,38"
14648,"3,147,148"
14649,"169,170,508"
14650,"199,169,0"
14651,"3,111,112"
14652,"8,0,206"
14653,"229,230,0"
14654,"40,41,128"
14655,"3,21,111"
14656,"3,21,115"
14657,"3,13,14"
14658,"23,74,118"
14659,"40,160,302"
14660,"40,128,41"
14661,"40,160,315"
14662,"10,40,44"
14663,"23,38,71"
14664,"40,185,184"
14665,"74,23,303"
14666,"206,0,8"
14667,"40,131,241"
14668,"10,60,64"
14669,"3,5,6"
14670,"23,74,118"
14671,"3,21,127"
14672,"3,147,156"
14673,"0,271,342"
14674,"0,380,216"
14675,"128,40,3"
14676,"40,129,128"
14677,"15,16,3"
14678,"169,199,248"
14679,"169,199,343"
14680,"0,456,271"
14681,"23,74,131"
14682,"40,139,153"
14683,"40,131,406"
14684,"3,85,86"
14685,"10,64,93"
14686,"43,23,24"
14687,"3,111,224"
14688,"3,34,17"
14689,"3,21,53"
14690,"10,64,65"
14691,"74,23,317"
14692,"23,71,74"
14693,"296,169,420"
14694,"40,160,315"
14695,"43,23,24"
14696,"160,40,315"
14697,"40,145,44"
14698,"0,265,340"
14699,"3,147,30"
14700,"23,31,290"
14701,"40,244,135"
14702,"41,40,21"
14703,"3,21,108"
14704,"3,85,158"
14705,"40,41,128"
14706,"147,3,156"
14707,"3,17,320"
14708,"3,21,127"
14709,"23,24,49"
14710,"296,0,169"
14711,"169,199,426"
14712,"169,170,296"
14713,"8,0,206"
14714,"169,8,405"
14715,"23,31,32"
14716,"24,23,10"
14717,"3,111,267"
14718,"23,118,74"
14719,"90,64,10"
14720,"139,40,153"
14721,"40,131,406"
14722,"40,145,44"
14723,"3,147,148"
14724,"0,265,11"
14725,"220,10,221"
14726,"40,145,44"
14727,"23,26,89"
14728,"23,26,89"
14729,"40,41,139"
14730,"64,10,338"
14731,"235,8,0"
14732,"21,3,187"
14733,"3,21,126"
14734,"220,10,221"
14735,"3,523,53"
14736,"10,239,60"
14737,"23,74,197"
14738,"4,3,19"
14739,"0,211,319"
14740,"220,10,242"
14741,"220,10,221"
14742,"10,43,338"
14743,"40,243,184"
14744,"40,131,406"
14745,"64,10,448"
14746,"74,23,303"
14747,"0,271,456"
14748,"40,145,23"
14749,"23,74,303"
14750,"23,74,118"
14751,"40,145,524"
14752,"131,169,171"
14753,"10,64,79"
14754,"0,216,380"
14755,"40,41,139"
14756,"0,271,456"
14757,"3,15,16"
14758,"40,23,31"
14759,"40,131,241"
14760,"3,85,86"
14761,"169,170,459"
14762,"3,147,21"
14763,"10,12,72"
14764,"199,169,356"
14765,"3,21,108"
14766,"169,199,343"
14767,"48,21,23"
14768,"40,131,226"
14769,"118,23,74"
14770,"272,0,361"
14771,"24,23,49"
14772,"0,291,444"
14773,"3,21,124"
14774,"17,3,168"
14775,"3,21,108"
14776,"3,34,169"
14777,"169,199,259"
14778,"3,53,523"
14779,"3,30,66"
14780,"279,170,0"
14781,"40,145,402"
14782,"8,0,514"
14783,"3,147,148"
14784,"23,24,49"
14785,"23,38,74"
14786,"3,147,148"
14787,"10,220,64"
14788,"23,40,31"
14789,"64,10,448"
14790,"26,23,350"
14791,"40,160,315"
14792,"23,49,24"
14793,"44,40,145"
14794,"64,10,90"
14795,"40,145,146"
14796,"3,30,66"
14797,"23,74,40"
14798,"40,145,146"
14799,"170,169,0"
14800,"23,38,137"
14801,"169,170,459"
14802,"169,170,260"
14803,"3,5,228"
14804,"23,26,89"
14805,"0,216,319"
14806,"3,21,126"
14807,"40,184,494"
14808,"23,24,43"
14809,"3,17,168"
14810,"4,3,19"
14811,"3,53,467"
14812,"0,216,304"
14813,"3,21,126"
14814,"23,24,10"
14815,"23,24,25"
14816,"3,13,204"
14817,"10,11,12"
14818,"220,221,10"
14819,"23,26,89"
14820,"23,74,303"
14821,"3,85,86"
14822,"40,138,160"
14823,"0,208,266"
14824,"199,169,281"
14825,"3,53,100"
14826,"5,3,228"
14827,"0,516,271"
14828,"3,183,4"
14829,"40,128,130"
14830,"23,74,303"
14831,"3,17,168"
14832,"220,10,221"
14833,"11,10,109"
14834,"0,462,313"
14835,"23,231,118"
14836,"222,100,40"
14837,"40,128,186"
14838,"23,74,165"
14839,"10,220,221"
14840,"0,271,456"
14841,"3,30,66"
14842,"23,26,350"
14843,"23,32,31"
14844,"147,3,148"
14845,"169,296,426"
14846,"40,129,128"
14847,"3,21,40"
14848,"40,160,41"
14849,"3,28,111"
14850,"220,10,221"
14851,"147,3,148"
14852,"23,74,317"
14853,"0,463,444"
14854,"10,11,12"
14855,"26,23,350"
14856,"40,129,128"
14857,"0,8,206"
14858,"40,41,224"
14859,"23,24,49"
14860,"40,131,159"
14861,"3,21,127"
14862,"3,21,124"
14863,"40,201,160"
14864,"40,41,224"
14865,"40,145,146"
14866,"3,21,187"
14867,"3,30,21"
14868,"145,40,44"
14869,"40,160,315"
14870,"23,26,24"
14871,"10,11,109"
14872,"4,3,183"
14873,"3,15,16"
14874,"220,10,242"
14875,"169,199,281"
14876,"3,17,168"
14877,"147,3,148"
14878,"220,10,242"
14879,"3,34,21"
14880,"3,111,112"
14881,"0,271,199"
14882,"21,3,40"
14883,"23,49,24"
14884,"40,145,44"
14885,"4,3,238"
14886,"23,26,89"
14887,"23,26,89"
14888,"26,23,350"
14889,"3,13,14"
14890,"147,3,148"
14891,"64,10,80"
14892,"21,3,33"
14893,"3,34,447"
14894,"23,31,96"
14895,"0,265,340"
14896,"169,199,281"
14897,"40,145,44"
14898,"23,105,318"
14899,"0,265,349"
14900,"10,95,54"
14901,"74,23,303"
14902,"40,131,134"
14903,"10,40,145"
14904,"169,170,459"
14905,"199,169,40"
14906,"40,145,44"
14907,"135,40,138"
14908,"40,152,151"
14909,"26,23,89"
14910,"3,13,28"
14911,"40,135,395"
14912,"0,216,208"
14913,"40,131,241"
14914,"24,59,23"
14915,"64,10,448"
14916,"23,38,24"
14917,"169,199,281"
14918,"3,17,168"
14919,"199,169,356"
14920,"23,74,49"
14921,"296,169,371"
14922,"40,41,224"
14923,"43,23,24"
14924,"23,0,26"
14925,"0,214,213"
14926,"3,147,53"
14927,"11,10,109"
14928,"40,131,226"
14929,"3,21,126"
14930,"169,339,337"
14931,"26,23,89"
14932,"23,74,25"
14933,"220,10,242"
14934,"169,199,96"
14935,"169,417,296"
14936,"0,214,213"
14937,"40,241,131"
14938,"23,38,118"
14939,"3,53,523"
14940,"0,271,361"
14941,"220,10,242"
14942,"3,169,21"
14943,"3,17,168"
14944,"3,21,108"
14945,"40,160,41"
14946,"3,435,4"
14947,"74,23,317"
14948,"296,169,306"
14949,"3,68,53"
14950,"159,143,40"
14951,"3,147,169"
14952,"10,54,95"
14953,"0,313,346"
14954,"23,38,87"
14955,"31,23,77"
14956,"128,195,40"
14957,"131,40,406"
14958,"10,80,24"
14959,"40,131,406"
14960,"139,153,40"
14961,"23,38,26"
14962,"23,26,8"
14963,"0,271,361"
14964,"40,131,145"
14965,"23,82,89"
14966,"169,170,199"
14967,"147,3,148"
14968,"23,105,74"
14969,"4,3,19"
14970,"40,129,128"
14971,"21,3,40"
14972,"23,24,49"
14973,"23,38,137"
14974,"64,10,65"
14975,"169,171,199"
14976,"23,26,89"
14977,"271,0,456"
14978,"169,199,281"
14979,"10,64,93"
14980,"0,216,23"
14981,"40,131,226"
14982,"3,21,126"
14983,"40,128,186"
14984,"0,271,355"
14985,"313,26,23"
14986,"8,0,410"
14987,"0,26,89"
14988,"10,23,24"
14989,"23,31,96"
14990,"3,17,168"
14991,"25,23,40"
14992,"0,271,265"
14993,"3,4,435"
14994,"3,4,183"
14995,"3,21,48"
14996,"64,10,93"
14997,"169,199,323"
14998,"23,43,24"
14999,"10,64,93"
15000,"40,41,160"
15001,"3,85,111"
15002,"169,199,356"
15003,"11,10,109"
15004,"169,199,170"
15005,"118,23,74"
15006,"40,131,134"
15007,"23,49,24"
15008,"10,23,24"
15009,"169,312,426"
15010,"3,17,320"
15011,"131,40,406"
15012,"40,128,195"
15013,"3,21,127"
15014,"10,11,205"
15015,"3,147,15"
15016,"169,170,199"
15017,"3,21,13"
15018,"10,54,95"
15019,"171,169,199"
15020,"23,74,118"
15021,"169,199,231"
15022,"40,149,41"
15023,"64,10,80"
15024,"3,85,158"
15025,"8,0,26"
15026,"3,17,168"
15027,"21,3,127"
15028,"131,241,0"
15029,"131,40,406"
15030,"23,74,303"
15031,"0,271,23"
15032,"40,139,153"
15033,"147,3,148"
15034,"3,85,21"
15035,"3,147,148"
15036,"3,5,4"
15037,"3,21,108"
15038,"0,271,456"
15039,"0,216,254"
15040,"220,10,221"
15041,"169,23,296"
15042,"10,64,448"
15043,"206,8,0"
15044,"3,21,127"
15045,"3,21,40"
15046,"3,53,111"
15047,"23,26,89"
15048,"40,23,243"
15049,"64,10,93"
15050,"135,40,236"
15051,"4,3,238"
15052,"3,34,263"
15053,"169,170,260"
15054,"0,216,212"
15055,"23,38,309"
15056,"0,26,8"
15057,"40,145,44"
15058,"3,21,53"
15059,"23,26,24"
15060,"10,64,93"
15061,"169,199,170"
15062,"147,3,148"
15063,"169,199,323"
15064,"11,10,109"
15065,"169,296,306"
15066,"40,41,131"
15067,"3,21,108"
15068,"21,3,115"
15069,"3,21,68"
15070,"3,111,112"
15071,"4,3,435"
15072,"3,21,379"
15073,"3,111,112"
15074,"40,135,189"
15075,"169,296,411"
15076,"3,21,33"
15077,"23,24,43"
15078,"220,10,221"
15079,"3,147,148"
15080,"10,60,43"
15081,"0,8,355"
15082,"23,10,24"
15083,"23,74,40"
15084,"131,40,406"
15085,"10,11,109"
15086,"220,10,221"
15087,"0,265,349"
15088,"118,23,74"
15089,"26,23,350"
15090,"271,0,456"
15091,"4,19,3"
15092,"3,21,127"
15093,"40,145,402"
15094,"3,21,108"
15095,"169,170,3"
15096,"40,41,149"
15097,"11,10,12"
15098,"0,319,211"
15099,"0,271,128"
15100,"40,139,153"
15101,"21,3,40"
15102,"3,53,111"
15103,"17,3,168"
15104,"3,85,86"
15105,"0,265,418"
15106,"23,43,24"
15107,"0,199,271"
15108,"10,23,220"
15109,"23,94,38"
15110,"169,337,339"
15111,"3,13,204"
15112,"23,165,74"
15113,"23,25,10"
15114,"40,145,146"
15115,"40,131,486"
15116,"3,156,147"
15117,"10,205,59"
15118,"11,109,10"
15119,"0,271,456"
15120,"3,147,148"
15121,"3,15,16"
15122,"40,402,145"
15123,"44,145,40"
15124,"23,24,59"
15125,"40,139,41"
15126,"4,3,19"
15127,"220,10,221"
15128,"0,319,216"
15129,"23,26,231"
15130,"40,159,131"
15131,"23,24,25"
15132,"10,64,448"
15133,"4,3,19"
15134,"3,21,4"
15135,"3,183,5"
15136,"152,40,151"
15137,"135,169,459"
15138,"40,160,423"
15139,"23,38,128"
15140,"26,23,350"
15141,"23,74,84"
15142,"3,30,53"
15143,"23,24,43"
15144,"220,10,221"
15145,"23,32,31"
15146,"3,21,187"
15147,"0,216,380"
15148,"0,313,346"
15149,"43,23,24"
15150,"40,145,44"
15151,"10,64,54"
15152,"220,10,242"
15153,"28,100,190"
15154,"3,21,53"
15155,"23,31,96"
15156,"169,281,199"
15157,"0,277,208"
15158,"23,43,24"
15159,"3,147,148"
15160,"23,49,24"
15161,"169,199,171"
15162,"3,111,28"
15163,"23,26,89"
15164,"220,10,221"
15165,"199,169,323"
15166,"53,3,100"
15167,"296,169,417"
15168,"3,147,148"
15169,"40,152,151"
15170,"23,25,24"
15171,"4,3,435"
15172,"3,4,5"
15173,"10,64,43"
15174,"169,199,343"
15175,"3,17,320"
15176,"10,60,64"
15177,"169,199,281"
15178,"3,21,379"
15179,"10,197,54"
15180,"21,3,127"
15181,"3,21,108"
15182,"10,25,40"
15183,"220,10,221"
15184,"3,15,16"
15185,"169,296,420"
15186,"23,74,303"
15187,"3,30,66"
15188,"0,271,363"
15189,"40,145,402"
15190,"4,3,238"
15191,"0,206,249"
15192,"3,21,48"
15193,"23,91,89"
15194,"3,21,379"
15195,"145,40,44"
15196,"0,271,355"
15197,"3,147,148"
15198,"3,5,385"
15199,"131,40,226"
15200,"131,169,241"
15201,"40,128,195"
15202,"3,21,68"
15203,"23,49,24"
15204,"40,145,44"
15205,"0,271,456"
15206,"3,105,50"
15207,"3,21,187"
15208,"3,21,127"
15209,"0,208,265"
15210,"220,10,221"
15211,"220,10,221"
15212,"3,34,263"
15213,"3,21,68"
15214,"24,23,40"
15215,"3,21,127"
15216,"0,456,271"
15217,"23,74,303"
15218,"10,11,205"
15219,"40,41,324"
15220,"40,145,44"
15221,"211,319,0"
15222,"43,23,24"
15223,"169,170,199"
15224,"23,26,350"
15225,"40,131,406"
15226,"40,131,241"
15227,"10,11,12"
15228,"169,170,23"
15229,"40,131,486"
15230,"10,64,93"
15231,"23,26,89"
15232,"0,249,279"
15233,"13,3,14"
15234,"169,296,306"
15235,"40,10,402"
15236,"3,21,108"
15237,"40,135,431"
15238,"169,199,281"
15239,"220,10,242"
15240,"10,95,54"
15241,"40,26,23"
15242,"169,170,199"
15243,"11,10,205"
15244,"64,10,338"
15245,"3,21,127"
15246,"64,10,80"
15247,"0,291,271"
15248,"23,32,131"
15249,"23,31,32"
15250,"3,147,148"
15251,"199,169,281"
15252,"40,44,145"
15253,"23,345,309"
15254,"40,23,175"
15255,"0,216,304"
15256,"0,271,456"
15257,"169,199,281"
15258,"131,40,406"
15259,"131,40,226"
15260,"3,111,119"
15261,"3,21,127"
15262,"131,406,40"
15263,"40,145,44"
15264,"220,10,242"
15265,"23,74,303"
15266,"40,131,406"
15267,"23,74,303"
15268,"138,135,40"
15269,"21,3,124"
15270,"340,265,0"
15271,"3,34,263"
15272,"3,21,187"
15273,"11,10,205"
15274,"220,10,221"
15275,"0,271,456"
15276,"134,40,131"
15277,"3,30,66"
15278,"169,199,343"
15279,"64,65,10"
15280,"3,4,238"
15281,"3,21,53"
15282,"23,38,105"
15283,"40,243,74"
15284,"40,145,72"
15285,"23,26,89"
15286,"3,21,126"
15287,"169,170,260"
15288,"199,169,0"
15289,"3,147,148"
15290,"10,220,221"
15291,"3,21,53"
15292,"3,17,320"
15293,"3,17,168"
15294,"64,10,43"
15295,"64,10,448"
15296,"10,24,54"
15297,"11,10,205"
15298,"0,265,340"
15299,"169,339,337"
15300,"21,3,127"
15301,"3,28,190"
15302,"3,4,331"
15303,"31,23,258"
15304,"296,169,460"
15305,"40,131,139"
15306,"131,40,406"
15307,"169,199,281"
15308,"10,54,95"
15309,"40,145,44"
15310,"48,3,21"
15311,"169,199,382"
15312,"3,21,182"
15313,"169,199,281"
15314,"40,131,241"
15315,"169,199,323"
15316,"0,271,265"
15317,"40,41,149"
15318,"4,3,238"
15319,"40,145,44"
15320,"169,170,199"
15321,"0,271,429"
15322,"23,118,74"
15323,"0,271,291"
15324,"0,271,304"
15325,"0,271,522"
15326,"169,199,356"
15327,"0,255,348"
15328,"3,21,219"
15329,"10,11,109"
15330,"26,23,89"
15331,"17,168,3"
15332,"8,0,235"
15333,"169,170,260"
15334,"220,10,242"
15335,"3,21,127"
15336,"23,74,303"
15337,"3,21,187"
15338,"3,21,108"
15339,"40,145,44"
15340,"0,265,418"
15341,"23,91,38"
15342,"3,21,301"
15343,"23,74,165"
15344,"206,0,8"
15345,"147,3,15"
15346,"10,11,109"
15347,"3,53,523"
15348,"3,17,379"
15349,"199,169,343"
15350,"3,21,85"
15351,"0,271,355"
15352,"169,170,459"
15353,"64,10,80"
15354,"74,23,40"
15355,"40,145,44"
15356,"23,31,454"
15357,"23,26,89"
15358,"40,44,145"
15359,"40,131,406"
15360,"11,205,10"
15361,"379,3,17"
15362,"3,111,112"
15363,"3,21,301"
15364,"23,24,25"
15365,"64,10,93"
15366,"40,131,406"
15367,"118,23,74"
15368,"40,131,134"
15369,"40,44,145"
15370,"40,131,241"
15371,"3,21,164"
15372,"169,199,170"
15373,"40,135,141"
15374,"3,66,30"
15375,"145,40,44"
15376,"23,24,74"
15377,"40,131,241"
15378,"235,8,0"
15379,"23,26,89"
15380,"0,8,405"
15381,"0,208,403"
15382,"0,271,291"
15383,"40,3,10"
15384,"3,33,21"
15385,"3,147,148"
15386,"169,199,170"
15387,"10,64,93"
15388,"40,128,129"
15389,"40,152,151"
15390,"15,3,16"
15391,"26,23,89"
15392,"3,28,190"
15393,"3,21,53"
15394,"23,77,31"
15395,"3,111,123"
15396,"31,23,40"
15397,"160,40,315"
15398,"220,10,242"
15399,"220,10,242"
15400,"10,60,61"
15401,"0,272,361"
15402,"10,239,60"
15403,"0,216,304"
15404,"40,145,44"
15405,"10,64,448"
15406,"3,17,168"
15407,"23,31,96"
15408,"23,26,0"
15409,"23,38,87"
15410,"3,147,148"
15411,"15,3,16"
15412,"0,271,456"
15413,"15,16,3"
15414,"13,122,204"
15415,"0,255,484"
15416,"10,54,322"
15417,"40,184,185"
15418,"220,221,10"
15419,"3,53,523"
15420,"0,271,456"
15421,"23,309,38"
15422,"23,38,137"
15423,"0,8,265"
15424,"31,23,454"
15425,"0,265,266"
15426,"0,271,352"
15427,"169,199,248"
15428,"40,131,406"
15429,"0,360,271"
15430,"23,43,24"
15431,"23,43,24"
15432,"3,21,126"
15433,"23,31,32"
15434,"10,64,93"
15435,"40,10,145"
15436,"21,40,3"
15437,"3,111,21"
15438,"220,10,221"
15439,"3,21,108"
15440,"26,23,89"
15441,"10,11,109"
15442,"40,145,44"
15443,"40,145,44"
15444,"64,10,23"
15445,"3,21,127"
15446,"23,40,162"
15447,"3,21,124"
15448,"139,40,155"
15449,"23,38,39"
15450,"169,199,343"
15451,"40,123,41"
15452,"40,160,315"
15453,"169,31,170"
15454,"0,313,218"
15455,"3,21,187"
15456,"3,148,147"
15457,"26,40,23"
15458,"3,85,158"
15459,"40,135,138"
15460,"145,40,44"
15461,"0,235,255"
15462,"21,3,126"
15463,"3,21,127"
15464,"11,10,109"
15465,"3,21,164"
15466,"8,0,405"
15467,"0,314,313"
15468,"23,10,220"
15469,"3,30,66"
15470,"40,145,44"
15471,"0,319,211"
15472,"313,346,0"
15473,"23,74,283"
15474,"220,10,221"
15475,"3,111,112"
15476,"40,139,153"
15477,"10,11,205"
15478,"169,170,199"
15479,"40,145,44"
15480,"17,3,168"
15481,"169,199,259"
15482,"40,145,44"
15483,"169,199,248"
15484,"3,68,53"
15485,"23,74,165"
15486,"74,303,23"
15487,"0,319,211"
15488,"3,34,17"
15489,"3,15,17"
15490,"0,2,1"
15491,"23,24,40"
15492,"169,199,304"
15493,"3,21,22"
15494,"3,4,238"
15495,"10,60,93"
15496,"169,170,199"
15497,"169,199,248"
15498,"0,280,255"
15499,"3,337,339"
15500,"0,265,349"
15501,"3,147,148"
15502,"64,10,93"
15503,"40,131,132"
15504,"10,23,25"
15505,"40,41,224"
15506,"216,0,169"
15507,"138,135,40"
15508,"3,111,119"
15509,"62,23,24"
15510,"23,38,87"
15511,"0,271,456"
15512,"64,10,80"
15513,"3,5,228"
15514,"169,296,306"
15515,"131,296,40"
15516,"40,131,406"
15517,"23,74,31"
15518,"205,11,10"
15519,"169,199,356"
15520,"10,60,61"
15521,"40,185,184"
15522,"10,60,61"
15523,"3,17,168"
15524,"0,216,304"
15525,"40,41,42"
15526,"152,151,494"
15527,"3,5,228"
15528,"31,296,169"
15529,"0,271,291"
15530,"3,21,108"
15531,"40,134,131"
15532,"3,46,34"
15533,"8,0,405"
15534,"10,64,93"
15535,"3,4,435"
15536,"40,131,406"
15537,"40,128,131"
15538,"23,454,31"
15539,"11,10,205"
15540,"170,169,459"
15541,"23,26,231"
15542,"23,105,318"
15543,"23,231,26"
15544,"3,111,85"
15545,"64,10,65"
15546,"3,21,108"
15547,"10,23,24"
15548,"3,21,108"
15549,"13,3,204"
15550,"10,60,93"
15551,"3,17,21"
15552,"23,10,60"
15553,"23,24,38"
15554,"10,220,40"
15555,"8,0,391"
15556,"10,64,93"
15557,"3,21,379"
15558,"4,3,19"
15559,"23,74,53"
15560,"3,21,48"
15561,"220,10,242"
15562,"21,3,108"
15563,"40,131,226"
15564,"3,53,111"
15565,"4,3,238"
15566,"3,21,33"
15567,"23,43,24"
15568,"10,60,43"
15569,"43,10,64"
15570,"131,406,40"
15571,"34,169,46"
15572,"64,10,448"
15573,"126,3,21"
15574,"169,170,296"
15575,"0,206,8"
15576,"17,3,320"
15577,"23,24,43"
15578,"64,10,93"
15579,"169,199,281"
15580,"0,8,391"
15581,"0,271,352"
15582,"118,23,74"
15583,"0,8,206"
15584,"265,0,273"
15585,"220,10,221"
15586,"3,4,375"
15587,"10,64,40"
15588,"169,170,459"
15589,"169,170,199"
15590,"23,74,165"
15591,"23,25,24"
15592,"10,93,64"
15593,"23,31,24"
15594,"3,13,40"
15595,"220,10,242"
15596,"10,402,54"
15597,"3,126,21"
15598,"40,146,145"
15599,"0,271,444"
15600,"3,111,267"
15601,"3,21,108"
15602,"23,74,38"
15603,"31,23,258"
15604,"169,0,380"
15605,"40,145,44"
15606,"3,21,379"
15607,"169,170,459"
15608,"8,0,285"
15609,"40,131,132"
15610,"3,21,22"
15611,"3,21,187"
15612,"23,74,38"
15613,"3,147,21"
15614,"13,11,10"
15615,"10,40,402"
15616,"23,118,74"
15617,"128,129,40"
15618,"64,10,448"
15619,"64,10,93"
15620,"64,10,448"
15621,"3,21,127"
15622,"40,131,193"
15623,"40,185,184"
15624,"199,169,248"
15625,"128,129,195"
15626,"3,21,523"
15627,"8,0,405"
15628,"199,169,281"
15629,"3,4,183"
15630,"3,21,53"
15631,"40,128,408"
15632,"0,279,249"
15633,"169,170,459"
15634,"15,3,16"
15635,"0,8,285"
15636,"64,10,448"
15637,"40,160,152"
15638,"10,54,95"
15639,"40,131,128"
15640,"0,271,214"
15641,"11,10,109"
15642,"249,0,279"
15643,"40,41,324"
15644,"40,146,145"
15645,"23,309,38"
15646,"26,346,23"
15647,"0,8,235"
15648,"147,3,148"
15649,"3,34,263"
15650,"0,216,304"
15651,"3,15,111"
15652,"169,8,296"
15653,"64,10,338"
15654,"3,21,187"
15655,"3,21,33"
15656,"3,53,5"
15657,"40,131,406"
15658,"10,64,93"
15659,"40,145,44"
15660,"0,271,456"
15661,"3,21,187"
15662,"23,91,38"
15663,"23,38,91"
15664,"265,0,349"
15665,"199,169,281"
15666,"3,147,33"
15667,"13,11,14"
15668,"40,128,129"
15669,"169,23,170"
15670,"135,40,118"
15671,"272,0,271"
15672,"40,145,44"
15673,"220,10,221"
15674,"10,11,109"
15675,"17,3,168"
15676,"0,271,355"
15677,"0,8,410"
15678,"135,40,244"
15679,"23,105,106"
15680,"169,40,199"
15681,"169,171,199"
15682,"0,271,456"
15683,"462,463,0"
15684,"3,21,5"
15685,"3,21,127"
15686,"23,43,24"
15687,"169,199,23"
15688,"3,21,34"
15689,"23,24,49"
15690,"216,0,23"
15691,"40,184,185"
15692,"40,128,129"
15693,"11,10,109"
15694,"169,199,281"
15695,"0,265,266"
15696,"4,3,19"
15697,"11,10,205"
15698,"10,239,60"
15699,"23,74,31"
15700,"10,60,239"
15701,"23,74,303"
15702,"0,249,279"
15703,"169,199,343"
15704,"4,3,19"
15705,"3,21,187"
15706,"3,21,48"
15707,"3,15,16"
15708,"3,111,119"
15709,"313,0,346"
15710,"3,85,158"
15711,"3,4,183"
15712,"40,145,64"
15713,"4,3,19"
15714,"40,131,406"
15715,"169,170,459"
15716,"131,40,406"
15717,"23,43,24"
15718,"26,231,23"
15719,"40,131,184"
15720,"10,220,221"
15721,"4,3,238"
15722,"131,40,193"
15723,"3,13,204"
15724,"40,36,35"
15725,"31,23,40"
15726,"23,31,258"
15727,"3,176,111"
15728,"169,199,281"
15729,"40,131,406"
15730,"169,459,237"
15731,"3,21,53"
15732,"0,271,209"
15733,"0,23,350"
15734,"21,3,108"
15735,"3,5,228"
15736,"23,74,303"
15737,"0,271,444"
15738,"23,49,24"
15739,"23,40,10"
15740,"23,24,49"
15741,"313,346,0"
15742,"0,216,319"
15743,"0,208,265"
15744,"23,105,326"
15745,"23,105,24"
15746,"11,10,12"
15747,"11,10,109"
15748,"23,43,24"
15749,"255,462,0"
15750,"3,17,168"
15751,"3,21,187"
15752,"296,169,526"
15753,"0,208,206"
15754,"3,17,168"
15755,"3,4,238"
15756,"3,111,4"
15757,"23,24,59"
15758,"131,40,142"
15759,"10,60,61"
15760,"145,40,44"
15761,"23,38,74"
15762,"26,23,350"
15763,"40,129,128"
15764,"41,3,40"
15765,"169,199,281"
15766,"111,3,161"
15767,"23,3,31"
15768,"23,32,31"
15769,"3,21,102"
15770,"3,21,48"
15771,"169,296,199"
15772,"23,309,38"
15773,"169,199,343"
15774,"0,265,349"
15775,"0,271,366"
15776,"0,206,8"
15777,"40,152,151"
15778,"40,145,44"
15779,"23,24,43"
15780,"169,171,199"
15781,"3,13,14"
15782,"0,313,8"
15783,"10,64,448"
15784,"3,5,228"
15785,"40,402,145"
15786,"23,26,89"
15787,"54,10,95"
15788,"3,85,21"
15789,"10,11,109"
15790,"64,10,80"
15791,"169,199,170"
15792,"3,85,86"
15793,"10,64,79"
15794,"235,8,0"
15795,"220,221,10"
15796,"3,5,228"
15797,"3,190,28"
15798,"4,3,5"
15799,"0,218,446"
15800,"220,10,221"
15801,"139,40,153"
15802,"3,126,21"
15803,"169,170,199"
15804,"3,147,523"
15805,"4,3,238"
15806,"0,208,521"
15807,"0,271,291"
15808,"3,34,169"
15809,"169,296,526"
15810,"10,40,54"
15811,"23,74,165"
15812,"40,41,42"
15813,"220,10,242"
15814,"224,41,40"
15815,"3,21,379"
15816,"169,199,343"
15817,"23,118,74"
15818,"31,23,454"
15819,"0,218,446"
15820,"11,10,12"
15821,"3,108,21"
15822,"10,64,338"
15823,"11,109,40"
15824,"169,199,281"
15825,"40,131,226"
15826,"23,24,25"
15827,"23,26,89"
15828,"26,23,89"
15829,"340,265,0"
15830,"3,147,148"
15831,"17,3,168"
15832,"3,21,126"
15833,"40,10,402"
15834,"25,23,24"
15835,"3,17,168"
15836,"23,84,74"
15837,"23,38,63"
15838,"40,184,185"
15839,"10,93,64"
15840,"169,281,199"
15841,"169,199,312"
15842,"339,337,169"
15843,"64,10,448"
15844,"15,16,3"
15845,"64,10,338"
15846,"11,10,12"
15847,"23,49,24"
15848,"10,64,448"
15849,"23,26,89"
15850,"23,345,24"
15851,"23,137,38"
15852,"3,21,48"
15853,"23,24,43"
15854,"169,170,199"
15855,"23,74,31"
15856,"146,40,145"
15857,"4,3,19"
15858,"3,53,21"
15859,"8,0,308"
15860,"23,26,231"
15861,"8,0,23"
15862,"23,24,49"
15863,"4,3,435"
15864,"10,220,221"
15865,"23,74,317"
15866,"0,365,340"
15867,"3,34,15"
15868,"0,216,304"
15869,"10,11,205"
15870,"40,152,151"
15871,"10,43,24"
15872,"23,24,31"
15873,"3,21,127"
15874,"0,216,304"
15875,"40,152,151"
15876,"0,313,346"
15877,"64,10,93"
15878,"40,23,131"
15879,"21,3,102"
15880,"40,135,41"
15881,"3,147,148"
15882,"340,265,349"
15883,"10,60,61"
15884,"23,24,49"
15885,"3,21,187"
15886,"23,26,89"
15887,"40,41,395"
15888,"10,239,60"
15889,"0,366,271"
15890,"3,28,30"
15891,"40,186,128"
15892,"4,238,3"
15893,"3,21,68"
15894,"211,319,0"
15895,"4,3,19"
15896,"139,40,153"
15897,"40,162,163"
15898,"0,218,208"
15899,"31,23,258"
15900,"23,26,350"
15901,"0,218,465"
15902,"145,40,44"
15903,"220,10,221"
15904,"0,340,265"
15905,"3,21,108"
15906,"23,25,24"
15907,"169,199,170"
15908,"3,13,204"
15909,"3,21,40"
15910,"23,26,231"
15911,"23,162,40"
15912,"0,249,279"
15913,"169,199,170"
15914,"3,153,467"
15915,"21,3,33"
15916,"40,135,41"
15917,"131,40,226"
15918,"0,280,348"
15919,"135,138,40"
15920,"206,0,8"
15921,"3,15,16"
15922,"10,64,93"
15923,"220,221,10"
15924,"220,10,221"
15925,"10,64,473"
15926,"131,40,142"
15927,"8,0,206"
15928,"3,17,21"
15929,"169,199,281"
15930,"10,64,93"
15931,"8,0,285"
15932,"21,3,127"
15933,"3,34,263"
15934,"23,49,24"
15935,"199,169,323"
15936,"11,109,40"
15937,"3,5,228"
15938,"40,10,145"
15939,"3,21,187"
15940,"169,8,0"
15941,"23,118,74"
15942,"40,131,406"
15943,"10,40,402"
15944,"23,26,89"
15945,"23,24,59"
15946,"147,3,148"
15947,"23,24,43"
15948,"23,74,31"
15949,"3,34,263"
15950,"0,271,355"
15951,"220,10,221"
15952,"40,41,224"
15953,"220,10,242"
15954,"402,40,145"
15955,"10,40,145"
15956,"3,66,30"
15957,"0,271,362"
15958,"40,152,151"
15959,"4,3,19"
15960,"40,3,21"
15961,"3,53,523"
15962,"340,0,265"
15963,"3,17,320"
15964,"3,15,16"
15965,"40,131,406"
15966,"3,21,28"
15967,"64,10,93"
15968,"208,0,369"
15969,"0,249,279"
15970,"23,74,165"
15971,"3,66,30"
15972,"3,21,287"
15973,"40,145,44"
15974,"220,10,221"
15975,"10,60,64"
15976,"43,24,23"
15977,"220,10,221"
15978,"3,17,85"
15979,"3,34,17"
15980,"40,145,44"
15981,"220,10,242"
15982,"0,271,456"
15983,"10,12,11"
15984,"271,0,456"
15985,"3,30,21"
15986,"220,10,242"
15987,"23,74,303"
15988,"100,0,265"
15989,"23,454,31"
15990,"3,21,126"
15991,"220,10,221"
15992,"10,315,40"
15993,"26,23,89"
15994,"40,145,44"
15995,"169,170,459"
15996,"11,10,109"
15997,"23,26,89"
15998,"3,21,17"
15999,"169,199,281"
16000,"40,152,151"
16001,"40,128,129"
16002,"64,10,448"
16003,"3,238,4"
16004,"40,145,10"
16005,"3,147,111"
16006,"23,24,43"
16007,"40,151,152"
16008,"170,169,171"
16009,"3,147,148"
16010,"0,475,218"
16011,"23,10,322"
16012,"40,41,224"
16013,"3,85,86"
16014,"3,21,53"
16015,"165,23,74"
16016,"0,271,522"
16017,"24,23,25"
16018,"40,146,145"
16019,"40,139,153"
16020,"169,199,281"
16021,"3,111,119"
16022,"3,85,158"
16023,"60,23,3"
16024,"169,199,170"
16025,"40,145,44"
16026,"220,10,221"
16027,"3,40,169"
16028,"3,21,40"
16029,"3,21,30"
16030,"10,54,40"
16031,"21,3,127"
16032,"64,10,448"
16033,"3,17,13"
16034,"0,265,349"
16035,"220,10,242"
16036,"0,277,513"
16037,"40,23,145"
16038,"10,64,448"
16039,"21,127,41"
16040,"0,8,218"
16041,"128,289,0"
16042,"3,287,53"
16043,"206,8,0"
16044,"3,15,16"
16045,"296,169,526"
16046,"3,21,187"
16047,"10,220,54"
16048,"3,85,147"
16049,"40,131,241"
16050,"10,54,95"
16051,"23,74,303"
16052,"138,135,40"
16053,"131,40,226"
16054,"31,32,3"
16055,"3,53,147"
16056,"169,199,281"
16057,"23,26,89"
16058,"40,41,139"
16059,"8,0,206"
16060,"454,31,220"
16061,"0,23,26"
16062,"4,3,238"
16063,"64,10,93"
16064,"3,21,108"
16065,"0,100,3"
16066,"3,17,143"
16067,"0,271,456"
16068,"3,21,126"
16069,"128,40,129"
16070,"0,216,304"
16071,"3,13,53"
16072,"3,17,168"
16073,"169,170,426"
16074,"118,23,38"
16075,"23,74,40"
16076,"40,160,315"
16077,"40,160,41"
16078,"0,462,214"
16079,"199,169,281"
16080,"0,218,351"
16081,"3,4,183"
16082,"26,23,89"
16083,"3,21,108"
16084,"64,10,338"
16085,"3,127,21"
16086,"3,17,168"
16087,"169,199,248"
16088,"40,131,226"
16089,"23,309,135"
16090,"135,250,40"
16091,"10,64,93"
16092,"3,4,5"
16093,"10,220,221"
16094,"23,26,231"
16095,"3,66,30"
16096,"0,206,8"
16097,"169,199,323"
16098,"23,26,89"
16099,"3,4,238"
16100,"271,0,456"
16101,"23,63,38"
16102,"8,0,235"
16103,"64,10,448"
16104,"147,3,156"
16105,"3,21,0"
16106,"23,87,48"
16107,"0,208,403"
16108,"220,221,10"
16109,"3,147,156"
16110,"23,38,91"
16111,"3,30,21"
16112,"0,271,456"
16113,"10,54,95"
16114,"3,21,115"
16115,"8,0,206"
16116,"220,10,242"
16117,"64,10,448"
16118,"11,10,109"
16119,"23,74,38"
16120,"40,131,134"
16121,"3,147,13"
16122,"40,145,146"
16123,"13,3,14"
16124,"0,271,366"
16125,"3,17,168"
16126,"0,271,291"
16127,"169,199,281"
16128,"23,118,74"
16129,"169,199,170"
16130,"23,24,145"
16131,"23,24,43"
16132,"0,8,216"
16133,"3,5,4"
16134,"0,265,490"
16135,"169,199,248"
16136,"128,40,195"
16137,"220,10,221"
16138,"40,21,3"
16139,"10,11,109"
16140,"3,34,116"
16141,"23,10,24"
16142,"23,26,89"
16143,"23,31,77"
16144,"0,271,456"
16145,"40,131,406"
16146,"10,220,242"
16147,"23,3,495"
16148,"10,64,43"
16149,"220,221,10"
16150,"23,24,43"
16151,"3,17,21"
16152,"23,43,24"
16153,"169,170,459"
16154,"23,89,26"
16155,"3,4,238"
16156,"3,21,148"
16157,"17,3,168"
16158,"44,40,145"
16159,"21,3,40"
16160,"3,21,147"
16161,"220,221,10"
16162,"3,156,21"
16163,"23,25,24"
16164,"3,85,158"
16165,"0,206,249"
16166,"64,10,65"
16167,"3,17,168"
16168,"4,3,238"
16169,"10,64,448"
16170,"40,145,44"
16171,"26,23,350"
16172,"3,147,156"
16173,"0,279,249"
16174,"3,148,147"
16175,"199,169,135"
16176,"0,272,271"
16177,"3,34,447"
16178,"0,195,3"
16179,"8,0,285"
16180,"169,3,40"
16181,"21,187,3"
16182,"3,147,148"
16183,"169,199,281"
16184,"23,24,43"
16185,"64,90,10"
16186,"3,4,5"
16187,"199,23,169"
16188,"10,54,23"
16189,"3,66,30"
16190,"23,118,74"
16191,"10,64,90"
16192,"10,11,109"
16193,"10,24,173"
16194,"23,31,24"
16195,"3,21,108"
16196,"40,128,195"
16197,"190,28,0"
16198,"3,21,127"
16199,"23,24,43"
16200,"23,74,62"
16201,"64,10,80"
16202,"169,170,337"
16203,"3,21,108"
16204,"3,21,48"
16205,"0,271,456"
16206,"128,23,129"
16207,"3,21,13"
16208,"11,10,12"
16209,"3,21,126"
16210,"15,16,3"
16211,"3,15,16"
16212,"3,4,174"
16213,"169,296,417"
16214,"169,199,259"
16215,"10,11,64"
16216,"23,118,74"
16217,"3,147,148"
16218,"40,145,402"
16219,"3,28,190"
16220,"0,235,257"
16221,"3,21,85"
16222,"54,10,40"
16223,"3,85,86"
16224,"40,145,10"
16225,"3,21,102"
16226,"40,131,41"
16227,"206,0,8"
16228,"147,3,148"
16229,"23,74,49"
16230,"3,21,115"
16231,"23,31,96"
16232,"3,15,16"
16233,"10,64,338"
16234,"10,11,205"
16235,"152,40,151"
16236,"23,24,43"
16237,"64,10,448"
16238,"17,3,168"
16239,"169,199,170"
16240,"10,60,199"
16241,"3,4,238"
16242,"64,10,169"
16243,"0,216,257"
16244,"169,199,323"
16245,"3,111,125"
16246,"40,145,44"
16247,"21,3,48"
16248,"169,170,199"
16249,"74,23,303"
16250,"220,10,221"
16251,"0,216,8"
16252,"40,128,152"
16253,"3,21,46"
16254,"3,147,148"
16255,"199,169,323"
16256,"3,85,51"
16257,"25,10,220"
16258,"171,199,169"
16259,"3,21,48"
16260,"0,271,216"
16261,"17,3,168"
16262,"218,10,11"
16263,"224,41,3"
16264,"169,171,170"
16265,"64,10,448"
16266,"0,265,340"
16267,"3,21,182"
16268,"0,218,465"
16269,"10,169,60"
16270,"23,31,258"
16271,"131,40,241"
16272,"23,24,26"
16273,"10,64,93"
16274,"3,4,238"
16275,"169,281,199"
16276,"3,30,66"
16277,"4,3,183"
16278,"0,216,319"
16279,"40,160,315"
16280,"40,145,44"
16281,"3,85,86"
16282,"23,31,32"
16283,"0,216,380"
16284,"3,111,21"
16285,"10,23,40"
16286,"40,160,302"
16287,"40,128,243"
16288,"3,21,182"
16289,"23,24,43"
16290,"10,93,60"
16291,"64,10,338"
16292,"10,239,24"
16293,"40,131,139"
16294,"64,10,169"
16295,"23,26,89"
16296,"220,10,242"
16297,"40,145,402"
16298,"131,40,406"
16299,"131,40,226"
16300,"40,139,41"
16301,"40,135,244"
16302,"10,64,93"
16303,"10,220,221"
16304,"0,208,453"
16305,"40,152,151"
16306,"0,208,369"
16307,"3,21,34"
16308,"11,10,109"
16309,"3,21,127"
16310,"3,148,147"
16311,"40,145,44"
16312,"3,21,108"
16313,"25,23,145"
16314,"3,85,86"
16315,"64,10,80"
16316,"17,3,168"
16317,"11,10,109"
16318,"10,11,44"
16319,"64,10,473"
16320,"24,23,40"
16321,"128,129,40"
16322,"43,23,24"
16323,"0,271,280"
16324,"3,21,34"
16325,"3,15,85"
16326,"0,521,208"
16327,"23,26,0"
16328,"3,21,48"
16329,"4,3,238"
16330,"23,26,350"
16331,"40,138,224"
16332,"40,41,152"
16333,"23,24,59"
16334,"169,170,260"
16335,"23,38,63"
16336,"3,21,17"
16337,"0,216,354"
16338,"8,0,206"
16339,"3,30,66"
16340,"3,85,158"
16341,"40,10,145"
16342,"0,216,304"
16343,"8,0,308"
16344,"40,160,152"
16345,"40,41,224"
16346,"40,395,139"
16347,"10,40,402"
16348,"131,40,134"
16349,"64,10,80"
16350,"319,211,0"
16351,"23,74,303"
16352,"23,31,11"
16353,"21,128,0"
16354,"64,10,93"
16355,"23,31,0"
16356,"220,10,221"
16357,"0,271,355"
16358,"40,131,226"
16359,"169,199,281"
16360,"4,3,435"
16361,"64,10,338"
16362,"40,41,131"
16363,"3,111,238"
16364,"220,10,242"
16365,"220,10,221"
16366,"3,21,124"
16367,"0,249,279"
16368,"3,17,51"
16369,"10,24,23"
16370,"40,160,315"
16371,"3,66,30"
16372,"169,199,356"
16373,"0,214,271"
16374,"169,170,459"
16375,"169,199,171"
16376,"23,74,303"
16377,"3,147,148"
16378,"23,74,63"
16379,"0,170,169"
16380,"40,41,224"
16381,"23,26,89"
16382,"3,66,30"
16383,"3,21,22"
16384,"0,218,475"
16385,"64,10,442"
16386,"23,63,38"
16387,"23,38,24"
16388,"169,199,171"
16389,"311,169,426"
16390,"10,40,145"
16391,"64,10,448"
16392,"40,145,64"
16393,"40,160,152"
16394,"3,21,111"
16395,"40,146,145"
16396,"4,3,19"
16397,"40,145,44"
16398,"23,24,49"
16399,"0,271,456"
16400,"53,0,31"
16401,"64,10,80"
16402,"40,145,44"
16403,"259,426,169"
16404,"3,21,108"
16405,"40,41,139"
16406,"23,74,84"
16407,"10,64,80"
16408,"8,206,0"
16409,"26,23,89"
16410,"0,206,8"
16411,"21,3,124"
16412,"220,221,10"
16413,"23,26,89"
16414,"23,24,40"
16415,"0,249,279"
16416,"169,199,337"
16417,"3,21,126"
16418,"3,15,16"
16419,"8,23,231"
16420,"11,10,205"
16421,"40,131,160"
16422,"3,17,168"
16423,"23,31,32"
16424,"3,21,115"
16425,"220,221,10"
16426,"0,271,214"
16427,"3,4,238"
16428,"3,21,379"
16429,"23,89,26"
16430,"3,30,4"
16431,"40,145,44"
16432,"138,40,135"
16433,"40,145,10"
16434,"40,160,152"
16435,"3,5,147"
16436,"0,319,211"
16437,"54,10,40"
16438,"3,85,21"
16439,"10,220,242"
16440,"118,23,74"
16441,"23,145,24"
16442,"26,23,89"
16443,"10,220,242"
16444,"3,21,158"
16445,"169,199,323"
16446,"3,4,19"
16447,"145,44,40"
16448,"10,11,109"
16449,"23,74,84"
16450,"11,10,12"
16451,"17,3,168"
16452,"4,3,19"
16453,"40,160,152"
16454,"23,74,165"
16455,"3,111,119"
16456,"3,111,28"
16457,"128,40,129"
16458,"23,24,43"
16459,"3,100,30"
16460,"10,12,11"
16461,"3,33,147"
16462,"3,21,169"
16463,"40,145,44"
16464,"10,64,338"
16465,"296,169,507"
16466,"40,128,129"
16467,"40,131,368"
16468,"10,145,40"
16469,"40,146,145"
16470,"0,71,249"
16471,"26,23,89"
16472,"28,3,500"
16473,"23,26,24"
16474,"4,3,19"
16475,"151,152,40"
16476,"0,277,249"
16477,"23,38,71"
16478,"40,145,402"
16479,"169,199,343"
16480,"4,3,375"
16481,"23,24,43"
16482,"40,155,139"
16483,"40,41,42"
16484,"3,21,187"
16485,"199,169,281"
16486,"3,68,21"
16487,"296,169,411"
16488,"40,23,160"
16489,"296,169,306"
16490,"8,0,206"
16491,"10,64,93"
16492,"3,28,190"
16493,"169,337,251"
16494,"169,199,281"
16495,"199,169,281"
16496,"3,21,127"
16497,"3,21,379"
16498,"3,21,17"
16499,"40,128,129"
16500,"0,291,444"
16501,"23,43,24"
16502,"3,111,161"
16503,"10,54,322"
16504,"23,24,145"
16505,"3,21,164"
16506,"11,10,205"
16507,"53,3,287"
16508,"3,4,111"
16509,"3,21,48"
16510,"0,271,355"
16511,"23,43,24"
16512,"220,10,221"
16513,"169,199,281"
16514,"3,34,263"
16515,"10,60,239"
16516,"40,145,402"
16517,"3,21,164"
16518,"11,10,12"
16519,"40,131,184"
16520,"184,185,40"
16521,"40,139,21"
16522,"17,3,168"
16523,"3,53,21"
16524,"169,199,170"
16525,"11,10,205"
16526,"169,281,199"
16527,"0,216,304"
16528,"0,216,212"
16529,"23,24,43"
16530,"11,10,205"
16531,"0,279,249"
16532,"3,17,15"
16533,"40,145,44"
16534,"220,10,242"
16535,"0,271,456"
16536,"17,3,168"
16537,"40,3,139"
16538,"4,3,183"
16539,"3,23,74"
16540,"40,131,406"
16541,"205,11,10"
16542,"3,34,187"
16543,"313,346,0"
16544,"3,15,30"
16545,"8,23,0"
16546,"10,11,205"
16547,"169,170,199"
16548,"131,134,169"
16549,"0,381,229"
16550,"128,40,129"
16551,"3,21,53"
16552,"23,40,131"
16553,"169,170,171"
16554,"3,21,187"
16555,"131,40,241"
16556,"271,0,456"
16557,"10,11,205"
16558,"23,49,24"
16559,"3,17,320"
16560,"40,131,226"
16561,"23,24,49"
16562,"169,199,171"
16563,"0,265,418"
16564,"3,21,187"
16565,"135,138,40"
16566,"17,3,168"
16567,"199,169,223"
16568,"23,31,32"
16569,"0,216,208"
16570,"220,221,10"
16571,"220,10,242"
16572,"3,147,156"
16573,"296,169,526"
16574,"0,2,1"
16575,"220,10,221"
16576,"40,145,44"
16577,"169,170,417"
16578,"10,44,24"
16579,"169,170,199"
16580,"220,221,10"
16581,"23,26,350"
16582,"0,352,209"
16583,"40,145,131"
16584,"3,28,29"
16585,"74,23,165"
16586,"23,24,49"
16587,"10,54,322"
16588,"145,40,44"
16589,"0,271,456"
16590,"0,216,277"
16591,"220,10,242"
16592,"3,111,112"
16593,"23,105,318"
16594,"169,199,170"
16595,"3,21,187"
16596,"0,265,340"
16597,"23,24,0"
16598,"21,3,108"
16599,"23,24,59"
16600,"40,21,3"
16601,"71,23,38"
16602,"40,145,44"
16603,"131,406,40"
16604,"3,147,21"
16605,"185,184,40"
16606,"131,40,406"
16607,"43,23,24"
16608,"23,38,74"
16609,"10,64,93"
16610,"169,199,343"
16611,"265,0,340"
16612,"3,126,40"
16613,"23,31,258"
16614,"3,4,238"
16615,"40,128,162"
16616,"23,74,303"
16617,"64,10,93"
16618,"8,0,308"
16619,"0,463,40"
16620,"40,41,160"
16621,"10,64,93"
16622,"107,118,38"
16623,"23,24,49"
16624,"199,169,323"
16625,"23,26,89"
16626,"296,169,460"
16627,"3,21,154"
16628,"220,10,242"
16629,"3,10,239"
16630,"40,145,146"
16631,"43,23,24"
16632,"23,26,89"
16633,"0,271,291"
16634,"3,68,53"
16635,"3,21,127"
16636,"23,38,74"
16637,"23,26,350"
16638,"40,152,151"
16639,"0,208,505"
16640,"40,152,151"
16641,"3,111,267"
16642,"40,152,151"
16643,"3,147,148"
16644,"220,10,221"
16645,"169,199,374"
16646,"0,265,266"
16647,"309,23,38"
16648,"26,23,89"
16649,"40,131,406"
16650,"40,139,153"
16651,"40,41,128"
16652,"0,214,213"
16653,"23,31,454"
16654,"0,249,279"
16655,"23,74,118"
16656,"3,53,21"
16657,"3,48,21"
16658,"206,0,249"
16659,"3,4,238"
16660,"40,41,215"
16661,"0,271,265"
16662,"40,131,226"
16663,"0,271,366"
16664,"169,199,171"
16665,"23,74,303"
16666,"40,185,184"
16667,"40,128,129"
16668,"74,23,303"
16669,"3,21,115"
16670,"8,0,206"
16671,"40,131,142"
16672,"23,26,231"
16673,"11,10,109"
16674,"38,91,23"
16675,"64,10,338"
16676,"0,216,380"
16677,"3,21,48"
16678,"23,26,89"
16679,"0,218,271"
16680,"64,10,93"
16681,"23,309,38"
16682,"3,17,168"
16683,"0,271,319"
16684,"0,257,216"
16685,"40,139,153"
16686,"0,249,212"
16687,"3,4,147"
16688,"23,118,74"
16689,"23,105,318"
16690,"128,129,40"
16691,"64,10,448"
16692,"23,105,106"
16693,"3,21,108"
16694,"40,402,145"
16695,"145,40,44"
16696,"205,10,23"
16697,"23,31,258"
16698,"3,85,21"
16699,"10,338,24"
16700,"23,231,24"
16701,"23,74,303"
16702,"3,21,34"
16703,"100,222,40"
16704,"220,10,221"
16705,"40,131,408"
16706,"169,199,343"
16707,"3,111,161"
16708,"40,128,129"
16709,"40,145,199"
16710,"17,3,168"
16711,"26,40,128"
16712,"3,21,154"
16713,"169,170,459"
16714,"23,49,24"
16715,"10,64,93"
16716,"40,145,44"
16717,"4,3,19"
16718,"23,26,89"
16719,"10,64,60"
16720,"10,64,473"
16721,"426,427,0"
16722,"169,296,274"
16723,"40,160,149"
16724,"0,235,8"
16725,"169,170,199"
16726,"105,23,287"
16727,"169,339,337"
16728,"296,169,507"
16729,"346,313,0"
16730,"10,11,12"
16731,"199,169,281"
16732,"3,15,16"
16733,"10,24,23"
16734,"40,0,249"
16735,"3,4,28"
16736,"40,41,224"
16737,"3,111,112"
16738,"169,199,382"
16739,"169,296,336"
16740,"40,145,10"
16741,"23,26,303"
16742,"8,206,0"
16743,"21,40,185"
16744,"3,4,238"
16745,"3,21,108"
16746,"10,11,109"
16747,"23,26,231"
16748,"235,0,8"
16749,"10,54,95"
16750,"169,170,199"
16751,"40,139,153"
16752,"169,199,170"
16753,"26,23,350"
16754,"23,26,89"
16755,"3,4,435"
16756,"3,111,112"
16757,"169,199,281"
16758,"10,44,95"
16759,"3,158,85"
16760,"4,3,19"
16761,"23,31,96"
16762,"23,26,350"
16763,"169,199,382"
16764,"3,13,53"
16765,"128,40,129"
16766,"4,3,238"
16767,"169,199,323"
16768,"3,53,21"
16769,"10,11,220"
16770,"23,118,74"
16771,"169,171,170"
16772,"3,34,263"
16773,"169,170,260"
16774,"40,160,315"
16775,"0,271,361"
16776,"10,64,448"
16777,"23,74,31"
16778,"23,89,162"
16779,"74,303,23"
16780,"3,523,53"
16781,"23,118,74"
16782,"23,24,59"
16783,"3,147,148"
16784,"23,74,303"
16785,"3,40,41"
16786,"169,199,296"
16787,"3,53,523"
16788,"3,147,148"
16789,"169,170,296"
16790,"135,236,40"
16791,"3,13,204"
16792,"40,131,406"
16793,"220,221,10"
16794,"17,3,168"
16795,"3,21,108"
16796,"40,131,159"
16797,"199,169,281"
16798,"23,26,89"
16799,"64,10,80"
16800,"8,0,26"
16801,"220,10,221"
16802,"3,148,147"
16803,"3,85,111"
16804,"3,34,4"
16805,"3,21,108"
16806,"40,41,42"
16807,"3,21,126"
16808,"3,13,14"
16809,"10,64,93"
16810,"40,131,406"
16811,"169,199,281"
16812,"23,24,43"
16813,"23,309,38"
16814,"23,24,59"
16815,"40,131,406"
16816,"0,271,214"
16817,"169,170,199"
16818,"128,40,129"
16819,"10,11,12"
16820,"169,170,171"
16821,"40,184,131"
16822,"3,53,287"
16823,"3,17,13"
16824,"3,21,102"
16825,"40,152,151"
16826,"40,162,163"
16827,"3,85,293"
16828,"3,21,30"
16829,"23,31,454"
16830,"169,199,281"
16831,"0,8,23"
16832,"23,105,24"
16833,"23,38,71"
16834,"8,0,23"
16835,"3,111,119"
16836,"171,199,169"
16837,"169,40,135"
16838,"3,21,190"
16839,"169,199,281"
16840,"74,190,303"
16841,"23,74,94"
16842,"23,24,43"
16843,"169,199,40"
16844,"3,21,126"
16845,"3,15,16"
16846,"169,337,199"
16847,"131,40,241"
16848,"40,131,226"
16849,"0,8,206"
16850,"0,271,456"
16851,"26,23,0"
16852,"0,271,214"
16853,"220,10,242"
16854,"11,10,12"
16855,"3,147,148"
16856,"506,13,150"
16857,"10,64,93"
16858,"10,64,43"
16859,"3,17,168"
16860,"40,131,406"
16861,"131,40,226"
16862,"40,145,44"
16863,"23,24,62"
16864,"0,216,254"
16865,"26,23,350"
16866,"11,10,205"
16867,"4,3,174"
16868,"0,208,369"
16869,"64,10,448"
16870,"3,148,147"
16871,"3,111,112"
16872,"10,64,65"
16873,"17,3,168"
16874,"10,11,12"
16875,"25,23,24"
16876,"3,21,199"
16877,"345,23,38"
16878,"0,421,229"
16879,"3,34,21"
16880,"10,23,24"
16881,"11,10,109"
16882,"3,28,190"
16883,"3,4,19"
16884,"10,11,419"
16885,"0,216,304"
16886,"3,21,17"
16887,"15,3,16"
16888,"15,3,16"
16889,"0,444,271"
16890,"3,21,148"
16891,"23,30,74"
16892,"169,170,296"
16893,"0,218,446"
16894,"40,41,42"
16895,"0,271,456"
16896,"3,147,148"
16897,"23,169,199"
16898,"220,10,221"
16899,"131,40,406"
16900,"3,182,68"
16901,"40,145,44"
16902,"135,3,40"
16903,"0,208,216"
16904,"0,497,21"
16905,"4,3,238"
16906,"3,21,108"
16907,"220,221,10"
16908,"3,147,148"
16909,"10,64,24"
16910,"40,41,21"
16911,"64,10,93"
16912,"23,145,40"
16913,"0,265,349"
16914,"4,3,19"
16915,"0,475,214"
16916,"169,296,417"
16917,"23,24,59"
16918,"3,53,287"
16919,"23,74,317"
16920,"10,54,40"
16921,"23,118,74"
16922,"3,34,263"
16923,"169,199,281"
16924,"11,10,109"
16925,"0,271,23"
16926,"0,271,291"
16927,"0,271,265"
16928,"10,64,448"
16929,"169,171,199"
16930,"23,38,91"
16931,"25,10,220"
16932,"0,271,257"
16933,"184,185,40"
16934,"3,53,21"
16935,"23,105,318"
16936,"169,405,170"
16937,"23,24,43"
16938,"3,13,204"
16939,"0,208,255"
16940,"169,170,260"
16941,"145,40,44"
16942,"220,10,242"
16943,"23,26,89"
16944,"23,43,24"
16945,"220,10,242"
16946,"128,129,40"
16947,"3,17,320"
16948,"3,4,17"
16949,"128,0,289"
16950,"169,199,296"
16951,"40,131,31"
16952,"74,23,118"
16953,"40,0,195"
16954,"23,24,43"
16955,"0,265,340"
16956,"0,271,456"
16957,"17,3,168"
16958,"169,199,170"
16959,"220,10,242"
16960,"3,28,21"
16961,"53,3,147"
16962,"10,220,221"
16963,"3,66,30"
16964,"23,26,89"
16965,"43,23,24"
16966,"23,38,128"
16967,"40,23,31"
16968,"169,199,343"
16969,"3,53,287"
16970,"11,205,10"
16971,"41,40,286"
16972,"10,60,61"
16973,"40,111,169"
16974,"23,24,49"
16975,"8,0,308"
16976,"3,21,66"
16977,"220,10,221"
16978,"40,131,134"
16979,"23,24,49"
16980,"3,13,28"
16981,"40,145,44"
16982,"10,64,448"
16983,"23,26,24"
16984,"23,74,303"
16985,"199,169,281"
16986,"64,10,448"
16987,"4,3,238"
16988,"40,41,42"
16989,"40,128,129"
16990,"0,218,462"
16991,"3,21,17"
16992,"3,53,523"
16993,"131,40,406"
16994,"24,43,23"
16995,"10,60,239"
16996,"3,13,14"
16997,"3,15,16"
16998,"220,10,221"
16999,"328,31,0"
17000,"214,0,213"
17001,"3,53,5"
17002,"199,169,343"
17003,"3,66,30"
17004,"40,41,215"
17005,"169,199,296"
17006,"23,74,317"
17007,"3,66,30"
17008,"3,296,169"
17009,"220,10,221"
17010,"31,23,96"
17011,"169,170,296"
17012,"3,21,126"
17013,"10,64,54"
17014,"3,53,467"
17015,"23,26,199"
17016,"3,53,111"
17017,"10,64,93"
17018,"23,24,43"
17019,"105,23,326"
17020,"3,147,167"
17021,"40,145,44"
17022,"3,21,124"
17023,"23,26,89"
17024,"0,8,410"
17025,"10,23,60"
17026,"3,30,66"
17027,"23,24,43"
17028,"40,395,131"
17029,"3,21,187"
17030,"169,199,281"
17031,"40,128,129"
17032,"23,43,24"
17033,"131,40,406"
17034,"23,26,89"
17035,"145,44,40"
17036,"40,184,185"
17037,"3,164,21"
17038,"3,4,183"
17039,"10,220,64"
17040,"11,10,109"
17041,"4,3,183"
17042,"15,3,16"
17043,"3,21,40"
17044,"0,249,279"
17045,"3,111,523"
17046,"169,170,259"
17047,"64,10,65"
17048,"0,271,456"
17049,"3,21,115"
17050,"23,74,31"
17051,"0,446,24"
17052,"23,26,8"
17053,"10,64,448"
17054,"312,169,3"
17055,"145,40,38"
17056,"64,10,448"
17057,"3,21,127"
17058,"199,169,281"
17059,"0,271,456"
17060,"3,48,21"
17061,"64,10,93"
17062,"0,2,271"
17063,"4,3,70"
17064,"0,271,355"
17065,"3,21,187"
17066,"3,21,127"
17067,"131,40,406"
17068,"3,21,108"
17069,"3,34,263"
17070,"0,366,271"
17071,"43,23,24"
17072,"10,60,61"
17073,"10,31,454"
17074,"118,23,107"
17075,"3,111,112"
17076,"64,10,93"
17077,"11,10,205"
17078,"23,118,74"
17079,"3,4,238"
17080,"169,199,343"
17081,"64,10,65"
17082,"40,10,145"
17083,"23,74,303"
17084,"40,131,241"
17085,"3,21,111"
17086,"64,10,448"
17087,"23,32,31"
17088,"126,40,41"
17089,"3,111,40"
17090,"40,146,145"
17091,"3,13,204"
17092,"3,21,379"
17093,"23,38,105"
17094,"296,169,526"
17095,"4,3,7"
17096,"128,40,129"
17097,"3,21,108"
17098,"220,10,242"
17099,"3,169,34"
17100,"3,21,108"
17101,"169,199,170"
17102,"0,271,355"
17103,"0,216,304"
17104,"3,379,85"
17105,"169,199,170"
17106,"10,40,145"
17107,"0,271,456"
17108,"10,54,25"
17109,"40,131,226"
17110,"4,238,3"
17111,"23,74,118"
17112,"3,21,182"
17113,"3,85,158"
17114,"4,3,174"
17115,"40,131,241"
17116,"23,38,24"
17117,"3,21,33"
17118,"0,265,266"
17119,"0,280,271"
17120,"23,26,89"
17121,"44,145,40"
17122,"40,160,302"
17123,"40,160,315"
17124,"220,10,221"
17125,"3,15,16"
17126,"169,199,281"
17127,"169,171,199"
17128,"23,74,118"
17129,"0,216,271"
17130,"23,24,345"
17131,"3,188,53"
17132,"23,39,38"
17133,"23,43,24"
17134,"23,24,43"
17135,"0,457,218"
17136,"0,265,266"
17137,"10,11,109"
17138,"0,271,355"
17139,"3,21,108"
17140,"3,104,34"
17141,"4,3,19"
17142,"23,26,89"
17143,"3,53,447"
17144,"40,131,132"
17145,"40,139,153"
17146,"3,21,48"
17147,"319,211,0"
17148,"3,375,4"
17149,"40,129,128"
17150,"220,10,242"
17151,"10,64,338"
17152,"3,21,379"
17153,"0,271,265"
17154,"3,13,85"
17155,"11,10,109"
17156,"23,43,24"
17157,"169,170,337"
17158,"0,218,465"
17159,"40,160,315"
17160,"40,402,145"
17161,"3,21,34"
17162,"0,8,410"
17163,"10,64,24"
17164,"11,10,109"
17165,"26,23,350"
17166,"3,111,13"
17167,"23,43,24"
17168,"3,17,168"
17169,"23,43,24"
17170,"3,4,19"
17171,"229,0,230"
17172,"23,49,24"
17173,"94,23,38"
17174,"38,23,493"
17175,"128,129,40"
17176,"64,10,80"
17177,"3,21,127"
17178,"199,10,169"
17179,"40,160,41"
17180,"40,152,151"
17181,"10,220,242"
17182,"145,40,25"
17183,"169,199,281"
17184,"64,10,80"
17185,"169,199,281"
17186,"3,100,168"
17187,"0,271,8"
17188,"40,135,139"
17189,"169,339,337"
17190,"10,11,205"
17191,"135,40,138"
17192,"0,380,8"
17193,"23,84,74"
17194,"220,10,242"
17195,"169,199,356"
17196,"23,74,118"
17197,"10,11,109"
17198,"3,21,187"
17199,"0,249,208"
17200,"40,145,44"
17201,"3,148,147"
17202,"199,169,281"
17203,"220,10,221"
17204,"0,8,206"
17205,"10,11,12"
17206,"0,271,424"
17207,"169,170,459"
17208,"3,147,148"
17209,"40,139,153"
17210,"3,13,401"
17211,"23,26,89"
17212,"169,199,248"
17213,"220,10,242"
17214,"40,10,145"
17215,"23,74,118"
17216,"131,40,406"
17217,"8,0,206"
17218,"3,21,108"
17219,"4,3,19"
17220,"23,454,31"
17221,"21,3,126"
17222,"10,11,109"
17223,"3,34,169"
17224,"3,17,168"
17225,"3,21,108"
17226,"25,40,23"
17227,"10,64,80"
17228,"23,31,40"
17229,"3,21,127"
17230,"10,43,64"
17231,"23,106,105"
17232,"23,26,89"
17233,"3,111,13"
17234,"160,40,247"
17235,"3,147,148"
17236,"3,21,22"
17237,"169,0,199"
17238,"23,118,74"
17239,"64,10,448"
17240,"5,3,228"
17241,"3,21,126"
17242,"169,312,427"
17243,"4,3,238"
17244,"23,43,24"
17245,"220,10,221"
17246,"10,60,239"
17247,"10,40,145"
17248,"3,21,187"
17249,"3,28,330"
17250,"10,54,173"
17251,"10,3,64"
17252,"40,41,224"
17253,"23,24,43"
17254,"23,26,89"
17255,"74,303,23"
17256,"139,40,153"
17257,"23,74,165"
17258,"26,23,89"
17259,"3,53,21"
17260,"170,169,260"
17261,"40,139,100"
17262,"10,54,55"
17263,"3,21,127"
17264,"23,10,105"
17265,"26,23,350"
17266,"10,93,64"
17267,"169,171,199"
17268,"0,216,257"
17269,"40,41,324"
17270,"4,19,3"
17271,"10,43,24"
17272,"169,199,281"
17273,"3,21,48"
17274,"40,3,145"
17275,"26,231,23"
17276,"23,26,89"
17277,"8,0,391"
17278,"169,296,417"
17279,"296,169,411"
17280,"3,147,148"
17281,"23,74,303"
17282,"23,26,231"
17283,"3,147,148"
17284,"0,363,271"
17285,"8,0,26"
17286,"0,8,206"
17287,"44,145,40"
17288,"3,66,30"
17289,"40,41,324"
17290,"199,169,343"
17291,"3,21,108"
17292,"3,21,108"
17293,"220,10,221"
17294,"3,147,148"
17295,"3,111,21"
17296,"220,10,242"
17297,"169,170,337"
17298,"0,265,266"
17299,"11,10,205"
17300,"74,23,303"
17301,"23,74,303"
17302,"3,21,169"
17303,"169,337,339"
17304,"337,169,339"
17305,"10,64,65"
17306,"34,3,263"
17307,"23,87,38"
17308,"40,160,149"
17309,"169,199,281"
17310,"3,17,168"
17311,"3,66,30"
17312,"10,220,242"
17313,"3,15,16"
17314,"4,19,3"
17315,"40,23,41"
17316,"10,64,93"
17317,"23,105,74"
17318,"220,10,221"
17319,"3,4,19"
17320,"3,147,148"
17321,"0,265,340"
17322,"3,116,34"
17323,"10,54,60"
17324,"3,169,311"
17325,"10,40,54"
17326,"3,21,108"
17327,"5,3,228"
17328,"40,160,302"
17329,"0,340,415"
17330,"23,31,328"
17331,"23,74,118"
17332,"17,3,168"
17333,"24,23,25"
17334,"23,89,38"
17335,"220,10,242"
17336,"3,13,14"
17337,"10,64,90"
17338,"0,271,361"
17339,"64,10,448"
17340,"152,40,151"
17341,"23,74,165"
17342,"40,145,44"
17343,"23,454,31"
17344,"169,170,260"
17345,"23,49,24"
17346,"40,131,226"
17347,"26,23,89"
17348,"40,145,402"
17349,"10,23,95"
17350,"23,64,24"
17351,"3,147,203"
17352,"40,135,141"
17353,"23,74,303"
17354,"206,0,8"
17355,"271,0,456"
17356,"10,64,93"
17357,"10,64,60"
17358,"74,23,317"
17359,"23,25,74"
17360,"60,10,40"
17361,"23,24,49"
17362,"43,10,23"
17363,"0,216,449"
17364,"3,281,21"
17365,"3,30,66"
17366,"23,26,231"
17367,"40,184,243"
17368,"43,23,24"
17369,"40,128,129"
17370,"40,138,135"
17371,"10,220,242"
17372,"10,64,65"
17373,"23,26,89"
17374,"23,105,106"
17375,"10,220,242"
17376,"0,271,522"
17377,"40,152,151"
17378,"0,216,304"
17379,"131,40,406"
17380,"0,216,319"
17381,"0,188,505"
17382,"169,199,40"
17383,"23,74,165"
17384,"23,24,49"
17385,"3,13,40"
17386,"0,169,265"
17387,"220,221,10"
17388,"40,128,186"
17389,"3,147,53"
17390,"10,234,11"
17391,"40,160,247"
17392,"40,146,145"
17393,"220,10,242"
17394,"220,10,242"
17395,"169,199,323"
17396,"3,111,119"
17397,"3,53,523"
17398,"11,10,109"
17399,"40,131,226"
17400,"3,21,127"
17401,"40,41,224"
17402,"43,23,10"
17403,"23,106,105"
17404,"64,10,93"
17405,"23,26,231"
17406,"21,3,40"
17407,"26,23,231"
17408,"3,147,148"
17409,"64,10,338"
17410,"23,49,24"
17411,"21,3,48"
17412,"220,10,242"
17413,"23,24,43"
17414,"118,23,74"
17415,"40,139,153"
17416,"249,0,279"
17417,"8,0,308"
17418,"31,23,328"
17419,"4,238,3"
17420,"40,160,315"
17421,"10,60,239"
17422,"40,131,184"
17423,"64,10,65"
17424,"3,21,115"
17425,"64,10,80"
17426,"40,145,402"
17427,"23,43,24"
17428,"135,138,40"
17429,"23,24,43"
17430,"10,54,95"
17431,"0,249,8"
17432,"169,170,459"
17433,"23,31,32"
17434,"21,40,41"
17435,"3,21,169"
17436,"3,21,108"
17437,"169,199,11"
17438,"10,54,145"
17439,"169,170,199"
17440,"145,40,44"
17441,"0,271,366"
17442,"40,395,396"
17443,"3,30,66"
17444,"0,208,453"
17445,"3,111,267"
17446,"0,235,8"
17447,"3,21,228"
17448,"23,26,89"
17449,"3,4,70"
17450,"0,271,456"
17451,"23,74,118"
17452,"40,145,10"
17453,"199,169,281"
17454,"3,21,164"
17455,"26,23,89"
17456,"147,3,148"
17457,"0,271,355"
17458,"10,60,61"
17459,"23,24,59"
17460,"220,221,10"
17461,"128,40,129"
17462,"40,185,184"
17463,"220,10,221"
17464,"3,21,22"
17465,"169,199,281"
17466,"23,26,89"
17467,"3,4,238"
17468,"3,111,112"
17469,"23,118,38"
17470,"40,139,128"
17471,"73,40,145"
17472,"40,131,406"
17473,"64,10,80"
17474,"11,10,109"
17475,"118,107,23"
17476,"23,74,38"
17477,"169,170,199"
17478,"23,74,118"
17479,"10,220,242"
17480,"220,10,221"
17481,"21,3,108"
17482,"145,40,44"
17483,"220,221,10"
17484,"64,10,80"
17485,"220,10,242"
17486,"135,40,295"
17487,"23,74,63"
17488,"3,16,15"
17489,"0,271,214"
17490,"74,23,317"
17491,"3,23,53"
17492,"40,152,41"
17493,"4,3,19"
17494,"40,3,21"
17495,"169,170,199"
17496,"10,64,60"
17497,"23,74,303"
17498,"3,379,21"
17499,"40,160,41"
17500,"188,3,4"
17501,"40,41,324"
17502,"0,446,208"
17503,"10,64,93"
17504,"3,108,21"
17505,"271,0,291"
17506,"235,0,8"
17507,"0,23,89"
17508,"10,220,242"
17509,"3,13,204"
17510,"10,11,205"
17511,"368,184,40"
17512,"296,169,460"
17513,"10,64,448"
17514,"3,5,85"
17515,"40,152,151"
17516,"23,31,96"
17517,"3,21,22"
17518,"0,271,355"
17519,"23,105,74"
17520,"40,138,135"
17521,"3,21,164"
17522,"3,53,287"
17523,"40,145,524"
17524,"0,265,273"
17525,"40,145,23"
17526,"220,10,221"
17527,"4,3,238"
17528,"0,424,271"
17529,"40,131,132"
17530,"26,89,23"
17531,"169,199,10"
17532,"23,26,350"
17533,"0,340,265"
17534,"169,337,339"
17535,"23,24,345"
17536,"199,169,343"
17537,"0,8,410"
17538,"169,199,356"
17539,"0,265,349"
17540,"53,3,287"
17541,"147,3,148"
17542,"23,74,84"
17543,"15,16,3"
17544,"3,34,21"
17545,"296,169,417"
17546,"169,170,199"
17547,"3,21,108"
17548,"40,41,324"
17549,"10,11,205"
17550,"21,3,40"
17551,"169,199,281"
17552,"0,216,304"
17553,"169,199,281"
17554,"40,131,132"
17555,"3,147,148"
17556,"10,60,93"
17557,"249,279,0"
17558,"23,49,24"
17559,"0,208,206"
17560,"26,89,0"
17561,"10,220,11"
17562,"23,96,31"
17563,"3,21,190"
17564,"8,206,0"
17565,"3,21,108"
17566,"64,10,448"
17567,"3,21,127"
17568,"0,249,521"
17569,"0,271,265"
17570,"3,21,48"
17571,"3,4,183"
17572,"3,30,21"
17573,"40,152,151"
17574,"3,21,147"
17575,"23,38,24"
17576,"3,21,108"
17577,"10,64,90"
17578,"23,49,24"
17579,"64,10,448"
17580,"40,128,129"
17581,"26,10,64"
17582,"23,26,350"
17583,"3,21,187"
17584,"169,274,426"
17585,"11,109,10"
17586,"3,4,238"
17587,"89,26,23"
17588,"23,24,49"
17589,"3,85,86"
17590,"64,10,93"
17591,"220,10,221"
17592,"169,199,281"
17593,"11,10,109"
17594,"199,169,281"
17595,"3,148,147"
17596,"21,3,126"
17597,"23,26,89"
17598,"40,129,128"
17599,"40,128,129"
17600,"3,5,385"
17601,"11,10,12"
17602,"28,3,330"
17603,"220,10,221"
17604,"220,221,10"
17605,"0,456,271"
17606,"40,23,74"
17607,"3,21,379"
17608,"0,218,475"
17609,"220,10,221"
17610,"15,16,3"
17611,"170,169,459"
17612,"3,4,238"
17613,"68,105,23"
17614,"3,339,337"
17615,"3,34,263"
17616,"23,31,32"
17617,"5,3,228"
17618,"23,74,38"
17619,"3,21,182"
17620,"3,66,30"
17621,"0,216,313"
17622,"74,23,303"
17623,"169,170,260"
17624,"169,170,459"
17625,"10,11,54"
17626,"0,8,285"
17627,"40,131,241"
17628,"220,10,221"
17629,"3,21,187"
17630,"23,74,165"
17631,"10,54,95"
17632,"220,10,221"
17633,"15,16,3"
17634,"8,206,0"
17635,"23,31,131"
17636,"3,21,187"
17637,"3,21,187"
17638,"43,23,24"
17639,"10,54,95"
17640,"23,24,25"
17641,"40,131,486"
17642,"10,64,448"
17643,"169,170,260"
17644,"3,34,263"
17645,"23,43,24"
17646,"10,11,109"
17647,"8,26,23"
17648,"40,406,131"
17649,"40,160,41"
17650,"3,111,472"
17651,"23,31,32"
17652,"3,21,108"
17653,"11,10,205"
17654,"3,53,287"
17655,"23,31,258"
17656,"170,169,3"
17657,"8,0,169"
17658,"131,406,40"
17659,"74,23,38"
17660,"0,271,355"
17661,"23,26,89"
17662,"23,43,24"
17663,"23,38,24"
17664,"3,170,21"
17665,"3,85,86"
17666,"3,21,126"
17667,"10,64,90"
17668,"11,10,109"
17669,"0,265,271"
17670,"3,21,379"
17671,"105,23,318"
17672,"169,170,312"
17673,"4,3,19"
17674,"220,221,10"
17675,"40,241,131"
17676,"220,10,221"
17677,"23,118,74"
17678,"23,38,74"
17679,"23,31,32"
17680,"220,10,242"
17681,"53,3,287"
17682,"3,4,375"
17683,"8,0,235"
17684,"23,249,279"
17685,"169,296,306"
17686,"3,15,16"
17687,"23,38,74"
17688,"64,10,93"
17689,"3,17,320"
17690,"3,21,263"
17691,"3,85,86"
17692,"23,38,63"
17693,"169,170,31"
17694,"0,265,349"
17695,"40,41,149"
17696,"10,199,323"
17697,"3,147,15"
17698,"23,26,89"
17699,"169,281,199"
17700,"44,40,145"
17701,"0,265,11"
17702,"169,199,170"
17703,"40,128,129"
17704,"169,199,248"
17705,"23,24,43"
17706,"3,53,17"
17707,"10,60,93"
17708,"0,235,8"
17709,"169,199,281"
17710,"40,41,286"
17711,"23,26,89"
17712,"40,184,185"
17713,"4,3,19"
17714,"23,74,303"
17715,"40,145,10"
17716,"17,3,168"
17717,"40,146,145"
17718,"169,111,199"
17719,"10,11,12"
17720,"40,10,145"
17721,"3,4,238"
17722,"3,147,148"
17723,"40,395,135"
17724,"169,3,296"
17725,"0,271,355"
17726,"3,17,40"
17727,"169,170,459"
17728,"10,54,55"
17729,"3,28,30"
17730,"10,43,23"
17731,"208,100,0"
17732,"23,309,74"
17733,"15,3,16"
17734,"3,4,210"
17735,"220,10,221"
17736,"21,124,395"
17737,"43,10,24"
17738,"220,10,221"
17739,"64,10,80"
17740,"169,199,64"
17741,"296,169,526"
17742,"3,30,66"
17743,"40,146,145"
17744,"4,19,3"
17745,"40,241,131"
17746,"40,195,128"
17747,"4,3,19"
17748,"64,10,448"
17749,"3,53,523"
17750,"23,71,38"
17751,"169,199,170"
17752,"220,10,242"
17753,"17,3,168"
17754,"296,169,526"
17755,"23,0,82"
17756,"64,10,93"
17757,"169,170,199"
17758,"10,60,23"
17759,"23,10,24"
17760,"3,17,168"
17761,"23,71,40"
17762,"23,26,89"
17763,"43,23,24"
17764,"23,0,216"
17765,"40,131,134"
17766,"0,271,456"
17767,"3,28,66"
17768,"23,38,91"
17769,"3,21,154"
17770,"3,38,23"
17771,"3,21,124"
17772,"40,41,128"
17773,"40,128,100"
17774,"3,15,16"
17775,"3,85,158"
17776,"0,429,271"
17777,"296,169,460"
17778,"0,319,211"
17779,"220,10,221"
17780,"0,271,265"
17781,"23,74,38"
17782,"0,271,522"
17783,"0,271,291"
17784,"220,10,221"
17785,"0,271,456"
17786,"3,21,17"
17787,"3,4,176"
17788,"64,10,65"
17789,"23,31,258"
17790,"23,31,454"
17791,"3,21,17"
17792,"40,41,186"
17793,"220,221,10"
17794,"3,34,21"
17795,"40,131,226"
17796,"10,220,242"
17797,"3,21,301"
17798,"40,131,406"
17799,"64,10,93"
17800,"139,40,140"
17801,"17,3,168"
17802,"3,13,14"
17803,"169,170,199"
17804,"40,145,10"
17805,"169,3,145"
17806,"40,145,402"
17807,"3,21,108"
17808,"3,203,4"
17809,"3,111,267"
17810,"3,21,127"
17811,"10,54,220"
17812,"135,40,386"
17813,"23,74,71"
17814,"0,271,456"
17815,"23,31,77"
17816,"10,64,338"
17817,"40,41,149"
17818,"3,21,53"
17819,"169,459,170"
17820,"3,21,102"
17821,"40,10,145"
17822,"3,147,148"
17823,"0,380,216"
17824,"40,155,199"
17825,"40,184,494"
17826,"169,199,323"
17827,"10,64,93"
17828,"0,216,255"
17829,"23,74,165"
17830,"160,40,315"
17831,"3,21,108"
17832,"3,17,52"
17833,"0,8,313"
17834,"10,64,93"
17835,"54,95,10"
17836,"43,23,24"
17837,"10,145,44"
17838,"10,64,93"
17839,"8,0,308"
17840,"10,64,11"
17841,"23,26,231"
17842,"0,265,522"
17843,"64,10,338"
17844,"11,109,10"
17845,"10,11,109"
17846,"8,0,206"
17847,"15,16,3"
17848,"234,10,60"
17849,"4,19,3"
17850,"224,41,40"
17851,"128,129,195"
17852,"3,4,19"
17853,"40,128,129"
17854,"26,23,89"
17855,"0,8,271"
17856,"220,10,242"
17857,"40,41,153"
17858,"8,0,206"
17859,"169,281,199"
17860,"23,40,145"
17861,"40,10,44"
17862,"3,53,169"
17863,"10,64,90"
17864,"3,17,85"
17865,"64,10,338"
17866,"10,234,11"
17867,"3,4,238"
17868,"10,234,60"
17869,"3,48,111"
17870,"40,41,224"
17871,"169,312,426"
17872,"169,199,343"
17873,"220,10,221"
17874,"17,3,168"
17875,"220,221,10"
17876,"118,23,74"
17877,"40,149,41"
17878,"64,10,338"
17879,"128,40,195"
17880,"40,41,215"
17881,"0,216,249"
17882,"10,60,23"
17883,"0,429,456"
17884,"23,26,231"
17885,"0,8,308"
17886,"3,21,108"
17887,"23,105,40"
17888,"40,128,129"
17889,"0,266,265"
17890,"21,3,124"
17891,"3,21,68"
17892,"23,24,49"
17893,"129,128,40"
17894,"169,170,296"
17895,"40,395,41"
17896,"23,220,10"
17897,"21,169,199"
17898,"3,66,30"
17899,"199,169,281"
17900,"23,84,74"
17901,"3,4,183"
17902,"23,74,303"
17903,"13,3,14"
17904,"169,281,199"
17905,"0,271,355"
17906,"10,11,12"
17907,"10,54,220"
17908,"3,21,127"
17909,"3,190,21"
17910,"3,325,53"
17911,"23,74,303"
17912,"10,54,95"
17913,"43,23,24"
17914,"3,147,148"
17915,"40,145,44"
17916,"23,10,24"
17917,"10,64,65"
17918,"170,169,459"
17919,"2,0,1"
17920,"0,339,337"
17921,"40,131,395"
17922,"3,4,70"
17923,"147,3,148"
17924,"26,23,89"
17925,"8,0,235"
17926,"23,26,89"
17927,"40,131,406"
17928,"169,170,260"
17929,"23,26,350"
17930,"0,285,8"
17931,"169,296,417"
17932,"0,214,213"
17933,"40,131,226"
17934,"3,35,36"
17935,"3,21,119"
17936,"3,34,263"
17937,"3,85,21"
17938,"199,169,281"
17939,"8,0,206"
17940,"40,145,44"
17941,"64,10,93"
17942,"0,342,2"
17943,"23,24,59"
17944,"23,26,89"
17945,"23,309,24"
17946,"3,147,167"
17947,"40,23,74"
17948,"23,38,309"
17949,"40,41,224"
17950,"3,111,119"
17951,"23,31,74"
17952,"10,93,64"
17953,"3,115,21"
17954,"8,206,0"
17955,"40,160,149"
17956,"169,296,411"
17957,"10,64,90"
17958,"169,160,356"
17959,"0,271,280"
17960,"3,21,108"
17961,"10,11,12"
17962,"4,3,238"
17963,"23,165,74"
17964,"220,10,221"
17965,"23,77,283"
17966,"23,45,44"
17967,"41,40,3"
17968,"3,13,14"
17969,"0,381,216"
17970,"23,118,74"
17971,"169,199,281"
17972,"3,210,85"
17973,"3,17,320"
17974,"23,74,118"
17975,"206,0,8"
17976,"3,34,104"
17977,"40,395,128"
17978,"10,60,239"
17979,"0,208,8"
17980,"169,199,281"
17981,"3,147,53"
17982,"40,41,152"
17983,"128,40,129"
17984,"40,145,402"
17985,"10,220,242"
17986,"3,85,388"
17987,"23,43,24"
17988,"169,199,356"
17989,"23,105,318"
17990,"3,34,447"
17991,"4,3,19"
17992,"3,17,13"
17993,"28,113,3"
17994,"40,152,184"
17995,"10,11,205"
17996,"40,131,406"
17997,"3,21,126"
17998,"105,54,23"
17999,"169,0,199"
18000,"10,234,60"
18001,"23,31,10"
18002,"23,26,89"
18003,"220,10,242"
18004,"220,10,221"
18005,"40,145,493"
18006,"40,145,25"
18007,"0,8,13"
18008,"0,265,349"
18009,"3,28,364"
18010,"40,41,286"
18011,"3,21,305"
18012,"23,31,32"
18013,"296,169,428"
18014,"169,199,281"
18015,"169,170,199"
18016,"10,11,12"
18017,"0,271,516"
18018,"128,40,195"
18019,"64,10,338"
18020,"74,23,303"
18021,"220,10,242"
18022,"23,78,106"
18023,"23,74,118"
18024,"23,24,44"
18025,"3,147,21"
18026,"0,463,462"
18027,"40,131,406"
18028,"23,63,38"
18029,"3,21,48"
18030,"0,8,235"
18031,"3,40,21"
18032,"11,10,109"
18033,"23,175,128"
18034,"220,10,242"
18035,"3,21,182"
18036,"169,459,170"
18037,"296,169,336"
18038,"169,170,199"
18039,"43,23,24"
18040,"10,11,12"
18041,"23,31,258"
18042,"40,128,195"
18043,"3,111,119"
18044,"40,160,315"
18045,"15,3,16"
18046,"40,146,135"
18047,"64,10,65"
18048,"5,3,228"
18049,"3,111,28"
18050,"74,23,303"
18051,"3,21,40"
18052,"40,146,145"
18053,"23,31,32"
18054,"17,3,168"
18055,"40,10,145"
18056,"3,21,108"
18057,"184,185,40"
18058,"169,199,323"
18059,"3,21,17"
18060,"131,40,406"
18061,"40,162,163"
18062,"368,40,131"
18063,"11,10,205"
18064,"4,3,174"
18065,"220,221,10"
18066,"3,100,53"
18067,"40,145,44"
18068,"40,3,41"
18069,"23,145,402"
18070,"23,74,84"
18071,"10,60,24"
18072,"3,147,148"
18073,"40,184,185"
18074,"3,111,119"
18075,"10,24,23"
18076,"11,10,109"
18077,"40,131,486"
18078,"296,169,411"
18079,"3,5,228"
18080,"3,21,53"
18081,"23,74,184"
18082,"10,11,13"
18083,"10,64,11"
18084,"462,463,255"
18085,"3,21,85"
18086,"3,4,238"
18087,"145,3,40"
18088,"3,5,228"
18089,"40,152,151"
18090,"64,10,93"
18091,"23,31,32"
18092,"170,169,260"
18093,"23,40,145"
18094,"3,4,183"
18095,"64,10,93"
18096,"169,170,31"
18097,"64,10,338"
18098,"64,10,338"
18099,"206,0,8"
18100,"26,64,10"
18101,"40,139,155"
18102,"3,4,238"
18103,"220,10,0"
18104,"23,38,24"
18105,"23,26,8"
18106,"40,160,423"
18107,"23,74,31"
18108,"131,40,406"
18109,"10,11,109"
18110,"40,131,406"
18111,"40,145,44"
18112,"3,21,5"
18113,"5,3,228"
18114,"3,85,21"
18115,"3,111,123"
18116,"3,112,111"
18117,"3,147,85"
18118,"3,34,263"
18119,"3,21,127"
18120,"3,21,66"
18121,"10,64,93"
18122,"43,23,24"
18123,"134,31,169"
18124,"3,147,148"
18125,"220,10,221"
18126,"4,3,435"
18127,"40,145,44"
18128,"0,271,216"
18129,"43,23,24"
18130,"235,0,8"
18131,"15,16,3"
18132,"220,10,221"
18133,"3,5,228"
18134,"0,348,271"
18135,"3,111,267"
18136,"0,216,304"
18137,"23,24,49"
18138,"3,13,14"
18139,"64,10,80"
18140,"23,3,105"
18141,"271,0,429"
18142,"10,64,448"
18143,"131,40,406"
18144,"3,4,19"
18145,"220,10,221"
18146,"23,10,24"
18147,"3,21,147"
18148,"40,131,151"
18149,"4,3,238"
18150,"169,199,170"
18151,"23,24,43"
18152,"40,145,402"
18153,"64,10,338"
18154,"40,44,145"
18155,"10,59,23"
18156,"40,160,41"
18157,"135,40,236"
18158,"23,74,303"
18159,"4,3,19"
18160,"3,21,108"
18161,"3,21,48"
18162,"17,3,168"
18163,"23,89,26"
18164,"64,10,448"
18165,"0,23,26"
18166,"21,3,22"
18167,"11,109,24"
18168,"40,145,44"
18169,"3,34,263"
18170,"106,23,105"
18171,"3,21,127"
18172,"64,10,93"
18173,"23,24,49"
18174,"3,21,108"
18175,"169,170,171"
18176,"3,30,66"
18177,"23,74,317"
18178,"0,271,456"
18179,"3,21,53"
18180,"220,10,221"
18181,"3,111,284"
18182,"3,53,523"
18183,"3,34,263"
18184,"10,64,93"
18185,"3,15,16"
18186,"5,3,228"
18187,"10,60,64"
18188,"40,145,402"
18189,"64,10,93"
18190,"23,74,165"
18191,"0,271,280"
18192,"3,13,131"
18193,"3,34,46"
18194,"131,40,406"
18195,"224,41,40"
18196,"23,118,74"
18197,"10,43,24"
18198,"40,128,129"
18199,"23,26,89"
18200,"0,23,249"
18201,"169,170,64"
18202,"40,145,44"
18203,"23,26,0"
18204,"10,40,54"
18205,"3,21,33"
18206,"23,26,350"
18207,"0,271,456"
18208,"40,145,44"
18209,"23,24,43"
18210,"3,111,85"
18211,"5,3,228"
18212,"23,118,74"
18213,"48,40,21"
18214,"131,40,406"
18215,"10,60,61"
18216,"15,3,16"
18217,"3,53,523"
18218,"3,21,147"
18219,"3,13,204"
18220,"128,40,129"
18221,"0,271,456"
18222,"3,320,17"
18223,"3,28,190"
18224,"26,23,89"
18225,"296,169,306"
18226,"281,169,199"
18227,"402,31,23"
18228,"64,10,448"
18229,"131,40,406"
18230,"23,24,105"
18231,"3,21,108"
18232,"8,206,0"
18233,"23,84,74"
18234,"5,6,3"
18235,"3,17,21"
18236,"3,15,16"
18237,"0,271,361"
18238,"0,366,271"
18239,"23,74,40"
18240,"3,21,127"
18241,"26,23,199"
18242,"23,24,47"
18243,"3,147,53"
18244,"3,21,48"
18245,"3,147,148"
18246,"23,38,309"
18247,"3,13,204"
18248,"169,170,311"
18249,"23,31,0"
18250,"0,216,319"
18251,"170,169,459"
18252,"220,10,221"
18253,"3,21,187"
18254,"10,64,448"
18255,"40,41,42"
18256,"3,21,143"
18257,"3,4,238"
18258,"10,220,221"
18259,"23,74,165"
18260,"23,38,137"
18261,"3,4,238"
18262,"169,199,170"
18263,"11,10,109"
18264,"10,40,402"
18265,"23,74,26"
18266,"0,271,456"
18267,"169,0,170"
18268,"11,10,205"
18269,"10,220,242"
18270,"3,21,34"
18271,"3,17,168"
18272,"53,3,287"
18273,"128,40,129"
18274,"3,17,379"
18275,"40,215,131"
18276,"169,131,134"
18277,"0,216,304"
18278,"0,2,1"
18279,"23,91,38"
18280,"131,40,406"
18281,"40,145,44"
18282,"40,41,42"
18283,"3,85,111"
18284,"3,4,111"
18285,"0,271,413"
18286,"3,53,147"
18287,"23,74,165"
18288,"3,21,127"
18289,"10,54,40"
18290,"23,40,25"
18291,"169,10,64"
18292,"43,23,24"
18293,"3,147,148"
18294,"3,147,148"
18295,"3,85,21"
18296,"3,292,53"
18297,"128,40,129"
18298,"0,271,424"
18299,"60,10,239"
18300,"131,40,406"
18301,"21,3,127"
18302,"23,26,89"
18303,"23,74,38"
18304,"3,21,126"
18305,"3,379,21"
18306,"0,271,280"
18307,"0,8,410"
18308,"0,23,26"
18309,"23,26,350"
18310,"169,339,337"
18311,"169,170,199"
18312,"10,220,221"
18313,"8,0,308"
18314,"0,216,304"
18315,"3,4,70"
18316,"23,206,26"
18317,"131,23,40"
18318,"10,64,65"
18319,"171,169,199"
18320,"3,34,21"
18321,"23,24,43"
18322,"43,23,24"
18323,"169,199,343"
18324,"64,10,448"
18325,"3,21,34"
18326,"23,26,271"
18327,"64,10,448"
18328,"131,406,40"
18329,"3,28,190"
18330,"40,145,23"
18331,"169,170,199"
18332,"3,66,30"
18333,"40,145,44"
18334,"3,147,21"
18335,"40,128,129"
18336,"10,220,242"
18337,"40,41,152"
18338,"143,10,419"
18339,"40,146,145"
18340,"3,523,53"
18341,"3,85,86"
18342,"40,128,162"
18343,"220,10,221"
18344,"3,21,127"
18345,"64,10,80"
18346,"40,139,153"
18347,"10,64,93"
18348,"3,21,108"
18349,"169,170,199"
18350,"382,169,199"
18351,"169,199,343"
18352,"40,160,315"
18353,"128,129,40"
18354,"23,139,40"
18355,"64,10,93"
18356,"220,221,10"
18357,"3,15,16"
18358,"169,170,260"
18359,"40,41,42"
18360,"40,139,153"
18361,"3,4,435"
18362,"3,21,108"
18363,"64,10,43"
18364,"147,3,148"
18365,"23,24,11"
18366,"3,17,320"
18367,"3,237,21"
18368,"0,271,280"
18369,"40,160,149"
18370,"0,8,206"
18371,"23,74,118"
18372,"3,28,190"
18373,"169,199,343"
18374,"3,28,66"
18375,"23,38,74"
18376,"10,220,221"
18377,"40,131,226"
18378,"0,8,410"
18379,"4,3,19"
18380,"28,3,190"
18381,"10,64,93"
18382,"3,21,187"
18383,"23,26,89"
18384,"3,147,148"
18385,"131,40,226"
18386,"169,296,199"
18387,"10,54,95"
18388,"3,21,187"
18389,"0,380,422"
18390,"456,0,429"
18391,"40,41,128"
18392,"8,0,308"
18393,"4,3,19"
18394,"0,266,265"
18395,"23,26,231"
18396,"0,206,8"
18397,"17,3,320"
18398,"40,131,406"
18399,"199,169,281"
18400,"169,199,281"
18401,"3,17,320"
18402,"160,40,3"
18403,"220,10,242"
18404,"23,26,89"
18405,"64,10,448"
18406,"3,5,228"
18407,"0,249,279"
18408,"48,3,21"
18409,"3,21,30"
18410,"138,135,40"
18411,"11,109,24"
18412,"23,60,61"
18413,"21,3,124"
18414,"145,40,44"
18415,"3,21,53"
18416,"64,10,473"
18417,"3,21,187"
18418,"3,66,30"
18419,"271,0,272"
18420,"160,40,302"
18421,"169,170,199"
18422,"3,17,34"
18423,"0,216,212"
18424,"40,162,163"
18425,"169,199,343"
18426,"40,128,129"
18427,"3,21,66"
18428,"23,26,89"
18429,"74,23,303"
18430,"131,23,406"
18431,"23,74,303"
18432,"3,21,379"
18433,"40,128,139"
18434,"3,21,127"
18435,"43,10,24"
18436,"40,41,286"
18437,"26,23,231"
18438,"23,74,165"
18439,"3,147,148"
18440,"40,243,74"
18441,"281,199,169"
18442,"4,3,238"
18443,"3,21,182"
18444,"40,145,402"
18445,"10,64,338"
18446,"3,34,263"
18447,"40,41,149"
18448,"54,10,95"
18449,"4,3,435"
18450,"0,211,319"
18451,"23,38,309"
18452,"131,40,226"
18453,"23,74,303"
18454,"0,456,271"
18455,"0,271,456"
18456,"40,131,142"
18457,"3,111,267"
18458,"0,271,456"
18459,"169,64,10"
18460,"8,0,206"
18461,"23,74,303"
18462,"23,74,303"
18463,"3,238,111"
18464,"26,23,89"
18465,"0,319,211"
18466,"3,53,21"
18467,"10,11,118"
18468,"3,4,435"
18469,"11,10,109"
18470,"169,199,10"
18471,"3,111,123"
18472,"169,337,0"
18473,"3,53,393"
18474,"3,4,183"
18475,"23,26,89"
18476,"169,199,281"
18477,"40,128,166"
18478,"3,34,15"
18479,"147,3,156"
18480,"40,139,41"
18481,"64,10,80"
18482,"77,31,23"
18483,"160,40,315"
18484,"3,5,53"
18485,"48,21,40"
18486,"3,4,238"
18487,"23,74,118"
18488,"10,64,65"
18489,"3,21,187"
18490,"40,145,44"
18491,"10,54,322"
18492,"23,43,24"
18493,"64,10,93"
18494,"4,3,19"
18495,"0,271,363"
18496,"40,41,215"
18497,"169,199,248"
18498,"40,135,138"
18499,"40,145,44"
18500,"3,4,435"
18501,"199,40,169"
18502,"296,169,300"
18503,"10,64,11"
18504,"64,10,80"
18505,"23,74,71"
18506,"11,10,24"
18507,"135,40,138"
18508,"40,25,145"
18509,"131,40,134"
18510,"40,131,406"
18511,"64,10,338"
18512,"0,313,346"
18513,"3,21,263"
18514,"3,5,228"
18515,"10,220,242"
18516,"10,64,448"
18517,"23,38,40"
18518,"17,3,168"
18519,"31,290,23"
18520,"135,40,244"
18521,"0,8,391"
18522,"23,26,89"
18523,"40,145,10"
18524,"23,24,59"
18525,"23,10,24"
18526,"10,60,61"
18527,"24,23,25"
18528,"40,41,224"
18529,"40,41,324"
18530,"40,146,145"
18531,"23,11,24"
18532,"3,111,112"
18533,"128,129,40"
18534,"0,249,279"
18535,"3,147,148"
18536,"40,21,3"
18537,"34,3,263"
18538,"23,74,84"
18539,"40,162,163"
18540,"128,129,40"
18541,"4,3,238"
18542,"169,199,343"
18543,"0,366,271"
18544,"23,24,49"
18545,"0,456,271"
18546,"0,304,216"
18547,"139,40,155"
18548,"40,145,3"
18549,"0,3,218"
18550,"0,208,265"
18551,"23,105,137"
18552,"40,145,10"
18553,"40,41,102"
18554,"15,16,3"
18555,"16,3,15"
18556,"23,24,26"
18557,"23,26,89"
18558,"169,199,323"
18559,"11,10,205"
18560,"23,74,38"
18561,"40,145,44"
18562,"3,147,148"
18563,"23,0,31"
18564,"169,199,281"
18565,"40,128,129"
18566,"10,54,95"
18567,"31,23,0"
18568,"3,21,33"
18569,"23,26,89"
18570,"3,17,168"
18571,"21,3,108"
18572,"169,170,199"
18573,"4,3,238"
18574,"23,38,309"
18575,"3,147,148"
18576,"3,21,127"
18577,"220,10,242"
18578,"23,135,309"
18579,"105,23,319"
18580,"296,169,306"
18581,"138,40,169"
18582,"169,199,343"
18583,"23,74,303"
18584,"131,40,226"
18585,"169,64,199"
18586,"64,10,93"
18587,"169,199,356"
18588,"11,40,145"
18589,"10,54,322"
18590,"0,249,279"
18591,"23,24,345"
18592,"3,17,34"
18593,"3,13,14"
18594,"126,21,3"
18595,"3,111,472"
18596,"296,169,417"
18597,"3,379,21"
18598,"23,26,89"
18599,"169,296,405"
18600,"10,64,93"
18601,"3,21,53"
18602,"23,26,89"
18603,"131,40,226"
18604,"3,111,161"
18605,"40,152,151"
18606,"220,10,221"
18607,"199,169,323"
18608,"23,32,31"
18609,"3,21,148"
18610,"169,199,138"
18611,"74,23,303"
18612,"26,23,89"
18613,"40,149,160"
18614,"199,169,323"
18615,"0,1,2"
18616,"3,111,53"
18617,"10,11,12"
18618,"23,26,89"
18619,"206,0,8"
18620,"40,21,127"
18621,"0,462,463"
18622,"40,145,146"
18623,"10,64,220"
18624,"3,13,111"
18625,"10,11,60"
18626,"10,11,12"
18627,"40,135,141"
18628,"296,169,306"
18629,"23,24,231"
18630,"3,238,4"
18631,"3,85,86"
18632,"5,6,3"
18633,"3,53,17"
18634,"206,0,8"
18635,"3,111,53"
18636,"74,23,165"
18637,"220,10,221"
18638,"138,40,135"
18639,"220,221,10"
18640,"64,43,10"
18641,"28,3,190"
18642,"23,74,71"
18643,"64,10,90"
18644,"3,21,108"
18645,"23,74,38"
18646,"169,199,259"
18647,"3,21,53"
18648,"40,145,402"
18649,"23,24,59"
18650,"3,15,16"
18651,"3,158,21"
18652,"3,41,33"
18653,"23,105,106"
18654,"17,3,168"
18655,"40,41,224"
18656,"0,456,271"
18657,"0,456,271"
18658,"23,24,38"
18659,"3,21,187"
18660,"169,281,199"
18661,"8,0,206"
18662,"3,148,523"
18663,"40,131,406"
18664,"4,3,19"
18665,"145,40,44"
18666,"10,54,40"
18667,"10,64,93"
18668,"0,216,304"
18669,"40,160,315"
18670,"25,40,145"
18671,"0,265,8"
18672,"3,21,187"
18673,"128,195,40"
18674,"0,249,279"
18675,"48,23,21"
18676,"169,170,199"
18677,"3,53,287"
18678,"64,10,448"
18679,"0,145,40"
18680,"8,206,23"
18681,"40,184,128"
18682,"169,170,199"
18683,"40,145,402"
18684,"34,3,169"
18685,"23,24,49"
18686,"3,21,108"
18687,"40,241,131"
18688,"3,21,127"
18689,"23,24,49"
18690,"3,53,287"
18691,"23,105,106"
18692,"40,145,10"
18693,"10,60,61"
18694,"220,221,10"
18695,"3,143,34"
18696,"23,118,74"
18697,"31,23,454"
18698,"23,24,43"
18699,"11,40,44"
18700,"0,218,266"
18701,"199,169,281"
18702,"3,4,174"
18703,"26,23,89"
18704,"23,74,24"
18705,"169,312,170"
18706,"64,10,448"
18707,"40,41,42"
18708,"40,145,44"
18709,"10,54,95"
18710,"271,170,0"
18711,"10,64,93"
18712,"339,169,337"
18713,"169,337,251"
18714,"53,287,3"
18715,"3,148,147"
18716,"296,169,306"
18717,"3,53,287"
18718,"23,54,10"
18719,"3,21,126"
18720,"169,296,337"
18721,"40,145,146"
18722,"0,319,211"
18723,"23,24,43"
18724,"10,64,93"
18725,"26,23,231"
18726,"3,17,168"
18727,"169,199,343"
18728,"23,24,25"
18729,"40,152,151"
18730,"0,208,497"
18731,"23,74,165"
18732,"0,271,456"
18733,"131,40,142"
18734,"170,169,260"
18735,"3,29,28"
18736,"145,40,44"
18737,"220,10,242"
18738,"3,40,23"
18739,"169,339,337"
18740,"40,128,129"
18741,"147,3,148"
18742,"3,17,168"
18743,"0,346,313"
18744,"3,5,228"
18745,"40,131,226"
18746,"169,170,260"
18747,"3,30,21"
18748,"40,135,41"
18749,"199,169,374"
18750,"40,3,135"
18751,"3,21,33"
18752,"23,74,38"
18753,"40,131,406"
18754,"0,206,8"
18755,"131,40,406"
18756,"64,10,80"
18757,"3,17,21"
18758,"23,49,24"
18759,"0,265,349"
18760,"23,26,350"
18761,"23,24,43"
18762,"0,8,308"
18763,"3,21,17"
18764,"11,10,109"
18765,"23,105,318"
18766,"131,31,40"
18767,"26,23,89"
18768,"147,3,148"
18769,"3,53,160"
18770,"0,206,8"
18771,"3,53,287"
18772,"23,82,26"
18773,"40,131,406"
18774,"10,64,93"
18775,"5,331,3"
18776,"3,17,15"
18777,"40,131,406"
18778,"40,145,44"
18779,"3,21,126"
18780,"64,10,448"
18781,"24,43,23"
18782,"31,23,258"
18783,"169,199,374"
18784,"4,3,238"
18785,"40,31,23"
18786,"10,54,95"
18787,"0,361,272"
18788,"40,145,44"
18789,"64,10,448"
18790,"3,111,472"
18791,"64,10,65"
18792,"206,0,8"
18793,"3,21,53"
18794,"147,3,148"
18795,"199,169,382"
18796,"0,265,266"
18797,"170,169,508"
18798,"23,31,49"
18799,"10,43,24"
18800,"3,5,228"
18801,"169,199,323"
18802,"169,170,199"
18803,"0,271,361"
18804,"10,220,242"
18805,"147,3,203"
18806,"64,10,448"
18807,"23,74,38"
18808,"3,21,40"
18809,"220,10,221"
18810,"3,17,100"
18811,"3,41,21"
18812,"128,129,40"
18813,"23,26,350"
18814,"160,40,315"
18815,"206,8,0"
18816,"10,11,12"
18817,"40,145,44"
18818,"23,118,231"
18819,"10,60,23"
18820,"147,3,148"
18821,"23,38,91"
18822,"3,4,238"
18823,"23,10,54"
18824,"169,199,374"
18825,"169,199,323"
18826,"3,34,46"
18827,"10,64,338"
18828,"10,11,12"
18829,"8,0,410"
18830,"3,85,86"
18831,"169,199,323"
18832,"23,38,74"
18833,"3,30,219"
18834,"3,21,34"
18835,"10,40,145"
18836,"0,8,235"
18837,"170,169,260"
18838,"3,21,127"
18839,"64,10,80"
18840,"169,199,343"
18841,"23,26,89"
18842,"0,271,355"
18843,"3,21,127"
18844,"23,32,31"
18845,"40,185,184"
18846,"25,23,24"
18847,"40,152,151"
18848,"10,54,40"
18849,"23,38,82"
18850,"3,523,53"
18851,"3,21,17"
18852,"169,170,171"
18853,"3,238,4"
18854,"13,3,401"
18855,"0,271,291"
18856,"199,169,281"
18857,"23,24,49"
18858,"131,40,406"
18859,"40,41,21"
18860,"3,21,102"
18861,"0,266,218"
18862,"64,10,90"
18863,"10,24,55"
18864,"169,199,343"
18865,"169,199,281"
18866,"8,0,26"
18867,"10,54,95"
18868,"28,330,190"
18869,"4,3,435"
18870,"23,26,89"
18871,"23,26,24"
18872,"131,226,40"
18873,"0,313,346"
18874,"23,43,24"
18875,"3,30,66"
18876,"23,26,89"
18877,"169,170,337"
18878,"3,21,154"
18879,"3,15,16"
18880,"3,21,108"
18881,"3,111,284"
18882,"188,4,3"
18883,"10,239,60"
18884,"23,43,24"
18885,"220,10,242"
18886,"64,10,448"
18887,"3,21,34"
18888,"3,15,16"
18889,"206,0,8"
18890,"10,220,242"
18891,"43,23,24"
18892,"0,208,422"
18893,"3,21,187"
18894,"0,249,279"
18895,"21,3,127"
18896,"10,40,44"
18897,"40,145,44"
18898,"23,74,165"
18899,"26,23,89"
18900,"40,128,186"
18901,"111,3,169"
18902,"463,462,0"
18903,"64,10,80"
18904,"135,138,40"
18905,"10,64,448"
18906,"23,74,63"
18907,"40,145,44"
18908,"23,43,24"
18909,"23,74,118"
18910,"3,21,108"
18911,"10,11,12"
18912,"3,48,21"
18913,"40,184,131"
18914,"0,216,279"
18915,"0,216,257"
18916,"3,148,147"
18917,"10,11,205"
18918,"40,44,145"
18919,"17,3,168"
18920,"3,85,293"
18921,"23,43,24"
18922,"0,340,271"
18923,"220,10,221"
18924,"199,169,0"
18925,"3,17,168"
18926,"40,41,286"
18927,"169,199,3"
18928,"3,21,108"
18929,"40,145,402"
18930,"3,53,21"
18931,"23,74,38"
18932,"23,26,89"
18933,"23,105,106"
18934,"23,38,74"
18935,"40,23,146"
18936,"10,64,93"
18937,"0,363,271"
18938,"243,40,184"
18939,"10,64,448"
18940,"0,235,8"
18941,"0,8,271"
18942,"170,169,260"
18943,"3,139,40"
18944,"0,456,271"
18945,"10,11,109"
18946,"0,280,348"
18947,"40,41,286"
18948,"220,10,221"
18949,"3,34,17"
18950,"17,3,168"
18951,"220,10,221"
18952,"0,271,456"
18953,"0,265,340"
18954,"17,168,100"
18955,"4,19,3"
18956,"319,211,0"
18957,"8,0,235"
18958,"40,146,145"
18959,"11,10,205"
18960,"3,111,112"
18961,"10,64,43"
18962,"23,26,350"
18963,"23,38,91"
18964,"23,49,24"
18965,"0,456,271"
18966,"40,128,139"
18967,"3,170,169"
18968,"40,139,153"
18969,"10,11,109"
18970,"40,41,149"
18971,"17,3,168"
18972,"169,339,337"
18973,"3,21,287"
18974,"3,379,21"
18975,"3,4,183"
18976,"23,24,43"
18977,"23,26,231"
18978,"23,74,303"
18979,"71,23,38"
18980,"3,66,30"
18981,"3,13,11"
18982,"40,149,41"
18983,"10,11,205"
18984,"3,85,5"
18985,"40,131,134"
18986,"3,34,263"
18987,"64,10,448"
18988,"3,21,108"
18989,"64,10,80"
18990,"4,3,435"
18991,"3,100,17"
18992,"220,10,40"
18993,"3,68,21"
18994,"10,64,65"
18995,"17,3,168"
18996,"169,170,337"
18997,"3,281,169"
18998,"3,13,204"
18999,"40,10,145"
19000,"40,135,236"
19001,"17,3,168"
19002,"4,3,19"
19003,"3,154,21"
19004,"3,34,263"
19005,"0,313,346"
19006,"4,3,238"
19007,"199,169,248"
19008,"0,271,169"
19009,"3,17,379"
19010,"23,24,59"
19011,"40,160,41"
19012,"23,118,74"
19013,"131,40,406"
19014,"169,3,199"
19015,"3,21,127"
19016,"17,3,168"
19017,"3,36,35"
19018,"220,221,10"
19019,"0,271,444"
19020,"10,64,93"
19021,"3,21,292"
19022,"23,24,105"
19023,"220,10,242"
19024,"4,19,3"
19025,"40,131,226"
19026,"3,147,148"
19027,"3,53,467"
19028,"3,4,435"
19029,"23,38,91"
19030,"40,152,151"
19031,"23,43,24"
19032,"40,152,151"
19033,"3,5,228"
19034,"64,10,448"
19035,"0,218,265"
19036,"3,21,111"
19037,"128,129,40"
19038,"23,118,231"
19039,"40,128,131"
19040,"3,139,153"
19041,"3,13,5"
19042,"44,145,40"
19043,"11,109,24"
19044,"3,21,53"
19045,"3,53,523"
19046,"0,340,265"
19047,"3,30,66"
19048,"23,26,89"
19049,"0,271,456"
19050,"152,40,151"
19051,"64,10,93"
19052,"463,462,0"
19053,"0,456,271"
19054,"220,10,221"
19055,"0,516,271"
19056,"3,53,28"
19057,"169,199,343"
19058,"10,419,11"
19059,"40,146,145"
19060,"3,17,13"
19061,"64,10,12"
19062,"3,21,53"
19063,"199,169,343"
19064,"17,320,3"
19065,"5,3,228"
19066,"3,147,33"
19067,"0,271,522"
19068,"17,3,168"
19069,"3,34,17"
19070,"3,238,4"
19071,"3,21,182"
19072,"3,21,33"
19073,"3,108,21"
19074,"3,147,148"
19075,"23,105,24"
19076,"296,8,169"
19077,"4,3,238"
19078,"11,10,109"
19079,"40,145,44"
19080,"0,8,308"
19081,"3,53,21"
19082,"10,93,64"
19083,"169,170,337"
19084,"3,53,523"
19085,"23,26,89"
19086,"64,40,145"
19087,"23,31,32"
19088,"155,40,139"
19089,"0,313,26"
19090,"17,3,168"
19091,"23,24,25"
19092,"3,331,5"
19093,"23,24,43"
19094,"0,271,513"
19095,"40,128,175"
19096,"31,3,23"
19097,"25,23,24"
19098,"220,10,242"
19099,"199,323,10"
19100,"23,74,118"
19101,"128,129,40"
19102,"3,30,66"
19103,"40,41,215"
19104,"40,3,496"
19105,"0,271,342"
19106,"3,17,379"
19107,"3,523,21"
19108,"296,306,23"
19109,"10,64,90"
19110,"3,68,21"
19111,"10,24,23"
19112,"64,10,448"
19113,"3,21,108"
19114,"64,10,169"
19115,"23,105,318"
19116,"0,271,355"
19117,"10,40,55"
19118,"40,160,247"
19119,"3,4,238"
19120,"10,54,95"
19121,"3,85,21"
19122,"24,23,10"
19123,"0,249,279"
19124,"3,147,148"
19125,"23,24,49"
19126,"3,147,148"
19127,"3,53,325"
19128,"23,165,74"
19129,"24,23,10"
19130,"3,21,48"
19131,"0,271,456"
19132,"3,147,148"
19133,"169,170,171"
19134,"0,512,218"
19135,"40,160,315"
19136,"0,214,213"
19137,"40,131,406"
19138,"40,131,142"
19139,"10,11,12"
19140,"0,249,254"
19141,"23,38,63"
19142,"169,199,281"
19143,"156,3,147"
19144,"380,216,199"
19145,"118,23,74"
19146,"128,129,40"
19147,"8,0,235"
19148,"3,33,21"
19149,"10,64,338"
19150,"0,271,456"
19151,"3,4,238"
19152,"169,199,281"
19153,"3,21,17"
19154,"10,23,24"
19155,"0,271,456"
19156,"23,105,519"
19157,"10,11,0"
19158,"64,10,80"
19159,"10,220,242"
19160,"23,74,303"
19161,"10,64,442"
19162,"206,0,8"
19163,"23,105,318"
19164,"234,10,60"
19165,"169,199,170"
19166,"64,10,338"
19167,"40,145,44"
19168,"0,393,321"
19169,"3,147,148"
19170,"24,145,40"
19171,"3,48,21"
19172,"23,74,118"
19173,"38,23,39"
19174,"17,3,168"
19175,"64,10,93"
19176,"40,145,478"
19177,"10,12,60"
19178,"40,131,406"
19179,"23,89,26"
19180,"220,221,10"
19181,"0,340,265"
19182,"3,85,13"
19183,"0,313,346"
19184,"23,74,38"
19185,"0,8,206"
19186,"0,348,280"
19187,"23,74,40"
19188,"3,13,150"
19189,"220,10,221"
19190,"3,28,330"
19191,"10,220,23"
19192,"146,169,40"
19193,"10,239,60"
19194,"64,10,90"
19195,"406,131,23"
19196,"0,346,313"
19197,"249,23,26"
19198,"3,147,148"
19199,"105,287,50"
19200,"147,3,148"
19201,"3,17,168"
19202,"0,271,456"
19203,"0,208,209"
19204,"3,21,34"
19205,"23,24,38"
19206,"23,24,38"
19207,"169,199,356"
19208,"26,23,89"
19209,"3,21,108"
19210,"128,23,40"
19211,"3,238,4"
19212,"281,317,199"
19213,"23,74,38"
19214,"23,31,32"
19215,"3,111,53"
19216,"220,10,221"
19217,"3,147,148"
19218,"10,44,40"
19219,"220,10,221"
19220,"26,23,89"
19221,"3,21,23"
19222,"3,21,108"
19223,"23,74,118"
19224,"206,0,8"
19225,"220,10,221"
19226,"64,10,448"
19227,"170,169,260"
19228,"23,165,71"
19229,"10,60,239"
19230,"3,115,146"
19231,"23,105,318"
19232,"3,21,127"
19233,"40,128,186"
19234,"23,24,26"
19235,"131,40,406"
19236,"169,199,343"
19237,"169,199,281"
19238,"23,38,91"
19239,"10,60,239"
19240,"220,10,221"
19241,"23,49,24"
19242,"0,249,279"
19243,"169,170,417"
19244,"131,40,241"
19245,"23,71,165"
19246,"0,271,355"
19247,"0,280,271"
19248,"296,169,411"
19249,"3,34,111"
19250,"23,74,303"
19251,"64,10,448"
19252,"10,54,145"
19253,"40,131,134"
19254,"3,34,15"
19255,"23,25,145"
19256,"40,160,152"
19257,"3,287,53"
19258,"10,64,93"
19259,"40,129,128"
19260,"3,34,46"
19261,"3,21,187"
19262,"0,271,355"
19263,"93,10,473"
19264,"40,128,131"
19265,"21,3,127"
19266,"3,53,292"
19267,"3,21,127"
19268,"23,74,303"
19269,"23,38,91"
19270,"10,64,93"
19271,"3,53,287"
19272,"3,21,33"
19273,"40,145,44"
19274,"3,21,66"
19275,"139,153,40"
19276,"23,74,24"
19277,"3,32,30"
19278,"169,199,171"
19279,"8,0,206"
19280,"23,38,137"
19281,"162,40,163"
19282,"3,21,187"
19283,"10,54,322"
19284,"3,30,4"
19285,"3,66,30"
19286,"64,10,448"
19287,"3,66,30"
19288,"3,85,111"
19289,"0,271,291"
19290,"3,4,176"
19291,"0,216,212"
19292,"40,145,402"
19293,"169,170,296"
19294,"40,131,142"
19295,"160,40,315"
19296,"3,21,108"
19297,"0,271,456"
19298,"40,145,25"
19299,"169,311,199"
19300,"23,74,165"
19301,"3,21,108"
19302,"40,135,21"
19303,"30,66,23"
19304,"10,64,93"
19305,"40,131,142"
19306,"40,23,145"
19307,"23,38,74"
19308,"23,24,25"
19309,"40,145,402"
19310,"3,28,330"
19311,"10,64,93"
19312,"23,74,94"
19313,"0,8,128"
19314,"23,10,105"
19315,"0,216,380"
19316,"0,271,456"
19317,"24,59,23"
19318,"23,31,3"
19319,"0,280,271"
19320,"3,147,148"
19321,"40,41,201"
19322,"220,10,221"
19323,"131,40,406"
19324,"40,145,524"
19325,"512,21,218"
19326,"169,170,199"
19327,"26,23,89"
19328,"10,54,55"
19329,"3,30,66"
19330,"17,3,168"
19331,"10,11,54"
19332,"339,337,169"
19333,"220,10,221"
19334,"0,313,346"
19335,"40,152,128"
19336,"40,41,42"
19337,"3,5,228"
19338,"375,3,4"
19339,"169,170,199"
19340,"169,170,10"
19341,"3,111,169"
19342,"41,286,40"
19343,"0,8,206"
19344,"3,48,21"
19345,"23,71,165"
19346,"128,129,195"
19347,"0,8,285"
19348,"169,170,337"
19349,"23,31,96"
19350,"23,38,137"
19351,"23,24,43"
19352,"169,459,171"
19353,"23,231,26"
19354,"220,10,221"
19355,"23,31,32"
19356,"23,49,24"
19357,"40,402,145"
19358,"138,40,135"
19359,"26,23,89"
19360,"230,229,421"
19361,"426,31,508"
19362,"131,40,406"
19363,"147,3,156"
19364,"23,3,21"
19365,"0,421,229"
19366,"10,64,65"
19367,"64,10,338"
19368,"10,11,109"
19369,"40,151,152"
19370,"0,280,348"
19371,"0,271,355"
19372,"23,165,74"
19373,"40,131,159"
19374,"147,3,148"
19375,"3,17,168"
19376,"296,169,306"
19377,"169,199,281"
19378,"220,10,242"
19379,"10,44,145"
19380,"0,218,446"
19381,"11,10,109"
19382,"0,216,380"
19383,"40,145,131"
19384,"3,53,287"
19385,"0,8,308"
19386,"23,26,231"
19387,"3,21,17"
19388,"40,145,44"
19389,"40,41,139"
19390,"10,11,205"
19391,"0,2,1"
19392,"10,54,322"
19393,"23,24,49"
19394,"0,271,280"
19395,"3,21,139"
19396,"3,21,169"
19397,"3,21,169"
19398,"17,3,168"
19399,"10,220,242"
19400,"24,23,10"
19401,"0,216,2"
19402,"169,170,199"
19403,"23,105,74"
19404,"3,21,126"
19405,"40,145,402"
19406,"40,408,395"
19407,"169,296,417"
19408,"26,23,350"
19409,"10,64,11"
19410,"13,3,204"
19411,"10,220,221"
19412,"23,74,165"
19413,"23,74,303"
19414,"23,345,24"
19415,"5,3,6"
19416,"0,235,257"
19417,"10,54,145"
19418,"3,17,320"
19419,"3,21,127"
19420,"64,10,93"
19421,"23,38,71"
19422,"40,186,128"
19423,"23,74,317"
19424,"3,30,111"
19425,"0,206,8"
19426,"11,10,109"
19427,"147,148,3"
19428,"23,84,74"
19429,"93,64,10"
19430,"10,64,54"
19431,"34,3,263"
19432,"147,3,148"
19433,"10,322,40"
19434,"3,21,68"
19435,"31,23,40"
19436,"3,21,108"
19437,"23,26,89"
19438,"4,3,183"
19439,"21,23,3"
19440,"11,10,109"
19441,"23,24,49"
19442,"40,160,315"
19443,"23,49,24"
19444,"23,31,328"
19445,"10,54,322"
19446,"23,24,49"
19447,"24,23,10"
19448,"10,60,61"
19449,"23,63,74"
19450,"346,0,313"
19451,"0,456,271"
19452,"3,53,523"
19453,"3,53,111"
19454,"512,218,0"
19455,"17,3,168"
19456,"0,271,255"
19457,"0,218,394"
19458,"3,21,108"
19459,"0,277,169"
19460,"0,265,418"
19461,"160,40,17"
19462,"160,40,302"
19463,"3,21,147"
19464,"131,40,406"
19465,"10,11,205"
19466,"3,17,168"
19467,"23,89,26"
19468,"3,21,108"
19469,"40,41,324"
19470,"10,11,109"
19471,"40,184,185"
19472,"40,145,24"
19473,"3,21,22"
19474,"40,395,128"
19475,"131,40,241"
19476,"3,53,21"
19477,"23,74,165"
19478,"3,5,331"
19479,"40,145,402"
19480,"3,21,164"
19481,"169,170,199"
19482,"169,199,170"
19483,"0,271,355"
19484,"3,183,4"
19485,"169,199,382"
19486,"3,17,379"
19487,"23,74,303"
19488,"169,111,3"
19489,"3,523,53"
19490,"131,40,226"
19491,"131,40,406"
19492,"169,199,281"
19493,"3,22,21"
19494,"147,3,167"
19495,"169,199,374"
19496,"11,10,205"
19497,"10,60,54"
19498,"40,74,162"
19499,"169,170,53"
19500,"0,249,279"
19501,"3,28,190"
19502,"40,128,129"
19503,"145,10,40"
19504,"10,64,93"
19505,"23,74,118"
19506,"147,3,148"
19507,"40,41,324"
19508,"40,199,152"
19509,"3,21,182"
19510,"4,3,435"
19511,"0,271,169"
19512,"220,23,10"
19513,"40,145,44"
19514,"3,21,68"
19515,"10,43,23"
19516,"40,3,42"
19517,"40,131,159"
19518,"40,41,186"
19519,"11,10,109"
19520,"3,53,523"
19521,"0,8,235"
19522,"40,131,241"
19523,"74,23,303"
19524,"23,40,74"
19525,"10,24,60"
19526,"23,303,74"
19527,"64,90,10"
19528,"10,64,338"
19529,"3,85,86"
19530,"3,523,53"
19531,"53,23,325"
19532,"169,170,199"
19533,"26,199,169"
19534,"10,220,242"
19535,"40,41,286"
19536,"40,162,175"
19537,"40,146,145"
19538,"0,216,319"
19539,"40,41,186"
19540,"8,0,206"
19541,"23,74,165"
19542,"74,23,303"
19543,"53,3,523"
19544,"23,24,38"
19545,"3,5,228"
19546,"220,10,221"
19547,"3,17,320"
19548,"319,211,0"
19549,"147,148,3"
19550,"23,74,38"
19551,"3,21,108"
19552,"40,131,368"
19553,"23,74,38"
19554,"169,170,260"
19555,"169,339,337"
19556,"249,0,279"
19557,"11,10,109"
19558,"4,3,19"
19559,"3,53,99"
19560,"131,40,241"
19561,"23,31,328"
19562,"159,34,40"
19563,"40,128,129"
19564,"40,145,402"
19565,"26,23,231"
19566,"131,40,406"
19567,"3,21,127"
19568,"128,129,40"
19569,"0,313,271"
19570,"296,169,460"
19571,"3,4,70"
19572,"3,21,127"
19573,"220,10,242"
19574,"40,131,406"
19575,"23,40,317"
19576,"11,10,109"
19577,"3,21,104"
19578,"296,169,411"
19579,"4,3,238"
19580,"17,168,3"
19581,"10,54,95"
19582,"31,23,454"
19583,"128,129,40"
19584,"220,10,24"
19585,"3,53,292"
19586,"0,249,279"
19587,"40,3,41"
19588,"10,64,448"
19589,"4,19,3"
19590,"199,169,323"
19591,"3,21,187"
19592,"40,41,324"
19593,"24,23,59"
19594,"0,265,446"
19595,"3,4,188"
19596,"3,111,182"
19597,"40,135,250"
19598,"169,170,260"
19599,"3,111,125"
19600,"23,24,49"
19601,"0,169,355"
19602,"169,281,199"
19603,"10,220,17"
19604,"3,66,30"
19605,"21,3,102"
19606,"23,24,10"
19607,"3,190,28"
19608,"0,1,26"
19609,"11,10,109"
19610,"4,3,19"
19611,"3,13,21"
19612,"128,129,40"
19613,"21,3,48"
19614,"8,0,206"
19615,"3,111,284"
19616,"145,40,44"
19617,"169,199,343"
19618,"169,296,274"
19619,"220,10,221"
19620,"3,465,53"
19621,"3,21,68"
19622,"23,105,318"
19623,"23,74,84"
19624,"169,199,281"
19625,"3,4,30"
19626,"147,3,148"
19627,"206,0,8"
19628,"40,131,406"
19629,"23,74,84"
19630,"64,10,448"
19631,"216,0,319"
19632,"3,4,19"
19633,"23,26,89"
19634,"296,169,460"
19635,"135,40,236"
19636,"23,74,317"
19637,"3,21,147"
19638,"23,38,440"
19639,"23,24,49"
19640,"10,54,55"
19641,"40,131,395"
19642,"23,26,89"
19643,"40,152,151"
19644,"3,66,30"
19645,"40,145,44"
19646,"170,169,337"
19647,"0,26,23"
19648,"23,26,89"
19649,"23,31,32"
19650,"23,31,454"
19651,"23,8,26"
19652,"3,53,236"
19653,"40,145,44"
19654,"131,40,226"
19655,"23,71,303"
19656,"3,21,41"
19657,"3,21,108"
