id,labels
0,"64,10,65"
1,"17,168,3"
2,"53,3,467"
3,"0,216,257"
4,"10,220,145"
5,"8,206,0"
6,"40,145,44"
7,"21,3,126"
8,"23,49,24"
9,"3,21,190"
10,"24,23,59"
11,"54,145,10"
12,"169,274,296"
13,"456,0,271"
14,"23,38,74"
15,"23,38,71"
16,"10,64,80"
17,"3,267,111"
18,"10,64,93"
19,"10,220,242"
20,"10,60,64"
21,"23,26,89"
22,"5,3,228"
23,"40,41,160"
24,"0,23,24"
25,"40,131,159"
26,"3,21,108"
27,"10,64,93"
28,"17,3,168"
29,"13,3,14"
30,"43,23,24"
31,"3,147,148"
32,"131,40,226"
33,"23,26,89"
34,"220,10,242"
35,"3,48,21"
36,"3,5,21"
37,"10,11,109"
38,"4,3,238"
39,"40,139,155"
40,"23,26,89"
41,"3,21,22"
42,"135,138,40"
43,"0,271,291"
44,"10,11,12"
45,"40,162,163"
46,"17,3,168"
47,"10,234,60"
48,"40,128,41"
49,"10,64,322"
50,"23,38,418"
51,"3,147,148"
52,"10,220,54"
53,"3,53,147"
54,"3,111,472"
55,"21,3,127"
56,"10,90,64"
57,"23,96,31"
58,"23,26,74"
59,"3,28,190"
60,"11,205,10"
61,"64,10,448"
62,"0,271,456"
63,"3,53,99"
64,"208,0,505"
65,"3,85,13"
66,"131,40,226"
67,"10,93,170"
68,"17,168,3"
69,"53,3,287"
70,"64,10,65"
71,"10,64,448"
72,"40,41,224"
73,"126,21,41"
74,"220,10,221"
75,"0,265,340"
76,"3,34,187"
77,"313,26,0"
78,"23,24,49"
79,"220,10,221"
80,"10,64,93"
81,"17,168,3"
82,"11,10,12"
83,"306,169,296"
84,"10,24,23"
85,"23,74,38"
86,"40,131,406"
87,"40,41,42"
88,"26,89,23"
89,"3,111,53"
90,"10,54,95"
91,"10,220,221"
92,"0,257,216"
93,"4,19,3"
94,"23,31,328"
95,"40,145,139"
96,"23,24,49"
97,"40,131,395"
98,"145,40,44"
99,"23,26,89"
100,"26,231,23"
101,"23,106,105"
102,"23,49,24"
103,"3,85,86"
104,"23,26,24"
105,"8,0,308"
106,"10,60,239"
107,"49,24,23"
108,"0,216,271"
109,"8,206,0"
110,"3,5,228"
111,"169,199,281"
112,"3,4,238"
113,"3,34,263"
114,"220,10,242"
115,"169,281,199"
116,"21,0,108"
117,"8,0,10"
118,"145,40,146"
119,"3,21,187"
120,"147,3,148"
121,"0,265,287"
122,"11,10,205"
123,"40,41,42"
124,"3,53,287"
125,"3,21,187"
126,"0,229,230"
127,"23,24,38"
128,"0,271,456"
129,"0,218,265"
130,"10,54,322"
131,"170,260,169"
132,"23,74,38"
133,"21,3,40"
134,"3,66,30"
135,"44,40,145"
136,"0,271,456"
137,"145,40,44"
138,"0,265,340"
139,"131,134,171"
140,"40,395,41"
141,"3,111,112"
142,"169,199,343"
143,"3,85,158"
144,"72,10,44"
145,"10,11,109"
146,"4,3,183"
147,"8,169,405"
148,"64,10,448"
149,"160,40,315"
150,"40,135,295"
151,"23,74,38"
152,"4,19,3"
153,"0,265,266"
154,"199,169,382"
155,"26,23,231"
156,"40,131,406"
157,"44,145,45"
158,"40,128,41"
159,"0,216,304"
160,"23,8,0"
161,"23,74,38"
162,"40,241,23"
163,"3,111,267"
164,"0,271,444"
165,"128,195,40"
166,"10,90,64"
167,"10,64,93"
168,"11,109,10"
169,"40,41,324"
170,"184,185,243"
171,"3,21,126"
172,"23,26,89"
173,"4,19,3"
174,"199,169,248"
175,"26,89,23"
176,"10,64,448"
177,"23,38,74"
178,"3,21,22"
179,"26,23,89"
180,"21,3,127"
181,"105,23,318"
182,"265,0,340"
183,"3,85,86"
184,"128,195,40"
185,"23,24,49"
186,"0,271,361"
187,"135,40,236"
188,"64,10,80"
189,"169,199,356"
190,"10,169,323"
191,"169,199,259"
192,"185,231,184"
193,"162,23,163"
194,"0,169,223"
195,"169,199,281"
196,"145,10,54"
197,"3,127,21"
198,"40,131,142"
199,"0,271,456"
200,"23,24,43"
201,"23,24,43"
202,"3,53,287"
203,"4,3,19"
204,"169,199,323"
205,"169,170,199"
206,"23,43,24"
207,"23,38,74"
208,"10,24,64"
209,"10,64,448"
210,"3,53,5"
211,"8,0,235"
212,"0,271,265"
213,"3,182,111"
214,"0,23,265"
215,"10,64,43"
216,"23,32,74"
217,"23,74,38"
218,"3,21,164"
219,"160,40,315"
220,"38,23,39"
221,"0,271,456"
222,"4,3,183"
223,"169,199,281"
224,"40,160,315"
225,"3,13,204"
226,"10,64,448"
227,"10,64,93"
228,"5,3,6"
229,"168,17,3"
230,"54,10,145"
231,"3,53,265"
232,"23,26,89"
233,"0,218,3"
234,"40,145,146"
235,"40,131,134"
236,"3,53,287"
237,"199,323,169"
238,"402,145,40"
239,"24,23,43"
240,"0,313,26"
241,"0,271,456"
242,"152,184,494"
243,"131,40,406"
244,"0,271,456"
245,"40,100,159"
246,"10,234,60"
247,"169,199,356"
248,"3,17,168"
249,"128,129,40"
250,"24,11,10"
251,"220,10,242"
252,"3,147,148"
253,"3,17,168"
254,"23,105,326"
255,"23,26,89"
256,"3,21,127"
257,"3,204,13"
258,"40,129,128"
259,"24,23,45"
260,"64,10,93"
261,"4,3,19"
262,"64,10,93"
263,"3,147,148"
264,"21,3,102"
265,"3,21,108"
266,"23,309,38"
267,"23,74,303"
268,"10,64,93"
269,"40,160,423"
270,"3,21,33"
271,"40,131,406"
272,"23,10,24"
273,"23,24,25"
274,"10,54,95"
275,"64,10,448"
276,"23,32,74"
277,"3,21,190"
278,"23,74,118"
279,"40,131,406"
280,"23,38,26"
281,"10,220,221"
282,"0,265,266"
283,"21,3,127"
284,"3,85,86"
285,"4,3,238"
286,"10,64,448"
287,"0,89,413"
288,"10,64,93"
289,"26,23,89"
290,"0,313,346"
291,"43,23,24"
292,"11,109,10"
293,"0,24,23"
294,"3,21,100"
295,"40,160,149"
296,"40,41,324"
297,"135,40,189"
298,"169,199,343"
299,"3,17,168"
300,"16,15,3"
301,"3,170,21"
302,"23,38,71"
303,"3,111,284"
304,"169,170,0"
305,"0,271,291"
306,"40,23,44"
307,"26,23,89"
308,"10,64,448"
309,"40,139,140"
310,"0,271,304"
311,"3,287,53"
312,"3,21,126"
313,"23,24,49"
314,"17,168,3"
315,"0,271,444"
316,"23,74,38"
317,"3,5,228"
318,"303,23,74"
319,"169,199,24"
320,"0,216,249"
321,"40,152,131"
322,"3,60,23"
323,"3,111,53"
324,"40,160,315"
325,"40,131,406"
326,"28,3,190"
327,"135,40,169"
328,"23,43,24"
329,"0,216,304"
330,"23,24,43"
331,"128,129,40"
332,"0,211,216"
333,"3,123,111"
334,"0,271,366"
335,"3,21,108"
336,"43,24,23"
337,"3,34,17"
338,"3,126,21"
339,"3,147,148"
340,"10,220,221"
341,"147,3,148"
342,"128,40,129"
343,"5,3,228"
344,"40,131,241"
345,"40,145,44"
346,"169,296,460"
347,"10,220,221"
348,"3,4,188"
349,"169,296,300"
350,"10,11,205"
351,"23,74,40"
352,"169,296,411"
353,"23,89,26"
354,"3,204,13"
355,"10,24,59"
356,"23,26,89"
357,"31,23,258"
358,"0,8,308"
359,"448,64,10"
360,"23,31,74"
361,"145,44,40"
362,"3,21,108"
363,"459,170,3"
364,"169,426,508"
365,"0,271,456"
366,"0,8,23"
367,"0,23,26"
368,"23,74,303"
369,"169,40,199"
370,"4,3,238"
371,"24,23,43"
372,"23,118,74"
373,"131,40,406"
374,"206,8,0"
375,"10,54,145"
376,"169,323,170"
377,"48,3,21"
378,"40,41,224"
379,"23,31,96"
380,"3,40,30"
381,"3,21,108"
382,"169,426,427"
383,"169,199,343"
384,"17,168,3"
385,"220,10,221"
386,"10,220,242"
387,"23,74,303"
388,"0,249,279"
389,"3,21,13"
390,"220,242,10"
391,"24,23,25"
392,"0,216,8"
393,"10,64,65"
394,"10,220,11"
395,"3,111,472"
396,"23,38,24"
397,"21,3,108"
398,"337,339,169"
399,"170,169,459"
400,"44,145,45"
401,"199,169,323"
402,"3,21,85"
403,"0,208,209"
404,"3,53,66"
405,"0,8,235"
406,"3,21,108"
407,"131,40,241"
408,"3,34,263"
409,"3,21,68"
410,"21,3,126"
411,"16,15,3"
412,"23,24,49"
413,"169,199,170"
414,"8,0,206"
415,"131,40,226"
416,"89,26,23"
417,"220,10,242"
418,"23,31,40"
419,"23,74,118"
420,"169,170,23"
421,"220,10,221"
422,"0,370,216"
423,"74,23,303"
424,"26,23,350"
425,"0,363,271"
426,"169,296,333"
427,"23,43,24"
428,"25,44,24"
429,"169,199,248"
430,"128,129,40"
431,"26,23,350"
432,"10,11,12"
433,"10,64,448"
434,"234,10,60"
435,"41,40,42"
436,"0,279,249"
437,"10,220,221"
438,"128,40,129"
439,"169,339,337"
440,"23,30,32"
441,"10,220,11"
442,"3,17,168"
443,"169,417,170"
444,"0,216,370"
445,"4,238,3"
446,"0,265,340"
447,"0,249,216"
448,"10,64,442"
449,"128,40,129"
450,"0,8,429"
451,"216,0,354"
452,"169,296,460"
453,"40,160,315"
454,"303,74,23"
455,"169,199,281"
456,"131,40,406"
457,"10,64,448"
458,"3,147,148"
459,"40,143,215"
460,"0,8,308"
461,"170,169,260"
462,"23,38,71"
463,"185,184,40"
464,"0,265,271"
465,"0,8,271"
466,"26,23,350"
467,"145,40,402"
468,"11,10,109"
469,"105,23,3"
470,"131,134,40"
471,"0,271,456"
472,"10,64,93"
473,"0,249,279"
474,"26,23,350"
475,"0,265,266"
476,"0,8,23"
477,"199,169,281"
478,"40,41,135"
479,"169,323,199"
480,"40,395,74"
481,"44,145,45"
482,"40,131,406"
483,"0,59,23"
484,"3,21,379"
485,"8,0,206"
486,"10,64,80"
487,"0,216,211"
488,"23,74,165"
489,"40,152,151"
490,"10,64,90"
491,"40,145,73"
492,"10,64,93"
493,"0,265,349"
494,"21,41,3"
495,"0,214,213"
496,"40,139,153"
497,"10,220,242"
498,"8,206,0"
499,"10,54,95"
500,"3,21,187"
501,"3,21,33"
502,"23,31,96"
503,"64,10,448"
504,"17,3,168"
505,"40,131,406"
506,"10,64,93"
507,"169,199,135"
508,"3,21,28"
509,"3,53,21"
510,"10,64,93"
511,"40,324,41"
512,"0,271,355"
513,"10,60,61"
514,"3,111,267"
515,"40,41,324"
516,"3,168,17"
517,"10,60,61"
518,"21,187,3"
519,"16,15,3"
520,"10,11,220"
521,"0,216,277"
522,"145,40,402"
523,"131,40,226"
524,"23,32,74"
525,"26,231,23"
526,"23,74,118"
527,"40,131,134"
528,"169,296,300"
529,"23,454,31"
530,"10,64,239"
531,"10,220,242"
532,"145,44,45"
533,"249,0,279"
534,"169,199,343"
535,"26,23,89"
536,"3,147,148"
537,"8,206,0"
538,"40,145,54"
539,"3,53,111"
540,"0,8,208"
541,"38,23,440"
542,"23,26,89"
543,"4,3,19"
544,"41,40,224"
545,"40,184,131"
546,"10,64,65"
547,"40,141,23"
548,"3,16,15"
549,"10,239,60"
550,"135,40,138"
551,"208,0,3"
552,"40,128,195"
553,"220,10,242"
554,"10,11,12"
555,"10,60,93"
556,"10,64,93"
557,"23,26,89"
558,"10,64,93"
559,"40,131,128"
560,"220,10,221"
561,"0,265,349"
562,"220,10,221"
563,"10,11,109"
564,"3,21,115"
565,"10,60,64"
566,"313,346,0"
567,"23,24,370"
568,"118,23,74"
569,"11,10,109"
570,"10,54,64"
571,"40,23,175"
572,"3,13,14"
573,"64,10,93"
574,"10,64,90"
575,"3,21,102"
576,"10,64,93"
577,"10,54,64"
578,"3,21,115"
579,"11,10,109"
580,"23,24,38"
581,"21,3,108"
582,"0,214,213"
583,"3,53,13"
584,"170,169,260"
585,"8,0,128"
586,"220,242,10"
587,"147,3,148"
588,"23,74,160"
589,"3,21,108"
590,"23,26,231"
591,"10,64,90"
592,"169,170,131"
593,"24,95,23"
594,"10,220,221"
595,"135,40,236"
596,"23,63,74"
597,"0,208,8"
598,"3,85,17"
599,"23,137,38"
600,"23,74,160"
601,"131,40,406"
602,"3,5,57"
603,"24,23,59"
604,"3,4,238"
605,"0,271,456"
606,"40,160,315"
607,"3,147,36"
608,"0,271,366"
609,"23,74,118"
610,"43,23,24"
611,"26,23,231"
612,"24,23,59"
613,"3,21,108"
614,"40,128,129"
615,"0,255,348"
616,"44,145,40"
617,"23,53,3"
618,"23,49,24"
619,"169,199,40"
620,"26,350,23"
621,"26,23,89"
622,"40,3,21"
623,"3,21,48"
624,"100,367,40"
625,"313,0,346"
626,"169,199,281"
627,"40,159,131"
628,"54,145,40"
629,"4,3,19"
630,"402,31,23"
631,"8,0,206"
632,"199,169,343"
633,"169,199,356"
634,"0,475,218"
635,"23,26,350"
636,"40,135,152"
637,"21,3,187"
638,"40,160,152"
639,"0,456,271"
640,"23,74,38"
641,"8,0,206"
642,"40,135,236"
643,"40,131,142"
644,"21,3,164"
645,"26,23,89"
646,"3,147,148"
647,"23,31,258"
648,"4,3,19"
649,"170,169,260"
650,"10,54,83"
651,"23,26,89"
652,"10,23,11"
653,"40,160,41"
654,"23,31,454"
655,"40,131,241"
656,"3,126,190"
657,"0,8,249"
658,"3,133,5"
659,"3,13,204"
660,"40,131,406"
661,"0,216,8"
662,"21,108,3"
663,"10,43,64"
664,"10,11,109"
665,"24,23,43"
666,"64,10,473"
667,"23,31,96"
668,"89,23,26"
669,"23,38,249"
670,"23,74,303"
671,"44,145,40"
672,"220,10,242"
673,"169,199,223"
674,"40,131,241"
675,"3,147,148"
676,"10,448,64"
677,"3,17,168"
678,"3,111,267"
679,"10,220,221"
680,"8,0,308"
681,"131,40,134"
682,"10,64,448"
683,"23,74,303"
684,"23,74,38"
685,"3,15,16"
686,"145,402,40"
687,"199,169,356"
688,"23,169,24"
689,"220,10,242"
690,"3,53,523"
691,"23,170,231"
692,"3,53,287"
693,"10,64,93"
694,"0,8,206"
695,"23,38,74"
696,"38,71,23"
697,"16,15,3"
698,"3,147,148"
699,"40,131,406"
700,"17,168,3"
701,"24,23,10"
702,"23,74,38"
703,"23,38,74"
704,"23,74,118"
705,"135,40,236"
706,"40,241,131"
707,"40,41,324"
708,"0,265,8"
709,"23,24,10"
710,"3,17,320"
711,"184,185,40"
712,"16,15,3"
713,"0,216,211"
714,"23,3,21"
715,"23,49,24"
716,"3,147,148"
717,"4,3,238"
718,"21,3,126"
719,"23,74,303"
720,"3,147,148"
721,"10,11,12"
722,"3,21,187"
723,"3,148,147"
724,"3,5,228"
725,"43,24,23"
726,"3,53,287"
727,"8,0,308"
728,"323,199,169"
729,"40,41,224"
730,"169,199,23"
731,"169,296,274"
732,"3,17,168"
733,"44,10,45"
734,"199,169,382"
735,"0,169,271"
736,"10,93,64"
737,"259,426,169"
738,"10,11,205"
739,"8,0,26"
740,"23,26,89"
741,"271,0,456"
742,"3,4,5"
743,"23,24,25"
744,"145,40,402"
745,"4,3,183"
746,"23,74,303"
747,"31,23,258"
748,"3,68,169"
749,"10,44,145"
750,"21,41,40"
751,"23,43,24"
752,"111,3,119"
753,"170,459,169"
754,"169,417,170"
755,"10,64,93"
756,"145,44,40"
757,"40,23,162"
758,"16,15,3"
759,"169,417,296"
760,"169,296,170"
761,"0,208,505"
762,"10,64,442"
763,"3,21,182"
764,"3,21,126"
765,"8,0,285"
766,"0,265,349"
767,"169,170,199"
768,"0,265,340"
769,"10,60,61"
770,"3,111,119"
771,"10,64,448"
772,"16,15,3"
773,"3,28,190"
774,"169,199,323"
775,"3,21,124"
776,"3,21,187"
777,"23,38,40"
778,"4,19,3"
779,"10,322,54"
780,"10,64,93"
781,"10,64,60"
782,"0,271,456"
783,"74,303,23"
784,"3,21,190"
785,"23,38,74"
786,"0,216,257"
787,"23,74,38"
788,"8,0,308"
789,"8,0,26"
790,"21,3,127"
791,"220,10,242"
792,"44,145,45"
793,"23,231,26"
794,"169,199,170"
795,"40,131,406"
796,"3,5,228"
797,"3,53,15"
798,"131,40,406"
799,"111,40,112"
800,"152,40,151"
801,"40,128,0"
802,"0,89,23"
803,"3,17,40"
804,"3,53,287"
805,"169,199,170"
806,"89,26,23"
807,"44,145,72"
808,"169,21,199"
809,"170,169,260"
810,"23,24,59"
811,"43,24,23"
812,"44,45,145"
813,"0,444,291"
814,"21,3,102"
815,"40,128,395"
816,"3,21,53"
817,"265,0,349"
818,"3,17,168"
819,"170,169,260"
820,"255,0,463"
821,"17,3,168"
822,"169,323,199"
823,"23,43,24"
824,"3,111,267"
825,"145,40,44"
826,"8,0,391"
827,"11,10,109"
828,"169,296,170"
829,"40,145,478"
830,"10,90,64"
831,"0,214,213"
832,"11,109,10"
833,"169,199,281"
834,"3,111,119"
835,"74,23,160"
836,"169,199,170"
837,"184,40,185"
838,"3,4,183"
839,"3,5,228"
840,"402,145,40"
841,"3,111,40"
842,"5,3,228"
843,"23,26,89"
844,"10,23,54"
845,"23,74,38"
846,"199,169,343"
847,"40,128,129"
848,"0,456,271"
849,"23,31,96"
850,"112,343,111"
851,"24,44,23"
852,"23,32,31"
853,"23,71,38"
854,"170,111,3"
855,"40,41,324"
856,"24,23,49"
857,"10,64,93"
858,"3,4,28"
859,"169,199,374"
860,"23,26,89"
861,"10,60,24"
862,"23,40,131"
863,"0,255,463"
864,"13,3,204"
865,"40,41,324"
866,"3,21,108"
867,"169,199,170"
868,"3,13,401"
869,"43,10,23"
870,"40,395,124"
871,"23,74,24"
872,"3,66,86"
873,"169,199,343"
874,"214,213,0"
875,"44,24,45"
876,"3,13,14"
877,"131,40,226"
878,"169,171,199"
879,"23,38,26"
880,"3,85,86"
881,"0,208,369"
882,"145,40,10"
883,"40,41,149"
884,"44,145,45"
885,"40,41,42"
886,"169,170,260"
887,"10,60,61"
888,"3,53,287"
889,"169,199,281"
890,"44,145,40"
891,"3,275,53"
892,"23,74,303"
893,"10,54,95"
894,"23,24,59"
895,"3,53,523"
896,"131,40,226"
897,"3,21,53"
898,"40,41,42"
899,"0,271,216"
900,"0,249,279"
901,"126,3,21"
902,"24,25,23"
903,"40,131,226"
904,"10,64,93"
905,"23,26,38"
906,"8,0,285"
907,"0,8,235"
908,"3,13,14"
909,"40,162,163"
910,"220,10,242"
911,"10,11,12"
912,"145,40,478"
913,"10,44,145"
914,"10,64,448"
915,"220,10,242"
916,"4,3,435"
917,"0,271,355"
918,"3,4,238"
919,"23,0,287"
920,"147,3,156"
921,"10,234,54"
922,"3,28,113"
923,"10,64,93"
924,"40,146,145"
925,"23,38,24"
926,"10,234,60"
927,"128,129,40"
928,"3,40,53"
929,"3,66,30"
930,"23,89,26"
931,"0,229,208"
932,"0,8,38"
933,"23,105,38"
934,"10,64,93"
935,"169,508,426"
936,"3,21,108"
937,"3,147,148"
938,"3,148,53"
939,"169,296,306"
940,"4,3,19"
941,"26,23,89"
942,"147,3,203"
943,"169,199,281"
944,"4,3,19"
945,"199,169,343"
946,"8,0,206"
947,"3,21,126"
948,"74,118,23"
949,"40,241,131"
950,"0,271,456"
951,"10,54,95"
952,"169,170,459"
953,"40,145,23"
954,"49,24,23"
955,"10,11,205"
956,"145,40,44"
957,"49,23,24"
958,"234,10,60"
959,"10,64,93"
960,"169,199,170"
961,"169,199,281"
962,"11,24,10"
963,"40,139,155"
964,"10,54,95"
965,"128,129,40"
966,"64,10,448"
967,"169,337,170"
968,"3,53,287"
969,"23,38,74"
970,"40,135,138"
971,"40,160,41"
972,"23,74,118"
973,"0,216,255"
974,"220,10,242"
975,"0,271,272"
976,"8,0,206"
977,"40,41,153"
978,"3,21,187"
979,"160,40,201"
980,"23,24,49"
981,"0,8,235"
982,"168,17,3"
983,"3,21,66"
984,"131,40,134"
985,"40,160,152"
986,"23,105,318"
987,"131,40,134"
988,"10,64,65"
989,"3,21,190"
990,"3,34,263"
991,"10,24,54"
992,"23,169,199"
993,"3,111,119"
994,"10,43,24"
995,"3,53,287"
996,"169,199,281"
997,"40,131,406"
998,"40,201,41"
999,"23,74,38"
1000,"0,340,271"
1001,"4,3,238"
1002,"0,216,257"
1003,"23,74,77"
1004,"53,3,502"
1005,"169,199,170"
1006,"3,21,85"
1007,"145,44,40"
1008,"169,296,428"
1009,"10,11,205"
1010,"23,231,26"
1011,"185,3,21"
1012,"3,21,108"
1013,"10,64,448"
1014,"3,21,126"
1015,"0,23,418"
1016,"23,24,59"
1017,"23,38,26"
1018,"3,21,187"
1019,"4,3,238"
1020,"0,255,213"
1021,"10,220,242"
1022,"0,8,235"
1023,"26,23,89"
1024,"4,3,19"
1025,"40,162,163"
1026,"0,8,308"
1027,"23,26,89"
1028,"3,21,127"
1029,"24,23,43"
1030,"23,131,10"
1031,"10,64,43"
1032,"40,128,324"
1033,"21,3,108"
1034,"53,287,3"
1035,"131,406,40"
1036,"16,15,3"
1037,"3,148,147"
1038,"21,3,139"
1039,"24,43,23"
1040,"512,218,169"
1041,"44,145,40"
1042,"0,265,340"
1043,"0,271,304"
1044,"10,90,64"
1045,"71,23,38"
1046,"21,3,108"
1047,"11,109,169"
1048,"220,10,242"
1049,"0,216,304"
1050,"10,64,93"
1051,"3,21,127"
1052,"220,242,10"
1053,"10,64,93"
1054,"40,131,406"
1055,"54,10,322"
1056,"220,10,221"
1057,"3,16,147"
1058,"3,66,148"
1059,"40,139,153"
1060,"23,24,43"
1061,"3,21,301"
1062,"40,131,406"
1063,"0,211,216"
1064,"190,3,28"
1065,"40,152,151"
1066,"145,44,40"
1067,"23,89,26"
1068,"3,161,224"
1069,"40,267,111"
1070,"3,21,228"
1071,"0,265,418"
1072,"10,239,64"
1073,"8,0,206"
1074,"3,182,68"
1075,"3,21,108"
1076,"23,26,89"
1077,"147,3,156"
1078,"40,152,160"
1079,"40,41,224"
1080,"13,3,150"
1081,"3,13,204"
1082,"23,26,89"
1083,"38,23,309"
1084,"40,139,153"
1085,"145,40,10"
1086,"0,277,216"
1087,"10,64,442"
1088,"3,34,287"
1089,"40,395,496"
1090,"4,3,238"
1091,"40,139,41"
1092,"74,303,23"
1093,"21,3,139"
1094,"169,199,170"
1095,"0,216,304"
1096,"3,17,85"
1097,"40,139,153"
1098,"40,41,160"
1099,"40,146,145"
1100,"0,271,291"
1101,"0,271,280"
1102,"3,53,287"
1103,"10,43,23"
1104,"3,21,187"
1105,"23,26,303"
1106,"23,38,440"
1107,"169,170,171"
1108,"145,40,44"
1109,"169,199,281"
1110,"10,64,442"
1111,"8,0,206"
1112,"49,23,24"
1113,"3,4,238"
1114,"169,199,170"
1115,"40,160,334"
1116,"10,60,239"
1117,"0,216,304"
1118,"128,40,195"
1119,"40,145,146"
1120,"10,64,93"
1121,"3,17,21"
1122,"169,296,311"
1123,"131,40,406"
1124,"21,3,127"
1125,"199,169,343"
1126,"3,51,52"
1127,"10,64,448"
1128,"26,23,89"
1129,"0,271,366"
1130,"23,24,25"
1131,"10,44,11"
1132,"0,456,313"
1133,"10,64,448"
1134,"11,205,10"
1135,"211,0,319"
1136,"21,3,48"
1137,"169,274,405"
1138,"220,10,242"
1139,"199,169,281"
1140,"169,274,296"
1141,"3,85,158"
1142,"220,10,242"
1143,"169,199,281"
1144,"10,11,205"
1145,"23,24,25"
1146,"3,28,330"
1147,"23,89,26"
1148,"23,26,89"
1149,"85,3,158"
1150,"3,30,66"
1151,"3,21,40"
1152,"10,54,55"
1153,"23,24,145"
1154,"54,145,10"
1155,"10,60,239"
1156,"145,44,40"
1157,"0,255,218"
1158,"26,89,23"
1159,"147,3,148"
1160,"169,170,199"
1161,"3,34,263"
1162,"26,231,23"
1163,"23,74,84"
1164,"0,265,340"
1165,"23,74,303"
1166,"3,21,187"
1167,"3,152,147"
1168,"0,271,291"
1169,"44,145,72"
1170,"0,255,216"
1171,"74,23,118"
1172,"4,3,19"
1173,"23,26,231"
1174,"0,23,271"
1175,"23,74,60"
1176,"23,24,43"
1177,"0,271,456"
1178,"10,64,65"
1179,"40,160,41"
1180,"169,170,199"
1181,"0,2,1"
1182,"265,0,340"
1183,"23,38,39"
1184,"23,26,350"
1185,"23,32,31"
1186,"220,10,221"
1187,"3,16,15"
1188,"23,0,25"
1189,"169,199,170"
1190,"3,66,30"
1191,"135,40,236"
1192,"10,64,60"
1193,"40,41,324"
1194,"0,265,349"
1195,"169,199,281"
1196,"4,3,19"
1197,"40,152,151"
1198,"0,208,40"
1199,"10,60,239"
1200,"11,10,205"
1201,"74,23,118"
1202,"3,21,164"
1203,"74,23,118"
1204,"10,54,95"
1205,"10,95,54"
1206,"235,8,0"
1207,"0,265,340"
1208,"220,10,221"
1209,"23,24,43"
1210,"74,169,23"
1211,"169,199,323"
1212,"10,64,448"
1213,"169,199,170"
1214,"26,23,350"
1215,"10,220,11"
1216,"23,40,74"
1217,"3,147,148"
1218,"111,3,123"
1219,"10,64,448"
1220,"199,169,281"
1221,"220,221,10"
1222,"3,21,187"
1223,"3,85,154"
1224,"131,40,226"
1225,"11,10,109"
1226,"38,23,309"
1227,"40,41,152"
1228,"40,131,241"
1229,"10,64,338"
1230,"40,152,151"
1231,"3,13,23"
1232,"0,8,405"
1233,"23,26,89"
1234,"10,323,199"
1235,"74,40,23"
1236,"220,10,242"
1237,"249,0,279"
1238,"402,145,40"
1239,"13,150,139"
1240,"0,8,265"
1241,"3,21,379"
1242,"44,145,45"
1243,"40,41,128"
1244,"11,10,109"
1245,"0,265,271"
1246,"169,199,40"
1247,"23,74,38"
1248,"64,10,65"
1249,"199,169,323"
1250,"0,24,265"
1251,"64,10,448"
1252,"3,85,158"
1253,"131,40,406"
1254,"40,41,224"
1255,"23,231,26"
1256,"3,4,238"
1257,"0,271,265"
1258,"169,199,323"
1259,"0,265,208"
1260,"3,21,108"
1261,"40,23,139"
1262,"64,10,93"
1263,"53,100,3"
1264,"54,10,95"
1265,"40,139,153"
1266,"17,168,3"
1267,"395,23,39"
1268,"26,23,231"
1269,"3,21,48"
1270,"21,40,41"
1271,"23,38,24"
1272,"3,48,21"
1273,"131,406,40"
1274,"459,170,169"
1275,"23,26,89"
1276,"3,168,17"
1277,"3,85,147"
1278,"40,135,386"
1279,"16,15,3"
1280,"10,11,40"
1281,"3,34,169"
1282,"10,54,64"
1283,"147,3,148"
1284,"3,169,170"
1285,"3,30,66"
1286,"0,271,272"
1287,"26,23,350"
1288,"40,128,129"
1289,"0,229,230"
1290,"220,10,242"
1291,"169,199,323"
1292,"23,3,32"
1293,"26,231,23"
1294,"10,60,239"
1295,"3,182,21"
1296,"3,5,228"
1297,"3,21,85"
1298,"3,147,148"
1299,"10,64,93"
1300,"23,89,26"
1301,"23,74,63"
1302,"3,21,22"
1303,"3,23,325"
1304,"3,4,147"
1305,"3,53,523"
1306,"182,68,3"
1307,"169,199,281"
1308,"339,169,337"
1309,"4,176,23"
1310,"3,13,401"
1311,"23,38,71"
1312,"208,0,209"
1313,"23,24,45"
1314,"23,38,26"
1315,"169,3,21"
1316,"3,53,74"
1317,"100,265,0"
1318,"271,0,456"
1319,"3,111,161"
1320,"10,64,93"
1321,"220,242,10"
1322,"3,147,148"
1323,"74,23,303"
1324,"23,26,350"
1325,"3,21,187"
1326,"26,23,231"
1327,"220,10,242"
1328,"3,40,41"
1329,"3,21,22"
1330,"64,10,448"
1331,"3,4,238"
1332,"3,21,187"
1333,"169,343,199"
1334,"0,313,346"
1335,"3,28,190"
1336,"3,13,14"
1337,"220,10,242"
1338,"40,127,21"
1339,"3,147,156"
1340,"3,21,187"
1341,"40,145,146"
1342,"169,417,274"
1343,"169,199,281"
1344,"10,220,242"
1345,"40,131,128"
1346,"26,231,23"
1347,"147,148,3"
1348,"135,138,40"
1349,"10,323,60"
1350,"23,49,24"
1351,"0,313,346"
1352,"3,188,4"
1353,"0,313,346"
1354,"53,287,3"
1355,"0,8,308"
1356,"3,147,203"
1357,"3,85,86"
1358,"74,23,118"
1359,"11,10,109"
1360,"36,35,3"
1361,"128,129,23"
1362,"48,3,81"
1363,"170,169,337"
1364,"3,21,53"
1365,"199,169,323"
1366,"26,23,89"
1367,"3,28,190"
1368,"3,53,21"
1369,"23,74,165"
1370,"0,271,456"
1371,"40,324,41"
1372,"45,44,145"
1373,"145,10,40"
1374,"54,10,95"
1375,"11,10,109"
1376,"3,111,147"
1377,"169,170,323"
1378,"64,10,65"
1379,"23,38,74"
1380,"145,44,40"
1381,"206,0,8"
1382,"3,147,148"
1383,"3,21,126"
1384,"3,21,85"
1385,"40,160,315"
1386,"10,61,60"
1387,"89,26,23"
1388,"11,10,205"
1389,"3,21,108"
1390,"17,168,3"
1391,"0,216,255"
1392,"3,21,187"
1393,"40,41,131"
1394,"3,21,164"
1395,"135,40,138"
1396,"10,11,109"
1397,"0,265,266"
1398,"23,38,91"
1399,"170,169,337"
1400,"40,41,324"
1401,"170,260,169"
1402,"3,4,147"
1403,"3,21,34"
1404,"10,54,95"
1405,"10,64,199"
1406,"3,17,168"
1407,"3,111,119"
1408,"3,28,4"
1409,"44,145,40"
1410,"239,10,60"
1411,"26,23,89"
1412,"34,237,3"
1413,"54,10,95"
1414,"10,220,221"
1415,"3,17,168"
1416,"3,16,15"
1417,"3,13,37"
1418,"3,5,228"
1419,"0,265,266"
1420,"41,40,21"
1421,"23,74,38"
1422,"40,152,160"
1423,"23,26,89"
1424,"23,74,38"
1425,"3,21,168"
1426,"169,311,21"
1427,"23,26,350"
1428,"10,11,44"
1429,"3,53,21"
1430,"10,55,145"
1431,"3,21,108"
1432,"23,145,44"
1433,"64,10,80"
1434,"10,145,54"
1435,"10,64,448"
1436,"23,24,169"
1437,"169,199,281"
1438,"23,24,49"
1439,"131,406,40"
1440,"3,21,48"
1441,"3,85,30"
1442,"0,339,337"
1443,"64,10,338"
1444,"11,10,12"
1445,"10,60,239"
1446,"23,26,231"
1447,"49,23,24"
1448,"145,10,40"
1449,"21,3,127"
1450,"0,8,265"
1451,"111,3,267"
1452,"10,60,234"
1453,"3,21,127"
1454,"64,10,65"
1455,"40,160,302"
1456,"3,4,238"
1457,"40,41,224"
1458,"3,34,263"
1459,"169,199,426"
1460,"23,24,43"
1461,"40,41,111"
1462,"11,10,109"
1463,"145,44,40"
1464,"24,23,25"
1465,"128,40,129"
1466,"0,271,355"
1467,"10,60,199"
1468,"0,8,206"
1469,"23,118,74"
1470,"169,426,427"
1471,"10,64,338"
1472,"0,271,265"
1473,"5,3,228"
1474,"4,19,3"
1475,"64,10,65"
1476,"10,173,220"
1477,"4,3,183"
1478,"0,271,456"
1479,"40,324,128"
1480,"74,23,118"
1481,"54,10,95"
1482,"147,3,148"
1483,"0,271,355"
1484,"24,23,49"
1485,"3,16,15"
1486,"3,53,99"
1487,"11,10,109"
1488,"3,168,143"
1489,"40,131,406"
1490,"147,3,148"
1491,"10,64,239"
1492,"23,24,43"
1493,"0,271,456"
1494,"3,148,147"
1495,"38,23,105"
1496,"23,74,303"
1497,"40,131,134"
1498,"23,38,105"
1499,"40,131,226"
1500,"23,24,25"
1501,"85,158,3"
1502,"169,337,170"
1503,"220,10,242"
1504,"23,38,137"
1505,"3,160,30"
1506,"169,199,356"
1507,"26,23,89"
1508,"21,48,3"
1509,"0,255,400"
1510,"3,34,263"
1511,"169,199,170"
1512,"40,135,138"
1513,"0,206,8"
1514,"169,199,281"
1515,"3,111,147"
1516,"339,337,169"
1517,"128,195,40"
1518,"23,145,24"
1519,"3,66,30"
1520,"23,74,165"
1521,"43,23,24"
1522,"21,3,124"
1523,"23,24,49"
1524,"64,10,80"
1525,"11,10,109"
1526,"49,24,23"
1527,"10,64,90"
1528,"0,216,211"
1529,"23,31,454"
1530,"169,199,281"
1531,"220,10,242"
1532,"10,64,338"
1533,"24,23,43"
1534,"10,11,12"
1535,"220,10,242"
1536,"0,216,304"
1537,"169,417,296"
1538,"0,271,288"
1539,"16,3,15"
1540,"23,26,38"
1541,"169,3,68"
1542,"3,21,108"
1543,"135,40,138"
1544,"10,60,239"
1545,"128,40,129"
1546,"40,139,153"
1547,"234,60,10"
1548,"145,44,40"
1549,"10,64,65"
1550,"0,216,304"
1551,"4,3,19"
1552,"23,74,118"
1553,"4,3,435"
1554,"3,15,16"
1555,"23,74,15"
1556,"0,271,456"
1557,"3,147,148"
1558,"220,242,10"
1559,"10,64,60"
1560,"169,296,428"
1561,"10,64,65"
1562,"3,147,148"
1563,"23,63,38"
1564,"3,21,145"
1565,"135,138,459"
1566,"145,44,40"
1567,"0,8,271"
1568,"23,38,71"
1569,"8,0,206"
1570,"10,64,90"
1571,"73,44,40"
1572,"3,17,168"
1573,"169,296,306"
1574,"10,54,95"
1575,"220,10,242"
1576,"105,23,326"
1577,"147,3,148"
1578,"128,129,40"
1579,"0,169,199"
1580,"3,34,30"
1581,"3,53,401"
1582,"10,60,64"
1583,"169,170,417"
1584,"3,21,108"
1585,"40,135,250"
1586,"64,10,338"
1587,"3,21,85"
1588,"10,43,23"
1589,"74,23,160"
1590,"40,128,186"
1591,"44,45,145"
1592,"169,170,260"
1593,"169,170,171"
1594,"43,23,24"
1595,"169,171,199"
1596,"128,195,40"
1597,"147,148,3"
1598,"3,85,158"
1599,"44,145,40"
1600,"23,24,199"
1601,"40,152,324"
1602,"64,10,338"
1603,"10,11,205"
1604,"40,0,419"
1605,"3,147,111"
1606,"40,41,160"
1607,"169,296,306"
1608,"170,459,169"
1609,"3,168,17"
1610,"24,23,49"
1611,"40,184,152"
1612,"23,105,137"
1613,"3,17,21"
1614,"169,199,281"
1615,"3,56,85"
1616,"0,271,272"
1617,"23,26,231"
1618,"3,111,21"
1619,"220,10,242"
1620,"3,21,53"
1621,"169,199,281"
1622,"199,169,40"
1623,"169,296,428"
1624,"0,271,353"
1625,"23,26,24"
1626,"10,220,221"
1627,"74,23,118"
1628,"40,41,149"
1629,"40,131,134"
1630,"10,24,64"
1631,"40,145,44"
1632,"23,26,231"
1633,"3,111,267"
1634,"10,11,109"
1635,"0,279,249"
1636,"105,23,318"
1637,"0,265,266"
1638,"4,3,435"
1639,"131,406,241"
1640,"3,21,124"
1641,"3,21,182"
1642,"3,17,168"
1643,"10,11,12"
1644,"10,60,239"
1645,"0,271,456"
1646,"10,64,60"
1647,"17,10,320"
1648,"23,54,55"
1649,"74,23,118"
1650,"64,10,93"
1651,"0,265,349"
1652,"3,5,228"
1653,"0,216,304"
1654,"3,21,30"
1655,"147,3,148"
1656,"23,49,24"
1657,"170,260,169"
1658,"3,148,147"
1659,"44,145,45"
1660,"23,31,96"
1661,"3,5,228"
1662,"128,129,40"
1663,"40,131,134"
1664,"4,3,435"
1665,"44,145,45"
1666,"40,139,153"
1667,"26,11,10"
1668,"3,28,66"
1669,"131,40,226"
1670,"0,218,265"
1671,"11,10,109"
1672,"169,3,199"
1673,"287,53,134"
1674,"3,53,99"
1675,"10,64,338"
1676,"0,271,216"
1677,"448,64,10"
1678,"128,129,313"
1679,"3,111,119"
1680,"43,23,24"
1681,"0,255,218"
1682,"0,206,8"
1683,"3,21,182"
1684,"3,21,164"
1685,"0,208,265"
1686,"3,21,182"
1687,"40,168,127"
1688,"3,21,127"
1689,"40,131,134"
1690,"100,367,40"
1691,"3,21,187"
1692,"169,170,260"
1693,"3,148,147"
1694,"0,279,249"
1695,"74,23,317"
1696,"24,23,10"
1697,"40,128,195"
1698,"3,53,523"
1699,"40,41,128"
1700,"10,11,12"
1701,"3,86,85"
1702,"3,21,182"
1703,"0,265,349"
1704,"10,60,11"
1705,"3,21,147"
1706,"147,3,148"
1707,"0,271,291"
1708,"23,135,40"
1709,"40,152,151"
1710,"10,60,61"
1711,"0,257,216"
1712,"145,44,40"
1713,"169,170,311"
1714,"147,148,3"
1715,"169,171,199"
1716,"16,15,3"
1717,"0,304,271"
1718,"169,296,428"
1719,"23,38,39"
1720,"131,40,406"
1721,"23,43,24"
1722,"10,11,12"
1723,"44,145,40"
1724,"40,131,406"
1725,"10,220,221"
1726,"26,231,23"
1727,"23,74,38"
1728,"11,10,205"
1729,"0,218,512"
1730,"3,34,263"
1731,"199,169,323"
1732,"170,459,169"
1733,"64,10,93"
1734,"3,21,127"
1735,"0,271,363"
1736,"44,145,45"
1737,"3,17,320"
1738,"10,64,24"
1739,"3,0,379"
1740,"3,21,48"
1741,"21,3,48"
1742,"0,257,216"
1743,"169,281,231"
1744,"48,23,21"
1745,"3,21,127"
1746,"169,199,21"
1747,"3,238,4"
1748,"89,26,23"
1749,"64,10,448"
1750,"10,64,65"
1751,"23,290,40"
1752,"23,26,89"
1753,"0,271,456"
1754,"10,64,93"
1755,"169,199,356"
1756,"40,41,139"
1757,"23,24,38"
1758,"0,313,346"
1759,"23,26,231"
1760,"23,309,105"
1761,"3,53,21"
1762,"44,145,45"
1763,"170,169,260"
1764,"220,10,221"
1765,"21,41,40"
1766,"135,40,138"
1767,"0,257,271"
1768,"3,21,85"
1769,"3,68,21"
1770,"3,17,379"
1771,"8,0,308"
1772,"3,21,108"
1773,"21,3,40"
1774,"10,11,12"
1775,"199,169,356"
1776,"64,10,448"
1777,"3,111,85"
1778,"21,3,108"
1779,"3,21,108"
1780,"169,199,343"
1781,"169,271,199"
1782,"271,0,280"
1783,"23,74,303"
1784,"40,128,129"
1785,"184,185,170"
1786,"23,38,24"
1787,"145,44,40"
1788,"40,160,41"
1789,"169,199,281"
1790,"40,139,135"
1791,"220,10,242"
1792,"23,74,94"
1793,"10,11,109"
1794,"40,128,195"
1795,"0,211,216"
1796,"23,89,26"
1797,"10,220,221"
1798,"23,74,303"
1799,"3,21,48"
1800,"23,31,96"
1801,"0,216,304"
1802,"3,34,263"
1803,"24,23,59"
1804,"23,74,71"
1805,"235,8,0"
1806,"3,21,187"
1807,"49,23,24"
1808,"41,40,21"
1809,"406,32,23"
1810,"23,31,258"
1811,"28,3,113"
1812,"3,5,228"
1813,"220,10,242"
1814,"169,428,229"
1815,"23,24,25"
1816,"40,41,224"
1817,"21,3,127"
1818,"10,64,338"
1819,"105,23,53"
1820,"44,145,11"
1821,"74,23,118"
1822,"3,21,53"
1823,"23,26,350"
1824,"3,21,127"
1825,"23,24,59"
1826,"54,10,95"
1827,"10,64,448"
1828,"3,21,126"
1829,"169,171,199"
1830,"260,170,169"
1831,"0,216,277"
1832,"0,271,277"
1833,"3,21,4"
1834,"169,170,0"
1835,"0,8,313"
1836,"10,60,239"
1837,"44,145,40"
1838,"147,3,148"
1839,"0,208,265"
1840,"40,131,128"
1841,"3,17,168"
1842,"3,53,21"
1843,"3,21,53"
1844,"0,216,380"
1845,"24,23,25"
1846,"40,152,151"
1847,"23,96,31"
1848,"0,8,308"
1849,"16,15,3"
1850,"16,15,3"
1851,"10,64,338"
1852,"3,111,119"
1853,"131,40,241"
1854,"10,64,93"
1855,"8,0,405"
1856,"0,8,206"
1857,"128,40,129"
1858,"40,201,41"
1859,"0,271,522"
1860,"23,74,162"
1861,"40,135,141"
1862,"26,350,23"
1863,"64,10,65"
1864,"3,21,66"
1865,"131,40,134"
1866,"0,255,400"
1867,"169,508,426"
1868,"23,74,165"
1869,"8,206,0"
1870,"40,160,41"
1871,"0,271,265"
1872,"169,199,170"
1873,"0,340,265"
1874,"24,23,44"
1875,"40,395,131"
1876,"128,40,129"
1877,"24,43,23"
1878,"3,21,108"
1879,"0,26,313"
1880,"24,23,59"
1881,"10,64,93"
1882,"10,64,65"
1883,"74,23,118"
1884,"169,199,143"
1885,"3,15,16"
1886,"3,53,13"
1887,"10,64,93"
1888,"10,64,93"
1889,"3,21,33"
1890,"23,74,118"
1891,"16,15,3"
1892,"0,255,271"
1893,"10,220,242"
1894,"23,38,309"
1895,"0,8,206"
1896,"25,23,145"
1897,"26,64,10"
1898,"3,4,375"
1899,"26,0,23"
1900,"40,135,395"
1901,"17,3,168"
1902,"10,60,100"
1903,"3,21,190"
1904,"17,168,3"
1905,"147,148,3"
1906,"0,271,26"
1907,"3,111,284"
1908,"3,85,115"
1909,"4,3,238"
1910,"54,25,24"
1911,"220,10,242"
1912,"128,195,0"
1913,"3,293,85"
1914,"169,199,281"
1915,"0,271,280"
1916,"3,147,148"
1917,"0,8,285"
1918,"0,216,211"
1919,"169,199,281"
1920,"74,23,118"
1921,"64,10,448"
1922,"23,26,231"
1923,"4,3,435"
1924,"40,41,42"
1925,"4,3,19"
1926,"3,4,188"
1927,"26,89,23"
1928,"170,169,459"
1929,"3,5,228"
1930,"24,23,10"
1931,"23,38,24"
1932,"0,271,456"
1933,"3,17,56"
1934,"220,10,221"
1935,"74,23,118"
1936,"199,169,281"
1937,"40,41,286"
1938,"85,3,158"
1939,"169,508,426"
1940,"24,23,43"
1941,"23,10,54"
1942,"0,271,456"
1943,"40,145,326"
1944,"23,31,258"
1945,"40,74,23"
1946,"10,54,322"
1947,"74,23,165"
1948,"220,10,221"
1949,"10,11,205"
1950,"23,74,165"
1951,"54,10,95"
1952,"169,199,343"
1953,"4,3,435"
1954,"10,220,221"
1955,"3,21,126"
1956,"64,10,80"
1957,"3,85,86"
1958,"3,147,148"
1959,"0,271,456"
1960,"0,216,380"
1961,"3,4,28"
1962,"10,220,221"
1963,"64,10,65"
1964,"169,296,306"
1965,"23,74,165"
1966,"10,11,12"
1967,"23,74,317"
1968,"64,10,93"
1969,"0,271,456"
1970,"23,309,38"
1971,"220,10,242"
1972,"220,10,221"
1973,"23,61,60"
1974,"220,10,221"
1975,"0,271,522"
1976,"271,0,280"
1977,"105,23,318"
1978,"0,271,456"
1979,"8,0,206"
1980,"10,64,93"
1981,"3,30,66"
1982,"10,64,80"
1983,"3,147,148"
1984,"235,8,0"
1985,"10,24,23"
1986,"0,216,277"
1987,"0,26,313"
1988,"40,131,406"
1989,"10,220,242"
1990,"3,147,148"
1991,"10,54,95"
1992,"3,85,21"
1993,"3,100,40"
1994,"3,21,164"
1995,"74,23,118"
1996,"169,508,426"
1997,"169,199,281"
1998,"169,199,170"
1999,"64,10,23"
2000,"0,235,8"
2001,"10,60,239"
2002,"21,3,126"
2003,"23,24,145"
2004,"3,34,263"
2005,"169,271,0"
2006,"23,74,38"
2007,"169,296,216"
2008,"90,10,64"
2009,"10,11,60"
2010,"169,199,259"
2011,"0,271,304"
2012,"10,64,448"
2013,"0,271,280"
2014,"0,271,265"
2015,"0,8,206"
2016,"199,169,323"
2017,"40,41,324"
2018,"23,74,38"
2019,"220,10,242"
2020,"169,199,170"
2021,"21,3,127"
2022,"3,85,158"
2023,"147,3,148"
2024,"40,41,139"
2025,"169,199,248"
2026,"85,3,158"
2027,"26,23,89"
2028,"0,249,279"
2029,"11,10,12"
2030,"131,40,226"
2031,"23,44,24"
2032,"169,199,281"
2033,"23,43,24"
2034,"40,42,41"
2035,"169,199,343"
2036,"23,38,63"
2037,"5,228,3"
2038,"3,21,187"
2039,"10,11,221"
2040,"21,169,108"
2041,"3,34,447"
2042,"199,169,281"
2043,"0,218,265"
2044,"216,304,0"
2045,"3,53,287"
2046,"44,45,145"
2047,"135,40,169"
2048,"11,10,205"
2049,"111,3,123"
2050,"11,44,10"
2051,"3,21,108"
2052,"169,21,3"
2053,"40,146,145"
2054,"32,23,31"
2055,"64,10,80"
2056,"169,199,171"
2057,"0,271,456"
2058,"322,10,146"
2059,"40,41,42"
2060,"23,32,31"
2061,"21,3,108"
2062,"3,168,17"
2063,"44,145,45"
2064,"10,60,43"
2065,"169,296,0"
2066,"23,31,258"
2067,"10,64,11"
2068,"4,3,19"
2069,"23,49,24"
2070,"10,64,65"
2071,"168,17,3"
2072,"3,30,66"
2073,"71,23,38"
2074,"3,21,127"
2075,"40,162,23"
2076,"23,31,96"
2077,"147,3,148"
2078,"170,169,459"
2079,"169,199,259"
2080,"0,311,271"
2081,"40,160,423"
2082,"26,23,89"
2083,"0,216,380"
2084,"169,199,343"
2085,"169,251,199"
2086,"169,199,281"
2087,"40,41,324"
2088,"40,139,140"
2089,"0,265,266"
2090,"26,23,350"
2091,"0,208,216"
2092,"3,5,228"
2093,"0,218,255"
2094,"23,32,31"
2095,"0,8,235"
2096,"0,216,254"
2097,"40,41,286"
2098,"10,64,239"
2099,"10,54,322"
2100,"23,38,24"
2101,"3,21,287"
2102,"3,111,112"
2103,"152,40,151"
2104,"10,64,90"
2105,"128,40,129"
2106,"23,24,44"
2107,"169,199,170"
2108,"3,147,148"
2109,"220,10,242"
2110,"169,199,170"
2111,"41,40,42"
2112,"0,214,213"
2113,"64,10,93"
2114,"23,137,24"
2115,"271,0,456"
2116,"3,147,156"
2117,"0,271,23"
2118,"44,73,145"
2119,"23,26,89"
2120,"44,145,45"
2121,"26,350,23"
2122,"131,40,226"
2123,"23,495,94"
2124,"64,10,338"
2125,"24,49,23"
2126,"10,11,12"
2127,"3,21,147"
2128,"0,216,257"
2129,"3,21,53"
2130,"10,11,109"
2131,"23,74,165"
2132,"10,64,93"
2133,"23,48,24"
2134,"10,64,93"
2135,"3,111,53"
2136,"0,456,271"
2137,"10,54,220"
2138,"40,139,153"
2139,"4,3,238"
2140,"3,21,48"
2141,"40,131,226"
2142,"23,63,38"
2143,"3,4,28"
2144,"24,49,23"
2145,"10,64,23"
2146,"0,229,230"
2147,"0,271,355"
2148,"220,10,242"
2149,"199,169,323"
2150,"23,26,89"
2151,"10,64,93"
2152,"3,21,85"
2153,"40,145,131"
2154,"8,0,391"
2155,"3,85,158"
2156,"23,24,62"
2157,"10,64,60"
2158,"100,40,367"
2159,"40,145,44"
2160,"23,38,87"
2161,"393,3,287"
2162,"220,10,221"
2163,"111,3,119"
2164,"23,40,84"
2165,"169,199,171"
2166,"220,242,10"
2167,"23,74,317"
2168,"40,131,142"
2169,"10,64,323"
2170,"0,8,308"
2171,"40,160,41"
2172,"3,21,48"
2173,"40,185,184"
2174,"3,17,379"
2175,"26,89,23"
2176,"48,23,21"
2177,"23,26,350"
2178,"23,24,38"
2179,"17,168,3"
2180,"23,43,24"
2181,"131,40,406"
2182,"23,231,24"
2183,"0,8,26"
2184,"0,8,285"
2185,"3,85,147"
2186,"21,3,127"
2187,"40,152,151"
2188,"23,24,43"
2189,"3,21,287"
2190,"3,287,34"
2191,"145,40,54"
2192,"11,10,109"
2193,"168,17,3"
2194,"3,53,169"
2195,"0,271,169"
2196,"0,271,353"
2197,"40,131,241"
2198,"10,220,242"
2199,"169,199,281"
2200,"40,139,153"
2201,"0,456,271"
2202,"10,64,448"
2203,"169,170,199"
2204,"23,49,24"
2205,"169,199,281"
2206,"3,53,30"
2207,"0,271,255"
2208,"0,313,346"
2209,"169,199,356"
2210,"23,74,118"
2211,"216,0,304"
2212,"3,147,156"
2213,"3,13,204"
2214,"23,74,303"
2215,"128,40,195"
2216,"3,53,111"
2217,"40,131,406"
2218,"220,10,242"
2219,"220,10,242"
2220,"220,242,10"
2221,"131,40,226"
2222,"23,31,96"
2223,"10,64,24"
2224,"23,71,38"
2225,"3,4,53"
2226,"21,3,108"
2227,"10,220,242"
2228,"0,208,8"
2229,"0,277,2"
2230,"10,93,60"
2231,"220,10,242"
2232,"23,71,38"
2233,"10,54,44"
2234,"10,11,12"
2235,"145,402,40"
2236,"220,10,242"
2237,"8,0,391"
2238,"220,10,242"
2239,"0,265,349"
2240,"4,3,238"
2241,"23,96,31"
2242,"3,4,238"
2243,"3,30,66"
2244,"64,10,80"
2245,"145,40,402"
2246,"40,41,42"
2247,"220,10,242"
2248,"10,43,24"
2249,"54,10,95"
2250,"40,128,129"
2251,"3,17,168"
2252,"147,3,148"
2253,"220,10,242"
2254,"21,3,48"
2255,"11,10,205"
2256,"17,168,3"
2257,"0,8,208"
2258,"0,255,348"
2259,"220,10,221"
2260,"23,24,105"
2261,"23,74,118"
2262,"10,11,205"
2263,"135,138,40"
2264,"0,271,361"
2265,"40,139,153"
2266,"169,199,170"
2267,"10,11,205"
2268,"0,216,208"
2269,"10,64,93"
2270,"3,53,51"
2271,"169,170,260"
2272,"152,169,151"
2273,"4,3,435"
2274,"15,16,3"
2275,"169,296,306"
2276,"10,54,55"
2277,"169,170,312"
2278,"3,21,126"
2279,"0,218,512"
2280,"0,216,254"
2281,"43,24,10"
2282,"169,343,436"
2283,"23,26,89"
2284,"169,296,460"
2285,"265,0,340"
2286,"3,5,228"
2287,"147,148,3"
2288,"3,15,16"
2289,"10,220,221"
2290,"3,379,21"
2291,"138,135,40"
2292,"3,21,111"
2293,"74,23,118"
2294,"0,271,272"
2295,"11,205,10"
2296,"220,10,242"
2297,"3,21,66"
2298,"220,10,242"
2299,"169,199,170"
2300,"0,456,271"
2301,"23,38,24"
2302,"74,23,317"
2303,"3,236,135"
2304,"3,34,263"
2305,"3,16,100"
2306,"0,271,291"
2307,"40,41,324"
2308,"26,0,350"
2309,"17,168,3"
2310,"10,54,95"
2311,"0,8,235"
2312,"3,21,108"
2313,"169,199,323"
2314,"10,220,242"
2315,"23,24,25"
2316,"23,26,350"
2317,"199,323,169"
2318,"10,220,242"
2319,"265,0,490"
2320,"3,30,147"
2321,"169,199,260"
2322,"231,0,26"
2323,"0,249,279"
2324,"169,296,530"
2325,"0,216,211"
2326,"0,216,304"
2327,"23,26,89"
2328,"10,54,95"
2329,"40,41,139"
2330,"32,23,31"
2331,"0,413,277"
2332,"337,169,170"
2333,"44,10,145"
2334,"89,23,26"
2335,"26,23,350"
2336,"40,160,315"
2337,"220,10,242"
2338,"4,3,238"
2339,"4,3,183"
2340,"23,74,118"
2341,"145,44,40"
2342,"3,21,127"
2343,"23,24,25"
2344,"40,160,135"
2345,"3,28,113"
2346,"23,118,74"
2347,"220,10,242"
2348,"3,17,320"
2349,"199,169,343"
2350,"10,64,90"
2351,"10,11,205"
2352,"3,53,287"
2353,"220,221,10"
2354,"0,265,208"
2355,"10,11,109"
2356,"3,21,187"
2357,"169,170,171"
2358,"169,199,281"
2359,"23,24,25"
2360,"0,265,349"
2361,"44,145,45"
2362,"31,23,169"
2363,"40,41,224"
2364,"115,145,21"
2365,"128,129,40"
2366,"220,10,242"
2367,"40,162,163"
2368,"23,74,303"
2369,"24,49,44"
2370,"3,147,148"
2371,"26,23,89"
2372,"3,66,30"
2373,"220,242,10"
2374,"220,10,242"
2375,"54,10,95"
2376,"3,111,53"
2377,"44,145,40"
2378,"16,15,3"
2379,"40,145,44"
2380,"0,214,213"
2381,"0,265,349"
2382,"21,3,127"
2383,"3,111,112"
2384,"145,40,478"
2385,"3,28,190"
2386,"40,74,23"
2387,"169,199,343"
2388,"44,145,45"
2389,"170,169,459"
2390,"3,85,293"
2391,"10,11,60"
2392,"170,169,171"
2393,"3,147,156"
2394,"11,10,109"
2395,"100,222,40"
2396,"220,242,10"
2397,"54,24,10"
2398,"169,171,170"
2399,"40,41,224"
2400,"25,24,23"
2401,"49,24,23"
2402,"3,337,339"
2403,"0,277,413"
2404,"3,21,108"
2405,"10,60,61"
2406,"40,139,41"
2407,"11,10,109"
2408,"23,24,43"
2409,"145,44,40"
2410,"10,24,23"
2411,"40,128,395"
2412,"3,53,21"
2413,"40,41,224"
2414,"11,10,23"
2415,"16,15,144"
2416,"74,23,118"
2417,"10,93,65"
2418,"44,145,45"
2419,"64,10,93"
2420,"3,21,187"
2421,"43,24,23"
2422,"16,15,3"
2423,"3,21,108"
2424,"4,3,19"
2425,"64,10,448"
2426,"3,111,472"
2427,"337,89,251"
2428,"74,23,118"
2429,"506,10,11"
2430,"23,26,89"
2431,"128,40,129"
2432,"0,216,304"
2433,"100,222,208"
2434,"147,3,148"
2435,"21,3,126"
2436,"169,199,281"
2437,"23,26,74"
2438,"169,170,459"
2439,"3,147,148"
2440,"44,72,145"
2441,"0,8,206"
2442,"10,64,93"
2443,"3,30,104"
2444,"40,131,241"
2445,"152,151,40"
2446,"24,23,43"
2447,"26,231,23"
2448,"40,131,241"
2449,"10,220,221"
2450,"3,34,447"
2451,"8,0,405"
2452,"128,40,195"
2453,"138,135,40"
2454,"21,3,127"
2455,"0,271,355"
2456,"128,129,40"
2457,"199,169,171"
2458,"23,460,309"
2459,"10,11,205"
2460,"3,21,187"
2461,"23,24,54"
2462,"85,3,86"
2463,"3,21,53"
2464,"10,64,93"
2465,"0,337,339"
2466,"10,54,145"
2467,"169,170,23"
2468,"10,220,242"
2469,"96,23,31"
2470,"64,10,448"
2471,"220,10,242"
2472,"40,128,129"
2473,"3,168,17"
2474,"40,131,128"
2475,"3,428,296"
2476,"3,21,126"
2477,"10,60,64"
2478,"3,21,182"
2479,"3,111,85"
2480,"32,23,31"
2481,"169,199,259"
2482,"10,64,90"
2483,"3,17,168"
2484,"23,49,24"
2485,"169,199,170"
2486,"0,249,279"
2487,"0,265,340"
2488,"23,31,508"
2489,"3,111,284"
2490,"3,17,168"
2491,"0,313,346"
2492,"0,271,456"
2493,"145,45,44"
2494,"0,211,216"
2495,"220,10,40"
2496,"40,139,41"
2497,"23,105,326"
2498,"40,139,155"
2499,"23,216,0"
2500,"170,169,459"
2501,"3,21,22"
2502,"26,23,0"
2503,"3,287,53"
2504,"40,131,142"
2505,"8,0,26"
2506,"40,128,129"
2507,"3,28,66"
2508,"169,199,170"
2509,"24,49,23"
2510,"10,64,43"
2511,"41,42,40"
2512,"0,271,361"
2513,"128,40,129"
2514,"64,10,80"
2515,"3,21,34"
2516,"54,10,95"
2517,"23,43,24"
2518,"10,54,322"
2519,"131,40,134"
2520,"23,24,59"
2521,"3,53,40"
2522,"3,28,190"
2523,"169,199,382"
2524,"10,60,61"
2525,"23,59,370"
2526,"10,64,43"
2527,"23,31,39"
2528,"95,54,10"
2529,"26,23,89"
2530,"3,0,40"
2531,"23,31,454"
2532,"8,0,206"
2533,"199,323,169"
2534,"0,313,346"
2535,"40,139,153"
2536,"3,21,379"
2537,"10,24,43"
2538,"40,3,53"
2539,"3,48,21"
2540,"10,11,109"
2541,"3,21,187"
2542,"26,23,350"
2543,"40,41,224"
2544,"0,214,213"
2545,"131,40,406"
2546,"24,23,49"
2547,"10,54,322"
2548,"21,40,42"
2549,"26,23,350"
2550,"199,169,374"
2551,"10,64,65"
2552,"135,138,199"
2553,"23,38,24"
2554,"10,11,12"
2555,"3,4,435"
2556,"64,10,448"
2557,"3,111,28"
2558,"170,169,199"
2559,"40,41,286"
2560,"10,54,322"
2561,"3,15,16"
2562,"3,29,53"
2563,"0,271,216"
2564,"40,184,41"
2565,"10,64,60"
2566,"40,128,131"
2567,"3,111,119"
2568,"0,218,512"
2569,"220,10,242"
2570,"0,271,255"
2571,"3,28,29"
2572,"10,239,64"
2573,"38,23,137"
2574,"105,23,53"
2575,"25,24,23"
2576,"3,147,148"
2577,"49,23,24"
2578,"3,21,164"
2579,"10,239,60"
2580,"23,454,10"
2581,"220,10,242"
2582,"0,265,266"
2583,"40,324,41"
2584,"3,28,30"
2585,"169,296,411"
2586,"23,105,24"
2587,"3,21,111"
2588,"3,53,523"
2589,"10,220,242"
2590,"3,16,15"
2591,"0,249,216"
2592,"127,21,40"
2593,"10,11,205"
2594,"5,3,228"
2595,"169,199,281"
2596,"23,31,258"
2597,"40,131,241"
2598,"40,41,128"
2599,"208,0,173"
2600,"74,160,23"
2601,"0,249,279"
2602,"40,131,159"
2603,"40,131,241"
2604,"3,17,168"
2605,"26,23,350"
2606,"0,271,291"
2607,"23,74,118"
2608,"26,23,350"
2609,"135,138,40"
2610,"43,24,10"
2611,"0,271,456"
2612,"23,10,49"
2613,"145,44,40"
2614,"23,74,303"
2615,"40,41,42"
2616,"43,23,24"
2617,"10,64,90"
2618,"0,271,313"
2619,"169,170,436"
2620,"40,135,250"
2621,"0,271,456"
2622,"10,60,61"
2623,"16,15,3"
2624,"3,147,148"
2625,"0,265,271"
2626,"40,131,241"
2627,"3,21,108"
2628,"54,10,83"
2629,"0,271,8"
2630,"23,145,10"
2631,"128,129,40"
2632,"3,21,187"
2633,"10,43,23"
2634,"40,21,41"
2635,"199,323,169"
2636,"249,0,279"
2637,"3,21,108"
2638,"3,23,105"
2639,"3,147,156"
2640,"23,24,43"
2641,"40,131,406"
2642,"40,145,146"
2643,"112,111,3"
2644,"3,40,324"
2645,"3,48,21"
2646,"169,170,274"
2647,"3,85,86"
2648,"23,26,0"
2649,"265,0,349"
2650,"23,160,74"
2651,"3,40,160"
2652,"10,64,80"
2653,"3,17,320"
2654,"40,131,486"
2655,"10,64,93"
2656,"131,40,226"
2657,"74,23,165"
2658,"64,10,65"
2659,"220,10,242"
2660,"4,19,3"
2661,"3,168,17"
2662,"3,111,112"
2663,"10,23,64"
2664,"169,199,382"
2665,"26,23,350"
2666,"3,30,34"
2667,"3,147,156"
2668,"3,147,275"
2669,"43,23,24"
2670,"23,31,258"
2671,"11,10,12"
2672,"5,3,228"
2673,"23,454,31"
2674,"10,11,109"
2675,"3,111,112"
2676,"131,40,406"
2677,"3,17,168"
2678,"3,21,111"
2679,"11,14,10"
2680,"265,0,349"
2681,"169,0,216"
2682,"26,350,23"
2683,"3,111,112"
2684,"0,277,211"
2685,"10,64,90"
2686,"4,3,435"
2687,"169,323,199"
2688,"3,17,168"
2689,"41,40,3"
2690,"40,152,151"
2691,"169,199,343"
2692,"131,40,226"
2693,"23,74,241"
2694,"34,3,143"
2695,"152,151,184"
2696,"23,74,38"
2697,"64,10,448"
2698,"40,199,138"
2699,"40,241,131"
2700,"40,41,224"
2701,"3,66,30"
2702,"220,10,221"
2703,"3,4,238"
2704,"40,41,224"
2705,"169,199,281"
2706,"10,64,95"
2707,"169,426,199"
2708,"0,229,230"
2709,"199,169,343"
2710,"3,21,111"
2711,"23,135,309"
2712,"0,271,355"
2713,"10,64,65"
2714,"401,13,110"
2715,"169,170,459"
2716,"0,8,235"
2717,"3,169,427"
2718,"413,296,0"
2719,"169,199,259"
2720,"40,145,44"
2721,"23,26,89"
2722,"0,214,271"
2723,"169,170,311"
2724,"24,23,49"
2725,"0,271,456"
2726,"3,21,108"
2727,"10,60,197"
2728,"220,10,242"
2729,"26,231,23"
2730,"131,40,406"
2731,"3,21,190"
2732,"23,74,118"
2733,"40,145,146"
2734,"10,64,93"
2735,"44,145,45"
2736,"11,10,109"
2737,"16,15,3"
2738,"169,199,281"
2739,"10,220,221"
2740,"152,40,151"
2741,"40,145,100"
2742,"40,135,41"
2743,"23,74,118"
2744,"3,147,148"
2745,"23,49,24"
2746,"10,90,64"
2747,"40,152,41"
2748,"40,131,226"
2749,"23,32,31"
2750,"23,24,62"
2751,"40,250,135"
2752,"111,3,119"
2753,"3,53,467"
2754,"10,64,338"
2755,"64,10,80"
2756,"0,271,280"
2757,"23,74,118"
2758,"220,10,221"
2759,"220,10,242"
2760,"3,21,164"
2761,"0,8,206"
2762,"74,23,118"
2763,"220,10,242"
2764,"3,21,164"
2765,"0,218,271"
2766,"40,128,41"
2767,"330,28,23"
2768,"160,40,315"
2769,"40,160,302"
2770,"169,199,170"
2771,"10,60,11"
2772,"131,40,226"
2773,"10,54,95"
2774,"3,30,104"
2775,"10,11,109"
2776,"23,137,24"
2777,"3,4,375"
2778,"0,271,2"
2779,"413,89,26"
2780,"3,21,169"
2781,"0,8,208"
2782,"0,214,213"
2783,"45,44,145"
2784,"17,3,168"
2785,"10,220,242"
2786,"10,239,24"
2787,"74,23,118"
2788,"169,199,281"
2789,"23,74,160"
2790,"131,241,40"
2791,"131,40,226"
2792,"111,3,169"
2793,"169,199,281"
2794,"3,147,148"
2795,"40,41,42"
2796,"40,128,129"
2797,"0,271,444"
2798,"3,21,66"
2799,"8,0,405"
2800,"128,8,40"
2801,"169,199,170"
2802,"64,10,80"
2803,"40,139,155"
2804,"26,89,231"
2805,"10,23,49"
2806,"40,128,186"
2807,"3,21,115"
2808,"54,10,95"
2809,"64,10,448"
2810,"0,206,8"
2811,"3,4,0"
2812,"0,313,216"
2813,"64,10,93"
2814,"48,23,3"
2815,"3,28,113"
2816,"169,199,323"
2817,"105,23,318"
2818,"17,168,3"
2819,"169,426,427"
2820,"3,13,204"
2821,"3,111,85"
2822,"23,74,32"
2823,"169,296,428"
2824,"169,199,281"
2825,"10,60,64"
2826,"3,53,523"
2827,"21,40,3"
2828,"23,71,38"
2829,"0,257,216"
2830,"111,3,123"
2831,"128,40,129"
2832,"89,26,23"
2833,"40,128,129"
2834,"199,169,323"
2835,"21,3,108"
2836,"23,74,118"
2837,"44,145,45"
2838,"169,199,170"
2839,"169,171,199"
2840,"34,3,263"
2841,"131,40,226"
2842,"11,10,205"
2843,"3,21,108"
2844,"3,4,238"
2845,"3,85,17"
2846,"10,64,93"
2847,"40,139,320"
2848,"0,277,211"
2849,"220,10,242"
2850,"169,296,428"
2851,"17,168,3"
2852,"23,74,303"
2853,"135,40,138"
2854,"40,23,74"
2855,"3,21,53"
2856,"339,337,3"
2857,"23,105,318"
2858,"53,3,287"
2859,"40,41,149"
2860,"169,3,343"
2861,"23,26,89"
2862,"3,17,168"
2863,"3,21,48"
2864,"4,19,3"
2865,"131,40,406"
2866,"23,38,24"
2867,"3,0,53"
2868,"169,199,323"
2869,"23,24,25"
2870,"0,271,255"
2871,"40,131,406"
2872,"64,10,93"
2873,"0,216,211"
2874,"135,138,40"
2875,"0,313,346"
2876,"40,131,406"
2877,"10,64,338"
2878,"0,313,346"
2879,"4,3,238"
2880,"0,271,456"
2881,"43,24,23"
2882,"169,199,171"
2883,"4,3,19"
2884,"0,8,11"
2885,"10,221,220"
2886,"4,3,19"
2887,"456,271,0"
2888,"131,406,40"
2889,"44,45,145"
2890,"10,220,242"
2891,"40,135,141"
2892,"147,3,148"
2893,"23,26,231"
2894,"23,74,118"
2895,"23,24,74"
2896,"0,265,271"
2897,"10,64,93"
2898,"3,13,401"
2899,"74,23,165"
2900,"40,131,226"
2901,"16,15,3"
2902,"145,40,44"
2903,"265,0,340"
2904,"11,10,109"
2905,"3,15,16"
2906,"0,8,206"
2907,"21,3,124"
2908,"3,147,156"
2909,"11,23,24"
2910,"23,74,38"
2911,"23,26,89"
2912,"0,216,380"
2913,"128,40,129"
2914,"0,89,26"
2915,"10,43,23"
2916,"0,271,342"
2917,"10,220,242"
2918,"169,199,10"
2919,"0,271,456"
2920,"10,64,93"
2921,"40,131,406"
2922,"3,85,147"
2923,"40,41,160"
2924,"160,169,40"
2925,"169,199,259"
2926,"3,310,28"
2927,"3,30,199"
2928,"40,160,41"
2929,"10,54,95"
2930,"128,40,129"
2931,"23,24,43"
2932,"23,24,38"
2933,"3,21,164"
2934,"10,54,322"
2935,"3,4,19"
2936,"3,21,127"
2937,"3,111,284"
2938,"10,64,93"
2939,"3,48,21"
2940,"145,44,45"
2941,"3,265,435"
2942,"40,128,195"
2943,"23,24,43"
2944,"40,41,224"
2945,"40,135,41"
2946,"11,10,12"
2947,"23,74,303"
2948,"26,89,23"
2949,"40,185,184"
2950,"3,28,30"
2951,"337,339,169"
2952,"169,170,199"
2953,"40,386,129"
2954,"24,23,43"
2955,"23,74,10"
2956,"3,147,148"
2957,"11,10,205"
2958,"0,218,208"
2959,"0,265,271"
2960,"3,4,19"
2961,"23,96,10"
2962,"169,170,199"
2963,"23,24,49"
2964,"0,271,362"
2965,"23,31,10"
2966,"131,40,226"
2967,"90,10,64"
2968,"23,131,40"
2969,"23,24,49"
2970,"128,40,129"
2971,"0,229,337"
2972,"23,26,74"
2973,"0,8,206"
2974,"21,3,108"
2975,"3,523,53"
2976,"3,21,41"
2977,"10,64,93"
2978,"3,21,66"
2979,"40,162,163"
2980,"10,220,221"
2981,"10,54,402"
2982,"40,139,41"
2983,"44,24,145"
2984,"23,38,74"
2985,"128,0,40"
2986,"0,218,11"
2987,"40,160,152"
2988,"23,350,26"
2989,"10,54,95"
2990,"3,21,108"
2991,"10,11,109"
2992,"23,32,31"
2993,"44,145,40"
2994,"23,43,10"
2995,"10,220,242"
2996,"48,3,21"
2997,"40,21,41"
2998,"23,38,137"
2999,"40,41,215"
3000,"23,24,231"
3001,"16,15,3"
3002,"10,11,109"
3003,"26,23,231"
3004,"169,296,306"
3005,"4,3,238"
3006,"23,89,26"
3007,"135,138,40"
3008,"74,23,118"
3009,"40,41,42"
3010,"3,53,21"
3011,"11,10,205"
3012,"3,21,187"
3013,"64,10,80"
3014,"0,271,456"
3015,"40,145,401"
3016,"23,454,38"
3017,"23,31,258"
3018,"60,61,303"
3019,"38,44,23"
3020,"3,21,17"
3021,"13,3,150"
3022,"40,145,402"
3023,"10,54,95"
3024,"3,379,21"
3025,"128,40,129"
3026,"32,23,31"
3027,"64,10,338"
3028,"323,169,199"
3029,"13,150,218"
3030,"0,279,249"
3031,"24,169,62"
3032,"3,21,126"
3033,"0,271,456"
3034,"23,24,38"
3035,"8,235,0"
3036,"3,147,167"
3037,"3,147,148"
3038,"3,21,187"
3039,"31,23,100"
3040,"26,23,89"
3041,"40,184,494"
3042,"3,21,187"
3043,"169,10,323"
3044,"3,17,320"
3045,"3,21,111"
3046,"23,74,24"
3047,"3,147,148"
3048,"3,21,127"
3049,"3,4,238"
3050,"160,40,315"
3051,"23,74,24"
3052,"0,271,272"
3053,"23,24,38"
3054,"3,147,148"
3055,"128,40,129"
3056,"169,296,411"
3057,"10,64,80"
3058,"3,111,112"
3059,"54,10,95"
3060,"54,10,95"
3061,"265,24,0"
3062,"111,3,119"
3063,"23,24,38"
3064,"145,44,40"
3065,"169,199,281"
3066,"23,105,106"
3067,"26,23,231"
3068,"8,0,308"
3069,"23,182,3"
3070,"0,271,216"
3071,"40,23,145"
3072,"10,60,93"
3073,"169,199,508"
3074,"339,169,337"
3075,"40,139,153"
3076,"4,19,3"
3077,"3,21,187"
3078,"3,53,287"
3079,"8,0,308"
3080,"60,3,53"
3081,"23,454,31"
3082,"11,10,205"
3083,"3,23,30"
3084,"10,64,93"
3085,"3,21,108"
3086,"135,138,40"
3087,"3,21,127"
3088,"10,11,12"
3089,"23,26,38"
3090,"4,3,238"
3091,"11,10,12"
3092,"145,40,44"
3093,"32,23,31"
3094,"23,26,89"
3095,"40,152,151"
3096,"40,146,145"
3097,"0,313,346"
3098,"0,456,271"
3099,"23,26,38"
3100,"3,15,16"
3101,"21,41,42"
3102,"23,38,309"
3103,"40,160,315"
3104,"128,40,129"
3105,"64,10,80"
3106,"60,10,61"
3107,"199,169,323"
3108,"3,147,167"
3109,"169,199,281"
3110,"21,41,40"
3111,"220,10,242"
3112,"169,199,382"
3113,"3,66,30"
3114,"3,53,40"
3115,"169,23,74"
3116,"4,3,19"
3117,"40,131,159"
3118,"3,30,66"
3119,"40,41,215"
3120,"23,38,74"
3121,"64,10,338"
3122,"23,89,26"
3123,"169,199,281"
3124,"10,220,54"
3125,"169,199,281"
3126,"10,64,80"
3127,"3,53,4"
3128,"10,64,338"
3129,"3,4,238"
3130,"10,11,109"
3131,"182,3,68"
3132,"48,21,3"
3133,"199,169,281"
3134,"3,4,51"
3135,"3,156,147"
3136,"145,44,40"
3137,"112,111,3"
3138,"3,147,148"
3139,"3,17,168"
3140,"3,21,13"
3141,"40,160,41"
3142,"3,4,238"
3143,"322,54,10"
3144,"0,271,444"
3145,"23,74,71"
3146,"10,64,90"
3147,"21,3,127"
3148,"23,74,118"
3149,"3,21,127"
3150,"3,168,17"
3151,"23,74,303"
3152,"131,40,406"
3153,"3,17,168"
3154,"40,160,315"
3155,"3,147,148"
3156,"182,68,3"
3157,"220,221,10"
3158,"8,0,206"
3159,"23,43,24"
3160,"169,199,281"
3161,"4,19,3"
3162,"23,24,38"
3163,"40,41,139"
3164,"44,145,45"
3165,"169,170,260"
3166,"0,8,206"
3167,"169,199,223"
3168,"3,34,263"
3169,"3,287,53"
3170,"3,53,111"
3171,"169,199,40"
3172,"23,40,25"
3173,"40,131,134"
3174,"23,31,454"
3175,"0,271,456"
3176,"0,8,285"
3177,"26,89,23"
3178,"23,74,118"
3179,"26,23,350"
3180,"11,10,44"
3181,"4,3,238"
3182,"3,21,187"
3183,"24,43,23"
3184,"147,3,156"
3185,"40,160,41"
3186,"23,31,96"
3187,"220,242,10"
3188,"43,23,24"
3189,"10,60,61"
3190,"169,199,356"
3191,"169,199,343"
3192,"23,43,24"
3193,"169,199,356"
3194,"40,128,129"
3195,"3,135,156"
3196,"169,296,274"
3197,"235,0,8"
3198,"23,31,96"
3199,"255,0,462"
3200,"23,74,303"
3201,"23,38,74"
3202,"0,271,355"
3203,"40,128,129"
3204,"10,11,109"
3205,"160,40,315"
3206,"21,102,3"
3207,"131,241,169"
3208,"40,131,406"
3209,"41,40,201"
3210,"3,21,53"
3211,"10,205,11"
3212,"309,23,38"
3213,"40,128,41"
3214,"169,199,426"
3215,"3,21,187"
3216,"10,64,448"
3217,"23,26,350"
3218,"40,145,146"
3219,"17,168,3"
3220,"169,296,428"
3221,"40,162,175"
3222,"0,249,279"
3223,"0,257,216"
3224,"137,23,38"
3225,"40,3,53"
3226,"23,38,39"
3227,"26,231,23"
3228,"40,131,241"
3229,"0,216,257"
3230,"0,257,216"
3231,"169,199,40"
3232,"10,43,24"
3233,"24,23,44"
3234,"60,23,10"
3235,"3,21,187"
3236,"40,41,149"
3237,"23,24,38"
3238,"220,10,242"
3239,"135,40,250"
3240,"24,59,23"
3241,"3,147,148"
3242,"10,60,54"
3243,"169,199,170"
3244,"40,145,44"
3245,"10,64,65"
3246,"23,74,40"
3247,"11,10,109"
3248,"10,11,205"
3249,"118,23,500"
3250,"64,10,338"
3251,"21,40,3"
3252,"3,53,292"
3253,"40,145,146"
3254,"3,21,108"
3255,"0,271,456"
3256,"0,271,456"
3257,"0,271,280"
3258,"3,4,238"
3259,"3,16,15"
3260,"3,53,523"
3261,"10,220,242"
3262,"64,10,448"
3263,"199,23,169"
3264,"23,74,38"
3265,"64,10,65"
3266,"224,40,41"
3267,"0,208,271"
3268,"0,214,213"
3269,"0,216,40"
3270,"10,54,95"
3271,"74,23,118"
3272,"0,271,366"
3273,"40,131,241"
3274,"3,21,48"
3275,"40,41,324"
3276,"145,44,40"
3277,"32,23,31"
3278,"170,169,171"
3279,"3,21,187"
3280,"23,169,89"
3281,"3,21,182"
3282,"3,21,187"
3283,"40,131,406"
3284,"169,337,251"
3285,"147,3,148"
3286,"23,26,89"
3287,"0,211,216"
3288,"5,3,6"
3289,"40,162,163"
3290,"3,17,168"
3291,"23,309,38"
3292,"169,199,281"
3293,"140,139,40"
3294,"3,21,108"
3295,"160,40,315"
3296,"21,41,42"
3297,"220,242,10"
3298,"3,4,15"
3299,"3,21,187"
3300,"16,15,3"
3301,"23,38,309"
3302,"40,145,44"
3303,"64,10,338"
3304,"169,170,459"
3305,"0,255,462"
3306,"0,216,370"
3307,"220,10,242"
3308,"0,216,277"
3309,"23,40,100"
3310,"0,271,23"
3311,"54,10,95"
3312,"3,21,108"
3313,"64,10,80"
3314,"40,139,155"
3315,"49,23,24"
3316,"265,0,340"
3317,"0,271,291"
3318,"3,147,203"
3319,"0,265,23"
3320,"3,28,190"
3321,"169,199,259"
3322,"10,54,44"
3323,"40,155,139"
3324,"3,13,364"
3325,"3,5,57"
3326,"23,32,31"
3327,"23,24,25"
3328,"220,10,221"
3329,"5,3,228"
3330,"21,3,108"
3331,"13,150,506"
3332,"0,265,266"
3333,"21,3,126"
3334,"169,199,281"
3335,"100,222,23"
3336,"16,15,3"
3337,"17,168,3"
3338,"169,199,3"
3339,"0,366,271"
3340,"23,31,328"
3341,"24,49,23"
3342,"3,21,124"
3343,"3,21,53"
3344,"169,199,281"
3345,"220,242,10"
3346,"23,26,89"
3347,"3,21,108"
3348,"0,271,265"
3349,"220,10,242"
3350,"170,169,323"
3351,"0,313,216"
3352,"23,309,38"
3353,"40,152,160"
3354,"40,128,195"
3355,"3,4,111"
3356,"40,162,163"
3357,"17,168,3"
3358,"40,160,315"
3359,"23,26,89"
3360,"0,255,463"
3361,"145,40,44"
3362,"3,4,435"
3363,"128,40,129"
3364,"40,128,129"
3365,"3,34,263"
3366,"40,41,21"
3367,"40,131,226"
3368,"8,0,285"
3369,"0,313,271"
3370,"0,271,291"
3371,"3,17,168"
3372,"3,21,85"
3373,"10,54,64"
3374,"128,40,129"
3375,"10,60,61"
3376,"10,11,12"
3377,"74,23,317"
3378,"169,170,171"
3379,"131,241,40"
3380,"128,129,40"
3381,"0,265,208"
3382,"23,74,118"
3383,"10,64,93"
3384,"139,40,153"
3385,"23,74,317"
3386,"40,162,163"
3387,"169,171,170"
3388,"0,8,216"
3389,"40,131,23"
3390,"40,41,201"
3391,"23,38,39"
3392,"11,10,109"
3393,"40,162,163"
3394,"3,53,523"
3395,"40,100,222"
3396,"145,44,40"
3397,"10,11,109"
3398,"74,23,118"
3399,"40,128,23"
3400,"10,54,95"
3401,"3,4,21"
3402,"24,43,23"
3403,"26,89,313"
3404,"64,10,80"
3405,"54,10,145"
3406,"199,323,169"
3407,"3,21,187"
3408,"54,10,95"
3409,"23,24,49"
3410,"23,478,40"
3411,"169,199,131"
3412,"26,23,89"
3413,"10,64,109"
3414,"49,23,24"
3415,"43,24,10"
3416,"71,23,38"
3417,"40,145,44"
3418,"10,11,109"
3419,"23,74,40"
3420,"0,265,418"
3421,"64,10,448"
3422,"23,49,24"
3423,"40,41,160"
3424,"8,0,206"
3425,"23,31,32"
3426,"0,265,349"
3427,"0,271,280"
3428,"3,66,30"
3429,"145,40,44"
3430,"3,5,228"
3431,"169,199,426"
3432,"40,3,135"
3433,"40,131,406"
3434,"26,23,8"
3435,"3,17,190"
3436,"8,0,206"
3437,"23,74,38"
3438,"10,43,64"
3439,"40,131,142"
3440,"131,40,226"
3441,"145,44,40"
3442,"0,229,40"
3443,"0,271,456"
3444,"23,74,40"
3445,"17,168,3"
3446,"40,160,41"
3447,"23,24,44"
3448,"40,41,324"
3449,"3,111,85"
3450,"8,0,206"
3451,"169,170,199"
3452,"0,313,346"
3453,"3,4,435"
3454,"3,287,53"
3455,"0,456,271"
3456,"3,13,14"
3457,"3,148,147"
3458,"199,169,356"
3459,"24,49,10"
3460,"40,131,486"
3461,"26,23,231"
3462,"40,131,132"
3463,"3,53,287"
3464,"26,23,350"
3465,"40,128,241"
3466,"10,64,54"
3467,"3,28,190"
3468,"4,3,238"
3469,"3,36,35"
3470,"3,147,148"
3471,"0,216,304"
3472,"4,19,3"
3473,"145,40,402"
3474,"10,64,65"
3475,"10,11,205"
3476,"0,271,169"
3477,"3,85,108"
3478,"23,74,38"
3479,"10,11,109"
3480,"26,231,23"
3481,"23,38,74"
3482,"3,147,148"
3483,"3,170,21"
3484,"4,3,19"
3485,"3,21,379"
3486,"3,17,168"
3487,"169,199,343"
3488,"23,326,105"
3489,"3,21,126"
3490,"23,84,74"
3491,"23,74,32"
3492,"40,3,41"
3493,"128,40,129"
3494,"3,21,154"
3495,"89,23,26"
3496,"169,199,170"
3497,"43,24,23"
3498,"169,199,21"
3499,"8,0,206"
3500,"271,0,169"
3501,"3,21,85"
3502,"40,135,139"
3503,"44,145,40"
3504,"169,199,281"
3505,"3,85,21"
3506,"11,10,109"
3507,"74,23,118"
3508,"220,10,242"
3509,"8,0,206"
3510,"0,271,456"
3511,"10,65,64"
3512,"23,26,231"
3513,"23,31,96"
3514,"40,36,35"
3515,"24,43,23"
3516,"169,199,356"
3517,"10,11,60"
3518,"40,160,315"
3519,"44,145,40"
3520,"3,21,115"
3521,"10,11,109"
3522,"54,10,145"
3523,"40,152,151"
3524,"3,147,40"
3525,"23,309,38"
3526,"169,296,411"
3527,"3,85,156"
3528,"3,21,48"
3529,"40,41,324"
3530,"3,111,169"
3531,"220,10,221"
3532,"23,74,38"
3533,"10,23,24"
3534,"3,147,148"
3535,"169,199,259"
3536,"3,21,53"
3537,"3,147,167"
3538,"3,66,30"
3539,"85,3,86"
3540,"26,23,89"
3541,"23,24,49"
3542,"0,265,418"
3543,"3,147,148"
3544,"131,40,226"
3545,"26,23,89"
3546,"0,8,206"
3547,"49,40,395"
3548,"40,139,140"
3549,"0,271,128"
3550,"23,32,74"
3551,"40,0,145"
3552,"0,456,271"
3553,"169,170,259"
3554,"3,13,190"
3555,"0,271,456"
3556,"17,3,168"
3557,"40,139,153"
3558,"23,74,118"
3559,"3,70,19"
3560,"169,171,199"
3561,"3,21,379"
3562,"3,100,40"
3563,"40,41,324"
3564,"10,64,93"
3565,"3,66,30"
3566,"3,111,112"
3567,"31,23,96"
3568,"3,21,127"
3569,"169,199,281"
3570,"40,131,486"
3571,"23,74,118"
3572,"10,64,338"
3573,"199,169,343"
3574,"13,3,150"
3575,"10,12,11"
3576,"23,40,328"
3577,"220,10,221"
3578,"25,24,23"
3579,"40,128,186"
3580,"64,10,448"
3581,"271,0,456"
3582,"44,145,45"
3583,"3,32,66"
3584,"169,170,436"
3585,"3,21,22"
3586,"43,23,24"
3587,"3,21,108"
3588,"135,40,138"
3589,"231,23,26"
3590,"220,10,242"
3591,"0,8,235"
3592,"169,199,170"
3593,"23,26,89"
3594,"23,74,303"
3595,"10,60,239"
3596,"169,296,428"
3597,"23,32,31"
3598,"3,40,7"
3599,"131,241,40"
3600,"3,17,168"
3601,"3,111,23"
3602,"3,111,112"
3603,"3,21,33"
3604,"3,147,148"
3605,"205,10,11"
3606,"0,271,355"
3607,"40,135,141"
3608,"10,49,24"
3609,"3,85,21"
3610,"3,21,48"
3611,"3,22,21"
3612,"23,10,64"
3613,"184,40,368"
3614,"3,111,85"
3615,"0,271,216"
3616,"10,64,448"
3617,"10,54,95"
3618,"169,199,251"
3619,"36,3,35"
3620,"0,271,456"
3621,"170,260,169"
3622,"23,24,25"
3623,"4,3,238"
3624,"3,21,190"
3625,"220,10,242"
3626,"23,31,258"
3627,"145,402,40"
3628,"131,40,226"
3629,"40,160,41"
3630,"23,26,89"
3631,"10,64,93"
3632,"23,26,350"
3633,"152,40,151"
3634,"26,0,313"
3635,"3,4,238"
3636,"11,10,109"
3637,"40,128,129"
3638,"3,17,168"
3639,"40,145,10"
3640,"45,44,10"
3641,"3,53,287"
3642,"145,40,44"
3643,"131,40,226"
3644,"40,3,184"
3645,"3,156,147"
3646,"44,10,45"
3647,"53,287,3"
3648,"339,337,169"
3649,"74,23,118"
3650,"169,170,23"
3651,"3,4,111"
3652,"23,105,326"
3653,"169,170,23"
3654,"118,23,74"
3655,"3,53,13"
3656,"95,54,10"
3657,"11,10,44"
3658,"147,3,148"
3659,"0,216,257"
3660,"169,199,281"
3661,"44,145,45"
3662,"0,456,271"
3663,"3,21,301"
3664,"145,40,54"
3665,"10,64,93"
3666,"26,23,89"
3667,"10,11,109"
3668,"3,28,190"
3669,"40,145,146"
3670,"145,44,40"
3671,"64,10,338"
3672,"3,21,187"
3673,"4,3,435"
3674,"145,40,44"
3675,"40,185,184"
3676,"74,23,303"
3677,"13,3,14"
3678,"0,26,23"
3679,"271,0,456"
3680,"40,334,41"
3681,"3,21,108"
3682,"199,169,343"
3683,"16,15,3"
3684,"21,127,3"
3685,"3,53,287"
3686,"40,41,224"
3687,"26,0,23"
3688,"40,139,155"
3689,"131,40,406"
3690,"21,3,164"
3691,"169,170,260"
3692,"23,38,26"
3693,"135,138,40"
3694,"23,309,38"
3695,"216,0,380"
3696,"44,10,45"
3697,"48,21,3"
3698,"3,85,158"
3699,"3,34,68"
3700,"169,199,0"
3701,"21,3,127"
3702,"169,199,323"
3703,"111,3,267"
3704,"3,66,30"
3705,"199,169,170"
3706,"224,40,41"
3707,"160,40,315"
3708,"10,24,49"
3709,"3,21,147"
3710,"3,4,183"
3711,"220,10,242"
3712,"3,28,30"
3713,"23,74,24"
3714,"10,90,64"
3715,"220,10,242"
3716,"0,456,271"
3717,"220,221,10"
3718,"23,38,62"
3719,"95,54,10"
3720,"3,28,190"
3721,"10,90,64"
3722,"23,74,94"
3723,"147,3,148"
3724,"32,23,3"
3725,"3,4,238"
3726,"4,3,188"
3727,"26,313,350"
3728,"26,23,89"
3729,"23,38,39"
3730,"23,74,118"
3731,"3,53,287"
3732,"0,8,235"
3733,"11,10,109"
3734,"23,24,59"
3735,"220,10,242"
3736,"169,199,281"
3737,"89,23,26"
3738,"23,74,303"
3739,"21,3,124"
3740,"54,10,95"
3741,"8,235,0"
3742,"8,0,285"
3743,"23,24,59"
3744,"0,277,2"
3745,"0,475,218"
3746,"220,10,242"
3747,"4,19,3"
3748,"23,71,38"
3749,"54,145,10"
3750,"3,168,17"
3751,"40,23,478"
3752,"8,0,308"
3753,"111,3,119"
3754,"26,89,23"
3755,"169,170,171"
3756,"3,53,287"
3757,"23,24,105"
3758,"40,145,402"
3759,"23,31,454"
3760,"23,105,106"
3761,"90,10,64"
3762,"10,54,234"
3763,"23,49,24"
3764,"169,199,323"
3765,"40,23,160"
3766,"74,23,118"
3767,"220,10,242"
3768,"10,60,239"
3769,"23,169,31"
3770,"169,170,199"
3771,"3,21,164"
3772,"26,23,350"
3773,"3,48,21"
3774,"0,308,8"
3775,"0,265,340"
3776,"23,24,25"
3777,"40,160,131"
3778,"3,4,19"
3779,"40,131,406"
3780,"4,3,188"
3781,"36,40,3"
3782,"184,185,40"
3783,"40,131,406"
3784,"168,17,3"
3785,"64,10,448"
3786,"21,68,182"
3787,"216,0,380"
3788,"8,0,206"
3789,"3,53,523"
3790,"3,34,263"
3791,"0,271,456"
3792,"0,8,285"
3793,"64,10,448"
3794,"10,64,65"
3795,"40,131,406"
3796,"220,10,242"
3797,"3,160,147"
3798,"169,296,277"
3799,"23,26,89"
3800,"169,199,281"
3801,"3,34,263"
3802,"40,145,44"
3803,"24,23,59"
3804,"11,10,109"
3805,"26,89,23"
3806,"145,40,44"
3807,"11,23,109"
3808,"131,40,406"
3809,"3,21,100"
3810,"23,137,105"
3811,"145,54,40"
3812,"3,28,190"
3813,"131,40,241"
3814,"89,26,23"
3815,"40,135,386"
3816,"3,34,447"
3817,"10,54,95"
3818,"3,4,30"
3819,"3,15,16"
3820,"44,145,40"
3821,"0,271,280"
3822,"23,26,89"
3823,"40,41,160"
3824,"220,10,221"
3825,"3,16,15"
3826,"44,145,40"
3827,"23,74,38"
3828,"4,3,188"
3829,"23,31,454"
3830,"0,265,490"
3831,"74,23,60"
3832,"44,45,145"
3833,"128,40,129"
3834,"3,85,379"
3835,"220,10,242"
3836,"0,271,456"
3837,"4,3,375"
3838,"0,214,213"
3839,"220,10,221"
3840,"456,0,271"
3841,"145,40,44"
3842,"23,43,24"
3843,"17,3,168"
3844,"8,0,206"
3845,"21,3,40"
3846,"220,10,242"
3847,"169,199,171"
3848,"11,10,109"
3849,"40,131,406"
3850,"3,330,30"
3851,"145,44,40"
3852,"40,146,145"
3853,"169,199,281"
3854,"0,271,456"
3855,"23,31,74"
3856,"169,170,417"
3857,"3,15,16"
3858,"3,147,21"
3859,"3,85,379"
3860,"126,40,21"
3861,"10,64,93"
3862,"3,34,263"
3863,"160,40,334"
3864,"169,53,287"
3865,"10,220,242"
3866,"131,406,40"
3867,"169,199,89"
3868,"23,49,24"
3869,"0,271,456"
3870,"74,23,118"
3871,"10,11,12"
3872,"169,199,170"
3873,"128,129,40"
3874,"145,40,199"
3875,"23,38,82"
3876,"0,271,456"
3877,"3,21,127"
3878,"3,34,447"
3879,"0,8,235"
3880,"11,10,109"
3881,"23,137,105"
3882,"3,4,238"
3883,"40,145,44"
3884,"0,271,291"
3885,"13,3,14"
3886,"8,0,308"
3887,"23,74,118"
3888,"16,15,3"
3889,"169,323,199"
3890,"10,11,109"
3891,"23,74,24"
3892,"0,216,208"
3893,"4,3,19"
3894,"40,160,423"
3895,"3,28,190"
3896,"3,85,56"
3897,"199,169,343"
3898,"23,38,74"
3899,"26,23,231"
3900,"40,41,42"
3901,"169,0,337"
3902,"23,38,39"
3903,"0,413,277"
3904,"162,40,23"
3905,"26,23,89"
3906,"0,304,216"
3907,"0,8,235"
3908,"23,26,350"
3909,"169,171,199"
3910,"145,44,40"
3911,"40,139,155"
3912,"3,111,119"
3913,"10,64,93"
3914,"220,10,221"
3915,"74,23,303"
3916,"10,60,64"
3917,"21,3,127"
3918,"145,402,40"
3919,"131,40,406"
3920,"111,112,3"
3921,"10,11,109"
3922,"24,23,59"
3923,"40,184,185"
3924,"43,23,24"
3925,"49,23,24"
3926,"3,53,74"
3927,"23,31,258"
3928,"41,40,21"
3929,"40,139,140"
3930,"3,28,190"
3931,"10,11,12"
3932,"10,64,448"
3933,"220,10,221"
3934,"40,41,224"
3935,"0,271,216"
3936,"3,30,66"
3937,"23,49,24"
3938,"10,64,80"
3939,"135,138,40"
3940,"54,145,40"
3941,"23,24,43"
3942,"0,265,208"
3943,"40,100,145"
3944,"0,271,456"
3945,"169,199,343"
3946,"10,54,95"
3947,"64,10,448"
3948,"23,74,84"
3949,"10,11,72"
3950,"89,26,0"
3951,"3,68,182"
3952,"23,40,60"
3953,"11,24,10"
3954,"145,40,44"
3955,"23,26,40"
3956,"13,204,14"
3957,"8,0,308"
3958,"40,131,134"
3959,"23,40,137"
3960,"23,24,43"
3961,"23,38,91"
3962,"3,21,500"
3963,"0,11,205"
3964,"23,145,478"
3965,"23,74,303"
3966,"8,0,308"
3967,"220,10,242"
3968,"23,38,24"
3969,"8,0,285"
3970,"3,53,467"
3971,"23,24,49"
3972,"3,111,267"
3973,"53,3,287"
3974,"206,8,0"
3975,"456,0,271"
3976,"4,19,3"
3977,"3,4,435"
3978,"23,160,40"
3979,"0,271,272"
3980,"10,64,90"
3981,"11,10,205"
3982,"0,211,216"
3983,"8,0,235"
3984,"0,271,291"
3985,"169,337,339"
3986,"40,145,402"
3987,"145,40,44"
3988,"131,40,406"
3989,"40,139,153"
3990,"74,23,118"
3991,"40,41,224"
3992,"40,128,129"
3993,"0,218,465"
3994,"145,54,40"
3995,"220,10,242"
3996,"23,137,38"
3997,"4,375,3"
3998,"3,21,33"
3999,"169,339,337"
4000,"0,8,23"
4001,"0,271,456"
4002,"111,267,3"
4003,"3,30,66"
4004,"4,3,238"
4005,"40,160,199"
4006,"337,339,169"
4007,"40,152,184"
4008,"8,0,308"
4009,"23,24,345"
4010,"23,74,24"
4011,"74,23,303"
4012,"64,10,448"
4013,"3,21,108"
4014,"3,34,143"
4015,"3,5,228"
4016,"10,64,93"
4017,"8,308,0"
4018,"169,296,428"
4019,"3,30,66"
4020,"170,169,260"
4021,"0,8,308"
4022,"23,24,43"
4023,"23,89,26"
4024,"3,48,21"
4025,"21,3,127"
4026,"3,28,190"
4027,"3,53,523"
4028,"24,23,205"
4029,"40,138,169"
4030,"169,170,171"
4031,"3,53,287"
4032,"0,265,208"
4033,"23,24,59"
4034,"3,4,238"
4035,"23,38,74"
4036,"4,3,183"
4037,"23,105,318"
4038,"105,326,23"
4039,"3,21,108"
4040,"54,10,95"
4041,"3,28,330"
4042,"3,111,135"
4043,"23,169,74"
4044,"3,21,53"
4045,"10,11,205"
4046,"0,265,271"
4047,"3,15,16"
4048,"0,366,271"
4049,"0,216,208"
4050,"8,0,308"
4051,"10,54,402"
4052,"40,41,42"
4053,"169,170,199"
4054,"235,0,8"
4055,"145,40,44"
4056,"40,128,195"
4057,"23,31,40"
4058,"38,23,137"
4059,"0,271,214"
4060,"3,17,168"
4061,"169,170,436"
4062,"40,128,186"
4063,"10,64,338"
4064,"220,10,242"
4065,"3,111,119"
4066,"3,85,21"
4067,"3,147,203"
4068,"3,34,187"
4069,"10,64,90"
4070,"10,54,322"
4071,"3,21,126"
4072,"135,40,244"
4073,"40,162,163"
4074,"0,271,291"
4075,"160,40,315"
4076,"44,145,24"
4077,"0,214,213"
4078,"3,85,293"
4079,"0,214,213"
4080,"44,109,11"
4081,"10,60,11"
4082,"23,24,43"
4083,"169,199,281"
4084,"131,40,226"
4085,"23,0,26"
4086,"40,131,406"
4087,"3,111,161"
4088,"23,74,303"
4089,"169,199,343"
4090,"23,32,74"
4091,"23,232,231"
4092,"40,21,395"
4093,"3,17,85"
4094,"40,41,139"
4095,"23,118,74"
4096,"220,10,242"
4097,"40,131,129"
4098,"23,32,31"
4099,"23,137,38"
4100,"10,11,12"
4101,"395,40,128"
4102,"23,10,71"
4103,"255,0,463"
4104,"23,31,32"
4105,"169,40,199"
4106,"26,23,350"
4107,"23,24,43"
4108,"10,11,109"
4109,"3,48,21"
4110,"40,41,42"
4111,"40,395,128"
4112,"10,11,12"
4113,"145,40,44"
4114,"44,45,145"
4115,"11,10,509"
4116,"3,34,17"
4117,"64,10,65"
4118,"309,23,38"
4119,"131,40,134"
4120,"4,19,3"
4121,"10,220,221"
4122,"3,53,287"
4123,"0,271,214"
4124,"23,26,231"
4125,"23,24,74"
4126,"4,3,183"
4127,"131,40,226"
4128,"23,89,26"
4129,"44,25,145"
4130,"23,24,38"
4131,"40,139,153"
4132,"17,3,168"
4133,"40,41,135"
4134,"49,24,23"
4135,"53,3,287"
4136,"3,53,287"
4137,"5,228,3"
4138,"3,21,187"
4139,"0,8,26"
4140,"4,3,7"
4141,"40,162,163"
4142,"23,26,350"
4143,"40,131,142"
4144,"40,135,236"
4145,"145,40,44"
4146,"40,41,42"
4147,"40,160,41"
4148,"23,38,63"
4149,"199,169,281"
4150,"170,169,260"
4151,"3,21,4"
4152,"10,64,93"
4153,"169,296,371"
4154,"40,41,286"
4155,"128,129,130"
4156,"100,0,208"
4157,"64,10,80"
4158,"21,3,127"
4159,"74,160,23"
4160,"0,413,277"
4161,"0,214,213"
4162,"135,138,40"
4163,"182,21,3"
4164,"10,54,205"
4165,"17,168,3"
4166,"220,242,10"
4167,"23,26,89"
4168,"169,199,281"
4169,"3,167,113"
4170,"3,190,28"
4171,"224,41,40"
4172,"3,66,30"
4173,"0,23,26"
4174,"32,23,31"
4175,"168,17,3"
4176,"0,271,291"
4177,"3,21,108"
4178,"54,105,10"
4179,"0,271,321"
4180,"0,271,456"
4181,"40,152,151"
4182,"74,23,118"
4183,"11,10,24"
4184,"23,10,60"
4185,"220,10,242"
4186,"23,43,24"
4187,"74,23,118"
4188,"220,221,10"
4189,"23,24,43"
4190,"74,23,303"
4191,"23,24,74"
4192,"10,64,93"
4193,"8,0,235"
4194,"3,66,148"
4195,"169,199,248"
4196,"8,0,308"
4197,"128,40,195"
4198,"4,3,19"
4199,"23,71,165"
4200,"3,40,53"
4201,"64,10,80"
4202,"257,26,0"
4203,"40,184,185"
4204,"145,44,10"
4205,"220,10,242"
4206,"26,23,89"
4207,"74,23,118"
4208,"11,109,10"
4209,"4,3,19"
4210,"23,26,231"
4211,"10,64,93"
4212,"169,199,170"
4213,"23,38,82"
4214,"0,265,53"
4215,"220,10,242"
4216,"3,53,13"
4217,"0,271,456"
4218,"0,206,8"
4219,"169,323,199"
4220,"40,131,159"
4221,"23,24,49"
4222,"0,218,351"
4223,"169,287,3"
4224,"17,168,3"
4225,"111,3,267"
4226,"23,74,38"
4227,"74,23,118"
4228,"53,3,23"
4229,"131,40,406"
4230,"3,34,447"
4231,"0,370,10"
4232,"145,40,10"
4233,"145,402,40"
4234,"3,13,14"
4235,"40,41,224"
4236,"10,23,24"
4237,"3,53,287"
4238,"24,43,23"
4239,"26,23,350"
4240,"24,23,43"
4241,"3,21,108"
4242,"3,16,15"
4243,"10,64,93"
4244,"3,21,126"
4245,"8,26,308"
4246,"271,0,456"
4247,"40,135,74"
4248,"3,113,147"
4249,"23,31,454"
4250,"3,21,126"
4251,"10,64,65"
4252,"169,296,411"
4253,"23,38,309"
4254,"10,11,109"
4255,"3,85,147"
4256,"40,131,406"
4257,"11,205,10"
4258,"4,3,19"
4259,"3,267,21"
4260,"0,8,235"
4261,"17,168,3"
4262,"3,4,147"
4263,"40,139,41"
4264,"13,14,3"
4265,"26,350,23"
4266,"4,3,435"
4267,"10,64,90"
4268,"3,111,147"
4269,"24,23,44"
4270,"11,205,10"
4271,"3,111,275"
4272,"3,17,168"
4273,"0,8,285"
4274,"23,38,39"
4275,"169,199,170"
4276,"169,199,171"
4277,"169,199,271"
4278,"3,21,187"
4279,"3,58,320"
4280,"169,23,170"
4281,"169,323,199"
4282,"43,23,24"
4283,"169,170,199"
4284,"40,131,406"
4285,"199,323,169"
4286,"10,54,322"
4287,"40,184,185"
4288,"220,10,242"
4289,"220,10,242"
4290,"10,25,24"
4291,"23,74,118"
4292,"145,44,40"
4293,"23,24,44"
4294,"40,3,30"
4295,"40,128,130"
4296,"23,26,350"
4297,"0,8,308"
4298,"40,139,153"
4299,"24,23,145"
4300,"54,24,145"
4301,"169,170,199"
4302,"135,40,138"
4303,"10,60,239"
4304,"23,74,38"
4305,"0,8,235"
4306,"11,10,109"
4307,"128,129,40"
4308,"23,31,258"
4309,"24,23,43"
4310,"23,24,11"
4311,"169,170,199"
4312,"40,131,406"
4313,"40,152,41"
4314,"10,64,93"
4315,"3,17,320"
4316,"24,23,54"
4317,"26,89,23"
4318,"26,23,231"
4319,"23,74,84"
4320,"74,23,303"
4321,"40,286,41"
4322,"11,109,10"
4323,"23,135,40"
4324,"169,170,171"
4325,"23,24,43"
4326,"265,0,23"
4327,"26,23,89"
4328,"10,64,338"
4329,"40,139,153"
4330,"26,231,23"
4331,"74,23,303"
4332,"24,23,43"
4333,"3,21,127"
4334,"40,41,139"
4335,"61,60,13"
4336,"10,93,64"
4337,"3,115,21"
4338,"3,30,66"
4339,"401,3,13"
4340,"3,15,16"
4341,"23,137,105"
4342,"40,152,41"
4343,"131,40,406"
4344,"44,145,45"
4345,"4,3,375"
4346,"339,337,169"
4347,"10,11,109"
4348,"169,260,170"
4349,"48,3,21"
4350,"3,21,147"
4351,"64,10,65"
4352,"54,10,95"
4353,"74,23,118"
4354,"0,271,456"
4355,"199,169,323"
4356,"21,3,127"
4357,"135,138,40"
4358,"13,3,14"
4359,"184,185,40"
4360,"40,145,131"
4361,"169,171,170"
4362,"11,10,109"
4363,"0,216,380"
4364,"8,26,308"
4365,"40,152,160"
4366,"3,28,190"
4367,"23,96,31"
4368,"74,23,118"
4369,"0,271,255"
4370,"3,21,108"
4371,"3,28,53"
4372,"11,10,205"
4373,"74,23,118"
4374,"40,153,139"
4375,"3,21,48"
4376,"23,31,454"
4377,"40,128,131"
4378,"21,40,42"
4379,"60,10,150"
4380,"4,3,19"
4381,"220,10,242"
4382,"23,31,328"
4383,"40,131,406"
4384,"3,21,48"
4385,"147,3,148"
4386,"10,64,93"
4387,"3,4,435"
4388,"220,10,242"
4389,"44,145,45"
4390,"40,152,151"
4391,"54,145,10"
4392,"38,23,40"
4393,"23,74,84"
4394,"169,199,281"
4395,"10,64,93"
4396,"220,10,221"
4397,"17,168,3"
4398,"23,38,74"
4399,"3,21,48"
4400,"26,89,23"
4401,"74,118,23"
4402,"131,406,241"
4403,"220,10,242"
4404,"145,44,40"
4405,"3,66,30"
4406,"23,38,74"
4407,"10,23,64"
4408,"169,170,260"
4409,"40,145,23"
4410,"23,26,350"
4411,"32,23,31"
4412,"169,426,170"
4413,"3,21,48"
4414,"3,17,168"
4415,"3,21,320"
4416,"131,40,406"
4417,"0,271,456"
4418,"10,64,323"
4419,"21,3,187"
4420,"23,74,99"
4421,"135,40,244"
4422,"3,21,48"
4423,"23,43,24"
4424,"0,249,206"
4425,"10,64,90"
4426,"0,271,456"
4427,"23,24,49"
4428,"10,60,239"
4429,"0,271,456"
4430,"3,21,187"
4431,"3,68,21"
4432,"10,11,12"
4433,"169,170,260"
4434,"40,162,163"
4435,"40,139,41"
4436,"3,188,219"
4437,"4,3,19"
4438,"0,413,271"
4439,"23,26,350"
4440,"23,89,26"
4441,"23,38,0"
4442,"23,105,318"
4443,"3,111,85"
4444,"8,0,206"
4445,"10,64,93"
4446,"40,145,44"
4447,"10,44,11"
4448,"40,131,406"
4449,"64,10,93"
4450,"16,15,3"
4451,"23,80,10"
4452,"323,199,169"
4453,"54,10,95"
4454,"220,10,242"
4455,"40,128,129"
4456,"40,162,395"
4457,"220,10,221"
4458,"26,23,350"
4459,"406,131,40"
4460,"64,10,80"
4461,"40,395,241"
4462,"220,221,10"
4463,"3,5,228"
4464,"10,64,93"
4465,"169,199,343"
4466,"3,168,17"
4467,"10,93,64"
4468,"40,135,141"
4469,"10,23,64"
4470,"3,21,100"
4471,"0,8,206"
4472,"0,279,249"
4473,"10,11,109"
4474,"21,3,108"
4475,"199,169,323"
4476,"169,171,199"
4477,"169,199,248"
4478,"3,111,112"
4479,"3,147,203"
4480,"169,216,380"
4481,"131,40,241"
4482,"40,145,119"
4483,"40,160,315"
4484,"0,249,279"
4485,"10,60,23"
4486,"3,15,16"
4487,"23,303,74"
4488,"3,53,287"
4489,"40,152,151"
4490,"64,10,80"
4491,"170,169,260"
4492,"0,216,249"
4493,"0,271,272"
4494,"0,208,216"
4495,"23,3,74"
4496,"0,271,277"
4497,"40,145,146"
4498,"131,40,226"
4499,"3,111,112"
4500,"0,456,271"
4501,"131,40,226"
4502,"48,3,10"
4503,"23,24,43"
4504,"118,74,23"
4505,"26,23,350"
4506,"23,24,49"
4507,"220,10,242"
4508,"0,313,346"
4509,"23,74,118"
4510,"3,147,148"
4511,"23,74,317"
4512,"11,10,205"
4513,"0,8,206"
4514,"3,28,310"
4515,"3,111,112"
4516,"40,160,423"
4517,"8,0,391"
4518,"40,131,142"
4519,"40,145,139"
4520,"40,128,129"
4521,"40,131,128"
4522,"23,38,26"
4523,"23,105,24"
4524,"23,31,258"
4525,"21,169,3"
4526,"249,0,279"
4527,"131,40,134"
4528,"0,216,304"
4529,"10,11,12"
4530,"4,3,238"
4531,"3,147,85"
4532,"131,40,406"
4533,"0,8,206"
4534,"11,44,40"
4535,"3,379,21"
4536,"40,3,41"
4537,"10,64,65"
4538,"10,145,54"
4539,"40,41,152"
4540,"220,242,10"
4541,"3,53,21"
4542,"40,160,41"
4543,"169,260,170"
4544,"31,23,96"
4545,"85,3,86"
4546,"3,21,48"
4547,"40,160,152"
4548,"3,21,23"
4549,"40,139,153"
4550,"3,188,4"
4551,"24,23,49"
4552,"64,10,93"
4553,"23,74,165"
4554,"169,199,170"
4555,"145,40,44"
4556,"44,145,45"
4557,"3,21,320"
4558,"3,21,111"
4559,"145,40,44"
4560,"3,17,53"
4561,"40,241,131"
4562,"10,64,80"
4563,"3,21,127"
4564,"10,11,205"
4565,"40,160,315"
4566,"23,31,328"
4567,"169,0,355"
4568,"74,23,317"
4569,"5,3,228"
4570,"10,23,64"
4571,"10,60,234"
4572,"169,199,248"
4573,"23,10,24"
4574,"43,23,24"
4575,"40,131,406"
4576,"11,10,12"
4577,"10,64,40"
4578,"8,0,308"
4579,"21,3,187"
4580,"169,199,281"
4581,"26,23,89"
4582,"199,169,171"
4583,"23,231,74"
4584,"3,21,53"
4585,"23,74,303"
4586,"16,15,3"
4587,"44,145,45"
4588,"3,85,86"
4589,"0,271,277"
4590,"26,89,23"
4591,"21,3,127"
4592,"3,28,330"
4593,"184,185,40"
4594,"23,24,62"
4595,"3,21,108"
4596,"169,311,426"
4597,"23,26,89"
4598,"3,34,263"
4599,"419,40,168"
4600,"220,10,242"
4601,"26,23,89"
4602,"3,40,30"
4603,"40,128,131"
4604,"10,64,54"
4605,"40,41,324"
4606,"40,160,315"
4607,"0,208,255"
4608,"74,23,118"
4609,"10,220,242"
4610,"40,139,395"
4611,"459,170,169"
4612,"0,271,280"
4613,"3,4,188"
4614,"337,169,339"
4615,"3,53,467"
4616,"3,53,287"
4617,"131,40,134"
4618,"23,74,118"
4619,"23,24,25"
4620,"131,40,226"
4621,"10,60,64"
4622,"0,216,271"
4623,"21,3,108"
4624,"40,131,241"
4625,"3,4,51"
4626,"10,64,199"
4627,"3,21,108"
4628,"3,53,99"
4629,"11,10,205"
4630,"10,64,93"
4631,"40,184,494"
4632,"23,26,89"
4633,"23,31,96"
4634,"3,168,17"
4635,"10,60,459"
4636,"160,40,315"
4637,"40,41,160"
4638,"131,40,406"
4639,"23,26,89"
4640,"3,148,147"
4641,"21,3,48"
4642,"49,23,24"
4643,"74,23,303"
4644,"3,21,48"
4645,"64,10,65"
4646,"23,137,105"
4647,"339,169,337"
4648,"10,64,60"
4649,"3,21,108"
4650,"220,10,242"
4651,"40,131,128"
4652,"169,281,199"
4653,"23,43,24"
4654,"10,54,95"
4655,"147,3,148"
4656,"3,28,190"
4657,"11,10,109"
4658,"23,26,89"
4659,"0,279,249"
4660,"0,456,271"
4661,"169,199,356"
4662,"3,48,21"
4663,"40,41,42"
4664,"40,145,146"
4665,"10,11,60"
4666,"54,10,145"
4667,"3,5,228"
4668,"0,271,456"
4669,"26,23,89"
4670,"199,169,343"
4671,"23,31,77"
4672,"0,271,355"
4673,"23,74,118"
4674,"3,21,187"
4675,"40,131,406"
4676,"169,199,26"
4677,"169,170,260"
4678,"40,41,128"
4679,"26,23,350"
4680,"23,74,303"
4681,"3,53,523"
4682,"170,459,169"
4683,"169,199,281"
4684,"3,21,182"
4685,"64,10,65"
4686,"23,31,328"
4687,"3,133,5"
4688,"0,216,211"
4689,"40,160,302"
4690,"0,457,291"
4691,"0,8,308"
4692,"21,3,127"
4693,"3,111,119"
4694,"23,26,89"
4695,"23,105,38"
4696,"4,3,19"
4697,"3,379,85"
4698,"145,44,40"
4699,"10,64,93"
4700,"169,170,171"
4701,"169,170,296"
4702,"3,156,147"
4703,"220,10,242"
4704,"32,23,31"
4705,"0,255,463"
4706,"3,21,127"
4707,"131,40,226"
4708,"169,296,460"
4709,"23,40,131"
4710,"199,23,169"
4711,"220,242,10"
4712,"64,10,80"
4713,"23,24,25"
4714,"23,38,309"
4715,"0,271,291"
4716,"11,10,109"
4717,"271,0,456"
4718,"147,3,148"
4719,"0,346,313"
4720,"23,38,71"
4721,"169,199,40"
4722,"23,26,231"
4723,"139,40,153"
4724,"0,216,254"
4725,"128,40,129"
4726,"23,74,118"
4727,"4,3,19"
4728,"23,10,40"
4729,"17,3,168"
4730,"3,21,187"
4731,"3,85,158"
4732,"3,30,28"
4733,"145,10,44"
4734,"220,10,242"
4735,"10,60,61"
4736,"3,17,320"
4737,"3,85,86"
4738,"169,170,199"
4739,"11,10,205"
4740,"3,147,148"
4741,"3,53,287"
4742,"3,170,169"
4743,"169,170,436"
4744,"3,85,379"
4745,"3,48,30"
4746,"3,85,293"
4747,"71,23,38"
4748,"23,74,40"
4749,"54,10,145"
4750,"220,10,242"
4751,"0,271,265"
4752,"23,31,328"
4753,"169,199,248"
4754,"40,184,185"
4755,"235,0,8"
4756,"134,40,131"
4757,"235,8,0"
4758,"3,21,127"
4759,"3,53,21"
4760,"3,309,250"
4761,"147,3,148"
4762,"3,21,127"
4763,"23,74,38"
4764,"40,162,163"
4765,"3,53,111"
4766,"40,162,41"
4767,"24,11,59"
4768,"11,10,109"
4769,"0,208,216"
4770,"40,160,334"
4771,"3,5,228"
4772,"54,95,10"
4773,"3,111,435"
4774,"3,190,28"
4775,"3,21,127"
4776,"3,21,169"
4777,"3,21,127"
4778,"0,271,456"
4779,"220,10,242"
4780,"3,296,169"
4781,"44,45,145"
4782,"23,31,169"
4783,"10,64,90"
4784,"3,34,169"
4785,"16,188,3"
4786,"23,26,231"
4787,"5,3,228"
4788,"40,3,128"
4789,"26,350,23"
4790,"54,10,145"
4791,"3,21,108"
4792,"0,8,206"
4793,"23,74,38"
4794,"3,4,238"
4795,"23,105,24"
4796,"0,271,272"
4797,"3,21,28"
4798,"0,271,213"
4799,"170,169,459"
4800,"40,41,324"
4801,"204,13,3"
4802,"10,220,242"
4803,"40,41,286"
4804,"169,199,343"
4805,"3,85,158"
4806,"0,2,1"
4807,"147,3,148"
4808,"74,118,23"
4809,"24,23,43"
4810,"11,10,205"
4811,"40,139,153"
4812,"3,85,86"
4813,"10,60,61"
4814,"23,24,49"
4815,"10,64,448"
4816,"169,296,411"
4817,"0,279,249"
4818,"25,24,23"
4819,"3,21,187"
4820,"199,169,281"
4821,"8,0,206"
4822,"3,17,168"
4823,"72,24,44"
4824,"3,13,56"
4825,"32,23,31"
4826,"11,24,44"
4827,"11,10,109"
4828,"128,40,129"
4829,"3,21,53"
4830,"10,54,95"
4831,"26,23,89"
4832,"0,206,8"
4833,"131,40,226"
4834,"0,8,308"
4835,"147,3,148"
4836,"44,45,145"
4837,"40,145,146"
4838,"17,168,3"
4839,"21,3,102"
4840,"337,251,170"
4841,"169,199,170"
4842,"3,111,267"
4843,"71,23,38"
4844,"11,109,10"
4845,"3,147,148"
4846,"3,147,148"
4847,"220,10,242"
4848,"3,34,143"
4849,"145,40,402"
4850,"0,8,206"
4851,"128,40,195"
4852,"40,131,162"
4853,"40,145,146"
4854,"3,28,190"
4855,"23,43,24"
4856,"40,128,129"
4857,"220,10,242"
4858,"24,49,23"
4859,"10,220,221"
4860,"3,53,17"
4861,"10,64,54"
4862,"40,41,160"
4863,"169,199,343"
4864,"3,40,115"
4865,"128,40,129"
4866,"49,24,23"
4867,"3,134,147"
4868,"32,23,31"
4869,"0,271,255"
4870,"10,64,338"
4871,"169,170,171"
4872,"10,220,221"
4873,"169,199,281"
4874,"23,74,165"
4875,"3,182,68"
4876,"17,168,3"
4877,"0,249,279"
4878,"40,41,128"
4879,"0,8,218"
4880,"402,145,40"
4881,"23,38,74"
4882,"220,10,242"
4883,"3,53,287"
4884,"0,313,346"
4885,"175,128,40"
4886,"21,3,127"
4887,"3,53,15"
4888,"147,3,156"
4889,"169,199,170"
4890,"10,205,11"
4891,"323,169,199"
4892,"3,85,158"
4893,"271,0,456"
4894,"145,44,40"
4895,"0,8,206"
4896,"10,54,95"
4897,"23,74,60"
4898,"21,3,108"
4899,"3,21,17"
4900,"3,21,301"
4901,"10,11,205"
4902,"169,296,333"
4903,"169,170,199"
4904,"40,160,315"
4905,"169,199,281"
4906,"10,64,473"
4907,"0,216,271"
4908,"3,30,21"
4909,"17,3,168"
4910,"23,74,38"
4911,"54,10,322"
4912,"3,21,108"
4913,"43,23,10"
4914,"448,10,64"
4915,"3,182,68"
4916,"220,10,221"
4917,"0,216,208"
4918,"23,74,38"
4919,"23,38,309"
4920,"3,66,30"
4921,"23,26,38"
4922,"64,10,80"
4923,"265,0,169"
4924,"15,16,3"
4925,"40,41,131"
4926,"64,10,448"
4927,"3,21,164"
4928,"11,10,205"
4929,"40,128,195"
4930,"40,184,131"
4931,"3,28,30"
4932,"40,41,324"
4933,"10,64,80"
4934,"220,10,242"
4935,"74,23,118"
4936,"220,10,242"
4937,"169,170,260"
4938,"40,41,139"
4939,"249,0,279"
4940,"169,199,323"
4941,"0,216,211"
4942,"23,49,31"
4943,"23,71,38"
4944,"49,23,24"
4945,"220,10,242"
4946,"128,8,129"
4947,"23,31,454"
4948,"40,41,160"
4949,"145,44,40"
4950,"3,113,28"
4951,"26,23,231"
4952,"8,206,0"
4953,"4,3,238"
4954,"40,31,134"
4955,"145,40,44"
4956,"220,10,242"
4957,"26,23,89"
4958,"10,64,65"
4959,"11,109,10"
4960,"169,199,170"
4961,"169,428,111"
4962,"5,3,133"
4963,"100,222,40"
4964,"8,0,206"
4965,"3,21,48"
4966,"44,24,145"
4967,"3,4,183"
4968,"23,24,11"
4969,"10,220,242"
4970,"23,38,71"
4971,"10,220,221"
4972,"220,10,242"
4973,"21,3,41"
4974,"4,19,3"
4975,"24,23,10"
4976,"21,3,48"
4977,"3,21,147"
4978,"74,23,118"
4979,"3,17,13"
4980,"0,216,254"
4981,"45,44,145"
4982,"169,170,426"
4983,"40,135,139"
4984,"3,53,287"
4985,"3,30,66"
4986,"23,74,118"
4987,"40,131,241"
4988,"0,216,89"
4989,"131,40,406"
4990,"23,74,303"
4991,"10,11,109"
4992,"3,284,111"
4993,"3,28,190"
4994,"40,41,324"
4995,"64,10,448"
4996,"23,31,96"
4997,"169,199,170"
4998,"220,10,242"
4999,"10,64,93"
5000,"54,10,145"
5001,"4,238,3"
5002,"3,53,34"
5003,"23,74,317"
5004,"3,40,115"
5005,"169,199,260"
5006,"23,26,89"
5007,"169,199,281"
5008,"40,160,152"
5009,"40,131,226"
5010,"249,279,23"
5011,"0,272,361"
5012,"54,145,24"
5013,"4,3,183"
5014,"23,38,39"
5015,"10,64,93"
5016,"10,64,93"
5017,"4,3,435"
5018,"248,169,199"
5019,"169,199,323"
5020,"138,135,40"
5021,"10,11,419"
5022,"10,64,80"
5023,"26,89,23"
5024,"3,5,228"
5025,"21,3,169"
5026,"0,313,346"
5027,"40,41,286"
5028,"3,111,53"
5029,"147,3,203"
5030,"0,8,26"
5031,"4,3,19"
5032,"135,138,40"
5033,"199,169,343"
5034,"34,237,143"
5035,"0,8,355"
5036,"147,3,148"
5037,"169,296,411"
5038,"170,169,337"
5039,"131,40,406"
5040,"24,43,23"
5041,"64,10,80"
5042,"23,26,231"
5043,"10,11,109"
5044,"10,64,93"
5045,"128,40,129"
5046,"147,3,148"
5047,"4,3,19"
5048,"23,74,71"
5049,"3,85,86"
5050,"3,34,263"
5051,"184,40,185"
5052,"40,131,142"
5053,"16,15,3"
5054,"74,23,118"
5055,"3,4,53"
5056,"10,90,64"
5057,"3,147,148"
5058,"10,145,54"
5059,"3,21,169"
5060,"3,53,21"
5061,"3,53,21"
5062,"169,170,260"
5063,"21,3,127"
5064,"0,271,291"
5065,"3,4,5"
5066,"0,8,235"
5067,"3,4,238"
5068,"40,131,406"
5069,"4,3,238"
5070,"340,265,0"
5071,"64,10,442"
5072,"145,40,44"
5073,"40,135,244"
5074,"3,34,21"
5075,"3,21,127"
5076,"3,21,108"
5077,"3,21,154"
5078,"10,220,242"
5079,"40,41,324"
5080,"64,10,80"
5081,"220,10,242"
5082,"23,74,38"
5083,"169,274,296"
5084,"54,10,145"
5085,"3,21,115"
5086,"184,185,40"
5087,"17,168,3"
5088,"131,40,406"
5089,"3,21,115"
5090,"169,199,281"
5091,"24,23,25"
5092,"10,220,221"
5093,"10,220,0"
5094,"11,10,12"
5095,"71,23,38"
5096,"10,11,109"
5097,"10,64,93"
5098,"0,216,271"
5099,"11,109,44"
5100,"169,296,411"
5101,"128,40,129"
5102,"170,169,459"
5103,"162,163,40"
5104,"23,31,258"
5105,"169,199,259"
5106,"3,34,21"
5107,"3,168,17"
5108,"32,23,3"
5109,"17,168,3"
5110,"3,21,48"
5111,"40,395,145"
5112,"3,147,148"
5113,"3,16,15"
5114,"21,3,164"
5115,"10,54,24"
5116,"169,199,251"
5117,"249,0,279"
5118,"3,147,148"
5119,"3,66,30"
5120,"3,111,119"
5121,"10,54,64"
5122,"3,147,148"
5123,"3,53,111"
5124,"10,64,90"
5125,"44,45,145"
5126,"40,131,406"
5127,"169,199,426"
5128,"131,40,226"
5129,"128,129,40"
5130,"220,221,242"
5131,"23,74,84"
5132,"23,74,38"
5133,"10,220,221"
5134,"145,40,402"
5135,"0,249,8"
5136,"40,139,153"
5137,"0,3,405"
5138,"8,206,0"
5139,"0,271,1"
5140,"10,64,93"
5141,"64,10,93"
5142,"10,64,65"
5143,"169,170,171"
5144,"26,23,350"
5145,"3,5,228"
5146,"23,105,303"
5147,"10,145,40"
5148,"0,216,254"
5149,"3,21,126"
5150,"10,64,448"
5151,"3,66,30"
5152,"10,64,80"
5153,"135,40,141"
5154,"10,11,12"
5155,"11,109,10"
5156,"3,21,17"
5157,"169,199,21"
5158,"40,131,241"
5159,"23,105,106"
5160,"3,4,238"
5161,"3,34,263"
5162,"199,169,343"
5163,"220,10,242"
5164,"23,26,350"
5165,"0,218,512"
5166,"23,31,77"
5167,"3,17,320"
5168,"220,10,242"
5169,"105,23,318"
5170,"23,0,208"
5171,"40,128,131"
5172,"21,3,127"
5173,"3,147,203"
5174,"24,44,72"
5175,"3,53,435"
5176,"147,3,148"
5177,"169,281,199"
5178,"169,170,260"
5179,"24,23,43"
5180,"11,10,109"
5181,"3,0,21"
5182,"10,24,23"
5183,"26,23,231"
5184,"11,10,109"
5185,"23,89,26"
5186,"3,21,108"
5187,"23,26,231"
5188,"3,5,228"
5189,"40,139,100"
5190,"3,21,53"
5191,"169,64,199"
5192,"54,10,145"
5193,"23,74,38"
5194,"3,21,40"
5195,"23,49,24"
5196,"10,12,11"
5197,"24,54,44"
5198,"40,139,153"
5199,"23,77,40"
5200,"23,26,24"
5201,"3,17,168"
5202,"128,40,129"
5203,"23,26,89"
5204,"23,74,38"
5205,"41,40,42"
5206,"3,28,190"
5207,"3,21,22"
5208,"0,8,206"
5209,"182,21,3"
5210,"23,38,39"
5211,"145,40,44"
5212,"169,199,426"
5213,"40,160,149"
5214,"3,111,472"
5215,"145,44,40"
5216,"54,95,24"
5217,"185,184,40"
5218,"323,199,169"
5219,"11,10,205"
5220,"23,131,169"
5221,"3,21,22"
5222,"24,23,54"
5223,"23,38,105"
5224,"40,128,129"
5225,"23,508,169"
5226,"23,26,89"
5227,"10,322,54"
5228,"0,456,271"
5229,"11,10,109"
5230,"26,23,231"
5231,"0,213,214"
5232,"3,13,111"
5233,"40,102,139"
5234,"40,128,129"
5235,"44,45,145"
5236,"26,23,89"
5237,"170,260,169"
5238,"10,64,93"
5239,"169,199,248"
5240,"10,11,109"
5241,"3,111,13"
5242,"23,26,89"
5243,"220,10,221"
5244,"23,137,38"
5245,"21,3,48"
5246,"152,40,151"
5247,"4,3,19"
5248,"169,170,296"
5249,"40,131,406"
5250,"40,131,226"
5251,"23,74,118"
5252,"21,3,48"
5253,"17,3,0"
5254,"74,23,118"
5255,"0,313,346"
5256,"169,199,170"
5257,"40,145,146"
5258,"10,109,11"
5259,"0,206,8"
5260,"26,23,89"
5261,"23,71,74"
5262,"60,10,61"
5263,"23,26,89"
5264,"23,24,25"
5265,"220,10,221"
5266,"339,337,169"
5267,"169,323,199"
5268,"4,238,3"
5269,"21,3,108"
5270,"0,271,456"
5271,"40,131,241"
5272,"10,23,60"
5273,"152,459,170"
5274,"40,131,132"
5275,"23,31,328"
5276,"0,8,206"
5277,"26,23,231"
5278,"169,296,426"
5279,"3,21,108"
5280,"23,89,26"
5281,"38,23,94"
5282,"23,169,199"
5283,"74,23,317"
5284,"0,271,355"
5285,"147,3,148"
5286,"34,3,237"
5287,"3,53,287"
5288,"3,66,30"
5289,"40,160,315"
5290,"3,21,164"
5291,"3,148,147"
5292,"23,74,38"
5293,"0,271,366"
5294,"23,26,89"
5295,"169,199,170"
5296,"40,162,163"
5297,"23,303,74"
5298,"169,281,199"
5299,"220,10,242"
5300,"24,23,43"
5301,"40,145,44"
5302,"169,296,274"
5303,"43,24,23"
5304,"24,23,25"
5305,"40,222,100"
5306,"3,34,168"
5307,"40,175,128"
5308,"40,145,44"
5309,"10,64,90"
5310,"23,74,165"
5311,"11,10,109"
5312,"40,160,3"
5313,"26,231,23"
5314,"0,271,291"
5315,"44,73,11"
5316,"0,249,357"
5317,"3,111,267"
5318,"0,265,271"
5319,"3,17,168"
5320,"169,3,287"
5321,"40,131,406"
5322,"3,34,143"
5323,"8,26,23"
5324,"23,24,145"
5325,"135,40,189"
5326,"3,111,112"
5327,"169,199,223"
5328,"17,168,320"
5329,"23,38,74"
5330,"160,40,74"
5331,"40,131,486"
5332,"23,105,326"
5333,"3,66,30"
5334,"40,135,138"
5335,"111,3,119"
5336,"199,169,343"
5337,"32,23,31"
5338,"169,199,170"
5339,"40,131,159"
5340,"169,170,171"
5341,"169,296,356"
5342,"3,21,164"
5343,"169,199,281"
5344,"54,10,95"
5345,"23,38,0"
5346,"11,23,109"
5347,"23,26,231"
5348,"8,26,0"
5349,"23,145,24"
5350,"23,296,169"
5351,"3,21,126"
5352,"131,40,226"
5353,"11,10,109"
5354,"54,10,145"
5355,"40,131,134"
5356,"3,139,40"
5357,"23,38,71"
5358,"3,30,66"
5359,"23,24,49"
5360,"23,26,89"
5361,"3,21,127"
5362,"23,38,309"
5363,"3,53,86"
5364,"10,11,109"
5365,"3,21,28"
5366,"3,147,148"
5367,"170,459,169"
5368,"169,170,199"
5369,"3,21,108"
5370,"4,3,238"
5371,"64,10,80"
5372,"23,40,31"
5373,"0,265,340"
5374,"10,64,169"
5375,"40,131,142"
5376,"169,199,281"
5377,"169,199,223"
5378,"4,3,19"
5379,"10,54,169"
5380,"23,105,318"
5381,"40,128,41"
5382,"220,10,242"
5383,"0,271,456"
5384,"40,131,241"
5385,"271,0,456"
5386,"23,31,96"
5387,"17,10,168"
5388,"10,11,12"
5389,"40,145,128"
5390,"145,44,40"
5391,"10,64,93"
5392,"169,296,411"
5393,"3,21,187"
5394,"402,145,40"
5395,"23,25,24"
5396,"118,74,23"
5397,"0,8,391"
5398,"0,8,271"
5399,"23,26,231"
5400,"3,48,21"
5401,"199,169,323"
5402,"49,10,239"
5403,"40,41,149"
5404,"0,271,522"
5405,"40,241,131"
5406,"40,128,186"
5407,"26,23,350"
5408,"169,199,382"
5409,"3,147,148"
5410,"8,206,0"
5411,"169,296,411"
5412,"169,199,251"
5413,"64,10,65"
5414,"216,0,380"
5415,"31,23,10"
5416,"3,147,53"
5417,"3,13,21"
5418,"10,11,109"
5419,"44,40,145"
5420,"17,3,168"
5421,"21,3,187"
5422,"3,21,187"
5423,"3,34,263"
5424,"10,93,64"
5425,"169,323,170"
5426,"40,3,467"
5427,"24,23,49"
5428,"10,64,448"
5429,"220,10,242"
5430,"3,34,263"
5431,"4,3,19"
5432,"23,309,38"
5433,"53,3,40"
5434,"8,0,235"
5435,"10,64,448"
5436,"23,38,71"
5437,"0,235,8"
5438,"23,89,26"
5439,"40,145,146"
5440,"23,26,38"
5441,"23,454,31"
5442,"0,8,265"
5443,"0,8,206"
5444,"3,111,21"
5445,"40,145,402"
5446,"271,0,456"
5447,"40,3,145"
5448,"24,23,173"
5449,"40,184,185"
5450,"10,60,239"
5451,"3,21,187"
5452,"169,296,411"
5453,"3,187,21"
5454,"169,170,0"
5455,"40,139,41"
5456,"0,271,216"
5457,"3,21,108"
5458,"258,31,10"
5459,"17,3,168"
5460,"3,147,148"
5461,"10,24,43"
5462,"40,140,23"
5463,"21,3,108"
5464,"3,28,190"
5465,"231,23,26"
5466,"0,265,271"
5467,"459,170,169"
5468,"23,43,24"
5469,"8,0,308"
5470,"26,0,23"
5471,"169,199,170"
5472,"74,23,317"
5473,"0,265,271"
5474,"0,271,355"
5475,"3,147,148"
5476,"3,111,284"
5477,"10,64,448"
5478,"23,24,44"
5479,"296,169,460"
5480,"169,199,281"
5481,"111,3,123"
5482,"169,199,170"
5483,"0,8,206"
5484,"3,68,53"
5485,"169,296,306"
5486,"3,53,287"
5487,"169,199,124"
5488,"23,32,31"
5489,"169,296,306"
5490,"21,3,164"
5491,"10,64,79"
5492,"3,21,48"
5493,"10,64,65"
5494,"3,30,4"
5495,"0,271,355"
5496,"40,128,129"
5497,"26,23,350"
5498,"3,168,17"
5499,"13,14,3"
5500,"11,10,12"
5501,"54,95,10"
5502,"23,74,38"
5503,"64,10,80"
5504,"23,74,118"
5505,"131,241,23"
5506,"0,8,410"
5507,"0,216,211"
5508,"271,0,355"
5509,"169,323,199"
5510,"3,21,164"
5511,"21,3,187"
5512,"199,169,135"
5513,"3,30,104"
5514,"10,220,242"
5515,"44,145,45"
5516,"131,40,406"
5517,"10,64,80"
5518,"40,131,23"
5519,"21,3,127"
5520,"23,71,38"
5521,"26,23,350"
5522,"23,105,318"
5523,"3,28,190"
5524,"220,10,242"
5525,"3,28,190"
5526,"23,31,328"
5527,"0,229,421"
5528,"111,3,119"
5529,"10,11,109"
5530,"85,3,158"
5531,"72,145,44"
5532,"23,38,91"
5533,"199,169,343"
5534,"3,15,16"
5535,"0,255,277"
5536,"13,3,506"
5537,"34,3,143"
5538,"170,169,260"
5539,"10,11,12"
5540,"74,23,303"
5541,"10,60,43"
5542,"3,21,187"
5543,"0,271,456"
5544,"23,71,38"
5545,"3,267,111"
5546,"23,43,24"
5547,"169,21,3"
5548,"17,3,320"
5549,"10,11,205"
5550,"135,40,138"
5551,"135,138,40"
5552,"0,40,288"
5553,"169,170,199"
5554,"0,271,291"
5555,"10,24,23"
5556,"23,40,253"
5557,"23,74,38"
5558,"0,208,209"
5559,"23,38,26"
5560,"3,66,15"
5561,"3,53,379"
5562,"10,11,12"
5563,"220,10,221"
5564,"10,23,43"
5565,"0,271,355"
5566,"44,145,40"
5567,"339,337,169"
5568,"3,5,228"
5569,"40,41,224"
5570,"10,220,221"
5571,"23,43,10"
5572,"169,323,170"
5573,"3,21,48"
5574,"40,250,139"
5575,"23,105,106"
5576,"169,170,199"
5577,"0,277,216"
5578,"0,8,308"
5579,"220,10,242"
5580,"129,128,40"
5581,"10,11,109"
5582,"3,4,375"
5583,"135,40,189"
5584,"40,131,159"
5585,"72,40,44"
5586,"135,40,138"
5587,"10,220,242"
5588,"128,40,129"
5589,"21,201,40"
5590,"0,271,355"
5591,"74,23,118"
5592,"40,131,226"
5593,"40,41,42"
5594,"220,10,242"
5595,"23,26,89"
5596,"0,271,456"
5597,"169,296,411"
5598,"40,395,496"
5599,"0,271,456"
5600,"3,113,66"
5601,"10,11,44"
5602,"21,3,127"
5603,"26,23,89"
5604,"23,48,38"
5605,"10,11,109"
5606,"220,10,242"
5607,"26,23,89"
5608,"10,220,242"
5609,"10,60,24"
5610,"3,4,19"
5611,"0,255,208"
5612,"0,271,255"
5613,"3,53,68"
5614,"23,26,231"
5615,"16,15,3"
5616,"10,64,93"
5617,"0,271,429"
5618,"26,0,350"
5619,"3,228,5"
5620,"10,64,93"
5621,"220,10,221"
5622,"40,128,195"
5623,"0,8,249"
5624,"0,456,271"
5625,"3,34,447"
5626,"40,145,44"
5627,"131,169,406"
5628,"40,131,23"
5629,"208,10,453"
5630,"10,60,239"
5631,"53,287,325"
5632,"40,128,131"
5633,"199,169,382"
5634,"170,459,138"
5635,"10,64,80"
5636,"169,171,199"
5637,"26,23,89"
5638,"11,205,10"
5639,"339,337,169"
5640,"40,128,129"
5641,"0,271,456"
5642,"169,199,281"
5643,"40,139,153"
5644,"199,169,382"
5645,"26,350,23"
5646,"54,10,145"
5647,"64,10,448"
5648,"23,74,31"
5649,"23,38,309"
5650,"3,28,190"
5651,"169,296,306"
5652,"0,216,380"
5653,"23,38,137"
5654,"4,19,3"
5655,"0,26,8"
5656,"3,21,127"
5657,"21,127,3"
5658,"3,147,148"
5659,"3,111,119"
5660,"40,41,224"
5661,"64,10,80"
5662,"146,145,40"
5663,"26,231,23"
5664,"0,271,444"
5665,"0,271,361"
5666,"40,139,153"
5667,"40,139,140"
5668,"23,74,118"
5669,"54,95,10"
5670,"0,265,349"
5671,"64,10,80"
5672,"10,24,23"
5673,"40,23,74"
5674,"64,10,80"
5675,"3,111,85"
5676,"23,74,303"
5677,"169,296,277"
5678,"74,23,118"
5679,"21,127,3"
5680,"0,271,314"
5681,"54,10,95"
5682,"3,21,108"
5683,"44,24,145"
5684,"40,160,41"
5685,"66,3,30"
5686,"3,148,147"
5687,"10,11,109"
5688,"89,26,23"
5689,"21,124,3"
5690,"64,10,338"
5691,"40,139,140"
5692,"169,411,296"
5693,"23,24,40"
5694,"23,231,26"
5695,"23,26,231"
5696,"23,60,10"
5697,"4,3,238"
5698,"24,44,145"
5699,"147,3,148"
5700,"160,40,315"
5701,"169,296,411"
5702,"21,3,126"
5703,"10,54,95"
5704,"10,64,93"
5705,"3,53,287"
5706,"16,15,3"
5707,"40,131,184"
5708,"169,170,426"
5709,"40,139,135"
5710,"10,60,61"
5711,"8,26,0"
5712,"0,355,271"
5713,"220,10,242"
5714,"131,40,226"
5715,"169,199,170"
5716,"169,170,337"
5717,"10,11,205"
5718,"3,147,16"
5719,"40,131,406"
5720,"169,131,199"
5721,"21,3,108"
5722,"24,23,220"
5723,"40,131,226"
5724,"10,64,65"
5725,"3,147,53"
5726,"0,271,366"
5727,"3,4,147"
5728,"199,169,343"
5729,"25,24,23"
5730,"10,64,323"
5731,"0,255,23"
5732,"0,271,170"
5733,"23,74,303"
5734,"40,146,145"
5735,"3,147,148"
5736,"23,38,105"
5737,"23,31,258"
5738,"3,21,379"
5739,"10,64,239"
5740,"4,3,435"
5741,"23,49,24"
5742,"220,10,221"
5743,"4,3,19"
5744,"265,0,340"
5745,"3,147,21"
5746,"10,64,448"
5747,"40,31,23"
5748,"54,10,95"
5749,"64,10,473"
5750,"220,10,242"
5751,"40,152,151"
5752,"138,199,135"
5753,"402,23,145"
5754,"40,41,152"
5755,"54,95,43"
5756,"199,169,343"
5757,"3,14,13"
5758,"40,152,151"
5759,"0,216,380"
5760,"220,10,221"
5761,"40,131,406"
5762,"3,28,111"
5763,"10,54,95"
5764,"4,3,19"
5765,"3,111,119"
5766,"10,11,61"
5767,"40,41,224"
5768,"23,231,26"
5769,"169,199,281"
5770,"3,164,21"
5771,"26,23,89"
5772,"54,10,322"
5773,"10,60,61"
5774,"3,21,48"
5775,"10,54,95"
5776,"44,145,45"
5777,"3,68,182"
5778,"21,3,127"
5779,"3,21,164"
5780,"89,26,0"
5781,"3,21,190"
5782,"145,40,44"
5783,"139,40,153"
5784,"3,111,112"
5785,"243,40,184"
5786,"169,199,170"
5787,"220,10,242"
5788,"23,74,317"
5789,"23,137,38"
5790,"26,23,8"
5791,"23,31,328"
5792,"10,90,64"
5793,"13,204,14"
5794,"10,220,11"
5795,"169,199,8"
5796,"169,199,171"
5797,"44,145,40"
5798,"23,169,170"
5799,"23,74,84"
5800,"10,11,12"
5801,"40,160,152"
5802,"23,38,74"
5803,"10,43,64"
5804,"23,74,38"
5805,"0,271,216"
5806,"0,277,216"
5807,"0,21,108"
5808,"3,147,148"
5809,"23,24,38"
5810,"11,10,109"
5811,"15,16,3"
5812,"169,199,281"
5813,"3,21,108"
5814,"0,271,8"
5815,"26,23,231"
5816,"15,16,170"
5817,"40,128,406"
5818,"23,31,328"
5819,"199,169,343"
5820,"220,10,242"
5821,"8,0,206"
5822,"0,265,208"
5823,"23,24,345"
5824,"10,24,11"
5825,"23,38,71"
5826,"23,74,24"
5827,"3,53,523"
5828,"220,10,242"
5829,"10,43,64"
5830,"23,10,31"
5831,"3,21,190"
5832,"23,31,328"
5833,"23,26,89"
5834,"23,26,89"
5835,"128,40,129"
5836,"4,19,3"
5837,"220,10,242"
5838,"3,21,187"
5839,"220,10,242"
5840,"40,131,241"
5841,"40,160,315"
5842,"11,10,109"
5843,"169,199,281"
5844,"3,21,85"
5845,"0,313,346"
5846,"3,320,17"
5847,"21,3,115"
5848,"3,0,208"
5849,"169,296,274"
5850,"220,10,242"
5851,"64,10,338"
5852,"23,74,26"
5853,"3,111,53"
5854,"169,199,343"
5855,"40,131,142"
5856,"0,249,279"
5857,"40,131,406"
5858,"17,3,168"
5859,"0,216,208"
5860,"10,64,93"
5861,"23,24,59"
5862,"11,109,44"
5863,"3,4,375"
5864,"145,402,40"
5865,"185,184,40"
5866,"23,309,38"
5867,"220,10,242"
5868,"10,43,24"
5869,"3,5,6"
5870,"3,85,21"
5871,"0,2,271"
5872,"64,10,93"
5873,"10,11,109"
5874,"3,21,108"
5875,"131,40,226"
5876,"169,287,199"
5877,"32,23,31"
5878,"0,271,2"
5879,"40,21,127"
5880,"40,160,315"
5881,"48,21,3"
5882,"40,131,226"
5883,"169,199,259"
5884,"23,24,38"
5885,"0,271,255"
5886,"23,100,24"
5887,"10,11,12"
5888,"23,24,49"
5889,"40,162,128"
5890,"23,24,25"
5891,"3,85,158"
5892,"0,271,366"
5893,"48,21,3"
5894,"23,49,24"
5895,"0,265,418"
5896,"17,3,168"
5897,"3,4,238"
5898,"3,10,168"
5899,"23,31,306"
5900,"40,131,406"
5901,"40,135,169"
5902,"135,40,236"
5903,"169,199,170"
5904,"23,74,118"
5905,"3,4,183"
5906,"11,10,109"
5907,"40,324,41"
5908,"169,170,459"
5909,"64,10,93"
5910,"0,211,216"
5911,"135,40,236"
5912,"23,24,25"
5913,"40,131,139"
5914,"0,8,308"
5915,"23,25,24"
5916,"131,40,406"
5917,"131,40,406"
5918,"40,128,195"
5919,"3,85,147"
5920,"24,11,62"
5921,"71,23,38"
5922,"0,216,304"
5923,"23,24,43"
5924,"0,208,265"
5925,"3,190,28"
5926,"64,10,80"
5927,"17,3,320"
5928,"3,30,48"
5929,"4,3,19"
5930,"169,199,323"
5931,"11,10,109"
5932,"10,64,93"
5933,"3,21,115"
5934,"4,3,435"
5935,"169,199,170"
5936,"0,11,218"
5937,"145,23,40"
5938,"23,26,231"
5939,"160,40,315"
5940,"0,216,208"
5941,"10,64,80"
5942,"3,4,86"
5943,"220,221,10"
5944,"4,3,183"
5945,"40,141,135"
5946,"23,74,118"
5947,"26,23,89"
5948,"220,10,242"
5949,"208,0,100"
5950,"145,40,44"
5951,"0,271,291"
5952,"23,169,199"
5953,"3,48,21"
5954,"40,149,41"
5955,"135,138,40"
5956,"3,147,21"
5957,"16,15,3"
5958,"3,33,147"
5959,"169,8,274"
5960,"3,263,34"
5961,"40,135,23"
5962,"3,17,320"
5963,"145,44,40"
5964,"147,3,148"
5965,"0,218,11"
5966,"40,131,226"
5967,"145,23,40"
5968,"16,15,3"
5969,"199,169,343"
5970,"23,24,44"
5971,"169,170,199"
5972,"43,24,23"
5973,"206,8,0"
5974,"21,3,187"
5975,"23,74,303"
5976,"40,135,236"
5977,"10,23,24"
5978,"3,17,168"
5979,"64,10,448"
5980,"54,10,24"
5981,"0,265,340"
5982,"0,304,271"
5983,"10,11,109"
5984,"199,169,26"
5985,"4,3,238"
5986,"40,160,41"
5987,"0,216,304"
5988,"26,231,23"
5989,"3,21,127"
5990,"3,170,21"
5991,"0,8,285"
5992,"0,211,216"
5993,"10,220,221"
5994,"40,131,241"
5995,"448,64,10"
5996,"4,19,3"
5997,"220,10,242"
5998,"5,3,228"
5999,"40,162,128"
6000,"10,64,93"
6001,"3,53,523"
6002,"3,53,287"
6003,"0,214,304"
6004,"23,38,165"
6005,"10,60,239"
6006,"40,131,406"
6007,"23,105,318"
6008,"3,169,21"
6009,"3,21,108"
6010,"10,64,65"
6011,"3,5,228"
6012,"64,10,93"
6013,"10,54,95"
6014,"3,53,15"
6015,"3,169,68"
6016,"3,21,108"
6017,"323,199,169"
6018,"0,8,208"
6019,"3,111,112"
6020,"10,64,93"
6021,"0,456,271"
6022,"8,0,206"
6023,"3,21,127"
6024,"0,206,8"
6025,"10,12,61"
6026,"3,21,108"
6027,"235,0,8"
6028,"3,147,156"
6029,"40,131,406"
6030,"3,21,30"
6031,"23,74,118"
6032,"0,255,271"
6033,"40,145,402"
6034,"3,30,111"
6035,"135,40,138"
6036,"145,40,44"
6037,"74,23,118"
6038,"23,26,231"
6039,"3,4,238"
6040,"40,160,152"
6041,"131,406,40"
6042,"3,111,21"
6043,"135,138,374"
6044,"0,249,279"
6045,"131,40,226"
6046,"220,10,242"
6047,"43,24,23"
6048,"11,109,44"
6049,"48,23,21"
6050,"23,74,303"
6051,"23,38,40"
6052,"3,17,168"
6053,"40,139,41"
6054,"40,24,49"
6055,"168,17,10"
6056,"3,21,187"
6057,"0,216,257"
6058,"40,159,356"
6059,"23,74,63"
6060,"40,128,41"
6061,"40,41,139"
6062,"23,74,241"
6063,"40,151,145"
6064,"3,21,48"
6065,"23,74,24"
6066,"3,30,104"
6067,"118,23,74"
6068,"169,199,248"
6069,"4,3,435"
6070,"4,3,174"
6071,"5,3,228"
6072,"0,8,271"
6073,"169,296,306"
6074,"3,66,53"
6075,"40,41,149"
6076,"145,44,40"
6077,"0,271,272"
6078,"169,199,131"
6079,"10,43,24"
6080,"10,11,109"
6081,"3,17,21"
6082,"0,216,304"
6083,"0,216,271"
6084,"23,26,89"
6085,"10,60,64"
6086,"160,40,315"
6087,"23,74,303"
6088,"24,23,49"
6089,"24,23,43"
6090,"10,64,93"
6091,"10,64,65"
6092,"169,199,323"
6093,"40,139,155"
6094,"23,31,328"
6095,"26,23,350"
6096,"3,21,108"
6097,"10,54,11"
6098,"4,3,19"
6099,"10,64,93"
6100,"8,0,206"
6101,"40,162,163"
6102,"169,199,323"
6103,"0,271,456"
6104,"169,199,343"
6105,"169,296,336"
6106,"0,208,209"
6107,"40,184,494"
6108,"10,11,12"
6109,"3,66,30"
6110,"10,11,60"
6111,"23,105,24"
6112,"40,139,155"
6113,"199,169,323"
6114,"220,10,242"
6115,"169,199,23"
6116,"0,216,254"
6117,"0,265,340"
6118,"23,26,38"
6119,"11,10,205"
6120,"0,249,279"
6121,"54,145,44"
6122,"16,3,15"
6123,"40,152,151"
6124,"3,21,126"
6125,"0,208,216"
6126,"3,17,51"
6127,"3,21,48"
6128,"40,324,128"
6129,"44,145,40"
6130,"3,30,66"
6131,"3,17,168"
6132,"40,139,153"
6133,"0,271,352"
6134,"10,64,65"
6135,"3,147,148"
6136,"11,109,10"
6137,"3,66,30"
6138,"3,21,85"
6139,"21,3,350"
6140,"3,21,22"
6141,"40,145,44"
6142,"10,64,93"
6143,"10,64,65"
6144,"11,109,45"
6145,"224,41,40"
6146,"44,45,145"
6147,"0,89,26"
6148,"3,17,168"
6149,"64,10,93"
6150,"3,190,28"
6151,"23,31,134"
6152,"169,199,281"
6153,"169,199,356"
6154,"23,31,96"
6155,"220,10,221"
6156,"3,53,287"
6157,"23,24,38"
6158,"40,23,54"
6159,"40,131,406"
6160,"0,313,346"
6161,"3,16,15"
6162,"40,160,152"
6163,"170,169,251"
6164,"169,170,337"
6165,"10,95,54"
6166,"170,169,459"
6167,"220,10,242"
6168,"10,54,95"
6169,"3,53,523"
6170,"4,3,19"
6171,"169,296,460"
6172,"3,21,66"
6173,"10,60,61"
6174,"23,74,84"
6175,"10,23,60"
6176,"40,152,41"
6177,"23,40,31"
6178,"3,99,53"
6179,"169,199,323"
6180,"40,152,151"
6181,"220,10,221"
6182,"23,24,59"
6183,"23,31,258"
6184,"23,26,231"
6185,"3,104,30"
6186,"168,17,3"
6187,"23,24,31"
6188,"64,10,23"
6189,"74,23,118"
6190,"8,0,26"
6191,"23,74,317"
6192,"0,271,355"
6193,"40,145,402"
6194,"23,38,71"
6195,"23,24,105"
6196,"3,21,147"
6197,"3,21,126"
6198,"74,23,118"
6199,"43,23,24"
6200,"3,28,190"
6201,"10,64,93"
6202,"271,0,169"
6203,"23,31,96"
6204,"40,160,152"
6205,"23,26,89"
6206,"10,64,448"
6207,"139,40,153"
6208,"0,216,10"
6209,"3,21,85"
6210,"8,0,235"
6211,"3,21,22"
6212,"185,40,184"
6213,"26,23,89"
6214,"3,16,15"
6215,"10,11,205"
6216,"23,24,59"
6217,"40,159,131"
6218,"23,24,43"
6219,"40,131,41"
6220,"220,221,242"
6221,"0,271,362"
6222,"3,4,13"
6223,"40,131,226"
6224,"10,60,239"
6225,"220,242,10"
6226,"220,10,242"
6227,"64,10,80"
6228,"128,40,129"
6229,"3,21,187"
6230,"0,216,291"
6231,"0,265,266"
6232,"105,23,318"
6233,"0,214,213"
6234,"169,296,428"
6235,"3,21,187"
6236,"3,66,30"
6237,"128,129,40"
6238,"44,145,40"
6239,"44,45,145"
6240,"170,169,459"
6241,"131,40,406"
6242,"3,16,15"
6243,"3,21,48"
6244,"169,170,199"
6245,"40,23,135"
6246,"169,199,323"
6247,"3,21,127"
6248,"169,274,426"
6249,"24,23,253"
6250,"40,160,152"
6251,"0,216,257"
6252,"3,48,21"
6253,"3,21,148"
6254,"10,242,220"
6255,"147,148,3"
6256,"138,135,40"
6257,"255,463,0"
6258,"23,38,309"
6259,"0,313,346"
6260,"105,23,326"
6261,"40,184,185"
6262,"0,249,279"
6263,"40,135,41"
6264,"169,199,170"
6265,"10,93,64"
6266,"3,85,21"
6267,"3,21,30"
6268,"3,4,435"
6269,"3,30,21"
6270,"184,40,185"
6271,"3,21,187"
6272,"147,3,148"
6273,"3,85,147"
6274,"11,10,109"
6275,"3,228,28"
6276,"0,214,213"
6277,"11,10,109"
6278,"169,323,199"
6279,"17,168,320"
6280,"0,271,456"
6281,"100,222,3"
6282,"4,3,435"
6283,"160,40,3"
6284,"3,4,238"
6285,"4,3,238"
6286,"0,271,280"
6287,"10,64,93"
6288,"169,170,199"
6289,"3,111,161"
6290,"23,32,31"
6291,"40,131,139"
6292,"54,24,49"
6293,"3,53,287"
6294,"23,3,105"
6295,"10,44,45"
6296,"53,3,287"
6297,"8,206,0"
6298,"3,111,112"
6299,"10,11,205"
6300,"40,131,159"
6301,"199,169,382"
6302,"0,208,304"
6303,"145,40,402"
6304,"0,271,456"
6305,"23,24,11"
6306,"169,356,199"
6307,"23,74,303"
6308,"10,11,54"
6309,"127,21,3"
6310,"24,23,43"
6311,"10,64,11"
6312,"23,24,10"
6313,"169,281,199"
6314,"44,145,45"
6315,"74,23,118"
6316,"3,85,86"
6317,"44,45,145"
6318,"64,10,448"
6319,"64,10,80"
6320,"3,147,4"
6321,"10,64,93"
6322,"10,64,448"
6323,"10,54,95"
6324,"199,169,0"
6325,"128,40,129"
6326,"169,199,281"
6327,"4,19,3"
6328,"169,170,171"
6329,"220,10,242"
6330,"17,3,320"
6331,"3,4,238"
6332,"23,32,74"
6333,"10,60,239"
6334,"54,10,322"
6335,"23,38,39"
6336,"3,17,53"
6337,"3,13,17"
6338,"3,147,148"
6339,"23,26,89"
6340,"3,85,158"
6341,"13,14,3"
6342,"44,11,145"
6343,"10,64,24"
6344,"0,8,26"
6345,"206,0,8"
6346,"40,145,44"
6347,"220,10,242"
6348,"38,169,23"
6349,"53,3,467"
6350,"169,199,343"
6351,"40,160,152"
6352,"0,24,265"
6353,"0,255,462"
6354,"3,28,190"
6355,"54,10,95"
6356,"3,148,21"
6357,"23,31,96"
6358,"4,3,238"
6359,"40,23,145"
6360,"0,208,209"
6361,"169,296,170"
6362,"23,24,43"
6363,"40,41,224"
6364,"3,21,187"
6365,"40,145,146"
6366,"128,40,129"
6367,"23,31,258"
6368,"10,220,242"
6369,"111,3,119"
6370,"11,109,10"
6371,"23,74,3"
6372,"0,216,254"
6373,"3,111,119"
6374,"220,10,242"
6375,"131,40,406"
6376,"3,34,21"
6377,"23,24,49"
6378,"40,185,184"
6379,"3,53,21"
6380,"0,265,340"
6381,"271,0,456"
6382,"0,271,291"
6383,"220,10,242"
6384,"126,41,40"
6385,"23,62,24"
6386,"8,0,308"
6387,"169,199,170"
6388,"206,8,0"
6389,"3,148,147"
6390,"74,303,23"
6391,"10,220,242"
6392,"23,74,38"
6393,"3,169,199"
6394,"40,145,44"
6395,"0,216,277"
6396,"40,184,185"
6397,"169,199,281"
6398,"0,271,280"
6399,"220,10,242"
6400,"11,10,109"
6401,"0,265,271"
6402,"147,148,3"
6403,"3,158,85"
6404,"10,64,93"
6405,"24,23,43"
6406,"208,0,369"
6407,"40,145,146"
6408,"3,21,111"
6409,"0,313,346"
6410,"3,190,28"
6411,"23,74,84"
6412,"16,15,3"
6413,"23,24,25"
6414,"3,237,34"
6415,"3,66,30"
6416,"4,3,435"
6417,"23,74,317"
6418,"185,184,170"
6419,"40,131,406"
6420,"135,40,138"
6421,"3,4,183"
6422,"40,131,395"
6423,"169,170,199"
6424,"64,10,448"
6425,"13,3,204"
6426,"8,0,235"
6427,"40,145,478"
6428,"3,147,148"
6429,"131,226,40"
6430,"8,0,285"
6431,"199,169,323"
6432,"205,10,11"
6433,"10,49,24"
6434,"0,89,23"
6435,"184,185,40"
6436,"118,74,23"
6437,"23,40,74"
6438,"3,147,148"
6439,"3,17,168"
6440,"40,131,159"
6441,"26,23,231"
6442,"169,199,26"
6443,"74,23,107"
6444,"10,64,93"
6445,"3,4,19"
6446,"184,185,40"
6447,"4,19,3"
6448,"10,40,139"
6449,"3,17,168"
6450,"169,199,281"
6451,"40,135,395"
6452,"23,38,39"
6453,"8,0,206"
6454,"145,44,40"
6455,"45,44,145"
6456,"8,0,308"
6457,"3,16,100"
6458,"40,395,396"
6459,"3,21,187"
6460,"10,64,448"
6461,"0,313,271"
6462,"220,10,242"
6463,"28,23,113"
6464,"23,131,31"
6465,"3,53,115"
6466,"10,93,64"
6467,"0,271,456"
6468,"10,24,23"
6469,"40,131,241"
6470,"0,229,421"
6471,"40,139,13"
6472,"43,24,23"
6473,"3,147,148"
6474,"3,523,148"
6475,"131,40,226"
6476,"40,41,42"
6477,"3,128,40"
6478,"0,216,304"
6479,"40,42,41"
6480,"214,213,0"
6481,"237,40,34"
6482,"169,296,411"
6483,"40,160,41"
6484,"145,40,23"
6485,"0,216,277"
6486,"0,271,490"
6487,"3,15,13"
6488,"131,40,134"
6489,"23,38,137"
6490,"3,111,267"
6491,"0,8,308"
6492,"170,169,271"
6493,"28,190,3"
6494,"10,64,93"
6495,"169,296,306"
6496,"64,10,338"
6497,"169,170,459"
6498,"0,8,206"
6499,"169,170,260"
6500,"10,54,95"
6501,"3,85,15"
6502,"0,208,206"
6503,"23,31,77"
6504,"220,10,221"
6505,"10,90,64"
6506,"0,271,216"
6507,"40,135,21"
6508,"11,10,109"
6509,"128,40,129"
6510,"145,44,40"
6511,"3,21,108"
6512,"169,199,170"
6513,"3,169,339"
6514,"10,11,109"
6515,"10,221,220"
6516,"11,10,109"
6517,"145,40,44"
6518,"10,11,109"
6519,"74,303,23"
6520,"40,131,406"
6521,"23,24,145"
6522,"3,53,523"
6523,"4,19,3"
6524,"145,40,44"
6525,"169,170,171"
6526,"169,170,311"
6527,"40,160,423"
6528,"3,66,30"
6529,"3,147,148"
6530,"3,21,126"
6531,"23,25,24"
6532,"23,26,89"
6533,"4,3,183"
6534,"169,199,281"
6535,"23,24,105"
6536,"40,41,149"
6537,"3,111,284"
6538,"3,147,85"
6539,"40,128,129"
6540,"145,40,402"
6541,"128,40,129"
6542,"169,170,0"
6543,"220,10,242"
6544,"3,21,108"
6545,"23,309,38"
6546,"64,10,448"
6547,"3,147,148"
6548,"40,152,160"
6549,"40,186,324"
6550,"40,131,406"
6551,"26,23,350"
6552,"145,44,40"
6553,"64,10,93"
6554,"10,221,220"
6555,"3,111,112"
6556,"11,10,205"
6557,"169,170,199"
6558,"23,32,74"
6559,"23,31,77"
6560,"199,40,169"
6561,"10,54,322"
6562,"23,31,258"
6563,"23,40,145"
6564,"23,71,38"
6565,"23,38,71"
6566,"40,139,153"
6567,"3,21,111"
6568,"3,17,320"
6569,"169,199,170"
6570,"0,271,2"
6571,"8,0,308"
6572,"23,38,26"
6573,"26,23,89"
6574,"23,49,24"
6575,"111,3,112"
6576,"337,339,169"
6577,"11,10,109"
6578,"0,216,211"
6579,"169,199,135"
6580,"145,44,40"
6581,"23,49,24"
6582,"131,40,406"
6583,"126,40,41"
6584,"40,152,151"
6585,"23,137,105"
6586,"16,15,3"
6587,"43,24,23"
6588,"220,10,221"
6589,"0,2,169"
6590,"23,231,10"
6591,"40,128,162"
6592,"40,139,153"
6593,"220,10,242"
6594,"145,40,502"
6595,"23,38,63"
6596,"11,109,218"
6597,"3,33,21"
6598,"4,3,7"
6599,"220,10,242"
6600,"23,38,91"
6601,"44,145,40"
6602,"3,21,115"
6603,"64,10,448"
6604,"40,41,224"
6605,"3,21,182"
6606,"3,147,148"
6607,"169,199,281"
6608,"23,74,118"
6609,"10,64,93"
6610,"147,148,3"
6611,"0,271,291"
6612,"23,24,345"
6613,"11,10,109"
6614,"170,3,169"
6615,"40,135,138"
6616,"4,3,238"
6617,"131,40,241"
6618,"128,40,129"
6619,"17,168,3"
6620,"3,21,108"
6621,"145,44,40"
6622,"0,211,216"
6623,"0,206,8"
6624,"169,170,199"
6625,"10,11,12"
6626,"40,138,135"
6627,"3,21,108"
6628,"220,221,10"
6629,"5,6,3"
6630,"26,23,350"
6631,"0,271,213"
6632,"3,21,187"
6633,"0,271,2"
6634,"287,53,23"
6635,"118,74,23"
6636,"26,23,350"
6637,"3,85,86"
6638,"23,26,89"
6639,"64,10,448"
6640,"147,3,148"
6641,"0,271,216"
6642,"169,199,311"
6643,"23,137,105"
6644,"3,21,127"
6645,"26,23,231"
6646,"145,44,40"
6647,"171,131,169"
6648,"8,169,405"
6649,"4,3,19"
6650,"169,199,323"
6651,"10,54,95"
6652,"40,41,224"
6653,"23,24,38"
6654,"74,23,317"
6655,"3,48,21"
6656,"40,41,42"
6657,"23,38,74"
6658,"169,199,281"
6659,"3,187,34"
6660,"220,10,221"
6661,"23,43,24"
6662,"145,23,24"
6663,"40,128,129"
6664,"220,221,242"
6665,"3,147,148"
6666,"0,216,313"
6667,"16,15,3"
6668,"131,40,406"
6669,"40,131,184"
6670,"40,395,396"
6671,"89,26,23"
6672,"23,74,26"
6673,"23,40,173"
6674,"0,218,216"
6675,"23,31,96"
6676,"10,64,93"
6677,"169,199,343"
6678,"40,128,131"
6679,"8,0,206"
6680,"0,249,279"
6681,"23,40,24"
6682,"10,54,322"
6683,"64,10,448"
6684,"21,3,108"
6685,"138,135,40"
6686,"40,160,315"
6687,"3,21,48"
6688,"0,216,370"
6689,"0,271,361"
6690,"145,54,10"
6691,"40,139,153"
6692,"199,169,281"
6693,"3,21,108"
6694,"0,271,280"
6695,"147,148,3"
6696,"3,4,183"
6697,"3,53,68"
6698,"131,40,406"
6699,"3,85,21"
6700,"3,21,164"
6701,"10,11,205"
6702,"40,395,139"
6703,"220,10,242"
6704,"3,13,85"
6705,"23,38,26"
6706,"13,14,3"
6707,"23,24,106"
6708,"16,15,3"
6709,"10,64,93"
6710,"313,26,350"
6711,"10,64,93"
6712,"3,21,108"
6713,"199,169,343"
6714,"23,74,38"
6715,"199,169,382"
6716,"220,10,221"
6717,"43,23,24"
6718,"8,0,405"
6719,"0,8,308"
6720,"74,23,303"
6721,"23,24,59"
6722,"44,145,40"
6723,"23,24,47"
6724,"220,10,221"
6725,"40,131,241"
6726,"169,199,171"
6727,"0,271,424"
6728,"3,16,15"
6729,"131,40,226"
6730,"0,214,216"
6731,"199,169,171"
6732,"3,21,34"
6733,"3,147,36"
6734,"11,10,109"
6735,"26,23,89"
6736,"23,38,137"
6737,"10,54,145"
6738,"220,10,221"
6739,"3,147,86"
6740,"8,206,0"
6741,"169,199,170"
6742,"24,11,59"
6743,"220,221,10"
6744,"0,8,206"
6745,"3,13,17"
6746,"23,74,303"
6747,"23,43,24"
6748,"3,17,21"
6749,"3,111,474"
6750,"3,4,238"
6751,"0,271,291"
6752,"40,127,41"
6753,"40,41,127"
6754,"40,139,140"
6755,"169,296,371"
6756,"10,220,221"
6757,"23,48,24"
6758,"3,34,4"
6759,"3,33,147"
6760,"26,23,89"
6761,"10,11,12"
6762,"169,199,343"
6763,"26,231,23"
6764,"3,48,81"
6765,"3,15,111"
6766,"271,0,456"
6767,"44,45,145"
6768,"220,242,10"
6769,"169,199,323"
6770,"40,36,160"
6771,"0,8,277"
6772,"23,118,74"
6773,"40,160,41"
6774,"3,21,53"
6775,"3,19,4"
6776,"3,17,168"
6777,"169,296,306"
6778,"40,128,129"
6779,"0,271,456"
6780,"17,168,3"
6781,"40,131,142"
6782,"23,26,231"
6783,"169,199,281"
6784,"145,44,40"
6785,"0,313,314"
6786,"10,173,419"
6787,"40,131,142"
6788,"10,54,24"
6789,"23,169,31"
6790,"8,0,206"
6791,"10,54,322"
6792,"235,0,8"
6793,"220,10,221"
6794,"10,239,49"
6795,"0,355,271"
6796,"40,169,199"
6797,"23,38,63"
6798,"3,21,187"
6799,"4,3,435"
6800,"4,3,238"
6801,"23,38,71"
6802,"3,85,21"
6803,"0,271,456"
6804,"10,11,109"
6805,"23,105,326"
6806,"25,24,23"
6807,"339,337,0"
6808,"169,296,306"
6809,"3,4,238"
6810,"0,255,348"
6811,"40,3,395"
6812,"3,21,30"
6813,"3,34,447"
6814,"3,4,435"
6815,"10,11,12"
6816,"40,160,423"
6817,"169,199,281"
6818,"3,21,28"
6819,"21,3,108"
6820,"0,265,208"
6821,"0,271,213"
6822,"23,38,105"
6823,"40,41,128"
6824,"0,271,363"
6825,"64,10,448"
6826,"160,40,135"
6827,"131,40,226"
6828,"0,214,213"
6829,"54,10,95"
6830,"23,32,74"
6831,"10,64,338"
6832,"169,170,260"
6833,"21,3,182"
6834,"53,3,523"
6835,"40,135,236"
6836,"4,19,3"
6837,"64,10,80"
6838,"23,74,38"
6839,"23,74,38"
6840,"10,220,242"
6841,"169,296,428"
6842,"23,24,38"
6843,"23,26,89"
6844,"40,41,286"
6845,"0,271,456"
6846,"54,10,145"
6847,"3,34,263"
6848,"11,10,109"
6849,"23,43,24"
6850,"3,21,108"
6851,"23,10,24"
6852,"10,64,448"
6853,"220,493,10"
6854,"44,145,95"
6855,"3,379,389"
6856,"23,105,326"
6857,"16,3,15"
6858,"8,0,206"
6859,"0,8,285"
6860,"199,169,343"
6861,"169,199,343"
6862,"3,147,148"
6863,"44,45,145"
6864,"11,10,12"
6865,"40,162,163"
6866,"169,296,274"
6867,"10,64,338"
6868,"0,456,271"
6869,"10,64,80"
6870,"3,53,111"
6871,"40,159,131"
6872,"40,131,142"
6873,"23,26,24"
6874,"0,214,213"
6875,"26,23,350"
6876,"199,169,281"
6877,"89,26,23"
6878,"339,337,169"
6879,"21,3,187"
6880,"8,206,0"
6881,"10,220,242"
6882,"169,199,281"
6883,"10,43,60"
6884,"26,350,23"
6885,"296,169,420"
6886,"40,139,155"
6887,"10,43,60"
6888,"21,127,3"
6889,"10,11,109"
6890,"0,271,363"
6891,"23,105,106"
6892,"26,23,350"
6893,"0,214,213"
6894,"23,26,89"
6895,"10,43,64"
6896,"40,139,100"
6897,"0,265,340"
6898,"105,23,318"
6899,"40,128,129"
6900,"23,38,74"
6901,"10,11,205"
6902,"23,26,350"
6903,"10,220,221"
6904,"23,38,39"
6905,"23,26,350"
6906,"74,23,303"
6907,"3,16,15"
6908,"118,74,23"
6909,"145,44,40"
6910,"8,0,391"
6911,"16,15,3"
6912,"169,199,171"
6913,"131,40,226"
6914,"8,0,206"
6915,"8,0,308"
6916,"74,23,303"
6917,"23,137,38"
6918,"23,31,328"
6919,"40,100,222"
6920,"3,4,30"
6921,"10,220,221"
6922,"3,4,238"
6923,"74,23,118"
6924,"23,74,303"
6925,"216,380,0"
6926,"23,26,89"
6927,"220,10,242"
6928,"214,213,0"
6929,"23,74,303"
6930,"3,13,150"
6931,"64,10,448"
6932,"40,152,151"
6933,"169,199,337"
6934,"10,220,242"
6935,"3,85,86"
6936,"3,17,320"
6937,"54,10,95"
6938,"3,53,111"
6939,"10,11,205"
6940,"23,74,165"
6941,"0,265,349"
6942,"54,10,145"
6943,"169,199,171"
6944,"3,4,183"
6945,"23,105,106"
6946,"169,170,436"
6947,"0,8,285"
6948,"3,156,147"
6949,"5,3,228"
6950,"3,56,17"
6951,"10,64,93"
6952,"23,49,24"
6953,"169,21,311"
6954,"10,220,221"
6955,"64,10,448"
6956,"220,10,221"
6957,"16,15,3"
6958,"220,10,221"
6959,"169,199,0"
6960,"3,4,30"
6961,"3,115,267"
6962,"145,44,45"
6963,"4,3,19"
6964,"40,241,131"
6965,"169,281,199"
6966,"26,23,89"
6967,"23,26,89"
6968,"0,366,216"
6969,"10,24,23"
6970,"3,85,21"
6971,"21,3,182"
6972,"131,40,406"
6973,"145,44,45"
6974,"23,71,38"
6975,"169,171,170"
6976,"220,10,242"
6977,"3,21,126"
6978,"3,53,34"
6979,"8,0,206"
6980,"3,127,21"
6981,"220,10,242"
6982,"64,10,338"
6983,"10,64,93"
6984,"40,41,149"
6985,"40,41,324"
6986,"199,323,64"
6987,"343,169,417"
6988,"160,40,315"
6989,"170,169,459"
6990,"170,260,169"
6991,"89,26,23"
6992,"40,41,224"
6993,"169,296,411"
6994,"38,23,309"
6995,"4,3,435"
6996,"3,21,187"
6997,"40,184,185"
6998,"169,199,171"
6999,"40,131,134"
7000,"10,64,93"
7001,"10,64,90"
7002,"40,100,222"
7003,"10,64,473"
7004,"3,168,17"
7005,"128,40,129"
7006,"169,296,411"
7007,"40,41,42"
7008,"147,3,148"
7009,"4,3,238"
7010,"4,3,188"
7011,"131,40,406"
7012,"3,21,53"
7013,"23,40,74"
7014,"0,363,271"
7015,"23,32,31"
7016,"145,44,40"
7017,"0,271,363"
7018,"17,3,320"
7019,"3,68,53"
7020,"23,118,24"
7021,"10,54,55"
7022,"40,41,128"
7023,"10,11,109"
7024,"23,31,39"
7025,"3,111,472"
7026,"21,3,126"
7027,"23,26,44"
7028,"0,475,218"
7029,"40,139,153"
7030,"40,41,224"
7031,"3,53,467"
7032,"3,17,168"
7033,"89,26,23"
7034,"0,271,272"
7035,"253,24,23"
7036,"11,10,109"
7037,"3,34,263"
7038,"40,185,184"
7039,"10,11,12"
7040,"169,296,507"
7041,"23,40,145"
7042,"10,60,64"
7043,"10,64,93"
7044,"10,54,43"
7045,"138,135,40"
7046,"44,45,145"
7047,"54,95,24"
7048,"3,21,30"
7049,"40,139,41"
7050,"0,277,513"
7051,"8,0,405"
7052,"26,350,23"
7053,"220,10,242"
7054,"40,160,41"
7055,"169,311,296"
7056,"24,23,25"
7057,"26,8,0"
7058,"3,14,99"
7059,"23,105,38"
7060,"3,21,85"
7061,"3,15,4"
7062,"74,23,40"
7063,"169,199,170"
7064,"23,89,26"
7065,"40,128,395"
7066,"0,271,444"
7067,"220,242,10"
7068,"169,199,382"
7069,"0,206,249"
7070,"74,23,118"
7071,"169,296,371"
7072,"23,137,38"
7073,"23,105,95"
7074,"10,3,21"
7075,"24,10,23"
7076,"0,265,271"
7077,"10,54,95"
7078,"23,74,118"
7079,"251,169,23"
7080,"17,3,168"
7081,"44,145,45"
7082,"10,220,242"
7083,"169,170,199"
7084,"0,8,235"
7085,"40,3,53"
7086,"23,38,24"
7087,"23,38,91"
7088,"24,43,23"
7089,"3,147,148"
7090,"3,4,183"
7091,"10,64,93"
7092,"23,105,326"
7093,"3,40,168"
7094,"204,14,13"
7095,"54,10,95"
7096,"21,3,201"
7097,"220,10,221"
7098,"3,169,287"
7099,"23,31,258"
7100,"0,8,285"
7101,"32,23,31"
7102,"23,24,59"
7103,"23,49,24"
7104,"23,74,303"
7105,"40,152,151"
7106,"145,44,40"
7107,"23,24,49"
7108,"10,11,12"
7109,"23,24,38"
7110,"10,11,12"
7111,"74,23,118"
7112,"169,170,199"
7113,"23,31,40"
7114,"23,24,345"
7115,"26,23,350"
7116,"23,145,40"
7117,"43,24,23"
7118,"24,25,44"
7119,"40,131,406"
7120,"128,40,195"
7121,"145,44,40"
7122,"8,0,235"
7123,"135,138,40"
7124,"3,21,53"
7125,"23,31,96"
7126,"169,170,343"
7127,"21,3,127"
7128,"10,220,242"
7129,"10,64,93"
7130,"3,53,523"
7131,"271,0,456"
7132,"10,205,11"
7133,"0,271,291"
7134,"10,64,338"
7135,"26,23,313"
7136,"169,170,337"
7137,"0,265,208"
7138,"3,111,182"
7139,"3,267,28"
7140,"21,3,108"
7141,"40,395,128"
7142,"105,23,318"
7143,"220,221,10"
7144,"169,199,0"
7145,"169,296,337"
7146,"23,74,38"
7147,"0,271,456"
7148,"40,128,139"
7149,"40,185,146"
7150,"3,169,21"
7151,"3,169,21"
7152,"169,199,356"
7153,"169,199,281"
7154,"0,8,206"
7155,"145,44,40"
7156,"111,3,40"
7157,"3,4,435"
7158,"169,199,3"
7159,"23,175,128"
7160,"40,160,41"
7161,"23,77,74"
7162,"169,171,170"
7163,"502,40,53"
7164,"41,40,111"
7165,"170,169,260"
7166,"169,311,21"
7167,"23,74,160"
7168,"3,112,111"
7169,"3,21,127"
7170,"0,95,54"
7171,"40,160,315"
7172,"40,160,41"
7173,"4,3,435"
7174,"0,8,216"
7175,"16,15,3"
7176,"0,214,213"
7177,"3,30,66"
7178,"255,0,463"
7179,"0,271,456"
7180,"135,138,40"
7181,"131,241,40"
7182,"40,41,139"
7183,"26,231,23"
7184,"169,296,411"
7185,"10,54,145"
7186,"145,40,54"
7187,"3,190,51"
7188,"64,10,442"
7189,"10,220,242"
7190,"3,53,287"
7191,"3,30,66"
7192,"10,64,24"
7193,"131,40,226"
7194,"128,40,129"
7195,"0,271,456"
7196,"40,160,315"
7197,"13,11,10"
7198,"40,41,139"
7199,"145,40,44"
7200,"0,8,308"
7201,"40,135,141"
7202,"10,64,80"
7203,"0,249,279"
7204,"199,169,343"
7205,"54,10,95"
7206,"145,40,402"
7207,"0,216,208"
7208,"3,21,51"
7209,"44,24,59"
7210,"3,126,21"
7211,"16,15,3"
7212,"4,3,238"
7213,"128,40,129"
7214,"24,23,43"
7215,"10,64,80"
7216,"3,53,287"
7217,"170,169,459"
7218,"169,199,281"
7219,"10,64,93"
7220,"10,220,221"
7221,"105,23,318"
7222,"145,44,45"
7223,"199,169,343"
7224,"220,10,221"
7225,"169,199,374"
7226,"3,21,187"
7227,"11,53,3"
7228,"3,21,126"
7229,"40,131,406"
7230,"3,85,86"
7231,"40,131,162"
7232,"0,271,355"
7233,"23,74,105"
7234,"3,17,168"
7235,"23,32,31"
7236,"220,10,242"
7237,"40,145,44"
7238,"21,3,108"
7239,"105,23,3"
7240,"3,168,17"
7241,"169,199,356"
7242,"3,147,148"
7243,"169,199,356"
7244,"13,150,3"
7245,"3,21,238"
7246,"160,40,315"
7247,"3,66,30"
7248,"40,145,146"
7249,"23,38,74"
7250,"169,21,3"
7251,"3,147,156"
7252,"3,21,126"
7253,"23,31,258"
7254,"40,128,129"
7255,"145,44,40"
7256,"139,40,140"
7257,"3,16,10"
7258,"40,10,139"
7259,"0,265,490"
7260,"24,23,43"
7261,"3,4,21"
7262,"23,169,31"
7263,"40,162,131"
7264,"0,366,216"
7265,"169,0,170"
7266,"23,38,91"
7267,"0,271,456"
7268,"3,66,30"
7269,"169,199,343"
7270,"105,23,326"
7271,"3,21,187"
7272,"3,170,21"
7273,"40,41,42"
7274,"3,34,263"
7275,"0,456,271"
7276,"23,0,26"
7277,"23,43,24"
7278,"131,406,40"
7279,"40,160,41"
7280,"3,168,17"
7281,"4,3,238"
7282,"40,395,128"
7283,"45,44,145"
7284,"0,271,522"
7285,"3,147,148"
7286,"0,265,340"
7287,"337,339,169"
7288,"3,53,287"
7289,"199,169,323"
7290,"3,4,70"
7291,"40,145,146"
7292,"32,23,31"
7293,"21,127,3"
7294,"131,40,406"
7295,"3,53,287"
7296,"0,8,206"
7297,"24,49,23"
7298,"0,271,522"
7299,"23,26,350"
7300,"11,10,109"
7301,"64,10,93"
7302,"339,337,169"
7303,"10,11,109"
7304,"337,339,169"
7305,"145,44,40"
7306,"3,17,320"
7307,"345,24,23"
7308,"10,64,60"
7309,"28,29,3"
7310,"3,30,21"
7311,"4,3,435"
7312,"10,11,205"
7313,"10,60,23"
7314,"0,265,208"
7315,"0,271,456"
7316,"131,406,40"
7317,"3,147,21"
7318,"23,74,63"
7319,"296,169,417"
7320,"23,74,118"
7321,"40,111,112"
7322,"40,131,406"
7323,"3,34,21"
7324,"216,77,304"
7325,"23,89,26"
7326,"26,231,23"
7327,"21,3,124"
7328,"40,135,169"
7329,"0,271,456"
7330,"3,17,168"
7331,"23,32,31"
7332,"40,41,224"
7333,"40,128,129"
7334,"0,271,444"
7335,"169,199,281"
7336,"169,199,281"
7337,"23,74,303"
7338,"10,60,61"
7339,"40,128,129"
7340,"16,15,3"
7341,"23,105,318"
7342,"40,41,324"
7343,"21,3,164"
7344,"169,199,171"
7345,"21,127,3"
7346,"3,40,41"
7347,"3,34,263"
7348,"26,231,23"
7349,"3,21,48"
7350,"40,23,184"
7351,"0,218,265"
7352,"23,38,25"
7353,"40,131,142"
7354,"0,340,265"
7355,"10,64,93"
7356,"13,3,23"
7357,"199,169,343"
7358,"3,85,21"
7359,"169,108,3"
7360,"128,129,130"
7361,"3,100,367"
7362,"131,40,226"
7363,"3,4,375"
7364,"36,35,3"
7365,"64,10,448"
7366,"169,436,343"
7367,"23,74,118"
7368,"286,41,126"
7369,"23,137,38"
7370,"220,10,242"
7371,"216,0,212"
7372,"16,15,3"
7373,"3,111,53"
7374,"3,13,85"
7375,"23,137,38"
7376,"145,44,40"
7377,"10,205,11"
7378,"40,128,129"
7379,"3,4,238"
7380,"23,26,89"
7381,"21,3,127"
7382,"220,10,242"
7383,"3,53,21"
7384,"0,8,265"
7385,"211,0,216"
7386,"4,19,3"
7387,"10,11,12"
7388,"23,31,258"
7389,"3,148,147"
7390,"21,3,108"
7391,"40,128,129"
7392,"54,10,95"
7393,"23,31,77"
7394,"23,38,31"
7395,"96,31,23"
7396,"170,169,40"
7397,"3,4,28"
7398,"10,220,221"
7399,"23,89,26"
7400,"44,145,45"
7401,"105,23,326"
7402,"64,10,448"
7403,"23,145,40"
7404,"40,128,395"
7405,"64,10,448"
7406,"40,139,155"
7407,"0,249,279"
7408,"199,169,343"
7409,"23,24,43"
7410,"3,21,187"
7411,"40,162,163"
7412,"40,135,139"
7413,"3,287,53"
7414,"3,147,156"
7415,"44,145,40"
7416,"10,54,95"
7417,"199,259,169"
7418,"40,131,142"
7419,"395,40,23"
7420,"0,218,509"
7421,"21,3,187"
7422,"0,277,353"
7423,"64,10,65"
7424,"23,38,39"
7425,"3,21,379"
7426,"10,11,205"
7427,"0,265,349"
7428,"3,85,86"
7429,"10,11,109"
7430,"224,40,41"
7431,"26,23,350"
7432,"169,199,170"
7433,"74,23,303"
7434,"169,199,296"
7435,"40,128,131"
7436,"3,21,17"
7437,"10,54,95"
7438,"0,429,456"
7439,"23,21,60"
7440,"26,23,350"
7441,"10,11,12"
7442,"169,199,170"
7443,"10,11,205"
7444,"199,169,343"
7445,"3,23,430"
7446,"23,26,74"
7447,"23,31,96"
7448,"3,21,127"
7449,"49,24,23"
7450,"3,21,108"
7451,"3,21,108"
7452,"44,145,24"
7453,"3,21,124"
7454,"23,89,26"
7455,"3,4,183"
7456,"169,296,306"
7457,"10,64,65"
7458,"23,74,118"
7459,"10,54,95"
7460,"26,23,350"
7461,"168,17,3"
7462,"23,10,49"
7463,"21,3,127"
7464,"199,169,374"
7465,"21,3,379"
7466,"40,23,131"
7467,"0,8,206"
7468,"23,303,74"
7469,"3,4,51"
7470,"23,31,96"
7471,"23,63,38"
7472,"199,169,323"
7473,"199,169,171"
7474,"0,271,444"
7475,"17,168,3"
7476,"160,40,315"
7477,"135,138,169"
7478,"10,60,24"
7479,"0,271,363"
7480,"3,21,127"
7481,"10,11,12"
7482,"170,260,169"
7483,"3,53,287"
7484,"0,291,457"
7485,"64,10,80"
7486,"216,0,370"
7487,"131,40,226"
7488,"255,0,462"
7489,"131,40,406"
7490,"3,85,21"
7491,"40,41,201"
7492,"40,128,175"
7493,"220,10,242"
7494,"0,265,285"
7495,"23,24,345"
7496,"40,41,224"
7497,"220,10,242"
7498,"26,23,350"
7499,"199,169,343"
7500,"4,3,19"
7501,"0,271,444"
7502,"10,11,109"
7503,"0,271,355"
7504,"169,23,170"
7505,"24,169,23"
7506,"23,74,118"
7507,"3,53,435"
7508,"169,171,170"
7509,"23,74,38"
7510,"3,160,40"
7511,"23,71,38"
7512,"0,271,355"
7513,"10,239,60"
7514,"23,74,118"
7515,"40,41,126"
7516,"21,3,48"
7517,"199,169,382"
7518,"131,40,159"
7519,"248,40,169"
7520,"220,10,242"
7521,"23,26,89"
7522,"24,25,23"
7523,"170,169,260"
7524,"0,271,255"
7525,"131,40,406"
7526,"3,147,148"
7527,"40,131,241"
7528,"3,111,4"
7529,"170,169,40"
7530,"10,60,23"
7531,"10,11,109"
7532,"145,40,437"
7533,"3,17,4"
7534,"3,16,15"
7535,"25,24,23"
7536,"10,64,65"
7537,"40,41,215"
7538,"3,34,447"
7539,"26,23,0"
7540,"135,3,40"
7541,"169,199,281"
7542,"40,127,21"
7543,"23,32,31"
7544,"0,271,366"
7545,"3,68,21"
7546,"8,0,26"
7547,"10,11,109"
7548,"0,255,271"
7549,"145,40,44"
7550,"40,13,401"
7551,"0,271,216"
7552,"3,21,187"
7553,"16,3,15"
7554,"10,90,64"
7555,"220,10,242"
7556,"23,290,31"
7557,"4,3,238"
7558,"40,139,41"
7559,"199,169,170"
7560,"23,38,71"
7561,"3,13,30"
7562,"199,169,323"
7563,"10,64,93"
7564,"16,3,15"
7565,"10,11,234"
7566,"220,10,242"
7567,"8,206,0"
7568,"220,10,242"
7569,"3,85,86"
7570,"10,64,93"
7571,"40,41,42"
7572,"145,44,40"
7573,"220,10,242"
7574,"40,131,3"
7575,"23,26,89"
7576,"3,4,19"
7577,"131,40,241"
7578,"169,170,260"
7579,"10,60,61"
7580,"23,74,303"
7581,"145,44,45"
7582,"0,216,257"
7583,"3,15,147"
7584,"40,131,241"
7585,"3,21,108"
7586,"3,21,66"
7587,"23,24,43"
7588,"3,147,30"
7589,"10,11,109"
7590,"3,66,30"
7591,"40,139,153"
7592,"3,147,148"
7593,"4,3,19"
7594,"16,15,3"
7595,"0,304,216"
7596,"10,24,43"
7597,"40,145,402"
7598,"40,23,25"
7599,"169,199,323"
7600,"169,199,281"
7601,"24,23,43"
7602,"23,38,26"
7603,"40,131,406"
7604,"23,74,38"
7605,"0,271,363"
7606,"26,23,350"
7607,"3,147,148"
7608,"220,10,242"
7609,"24,49,23"
7610,"0,357,216"
7611,"3,21,85"
7612,"10,64,80"
7613,"0,346,216"
7614,"11,10,205"
7615,"0,271,456"
7616,"220,10,242"
7617,"145,44,40"
7618,"3,51,28"
7619,"105,23,326"
7620,"10,43,24"
7621,"10,11,109"
7622,"10,239,60"
7623,"3,66,523"
7624,"169,171,199"
7625,"0,8,285"
7626,"3,168,17"
7627,"3,17,168"
7628,"21,3,126"
7629,"40,152,151"
7630,"23,131,406"
7631,"3,53,523"
7632,"43,23,24"
7633,"220,10,242"
7634,"23,26,89"
7635,"3,21,187"
7636,"10,60,239"
7637,"23,31,454"
7638,"40,152,151"
7639,"3,21,108"
7640,"49,24,23"
7641,"23,290,40"
7642,"0,277,211"
7643,"0,279,249"
7644,"3,21,187"
7645,"23,74,40"
7646,"3,5,228"
7647,"255,462,463"
7648,"23,105,495"
7649,"0,265,218"
7650,"169,296,300"
7651,"10,220,221"
7652,"160,40,315"
7653,"115,21,40"
7654,"10,64,80"
7655,"26,23,89"
7656,"10,43,64"
7657,"3,17,16"
7658,"23,38,137"
7659,"21,3,108"
7660,"3,51,52"
7661,"131,40,406"
7662,"220,10,242"
7663,"23,72,71"
7664,"169,10,170"
7665,"131,40,406"
7666,"160,169,40"
7667,"168,17,3"
7668,"3,147,148"
7669,"3,5,169"
7670,"0,271,280"
7671,"169,199,170"
7672,"10,220,242"
7673,"10,220,221"
7674,"459,170,169"
7675,"10,60,239"
7676,"128,195,40"
7677,"23,31,258"
7678,"23,24,43"
7679,"3,21,115"
7680,"21,3,182"
7681,"169,199,171"
7682,"40,131,406"
7683,"26,23,89"
7684,"3,21,108"
7685,"10,454,23"
7686,"0,265,349"
7687,"3,111,176"
7688,"40,135,138"
7689,"3,53,21"
7690,"3,111,21"
7691,"40,135,138"
7692,"40,131,241"
7693,"64,10,448"
7694,"3,17,168"
7695,"0,10,11"
7696,"0,208,216"
7697,"28,3,330"
7698,"135,40,141"
7699,"24,23,49"
7700,"169,199,343"
7701,"23,31,40"
7702,"169,199,426"
7703,"10,64,93"
7704,"23,89,26"
7705,"40,128,195"
7706,"3,275,53"
7707,"3,21,85"
7708,"145,40,44"
7709,"128,40,129"
7710,"40,160,315"
7711,"23,26,38"
7712,"0,8,285"
7713,"23,71,74"
7714,"0,26,8"
7715,"54,145,24"
7716,"169,426,311"
7717,"40,131,406"
7718,"10,64,11"
7719,"3,5,85"
7720,"40,131,406"
7721,"10,64,448"
7722,"126,21,3"
7723,"23,74,118"
7724,"3,287,53"
7725,"10,54,145"
7726,"21,126,3"
7727,"10,64,442"
7728,"40,145,146"
7729,"40,153,139"
7730,"40,139,17"
7731,"169,170,171"
7732,"3,379,21"
7733,"23,89,26"
7734,"64,10,448"
7735,"10,60,61"
7736,"23,40,38"
7737,"3,147,188"
7738,"40,160,41"
7739,"17,168,3"
7740,"23,24,10"
7741,"23,31,32"
7742,"3,4,174"
7743,"3,21,147"
7744,"3,21,53"
7745,"3,21,30"
7746,"40,41,324"
7747,"3,21,30"
7748,"26,231,23"
7749,"40,41,224"
7750,"10,54,322"
7751,"4,3,19"
7752,"0,271,444"
7753,"40,139,153"
7754,"265,23,0"
7755,"17,168,3"
7756,"3,21,115"
7757,"23,169,31"
7758,"23,32,74"
7759,"23,31,454"
7760,"23,24,145"
7761,"0,265,348"
7762,"145,40,402"
7763,"89,26,23"
7764,"23,26,89"
7765,"16,15,144"
7766,"10,64,93"
7767,"3,169,320"
7768,"16,15,3"
7769,"40,135,236"
7770,"147,148,3"
7771,"3,85,86"
7772,"3,30,66"
7773,"323,199,169"
7774,"0,271,2"
7775,"8,0,308"
7776,"3,147,148"
7777,"23,26,38"
7778,"131,40,134"
7779,"145,40,10"
7780,"10,11,109"
7781,"3,21,127"
7782,"23,74,165"
7783,"0,169,199"
7784,"4,3,238"
7785,"220,10,242"
7786,"3,267,111"
7787,"23,26,38"
7788,"313,0,346"
7789,"23,26,89"
7790,"23,26,38"
7791,"11,10,109"
7792,"21,3,40"
7793,"40,395,139"
7794,"10,220,242"
7795,"111,3,123"
7796,"220,10,242"
7797,"10,169,64"
7798,"169,296,428"
7799,"23,38,39"
7800,"40,131,241"
7801,"10,24,95"
7802,"74,23,38"
7803,"23,62,24"
7804,"17,168,3"
7805,"3,17,53"
7806,"40,131,406"
7807,"3,53,21"
7808,"105,23,318"
7809,"10,11,419"
7810,"0,208,255"
7811,"3,21,108"
7812,"10,11,12"
7813,"0,216,304"
7814,"169,199,171"
7815,"40,41,224"
7816,"139,153,40"
7817,"64,90,10"
7818,"3,17,168"
7819,"3,21,187"
7820,"10,64,93"
7821,"71,23,145"
7822,"0,271,355"
7823,"23,11,10"
7824,"16,15,3"
7825,"53,3,287"
7826,"40,135,169"
7827,"0,208,265"
7828,"89,26,23"
7829,"0,271,456"
7830,"23,231,26"
7831,"169,199,356"
7832,"216,23,0"
7833,"40,145,11"
7834,"3,30,66"
7835,"169,323,64"
7836,"251,337,169"
7837,"170,260,169"
7838,"11,10,205"
7839,"44,145,40"
7840,"3,182,68"
7841,"26,23,89"
7842,"40,128,131"
7843,"28,3,190"
7844,"0,265,266"
7845,"43,23,24"
7846,"131,40,226"
7847,"40,160,423"
7848,"4,3,238"
7849,"3,17,168"
7850,"3,21,108"
7851,"3,147,148"
7852,"40,128,129"
7853,"8,0,206"
7854,"10,23,26"
7855,"169,170,251"
7856,"44,45,145"
7857,"40,145,146"
7858,"40,160,41"
7859,"0,208,209"
7860,"8,0,235"
7861,"3,4,238"
7862,"23,74,118"
7863,"40,145,146"
7864,"105,23,318"
7865,"53,3,287"
7866,"54,10,95"
7867,"49,23,24"
7868,"0,271,313"
7869,"3,53,111"
7870,"64,10,93"
7871,"23,74,49"
7872,"3,219,53"
7873,"10,234,60"
7874,"89,26,23"
7875,"23,74,303"
7876,"23,287,3"
7877,"10,64,90"
7878,"40,41,139"
7879,"169,356,199"
7880,"40,41,42"
7881,"265,3,0"
7882,"10,64,93"
7883,"10,60,24"
7884,"135,40,138"
7885,"0,271,444"
7886,"17,168,3"
7887,"147,3,148"
7888,"0,265,418"
7889,"23,32,118"
7890,"17,168,3"
7891,"0,249,279"
7892,"10,234,60"
7893,"0,8,235"
7894,"147,148,3"
7895,"14,13,204"
7896,"40,41,135"
7897,"169,199,170"
7898,"40,160,41"
7899,"3,168,21"
7900,"10,54,279"
7901,"23,31,26"
7902,"0,271,265"
7903,"26,0,8"
7904,"21,3,108"
7905,"3,21,53"
7906,"169,171,199"
7907,"3,21,53"
7908,"169,199,281"
7909,"23,40,169"
7910,"169,199,171"
7911,"44,145,40"
7912,"23,74,165"
7913,"0,271,456"
7914,"10,64,93"
7915,"3,4,238"
7916,"3,53,111"
7917,"10,43,23"
7918,"44,145,45"
7919,"170,169,260"
7920,"169,170,260"
7921,"220,10,242"
7922,"169,296,336"
7923,"448,64,79"
7924,"169,170,3"
7925,"23,74,38"
7926,"10,64,93"
7927,"23,105,106"
7928,"74,23,303"
7929,"40,131,406"
7930,"0,456,271"
7931,"3,13,190"
7932,"0,265,349"
7933,"3,85,86"
7934,"3,287,325"
7935,"0,169,223"
7936,"53,3,467"
7937,"0,8,308"
7938,"44,24,45"
7939,"16,15,3"
7940,"40,135,141"
7941,"23,118,74"
7942,"10,11,12"
7943,"135,40,431"
7944,"128,40,129"
7945,"23,31,454"
7946,"169,170,296"
7947,"24,23,43"
7948,"135,40,138"
7949,"10,54,95"
7950,"23,26,350"
7951,"3,168,17"
7952,"4,3,19"
7953,"131,40,226"
7954,"0,216,214"
7955,"40,160,315"
7956,"3,85,86"
7957,"145,40,44"
7958,"40,102,21"
7959,"0,265,349"
7960,"169,199,259"
7961,"0,216,304"
7962,"10,44,45"
7963,"4,3,19"
7964,"3,23,150"
7965,"3,13,21"
7966,"16,15,3"
7967,"3,28,190"
7968,"23,44,145"
7969,"339,3,337"
7970,"40,41,127"
7971,"40,135,139"
7972,"40,131,241"
7973,"3,21,164"
7974,"0,271,456"
7975,"26,23,350"
7976,"23,24,59"
7977,"23,24,54"
7978,"0,271,291"
7979,"3,40,237"
7980,"10,24,23"
7981,"23,105,24"
7982,"40,131,406"
7983,"23,111,40"
7984,"3,21,147"
7985,"40,131,134"
7986,"10,220,242"
7987,"40,128,129"
7988,"40,17,100"
7989,"10,220,221"
7990,"23,26,89"
7991,"24,23,43"
7992,"16,15,3"
7993,"205,10,11"
7994,"10,64,60"
7995,"169,281,199"
7996,"0,271,456"
7997,"3,21,48"
7998,"28,330,190"
7999,"26,23,231"
8000,"169,296,199"
8001,"23,74,303"
8002,"40,131,226"
8003,"111,3,119"
8004,"23,89,26"
8005,"140,40,139"
8006,"64,10,80"
8007,"3,16,15"
8008,"3,21,13"
8009,"26,231,23"
8010,"26,23,350"
8011,"3,111,275"
8012,"23,26,8"
8013,"23,96,49"
8014,"0,271,255"
8015,"8,0,26"
8016,"169,199,343"
8017,"21,3,127"
8018,"21,3,127"
8019,"44,45,145"
8020,"234,10,54"
8021,"3,21,127"
8022,"23,38,26"
8023,"40,155,139"
8024,"10,60,61"
8025,"40,41,3"
8026,"111,40,3"
8027,"10,12,11"
8028,"0,366,271"
8029,"3,4,238"
8030,"3,143,34"
8031,"169,170,199"
8032,"23,26,89"
8033,"17,168,3"
8034,"23,10,31"
8035,"3,21,301"
8036,"74,23,317"
8037,"40,145,146"
8038,"152,151,40"
8039,"64,10,65"
8040,"3,21,34"
8041,"23,31,296"
8042,"139,40,155"
8043,"0,271,291"
8044,"169,199,343"
8045,"220,10,242"
8046,"3,21,4"
8047,"3,13,190"
8048,"3,13,14"
8049,"23,38,461"
8050,"17,3,168"
8051,"23,26,350"
8052,"8,206,0"
8053,"3,40,53"
8054,"3,17,168"
8055,"54,95,10"
8056,"23,31,145"
8057,"23,89,26"
8058,"3,66,30"
8059,"23,74,118"
8060,"220,10,242"
8061,"10,220,221"
8062,"40,23,241"
8063,"40,128,129"
8064,"10,60,239"
8065,"169,417,170"
8066,"3,4,86"
8067,"3,85,86"
8068,"3,85,17"
8069,"145,40,44"
8070,"17,3,320"
8071,"10,11,12"
8072,"23,44,24"
8073,"135,40,138"
8074,"23,31,258"
8075,"23,71,38"
8076,"40,184,185"
8077,"14,11,13"
8078,"10,54,95"
8079,"3,21,22"
8080,"40,131,241"
8081,"43,23,24"
8082,"26,89,23"
8083,"131,40,226"
8084,"40,395,128"
8085,"40,128,129"
8086,"3,34,447"
8087,"0,249,279"
8088,"0,265,349"
8089,"8,0,308"
8090,"0,313,346"
8091,"3,113,28"
8092,"24,44,45"
8093,"220,10,242"
8094,"169,199,23"
8095,"169,199,426"
8096,"131,40,226"
8097,"3,53,30"
8098,"220,10,242"
8099,"145,40,44"
8100,"23,38,31"
8101,"169,170,171"
8102,"23,26,89"
8103,"3,4,375"
8104,"3,4,30"
8105,"3,21,22"
8106,"145,40,44"
8107,"21,3,127"
8108,"3,53,523"
8109,"0,271,456"
8110,"3,147,148"
8111,"23,43,24"
8112,"23,31,258"
8113,"3,4,238"
8114,"40,128,162"
8115,"23,105,74"
8116,"147,3,148"
8117,"220,10,242"
8118,"3,147,148"
8119,"38,23,0"
8120,"26,23,231"
8121,"23,24,43"
8122,"16,15,3"
8123,"23,74,40"
8124,"169,296,306"
8125,"169,199,323"
8126,"10,11,109"
8127,"44,145,40"
8128,"23,10,60"
8129,"40,185,184"
8130,"74,23,118"
8131,"0,265,208"
8132,"23,32,31"
8133,"152,40,151"
8134,"10,220,221"
8135,"0,218,481"
8136,"169,296,306"
8137,"3,16,15"
8138,"3,21,108"
8139,"220,10,242"
8140,"23,74,303"
8141,"3,21,108"
8142,"44,45,145"
8143,"10,64,323"
8144,"169,296,333"
8145,"40,41,160"
8146,"17,3,168"
8147,"3,287,53"
8148,"4,3,238"
8149,"26,89,23"
8150,"169,296,526"
8151,"0,235,8"
8152,"160,40,315"
8153,"10,60,23"
8154,"0,271,291"
8155,"3,21,139"
8156,"0,313,346"
8157,"23,74,303"
8158,"8,0,308"
8159,"40,23,250"
8160,"40,41,324"
8161,"185,184,40"
8162,"169,3,199"
8163,"3,85,15"
8164,"145,24,44"
8165,"40,494,184"
8166,"10,64,23"
8167,"21,3,127"
8168,"4,3,183"
8169,"3,21,127"
8170,"0,463,214"
8171,"24,23,10"
8172,"199,169,343"
8173,"26,23,89"
8174,"0,216,254"
8175,"0,271,456"
8176,"40,131,406"
8177,"10,23,24"
8178,"0,265,349"
8179,"4,3,19"
8180,"169,170,311"
8181,"40,131,406"
8182,"40,139,241"
8183,"23,38,71"
8184,"131,40,159"
8185,"10,54,220"
8186,"182,68,21"
8187,"3,182,68"
8188,"3,21,108"
8189,"169,199,323"
8190,"23,31,96"
8191,"40,41,324"
8192,"3,15,16"
8193,"64,10,93"
8194,"3,28,30"
8195,"23,137,38"
8196,"145,44,40"
8197,"3,85,86"
8198,"23,105,38"
8199,"10,64,93"
8200,"220,10,242"
8201,"211,0,216"
8202,"3,17,168"
8203,"3,21,30"
8204,"23,38,26"
8205,"8,0,206"
8206,"26,23,89"
8207,"0,271,456"
8208,"40,241,131"
8209,"145,40,402"
8210,"0,8,308"
8211,"24,59,23"
8212,"23,38,309"
8213,"0,235,257"
8214,"23,309,11"
8215,"0,271,456"
8216,"220,10,242"
8217,"17,168,3"
8218,"4,3,19"
8219,"23,49,24"
8220,"3,21,108"
8221,"23,24,49"
8222,"105,23,326"
8223,"3,85,21"
8224,"23,24,49"
8225,"169,323,49"
8226,"23,74,38"
8227,"17,320,168"
8228,"23,26,89"
8229,"131,40,134"
8230,"21,3,127"
8231,"0,271,456"
8232,"23,74,165"
8233,"43,24,23"
8234,"3,53,287"
8235,"23,26,440"
8236,"23,74,63"
8237,"3,28,53"
8238,"100,265,222"
8239,"0,216,357"
8240,"0,271,291"
8241,"23,24,43"
8242,"4,3,19"
8243,"40,131,406"
8244,"40,160,152"
8245,"40,145,402"
8246,"10,234,60"
8247,"23,24,62"
8248,"4,3,435"
8249,"0,216,218"
8250,"74,23,118"
8251,"169,199,170"
8252,"0,255,348"
8253,"0,206,8"
8254,"10,64,448"
8255,"10,64,239"
8256,"10,64,239"
8257,"3,21,108"
8258,"10,49,23"
8259,"40,131,134"
8260,"10,60,239"
8261,"10,64,93"
8262,"25,24,23"
8263,"3,21,187"
8264,"23,24,370"
8265,"199,169,343"
8266,"3,48,15"
8267,"10,60,205"
8268,"169,199,426"
8269,"74,23,303"
8270,"0,211,319"
8271,"170,459,21"
8272,"169,199,343"
8273,"0,8,23"
8274,"3,4,111"
8275,"24,23,43"
8276,"23,74,137"
8277,"40,17,3"
8278,"3,53,523"
8279,"23,32,31"
8280,"220,10,221"
8281,"131,40,406"
8282,"16,15,3"
8283,"169,296,460"
8284,"0,271,522"
8285,"131,40,134"
8286,"160,40,315"
8287,"3,21,111"
8288,"3,30,104"
8289,"4,19,3"
8290,"23,24,54"
8291,"10,402,220"
8292,"10,64,80"
8293,"40,184,185"
8294,"23,24,49"
8295,"0,206,8"
8296,"199,169,343"
8297,"3,147,53"
8298,"131,40,134"
8299,"3,4,238"
8300,"0,216,304"
8301,"0,169,337"
8302,"3,66,30"
8303,"3,53,287"
8304,"23,26,89"
8305,"3,53,21"
8306,"3,51,17"
8307,"0,206,8"
8308,"5,3,228"
8309,"40,41,42"
8310,"21,3,108"
8311,"0,313,216"
8312,"10,64,60"
8313,"23,74,303"
8314,"23,231,24"
8315,"3,21,85"
8316,"0,214,271"
8317,"21,3,301"
8318,"199,169,356"
8319,"23,49,24"
8320,"169,170,339"
8321,"111,3,161"
8322,"23,24,43"
8323,"10,64,65"
8324,"64,10,448"
8325,"64,10,65"
8326,"169,170,260"
8327,"40,129,128"
8328,"23,74,303"
8329,"23,508,169"
8330,"10,220,221"
8331,"3,190,28"
8332,"10,54,95"
8333,"11,10,12"
8334,"3,147,148"
8335,"3,17,168"
8336,"3,21,287"
8337,"40,135,250"
8338,"21,3,102"
8339,"160,40,334"
8340,"168,17,3"
8341,"3,21,108"
8342,"3,4,19"
8343,"8,0,235"
8344,"10,64,93"
8345,"23,26,350"
8346,"21,3,127"
8347,"40,41,286"
8348,"31,23,40"
8349,"74,23,118"
8350,"23,24,62"
8351,"10,11,109"
8352,"54,10,95"
8353,"23,26,231"
8354,"10,145,44"
8355,"3,40,36"
8356,"10,93,64"
8357,"3,4,238"
8358,"23,74,317"
8359,"10,220,221"
8360,"23,105,24"
8361,"169,199,281"
8362,"199,169,171"
8363,"26,0,89"
8364,"184,40,494"
8365,"0,271,272"
8366,"3,4,19"
8367,"3,32,30"
8368,"11,10,109"
8369,"16,15,3"
8370,"23,63,38"
8371,"26,23,89"
8372,"169,199,248"
8373,"23,31,328"
8374,"40,152,160"
8375,"17,168,3"
8376,"10,11,205"
8377,"0,313,346"
8378,"16,15,3"
8379,"10,11,109"
8380,"23,71,38"
8381,"40,41,3"
8382,"379,40,0"
8383,"74,23,303"
8384,"145,44,40"
8385,"0,8,285"
8386,"21,187,169"
8387,"10,54,173"
8388,"3,53,21"
8389,"220,10,242"
8390,"3,111,119"
8391,"40,160,315"
8392,"3,34,21"
8393,"3,21,127"
8394,"32,23,3"
8395,"3,21,182"
8396,"265,0,340"
8397,"10,11,44"
8398,"169,170,199"
8399,"23,31,258"
8400,"10,11,109"
8401,"23,40,131"
8402,"3,147,148"
8403,"169,199,21"
8404,"199,169,343"
8405,"169,260,170"
8406,"23,89,26"
8407,"24,23,38"
8408,"3,168,17"
8409,"3,111,21"
8410,"74,23,303"
8411,"23,26,89"
8412,"23,31,402"
8413,"145,44,38"
8414,"10,64,473"
8415,"11,10,109"
8416,"54,10,0"
8417,"10,64,65"
8418,"3,15,16"
8419,"23,74,303"
8420,"0,271,456"
8421,"64,10,80"
8422,"26,89,23"
8423,"169,459,170"
8424,"131,40,134"
8425,"131,40,226"
8426,"23,106,105"
8427,"26,231,23"
8428,"23,43,24"
8429,"54,40,145"
8430,"40,139,153"
8431,"169,199,281"
8432,"0,271,353"
8433,"64,10,448"
8434,"10,11,205"
8435,"3,21,115"
8436,"3,85,379"
8437,"0,340,265"
8438,"23,24,345"
8439,"3,85,111"
8440,"40,128,129"
8441,"17,168,3"
8442,"8,0,206"
8443,"3,17,320"
8444,"23,38,71"
8445,"23,24,48"
8446,"169,199,281"
8447,"10,11,109"
8448,"0,271,456"
8449,"3,5,228"
8450,"0,8,285"
8451,"23,38,24"
8452,"3,53,523"
8453,"89,0,26"
8454,"128,129,40"
8455,"23,24,38"
8456,"23,197,10"
8457,"40,3,115"
8458,"24,260,145"
8459,"0,265,271"
8460,"0,216,271"
8461,"26,23,89"
8462,"23,38,74"
8463,"23,24,145"
8464,"40,131,406"
8465,"40,160,41"
8466,"26,89,23"
8467,"40,41,224"
8468,"23,31,96"
8469,"44,72,145"
8470,"17,3,168"
8471,"0,2,1"
8472,"169,199,281"
8473,"10,64,93"
8474,"169,170,10"
8475,"8,308,0"
8476,"0,216,255"
8477,"10,64,338"
8478,"220,221,10"
8479,"31,258,23"
8480,"3,16,15"
8481,"220,242,10"
8482,"8,0,405"
8483,"10,220,242"
8484,"169,199,281"
8485,"220,10,221"
8486,"21,3,48"
8487,"199,169,356"
8488,"3,23,74"
8489,"10,64,65"
8490,"169,343,170"
8491,"40,128,186"
8492,"0,229,230"
8493,"3,53,28"
8494,"105,23,54"
8495,"23,74,31"
8496,"271,0,272"
8497,"10,64,93"
8498,"10,64,80"
8499,"169,428,170"
8500,"199,169,323"
8501,"3,28,86"
8502,"8,0,308"
8503,"40,145,31"
8504,"169,426,312"
8505,"10,54,60"
8506,"40,3,153"
8507,"169,199,248"
8508,"10,11,12"
8509,"160,40,315"
8510,"23,105,38"
8511,"199,169,323"
8512,"40,131,139"
8513,"3,523,21"
8514,"199,169,356"
8515,"17,168,3"
8516,"169,170,436"
8517,"169,199,170"
8518,"0,271,291"
8519,"44,45,145"
8520,"199,169,356"
8521,"147,3,148"
8522,"23,26,350"
8523,"0,40,216"
8524,"40,135,139"
8525,"10,60,239"
8526,"26,23,89"
8527,"10,12,11"
8528,"111,112,3"
8529,"40,131,241"
8530,"169,199,223"
8531,"105,23,326"
8532,"3,53,287"
8533,"3,4,435"
8534,"220,10,242"
8535,"3,21,108"
8536,"44,40,145"
8537,"23,26,350"
8538,"24,23,25"
8539,"0,8,308"
8540,"21,3,127"
8541,"169,459,199"
8542,"23,111,31"
8543,"40,3,21"
8544,"220,221,242"
8545,"3,66,30"
8546,"255,0,462"
8547,"3,34,21"
8548,"40,145,146"
8549,"8,0,285"
8550,"40,152,160"
8551,"0,216,254"
8552,"0,11,8"
8553,"17,168,3"
8554,"3,21,85"
8555,"3,21,187"
8556,"3,267,111"
8557,"0,337,339"
8558,"23,38,105"
8559,"220,10,242"
8560,"64,10,65"
8561,"10,11,205"
8562,"10,64,338"
8563,"26,231,23"
8564,"23,24,59"
8565,"8,0,308"
8566,"145,40,402"
8567,"170,169,459"
8568,"170,169,260"
8569,"131,40,142"
8570,"3,21,124"
8571,"3,21,127"
8572,"10,220,221"
8573,"169,199,281"
8574,"0,271,291"
8575,"3,111,119"
8576,"220,10,242"
8577,"3,156,147"
8578,"40,135,160"
8579,"43,24,23"
8580,"3,53,287"
8581,"23,38,39"
8582,"23,74,303"
8583,"3,111,182"
8584,"26,23,350"
8585,"128,129,40"
8586,"3,30,66"
8587,"23,74,31"
8588,"10,11,109"
8589,"23,105,318"
8590,"139,40,140"
8591,"23,31,145"
8592,"23,24,43"
8593,"169,170,436"
8594,"23,10,326"
8595,"169,343,199"
8596,"64,10,80"
8597,"214,213,0"
8598,"169,199,281"
8599,"16,15,3"
8600,"40,128,195"
8601,"64,10,80"
8602,"459,170,169"
8603,"21,3,201"
8604,"40,334,41"
8605,"169,3,34"
8606,"3,111,112"
8607,"11,10,109"
8608,"169,170,296"
8609,"169,170,436"
8610,"3,21,187"
8611,"74,23,118"
8612,"23,24,25"
8613,"11,10,109"
8614,"0,271,362"
8615,"23,38,309"
8616,"0,271,456"
8617,"10,239,60"
8618,"3,34,263"
8619,"10,61,60"
8620,"21,127,33"
8621,"3,85,86"
8622,"17,56,0"
8623,"169,199,259"
8624,"17,168,3"
8625,"40,131,406"
8626,"220,10,221"
8627,"23,24,38"
8628,"40,152,151"
8629,"105,23,318"
8630,"3,5,228"
8631,"21,3,124"
8632,"26,23,350"
8633,"169,296,428"
8634,"40,139,41"
8635,"3,111,267"
8636,"10,24,43"
8637,"3,86,85"
8638,"241,23,131"
8639,"3,147,156"
8640,"23,40,74"
8641,"40,41,324"
8642,"131,40,134"
8643,"26,23,350"
8644,"40,24,72"
8645,"100,208,222"
8646,"21,3,40"
8647,"23,31,77"
8648,"40,152,160"
8649,"3,147,148"
8650,"3,48,21"
8651,"0,24,23"
8652,"0,216,211"
8653,"128,40,129"
8654,"160,40,315"
8655,"23,24,25"
8656,"190,28,3"
8657,"40,131,159"
8658,"23,49,96"
8659,"24,23,49"
8660,"128,129,40"
8661,"0,271,456"
8662,"11,10,12"
8663,"131,40,226"
8664,"44,145,45"
8665,"40,131,226"
8666,"0,366,271"
8667,"426,169,427"
8668,"4,3,19"
8669,"26,23,350"
8670,"3,147,203"
8671,"0,211,279"
8672,"220,221,242"
8673,"0,249,279"
8674,"40,135,250"
8675,"3,66,30"
8676,"10,64,90"
8677,"3,21,127"
8678,"169,199,281"
8679,"23,24,49"
8680,"169,199,281"
8681,"8,0,206"
8682,"3,21,187"
8683,"3,21,126"
8684,"169,199,170"
8685,"3,53,523"
8686,"169,199,426"
8687,"23,24,43"
8688,"10,239,442"
8689,"8,0,206"
8690,"169,199,281"
8691,"3,34,447"
8692,"41,40,21"
8693,"21,3,301"
8694,"64,10,80"
8695,"135,40,138"
8696,"10,64,448"
8697,"10,64,93"
8698,"220,10,242"
8699,"0,8,235"
8700,"0,216,304"
8701,"10,64,80"
8702,"3,40,33"
8703,"147,3,148"
8704,"0,2,1"
8705,"23,24,43"
8706,"40,139,153"
8707,"23,74,38"
8708,"26,23,89"
8709,"44,24,23"
8710,"23,31,454"
8711,"10,40,402"
8712,"26,23,350"
8713,"23,74,40"
8714,"54,145,10"
8715,"169,171,199"
8716,"40,126,41"
8717,"21,41,3"
8718,"10,64,93"
8719,"3,0,21"
8720,"0,271,272"
8721,"3,53,28"
8722,"3,30,66"
8723,"32,23,31"
8724,"135,40,138"
8725,"44,145,45"
8726,"10,64,65"
8727,"23,49,24"
8728,"23,74,118"
8729,"3,17,168"
8730,"131,40,134"
8731,"0,271,255"
8732,"10,44,145"
8733,"199,135,138"
8734,"3,40,160"
8735,"152,151,40"
8736,"3,48,21"
8737,"24,23,54"
8738,"10,54,45"
8739,"23,38,251"
8740,"23,49,24"
8741,"23,26,89"
8742,"3,53,287"
8743,"199,169,323"
8744,"220,10,221"
8745,"0,214,213"
8746,"40,145,44"
8747,"3,17,168"
8748,"169,296,277"
8749,"26,23,0"
8750,"0,255,218"
8751,"0,271,456"
8752,"145,40,146"
8753,"0,8,313"
8754,"10,11,12"
8755,"40,140,139"
8756,"0,265,340"
8757,"220,10,242"
8758,"0,208,209"
8759,"60,10,61"
8760,"3,111,119"
8761,"23,326,237"
8762,"169,199,223"
8763,"135,138,40"
8764,"3,15,21"
8765,"0,271,362"
8766,"32,23,31"
8767,"23,71,38"
8768,"11,10,109"
8769,"131,406,40"
8770,"0,456,429"
8771,"220,242,10"
8772,"23,26,89"
8773,"10,220,242"
8774,"131,40,406"
8775,"10,64,65"
8776,"41,201,40"
8777,"21,340,265"
8778,"43,23,24"
8779,"3,21,115"
8780,"40,135,295"
8781,"265,0,266"
8782,"40,145,146"
8783,"169,199,281"
8784,"169,170,281"
8785,"10,64,448"
8786,"44,10,145"
8787,"43,23,24"
8788,"21,3,127"
8789,"74,23,303"
8790,"220,10,242"
8791,"220,10,242"
8792,"23,26,89"
8793,"74,23,8"
8794,"3,21,124"
8795,"3,28,66"
8796,"0,265,271"
8797,"13,3,204"
8798,"10,64,93"
8799,"3,21,127"
8800,"40,324,41"
8801,"26,23,231"
8802,"3,23,32"
8803,"208,220,10"
8804,"10,23,24"
8805,"0,413,277"
8806,"10,12,11"
8807,"49,24,23"
8808,"3,267,111"
8809,"23,32,31"
8810,"26,0,23"
8811,"3,28,190"
8812,"10,64,93"
8813,"0,271,2"
8814,"23,74,118"
8815,"3,21,30"
8816,"3,21,379"
8817,"3,21,126"
8818,"0,216,380"
8819,"23,26,89"
8820,"23,74,303"
8821,"0,271,291"
8822,"169,170,260"
8823,"0,216,255"
8824,"0,429,409"
8825,"23,38,71"
8826,"3,15,16"
8827,"169,199,356"
8828,"3,147,148"
8829,"8,0,308"
8830,"0,271,8"
8831,"3,17,168"
8832,"40,145,395"
8833,"13,3,204"
8834,"3,85,86"
8835,"8,0,235"
8836,"23,0,40"
8837,"131,134,169"
8838,"74,23,118"
8839,"0,313,346"
8840,"3,21,85"
8841,"128,40,129"
8842,"23,74,84"
8843,"3,21,126"
8844,"23,49,24"
8845,"500,3,118"
8846,"169,170,251"
8847,"3,21,127"
8848,"145,40,146"
8849,"40,146,145"
8850,"10,64,80"
8851,"40,128,395"
8852,"10,220,242"
8853,"169,199,170"
8854,"169,199,281"
8855,"40,131,226"
8856,"10,220,242"
8857,"145,40,44"
8858,"10,220,242"
8859,"26,23,231"
8860,"23,26,105"
8861,"169,199,323"
8862,"4,3,435"
8863,"10,64,90"
8864,"23,74,84"
8865,"10,60,61"
8866,"169,170,199"
8867,"339,337,169"
8868,"23,32,31"
8869,"3,169,34"
8870,"23,74,38"
8871,"10,199,323"
8872,"11,10,12"
8873,"4,3,19"
8874,"145,40,44"
8875,"40,131,486"
8876,"3,30,104"
8877,"23,26,231"
8878,"8,0,206"
8879,"131,169,171"
8880,"21,3,127"
8881,"205,10,11"
8882,"0,271,456"
8883,"10,145,64"
8884,"4,3,19"
8885,"40,395,241"
8886,"3,379,16"
8887,"220,10,242"
8888,"23,24,44"
8889,"3,4,183"
8890,"145,402,40"
8891,"169,170,171"
8892,"169,0,23"
8893,"2,169,0"
8894,"24,23,59"
8895,"3,17,85"
8896,"271,0,272"
8897,"3,16,15"
8898,"220,10,242"
8899,"3,21,147"
8900,"206,0,8"
8901,"199,169,323"
8902,"40,139,41"
8903,"23,105,38"
8904,"10,45,11"
8905,"3,147,148"
8906,"4,3,183"
8907,"131,40,134"
8908,"40,100,3"
8909,"40,324,41"
8910,"23,32,31"
8911,"71,38,23"
8912,"3,188,4"
8913,"169,337,170"
8914,"3,147,148"
8915,"40,162,163"
8916,"152,151,40"
8917,"40,131,406"
8918,"24,59,23"
8919,"3,21,147"
8920,"74,23,118"
8921,"169,199,343"
8922,"24,23,25"
8923,"5,3,228"
8924,"0,8,235"
8925,"31,23,258"
8926,"40,128,129"
8927,"10,64,93"
8928,"21,3,126"
8929,"3,15,16"
8930,"24,44,23"
8931,"169,296,428"
8932,"10,60,61"
8933,"10,54,95"
8934,"100,367,292"
8935,"26,231,23"
8936,"3,147,148"
8937,"49,23,24"
8938,"0,8,249"
8939,"26,23,231"
8940,"23,105,287"
8941,"3,100,40"
8942,"169,199,281"
8943,"220,242,10"
8944,"0,218,512"
8945,"26,231,23"
8946,"235,8,0"
8947,"23,26,89"
8948,"10,60,64"
8949,"220,10,242"
8950,"3,21,108"
8951,"131,40,241"
8952,"155,34,143"
8953,"23,31,258"
8954,"10,64,93"
8955,"138,135,40"
8956,"145,44,40"
8957,"169,131,171"
8958,"3,21,127"
8959,"40,128,129"
8960,"220,10,242"
8961,"23,74,38"
8962,"40,224,41"
8963,"23,105,24"
8964,"145,40,44"
8965,"23,38,145"
8966,"3,4,238"
8967,"3,85,15"
8968,"4,3,238"
8969,"3,21,108"
8970,"3,16,15"
8971,"40,135,250"
8972,"3,17,168"
8973,"0,216,380"
8974,"40,160,315"
8975,"3,21,85"
8976,"3,53,68"
8977,"131,40,226"
8978,"44,145,45"
8979,"64,10,80"
8980,"220,10,242"
8981,"3,53,17"
8982,"40,145,44"
8983,"3,147,156"
8984,"169,417,296"
8985,"10,23,24"
8986,"23,24,59"
8987,"23,26,89"
8988,"23,26,89"
8989,"169,171,199"
8990,"147,3,148"
8991,"40,160,152"
8992,"145,40,44"
8993,"23,74,38"
8994,"23,38,91"
8995,"10,145,44"
8996,"64,10,338"
8997,"40,324,41"
8998,"10,60,61"
8999,"4,3,238"
9000,"3,111,4"
9001,"169,199,281"
9002,"220,10,221"
9003,"40,145,44"
9004,"10,220,242"
9005,"135,40,138"
9006,"10,64,80"
9007,"3,30,4"
9008,"145,40,44"
9009,"3,4,238"
9010,"0,271,265"
9011,"23,26,350"
9012,"10,11,109"
9013,"220,10,221"
9014,"10,220,221"
9015,"10,54,145"
9016,"3,17,320"
9017,"3,21,22"
9018,"10,11,205"
9019,"11,205,10"
9020,"23,38,71"
9021,"40,286,41"
9022,"3,228,5"
9023,"231,169,199"
9024,"0,279,249"
9025,"0,255,348"
9026,"17,168,3"
9027,"3,21,127"
9028,"10,64,23"
9029,"10,60,61"
9030,"40,23,131"
9031,"23,24,38"
9032,"21,40,3"
9033,"220,10,221"
9034,"3,36,35"
9035,"0,229,249"
9036,"3,21,168"
9037,"10,64,93"
9038,"169,296,170"
9039,"147,148,3"
9040,"0,271,456"
9041,"49,24,23"
9042,"40,160,302"
9043,"23,26,89"
9044,"3,5,133"
9045,"0,271,424"
9046,"34,3,263"
9047,"10,64,54"
9048,"64,10,80"
9049,"3,21,22"
9050,"220,10,221"
9051,"0,366,271"
9052,"3,21,108"
9053,"3,30,34"
9054,"220,10,242"
9055,"3,21,127"
9056,"3,111,112"
9057,"43,54,10"
9058,"40,41,42"
9059,"32,23,31"
9060,"8,0,235"
9061,"11,109,10"
9062,"40,41,324"
9063,"11,23,109"
9064,"3,21,22"
9065,"40,162,163"
9066,"169,199,356"
9067,"23,74,118"
9068,"17,168,3"
9069,"3,14,13"
9070,"220,10,242"
9071,"23,74,38"
9072,"44,145,24"
9073,"169,199,382"
9074,"199,323,169"
9075,"271,0,456"
9076,"10,64,93"
9077,"0,169,296"
9078,"135,40,138"
9079,"16,15,3"
9080,"265,0,349"
9081,"40,152,151"
9082,"64,10,448"
9083,"23,38,26"
9084,"40,160,169"
9085,"3,4,111"
9086,"169,199,21"
9087,"0,8,206"
9088,"0,271,355"
9089,"16,15,3"
9090,"23,402,31"
9091,"169,199,281"
9092,"169,199,281"
9093,"8,0,206"
9094,"170,169,260"
9095,"3,16,15"
9096,"169,199,343"
9097,"10,24,64"
9098,"3,21,127"
9099,"4,3,238"
9100,"23,24,49"
9101,"23,54,10"
9102,"10,60,61"
9103,"3,41,40"
9104,"23,74,303"
9105,"40,139,41"
9106,"10,220,242"
9107,"10,11,60"
9108,"24,23,59"
9109,"54,95,10"
9110,"40,139,155"
9111,"3,85,21"
9112,"152,40,151"
9113,"10,220,242"
9114,"169,170,260"
9115,"11,10,109"
9116,"3,28,113"
9117,"10,64,338"
9118,"74,23,165"
9119,"74,23,303"
9120,"40,128,129"
9121,"3,330,4"
9122,"3,21,34"
9123,"0,249,279"
9124,"10,220,242"
9125,"199,169,343"
9126,"3,111,85"
9127,"11,10,205"
9128,"0,271,216"
9129,"23,74,118"
9130,"3,111,119"
9131,"10,205,11"
9132,"3,48,21"
9133,"23,24,105"
9134,"23,38,309"
9135,"145,10,40"
9136,"10,60,93"
9137,"135,40,199"
9138,"32,23,31"
9139,"10,11,60"
9140,"145,44,40"
9141,"40,128,129"
9142,"220,10,242"
9143,"3,147,30"
9144,"169,426,427"
9145,"32,23,31"
9146,"40,128,129"
9147,"53,3,287"
9148,"0,100,40"
9149,"26,23,89"
9150,"169,199,281"
9151,"10,64,93"
9152,"3,17,168"
9153,"10,54,95"
9154,"169,296,300"
9155,"3,21,187"
9156,"4,3,19"
9157,"23,38,137"
9158,"220,10,242"
9159,"0,218,512"
9160,"169,296,336"
9161,"40,41,324"
9162,"23,89,26"
9163,"169,199,171"
9164,"10,93,64"
9165,"10,64,448"
9166,"214,0,213"
9167,"21,127,3"
9168,"4,3,19"
9169,"64,10,23"
9170,"0,271,291"
9171,"23,26,231"
9172,"169,199,281"
9173,"26,23,89"
9174,"10,11,12"
9175,"3,21,108"
9176,"8,0,206"
9177,"64,10,80"
9178,"40,160,135"
9179,"23,43,24"
9180,"64,10,448"
9181,"40,21,3"
9182,"220,221,10"
9183,"3,53,287"
9184,"10,11,205"
9185,"145,44,40"
9186,"128,129,40"
9187,"8,0,206"
9188,"17,168,3"
9189,"23,74,40"
9190,"10,60,61"
9191,"64,10,80"
9192,"54,10,95"
9193,"40,128,130"
9194,"40,152,151"
9195,"23,137,38"
9196,"3,53,169"
9197,"169,199,223"
9198,"216,0,304"
9199,"0,8,208"
9200,"126,21,3"
9201,"220,10,242"
9202,"3,17,168"
9203,"23,26,24"
9204,"53,467,3"
9205,"169,199,248"
9206,"21,3,127"
9207,"40,131,142"
9208,"271,0,456"
9209,"40,128,129"
9210,"169,199,337"
9211,"23,26,89"
9212,"54,95,10"
9213,"3,5,228"
9214,"40,145,401"
9215,"24,23,25"
9216,"3,16,99"
9217,"0,216,271"
9218,"3,111,119"
9219,"24,25,23"
9220,"10,44,45"
9221,"23,24,25"
9222,"23,89,26"
9223,"64,10,93"
9224,"3,21,168"
9225,"53,287,3"
9226,"64,10,448"
9227,"0,216,254"
9228,"10,64,93"
9229,"105,23,287"
9230,"169,170,459"
9231,"24,23,10"
9232,"21,3,187"
9233,"23,24,25"
9234,"40,160,315"
9235,"40,160,41"
9236,"0,8,405"
9237,"3,53,287"
9238,"8,0,206"
9239,"296,169,420"
9240,"147,148,3"
9241,"40,21,127"
9242,"23,24,59"
9243,"0,8,26"
9244,"3,21,108"
9245,"40,135,41"
9246,"128,129,40"
9247,"0,249,216"
9248,"111,3,119"
9249,"0,8,208"
9250,"40,145,100"
9251,"64,10,80"
9252,"64,10,448"
9253,"3,48,21"
9254,"0,271,366"
9255,"169,199,170"
9256,"23,74,303"
9257,"0,26,350"
9258,"3,147,148"
9259,"169,199,281"
9260,"10,64,169"
9261,"23,74,118"
9262,"135,40,236"
9263,"145,10,220"
9264,"3,169,21"
9265,"23,74,303"
9266,"3,4,238"
9267,"0,313,26"
9268,"28,330,3"
9269,"169,199,171"
9270,"0,214,213"
9271,"128,40,129"
9272,"11,10,205"
9273,"40,53,3"
9274,"3,53,147"
9275,"23,38,24"
9276,"23,74,165"
9277,"23,74,303"
9278,"85,3,86"
9279,"3,147,148"
9280,"10,64,93"
9281,"3,21,164"
9282,"3,36,21"
9283,"11,10,109"
9284,"169,170,459"
9285,"220,10,242"
9286,"23,74,38"
9287,"23,26,89"
9288,"21,169,3"
9289,"23,105,318"
9290,"23,26,89"
9291,"220,242,10"
9292,"10,60,61"
9293,"3,228,5"
9294,"24,11,59"
9295,"0,255,271"
9296,"3,21,85"
9297,"40,41,128"
9298,"0,216,211"
9299,"23,38,137"
9300,"23,53,3"
9301,"23,74,303"
9302,"44,45,145"
9303,"265,0,340"
9304,"3,21,53"
9305,"169,199,343"
9306,"40,162,163"
9307,"23,40,74"
9308,"11,10,205"
9309,"4,3,19"
9310,"10,64,93"
9311,"10,64,80"
9312,"3,21,190"
9313,"26,89,23"
9314,"64,10,338"
9315,"74,23,40"
9316,"13,3,204"
9317,"3,5,228"
9318,"3,4,435"
9319,"3,53,287"
9320,"23,26,89"
9321,"74,23,118"
9322,"23,74,49"
9323,"199,323,169"
9324,"40,41,286"
9325,"0,271,272"
9326,"169,199,170"
9327,"40,41,215"
9328,"220,10,242"
9329,"26,23,0"
9330,"3,287,53"
9331,"3,147,148"
9332,"40,139,153"
9333,"23,38,24"
9334,"3,4,375"
9335,"23,49,24"
9336,"4,3,435"
9337,"3,111,119"
9338,"40,41,139"
9339,"64,65,10"
9340,"10,64,199"
9341,"169,199,281"
9342,"64,10,80"
9343,"74,118,23"
9344,"23,74,317"
9345,"3,21,190"
9346,"23,74,165"
9347,"0,271,456"
9348,"23,24,25"
9349,"0,214,213"
9350,"21,169,455"
9351,"169,170,23"
9352,"3,147,148"
9353,"64,10,65"
9354,"23,231,26"
9355,"4,3,183"
9356,"169,170,199"
9357,"21,3,124"
9358,"169,40,199"
9359,"169,199,281"
9360,"3,21,115"
9361,"40,0,8"
9362,"169,199,170"
9363,"3,111,182"
9364,"199,169,343"
9365,"3,21,48"
9366,"10,43,24"
9367,"199,169,248"
9368,"26,23,89"
9369,"14,13,204"
9370,"3,66,30"
9371,"4,3,19"
9372,"3,147,53"
9373,"3,53,170"
9374,"40,160,315"
9375,"220,10,242"
9376,"0,8,308"
9377,"64,10,448"
9378,"10,24,43"
9379,"0,257,216"
9380,"40,153,141"
9381,"8,0,308"
9382,"40,145,502"
9383,"23,74,118"
9384,"8,206,0"
9385,"10,64,338"
9386,"0,216,304"
9387,"8,0,206"
9388,"40,160,41"
9389,"40,184,494"
9390,"8,0,206"
9391,"40,23,74"
9392,"3,147,148"
9393,"0,8,308"
9394,"0,218,512"
9395,"169,296,428"
9396,"3,21,108"
9397,"0,216,313"
9398,"23,43,24"
9399,"3,147,148"
9400,"23,105,495"
9401,"40,128,129"
9402,"0,216,304"
9403,"40,152,151"
9404,"199,169,323"
9405,"40,131,241"
9406,"10,93,322"
9407,"3,21,48"
9408,"3,147,148"
9409,"10,54,60"
9410,"128,40,129"
9411,"40,139,17"
9412,"10,234,60"
9413,"231,26,23"
9414,"10,145,54"
9415,"23,31,24"
9416,"23,24,38"
9417,"4,3,183"
9418,"23,31,40"
9419,"49,23,24"
9420,"3,85,379"
9421,"0,271,355"
9422,"169,199,343"
9423,"40,139,41"
9424,"13,3,204"
9425,"3,17,168"
9426,"4,3,70"
9427,"10,54,95"
9428,"17,168,3"
9429,"169,170,260"
9430,"11,10,12"
9431,"0,218,216"
9432,"4,3,435"
9433,"3,21,228"
9434,"26,8,350"
9435,"16,3,15"
9436,"220,10,221"
9437,"3,21,30"
9438,"10,64,323"
9439,"160,40,135"
9440,"131,40,226"
9441,"40,41,42"
9442,"21,127,3"
9443,"0,271,444"
9444,"23,74,118"
9445,"26,231,23"
9446,"26,23,231"
9447,"199,169,382"
9448,"145,40,44"
9449,"21,3,127"
9450,"3,85,21"
9451,"216,0,304"
9452,"0,8,26"
9453,"23,71,38"
9454,"10,64,93"
9455,"26,23,231"
9456,"216,0,257"
9457,"48,40,139"
9458,"26,23,89"
9459,"169,426,508"
9460,"23,74,38"
9461,"8,0,405"
9462,"3,21,187"
9463,"3,66,30"
9464,"8,0,235"
9465,"135,40,138"
9466,"10,11,23"
9467,"26,23,231"
9468,"40,139,153"
9469,"10,60,93"
9470,"131,406,241"
9471,"3,21,85"
9472,"145,40,23"
9473,"145,44,45"
9474,"0,169,311"
9475,"40,131,142"
9476,"3,5,6"
9477,"220,10,242"
9478,"64,10,338"
9479,"23,74,118"
9480,"10,54,145"
9481,"170,169,459"
9482,"64,10,65"
9483,"0,249,279"
9484,"23,38,137"
9485,"3,147,148"
9486,"40,41,191"
9487,"131,23,40"
9488,"0,218,216"
9489,"17,3,168"
9490,"3,21,187"
9491,"0,206,8"
9492,"16,15,3"
9493,"0,216,211"
9494,"0,208,206"
9495,"23,26,231"
9496,"3,53,66"
9497,"10,64,80"
9498,"40,128,129"
9499,"3,4,183"
9500,"169,296,526"
9501,"40,160,41"
9502,"23,74,303"
9503,"10,220,221"
9504,"220,242,221"
9505,"40,139,131"
9506,"0,249,279"
9507,"0,8,208"
9508,"40,41,160"
9509,"169,199,281"
9510,"24,59,10"
9511,"0,271,456"
9512,"3,85,5"
9513,"11,10,109"
9514,"169,0,277"
9515,"100,222,506"
9516,"169,199,343"
9517,"3,21,111"
9518,"23,40,454"
9519,"3,21,108"
9520,"3,147,85"
9521,"199,169,281"
9522,"40,131,241"
9523,"170,169,337"
9524,"3,41,126"
9525,"40,145,44"
9526,"26,23,0"
9527,"0,208,216"
9528,"201,40,41"
9529,"21,3,127"
9530,"4,3,19"
9531,"23,89,26"
9532,"10,64,90"
9533,"0,249,279"
9534,"17,3,168"
9535,"0,257,216"
9536,"23,26,89"
9537,"3,53,21"
9538,"10,11,109"
9539,"0,208,17"
9540,"3,85,53"
9541,"24,23,49"
9542,"271,0,456"
9543,"23,31,454"
9544,"220,10,221"
9545,"48,3,81"
9546,"40,128,129"
9547,"23,24,25"
9548,"74,23,303"
9549,"128,40,129"
9550,"3,21,126"
9551,"0,216,277"
9552,"0,413,277"
9553,"3,147,127"
9554,"40,162,163"
9555,"4,3,238"
9556,"64,10,448"
9557,"10,205,11"
9558,"24,45,44"
9559,"10,64,93"
9560,"220,10,242"
9561,"169,171,170"
9562,"220,10,242"
9563,"169,23,24"
9564,"145,40,146"
9565,"0,216,304"
9566,"10,11,12"
9567,"23,49,24"
9568,"23,24,43"
9569,"23,31,258"
9570,"3,17,53"
9571,"23,71,38"
9572,"23,38,137"
9573,"23,89,26"
9574,"339,337,3"
9575,"220,10,221"
9576,"0,313,346"
9577,"3,126,21"
9578,"10,64,448"
9579,"8,0,405"
9580,"0,271,2"
9581,"21,3,127"
9582,"43,10,23"
9583,"74,23,303"
9584,"33,3,40"
9585,"89,26,23"
9586,"145,40,54"
9587,"0,249,279"
9588,"4,3,7"
9589,"170,169,459"
9590,"3,21,267"
9591,"10,11,109"
9592,"40,131,159"
9593,"169,170,459"
9594,"23,32,31"
9595,"32,131,23"
9596,"3,66,30"
9597,"40,131,142"
9598,"61,60,10"
9599,"0,89,23"
9600,"128,129,40"
9601,"74,23,118"
9602,"168,17,3"
9603,"0,271,522"
9604,"23,38,91"
9605,"23,38,40"
9606,"169,199,170"
9607,"40,241,131"
9608,"170,169,459"
9609,"150,518,28"
9610,"54,10,322"
9611,"111,3,119"
9612,"8,0,206"
9613,"23,74,38"
9614,"3,33,21"
9615,"3,4,19"
9616,"169,199,281"
9617,"23,506,105"
9618,"10,208,100"
9619,"23,49,24"
9620,"131,40,241"
9621,"23,40,31"
9622,"3,5,228"
9623,"0,271,456"
9624,"64,10,448"
9625,"170,169,260"
9626,"3,34,447"
9627,"169,296,428"
9628,"169,199,323"
9629,"279,23,418"
9630,"0,216,255"
9631,"43,24,23"
9632,"3,21,127"
9633,"23,49,24"
9634,"8,0,206"
9635,"169,199,171"
9636,"23,49,24"
9637,"0,216,257"
9638,"170,260,169"
9639,"40,152,151"
9640,"21,3,127"
9641,"24,10,23"
9642,"169,274,296"
9643,"23,24,10"
9644,"169,199,343"
9645,"23,26,89"
9646,"3,147,148"
9647,"40,41,324"
9648,"54,95,10"
9649,"3,53,17"
9650,"169,199,171"
9651,"40,41,224"
9652,"131,40,226"
9653,"54,10,0"
9654,"0,216,380"
9655,"40,145,146"
9656,"10,64,338"
9657,"23,105,38"
9658,"169,68,3"
9659,"10,64,93"
9660,"24,23,43"
9661,"10,61,60"
9662,"23,38,71"
9663,"26,89,0"
9664,"169,199,281"
9665,"220,10,242"
9666,"169,199,281"
9667,"3,182,68"
9668,"3,21,111"
9669,"10,64,93"
9670,"169,199,281"
9671,"169,323,199"
9672,"40,131,406"
9673,"3,104,30"
9674,"169,3,281"
9675,"10,64,93"
9676,"11,10,109"
9677,"23,32,31"
9678,"26,23,89"
9679,"23,74,118"
9680,"3,147,21"
9681,"3,21,28"
9682,"3,148,147"
9683,"23,173,326"
9684,"220,10,221"
9685,"10,220,242"
9686,"170,459,10"
9687,"199,169,323"
9688,"199,169,343"
9689,"135,40,138"
9690,"3,111,119"
9691,"3,30,219"
9692,"40,139,153"
9693,"169,170,199"
9694,"3,147,148"
9695,"10,11,109"
9696,"128,40,195"
9697,"10,220,221"
9698,"131,40,406"
9699,"0,255,475"
9700,"220,10,221"
9701,"255,0,462"
9702,"11,10,205"
9703,"169,170,337"
9704,"74,23,118"
9705,"23,38,137"
9706,"145,44,40"
9707,"145,40,54"
9708,"21,3,40"
9709,"64,10,169"
9710,"10,64,93"
9711,"40,131,159"
9712,"40,135,41"
9713,"3,28,190"
9714,"170,169,459"
9715,"10,64,80"
9716,"40,34,139"
9717,"169,259,426"
9718,"199,323,169"
9719,"72,44,145"
9720,"0,208,255"
9721,"0,313,346"
9722,"3,182,21"
9723,"3,147,148"
9724,"3,21,22"
9725,"3,108,21"
9726,"4,3,188"
9727,"40,131,241"
9728,"10,145,44"
9729,"64,10,65"
9730,"23,74,84"
9731,"3,111,41"
9732,"3,147,148"
9733,"0,271,456"
9734,"168,17,3"
9735,"23,309,38"
9736,"3,34,17"
9737,"10,64,93"
9738,"4,3,19"
9739,"40,189,135"
9740,"3,21,13"
9741,"220,10,242"
9742,"24,11,205"
9743,"64,10,323"
9744,"23,74,303"
9745,"145,40,44"
9746,"40,201,160"
9747,"3,111,85"
9748,"25,24,23"
9749,"145,23,137"
9750,"0,279,249"
9751,"169,199,248"
9752,"26,23,89"
9753,"0,26,8"
9754,"60,61,10"
9755,"220,10,242"
9756,"145,40,44"
9757,"131,40,226"
9758,"3,30,66"
9759,"44,145,24"
9760,"40,395,38"
9761,"23,71,38"
9762,"3,21,111"
9763,"220,10,221"
9764,"21,169,170"
9765,"40,131,128"
9766,"21,3,127"
9767,"24,23,49"
9768,"169,199,323"
9769,"3,21,187"
9770,"220,10,242"
9771,"4,3,19"
9772,"184,40,185"
9773,"10,60,93"
9774,"145,44,40"
9775,"146,40,145"
9776,"90,64,65"
9777,"3,21,127"
9778,"169,260,170"
9779,"53,3,287"
9780,"3,21,187"
9781,"170,169,459"
9782,"23,64,10"
9783,"26,89,23"
9784,"169,170,171"
9785,"3,4,238"
9786,"0,413,277"
9787,"0,265,340"
9788,"3,34,263"
9789,"40,128,129"
9790,"23,89,38"
9791,"10,169,64"
9792,"10,60,64"
9793,"40,155,241"
9794,"44,145,45"
9795,"23,43,24"
9796,"10,24,60"
9797,"40,41,149"
9798,"40,128,129"
9799,"10,220,221"
9800,"23,43,24"
9801,"169,311,3"
9802,"135,40,386"
9803,"3,30,66"
9804,"0,216,254"
9805,"17,3,168"
9806,"23,105,3"
9807,"3,21,22"
9808,"13,150,139"
9809,"23,74,28"
9810,"3,21,127"
9811,"199,323,169"
9812,"21,127,3"
9813,"23,24,43"
9814,"10,54,95"
9815,"40,139,153"
9816,"3,48,21"
9817,"0,208,8"
9818,"17,168,3"
9819,"64,10,80"
9820,"54,173,208"
9821,"106,40,105"
9822,"0,211,216"
9823,"40,131,406"
9824,"17,168,3"
9825,"23,137,38"
9826,"10,64,79"
9827,"23,31,328"
9828,"40,309,135"
9829,"169,199,281"
9830,"3,4,133"
9831,"3,28,190"
9832,"3,168,17"
9833,"3,111,28"
9834,"11,10,12"
9835,"0,456,271"
9836,"16,15,3"
9837,"220,10,242"
9838,"23,24,43"
9839,"199,169,374"
9840,"3,30,66"
9841,"4,3,183"
9842,"23,38,26"
9843,"10,54,95"
9844,"43,10,24"
9845,"40,152,41"
9846,"44,145,45"
9847,"0,271,265"
9848,"10,54,0"
9849,"10,64,90"
9850,"23,105,318"
9851,"3,85,158"
9852,"26,350,23"
9853,"10,64,93"
9854,"8,0,308"
9855,"3,21,127"
9856,"40,41,224"
9857,"220,10,221"
9858,"23,38,71"
9859,"3,147,148"
9860,"23,40,31"
9861,"169,199,281"
9862,"3,21,22"
9863,"10,220,242"
9864,"31,328,23"
9865,"0,361,271"
9866,"3,21,187"
9867,"3,21,187"
9868,"169,199,281"
9869,"40,23,74"
9870,"10,11,109"
9871,"3,147,148"
9872,"8,0,206"
9873,"169,199,21"
9874,"169,170,171"
9875,"3,53,287"
9876,"0,128,8"
9877,"3,28,190"
9878,"0,271,444"
9879,"40,41,42"
9880,"0,271,456"
9881,"169,199,281"
9882,"3,21,187"
9883,"199,169,343"
9884,"10,220,221"
9885,"128,129,40"
9886,"147,148,3"
9887,"118,74,23"
9888,"105,23,318"
9889,"0,271,213"
9890,"24,25,10"
9891,"3,4,174"
9892,"10,64,80"
9893,"169,171,199"
9894,"40,41,152"
9895,"3,21,147"
9896,"169,417,170"
9897,"3,4,30"
9898,"105,23,318"
9899,"21,3,48"
9900,"26,23,350"
9901,"145,40,23"
9902,"26,23,89"
9903,"10,64,90"
9904,"10,64,338"
9905,"3,147,156"
9906,"0,216,254"
9907,"23,31,96"
9908,"156,147,3"
9909,"3,85,53"
9910,"40,135,250"
9911,"145,40,54"
9912,"10,11,109"
9913,"323,199,169"
9914,"0,216,211"
9915,"0,3,29"
9916,"3,21,187"
9917,"23,38,105"
9918,"40,41,139"
9919,"10,43,24"
9920,"17,3,320"
9921,"40,160,41"
9922,"3,21,301"
9923,"3,21,115"
9924,"152,40,151"
9925,"40,41,324"
9926,"463,462,255"
9927,"11,10,109"
9928,"23,105,326"
9929,"3,17,168"
9930,"3,85,147"
9931,"169,0,199"
9932,"54,10,95"
9933,"169,274,296"
9934,"40,41,224"
9935,"3,15,16"
9936,"13,3,14"
9937,"0,271,455"
9938,"0,271,456"
9939,"169,170,251"
9940,"3,68,182"
9941,"10,64,338"
9942,"23,40,243"
9943,"10,239,60"
9944,"64,10,448"
9945,"0,216,8"
9946,"0,8,235"
9947,"0,26,23"
9948,"3,53,523"
9949,"23,31,96"
9950,"220,10,242"
9951,"8,0,308"
9952,"199,169,343"
9953,"10,220,221"
9954,"21,3,301"
9955,"3,28,330"
9956,"3,53,287"
9957,"13,401,11"
9958,"40,131,241"
9959,"16,15,3"
9960,"4,3,19"
9961,"220,10,242"
9962,"40,162,163"
9963,"131,40,406"
9964,"3,21,187"
9965,"3,21,85"
9966,"23,169,26"
9967,"10,54,95"
9968,"0,271,456"
9969,"23,74,31"
9970,"3,15,16"
9971,"3,21,187"
9972,"40,131,406"
9973,"3,144,86"
9974,"40,128,129"
9975,"169,171,170"
9976,"168,17,3"
9977,"0,265,271"
9978,"10,54,64"
9979,"24,23,43"
9980,"3,53,287"
9981,"10,54,93"
9982,"220,10,242"
9983,"0,216,271"
9984,"3,15,16"
9985,"3,21,108"
9986,"26,89,23"
9987,"23,24,318"
9988,"0,271,444"
9989,"3,4,19"
9990,"40,139,153"
9991,"40,131,184"
9992,"10,23,38"
9993,"169,0,199"
9994,"3,53,287"
9995,"220,10,221"
9996,"40,145,44"
9997,"23,71,38"
9998,"169,170,171"
9999,"0,313,346"
10000,"0,38,23"
10001,"3,147,150"
10002,"0,216,249"
10003,"169,199,281"
10004,"4,3,19"
10005,"100,0,222"
10006,"220,10,221"
10007,"0,10,60"
10008,"40,131,145"
10009,"23,31,145"
10010,"220,242,10"
10011,"170,169,260"
10012,"74,23,303"
10013,"3,21,182"
10014,"40,135,386"
10015,"3,21,108"
10016,"40,131,159"
10017,"10,64,60"
10018,"40,146,41"
10019,"0,271,272"
10020,"100,3,222"
10021,"40,23,237"
10022,"40,41,324"
10023,"145,54,10"
10024,"3,169,426"
10025,"43,24,23"
10026,"0,8,308"
10027,"8,0,26"
10028,"23,74,3"
10029,"40,23,152"
10030,"40,41,184"
10031,"17,100,0"
10032,"220,10,242"
10033,"21,3,108"
10034,"3,170,169"
10035,"40,14,131"
10036,"135,40,236"
10037,"3,53,523"
10038,"10,43,64"
10039,"40,160,21"
10040,"64,10,93"
10041,"26,23,89"
10042,"40,146,145"
10043,"40,131,142"
10044,"74,23,303"
10045,"169,170,199"
10046,"23,71,38"
10047,"220,10,221"
10048,"40,152,160"
10049,"11,10,109"
10050,"40,21,160"
10051,"199,169,323"
10052,"0,271,456"
10053,"206,0,369"
10054,"40,21,127"
10055,"17,168,3"
10056,"3,147,148"
10057,"169,199,259"
10058,"13,3,150"
10059,"17,3,168"
10060,"54,10,145"
10061,"3,53,40"
10062,"265,0,340"
10063,"23,145,31"
10064,"169,426,223"
10065,"10,64,60"
10066,"184,494,185"
10067,"169,199,40"
10068,"64,10,448"
10069,"220,221,10"
10070,"3,4,183"
10071,"3,21,53"
10072,"220,10,242"
10073,"23,26,89"
10074,"41,40,42"
10075,"40,128,162"
10076,"4,3,19"
10077,"64,10,338"
10078,"8,206,0"
10079,"131,134,169"
10080,"40,145,131"
10081,"10,64,93"
10082,"16,15,3"
10083,"23,40,31"
10084,"26,23,89"
10085,"3,21,108"
10086,"23,74,303"
10087,"10,54,55"
10088,"128,40,129"
10089,"3,85,111"
10090,"0,271,366"
10091,"3,21,48"
10092,"10,11,205"
10093,"40,152,41"
10094,"3,15,16"
10095,"11,10,12"
10096,"23,60,61"
10097,"53,3,467"
10098,"3,111,119"
10099,"3,21,108"
10100,"40,155,139"
10101,"3,4,364"
10102,"3,147,148"
10103,"0,265,271"
10104,"21,3,127"
10105,"23,25,24"
10106,"3,447,34"
10107,"3,13,150"
10108,"64,10,338"
10109,"169,260,170"
10110,"169,170,199"
10111,"0,249,279"
10112,"169,199,281"
10113,"3,21,85"
10114,"95,54,10"
10115,"40,241,131"
10116,"0,2,1"
10117,"220,10,242"
10118,"214,213,304"
10119,"3,104,15"
10120,"21,3,164"
10121,"220,10,221"
10122,"169,170,260"
10123,"0,216,255"
10124,"169,199,281"
10125,"10,60,61"
10126,"220,10,221"
10127,"11,44,109"
10128,"456,0,271"
10129,"145,40,10"
10130,"135,138,40"
10131,"0,271,272"
10132,"0,279,249"
10133,"85,3,158"
10134,"3,169,21"
10135,"26,23,350"
10136,"10,64,199"
10137,"111,112,3"
10138,"10,54,322"
10139,"3,53,111"
10140,"26,23,350"
10141,"10,11,12"
10142,"169,428,274"
10143,"169,199,281"
10144,"0,271,214"
10145,"40,145,44"
10146,"138,135,40"
10147,"0,216,304"
10148,"169,199,281"
10149,"3,15,16"
10150,"10,64,60"
10151,"40,41,224"
10152,"220,10,221"
10153,"40,129,128"
10154,"13,14,3"
10155,"3,21,148"
10156,"40,160,41"
10157,"3,28,190"
10158,"169,199,343"
10159,"49,24,23"
10160,"23,26,89"
10161,"64,10,338"
10162,"40,131,159"
10163,"23,24,49"
10164,"3,17,168"
10165,"169,199,343"
10166,"24,23,59"
10167,"0,271,291"
10168,"10,54,145"
10169,"10,64,80"
10170,"25,23,24"
10171,"169,3,199"
10172,"3,21,108"
10173,"3,147,148"
10174,"40,139,153"
10175,"3,66,30"
10176,"3,21,108"
10177,"184,185,40"
10178,"3,21,147"
10179,"3,21,187"
10180,"10,60,61"
10181,"40,139,153"
10182,"169,199,281"
10183,"10,11,12"
10184,"169,271,355"
10185,"40,135,236"
10186,"395,23,40"
10187,"3,147,148"
10188,"10,64,93"
10189,"220,10,242"
10190,"21,3,301"
10191,"40,155,139"
10192,"10,44,95"
10193,"145,44,40"
10194,"10,64,65"
10195,"40,241,131"
10196,"64,10,65"
10197,"3,147,148"
10198,"10,64,448"
10199,"23,74,84"
10200,"169,131,241"
10201,"3,66,30"
10202,"0,265,208"
10203,"220,10,242"
10204,"220,10,242"
10205,"10,54,11"
10206,"10,60,239"
10207,"0,8,218"
10208,"0,216,380"
10209,"10,54,95"
10210,"3,21,379"
10211,"10,60,234"
10212,"23,26,89"
10213,"31,23,402"
10214,"26,23,89"
10215,"11,10,109"
10216,"10,11,64"
10217,"0,277,513"
10218,"21,3,127"
10219,"147,3,23"
10220,"23,49,31"
10221,"0,208,4"
10222,"170,169,459"
10223,"3,21,28"
10224,"23,38,91"
10225,"89,26,169"
10226,"40,128,129"
10227,"40,139,135"
10228,"3,53,287"
10229,"23,454,24"
10230,"3,21,85"
10231,"5,3,6"
10232,"40,135,244"
10233,"3,111,267"
10234,"0,271,456"
10235,"64,40,10"
10236,"220,10,242"
10237,"138,135,40"
10238,"10,64,448"
10239,"40,160,315"
10240,"3,21,182"
10241,"23,38,24"
10242,"26,23,350"
10243,"169,260,170"
10244,"0,23,271"
10245,"23,44,145"
10246,"145,40,54"
10247,"3,15,4"
10248,"169,199,343"
10249,"3,4,28"
10250,"8,0,206"
10251,"23,74,10"
10252,"23,38,74"
10253,"23,24,26"
10254,"64,10,80"
10255,"3,21,85"
10256,"23,26,89"
10257,"0,271,352"
10258,"128,195,40"
10259,"8,0,391"
10260,"23,105,318"
10261,"3,21,108"
10262,"64,10,448"
10263,"10,220,54"
10264,"3,17,168"
10265,"40,41,160"
10266,"3,53,287"
10267,"0,271,456"
10268,"23,3,10"
10269,"323,199,169"
10270,"16,15,3"
10271,"32,23,31"
10272,"40,243,184"
10273,"3,21,108"
10274,"3,53,287"
10275,"40,131,184"
10276,"0,313,214"
10277,"40,41,42"
10278,"16,15,3"
10279,"10,64,90"
10280,"23,38,40"
10281,"10,24,23"
10282,"3,21,127"
10283,"23,24,59"
10284,"23,24,59"
10285,"3,147,33"
10286,"10,220,242"
10287,"60,61,10"
10288,"23,24,43"
10289,"0,271,456"
10290,"3,13,21"
10291,"3,21,17"
10292,"24,23,10"
10293,"3,111,119"
10294,"220,221,10"
10295,"54,145,10"
10296,"3,53,21"
10297,"10,11,60"
10298,"54,10,95"
10299,"135,40,138"
10300,"26,23,89"
10301,"0,456,271"
10302,"40,139,131"
10303,"3,21,127"
10304,"21,3,126"
10305,"0,8,308"
10306,"3,147,148"
10307,"3,21,48"
10308,"40,145,146"
10309,"10,11,12"
10310,"3,53,21"
10311,"3,147,156"
10312,"40,135,41"
10313,"145,10,40"
10314,"40,135,386"
10315,"3,523,53"
10316,"23,508,169"
10317,"21,3,108"
10318,"23,89,131"
10319,"170,169,459"
10320,"128,129,8"
10321,"216,0,211"
10322,"17,40,168"
10323,"10,173,220"
10324,"8,0,308"
10325,"40,41,126"
10326,"49,24,23"
10327,"10,64,23"
10328,"3,21,126"
10329,"3,4,183"
10330,"26,89,413"
10331,"3,53,21"
10332,"169,199,216"
10333,"40,128,195"
10334,"23,43,24"
10335,"3,21,85"
10336,"0,279,277"
10337,"0,271,280"
10338,"169,170,199"
10339,"17,168,3"
10340,"31,23,96"
10341,"3,21,108"
10342,"23,31,26"
10343,"40,145,146"
10344,"23,74,303"
10345,"23,74,118"
10346,"8,0,308"
10347,"0,218,255"
10348,"23,131,241"
10349,"23,31,96"
10350,"40,41,152"
10351,"64,10,448"
10352,"3,21,53"
10353,"10,60,239"
10354,"0,271,255"
10355,"169,460,296"
10356,"3,21,48"
10357,"152,151,40"
10358,"74,23,118"
10359,"169,199,281"
10360,"40,23,145"
10361,"74,23,118"
10362,"11,10,109"
10363,"3,147,148"
10364,"0,26,350"
10365,"169,170,260"
10366,"10,54,322"
10367,"255,0,463"
10368,"23,105,74"
10369,"10,11,109"
10370,"216,0,211"
10371,"24,44,145"
10372,"0,216,211"
10373,"111,3,267"
10374,"23,31,96"
10375,"40,41,324"
10376,"23,74,118"
10377,"248,169,343"
10378,"64,10,338"
10379,"131,40,406"
10380,"24,23,59"
10381,"169,3,311"
10382,"0,8,455"
10383,"10,220,54"
10384,"40,131,486"
10385,"145,10,40"
10386,"3,53,4"
10387,"40,3,21"
10388,"10,64,239"
10389,"24,23,59"
10390,"0,8,308"
10391,"23,71,38"
10392,"0,216,254"
10393,"4,3,435"
10394,"3,28,30"
10395,"23,105,326"
10396,"4,3,174"
10397,"31,23,245"
10398,"0,271,265"
10399,"131,40,241"
10400,"26,23,231"
10401,"10,234,60"
10402,"169,170,296"
10403,"199,169,323"
10404,"10,54,44"
10405,"145,44,40"
10406,"3,68,21"
10407,"147,3,148"
10408,"10,64,323"
10409,"23,43,24"
10410,"10,23,105"
10411,"3,21,190"
10412,"8,0,285"
10413,"26,23,89"
10414,"3,168,17"
10415,"3,16,15"
10416,"40,131,226"
10417,"3,4,111"
10418,"0,265,340"
10419,"10,11,12"
10420,"10,23,160"
10421,"64,10,80"
10422,"10,64,93"
10423,"64,10,40"
10424,"40,3,41"
10425,"74,23,303"
10426,"23,24,43"
10427,"3,21,187"
10428,"323,199,169"
10429,"145,10,40"
10430,"135,199,138"
10431,"11,10,205"
10432,"145,54,10"
10433,"32,66,30"
10434,"3,190,21"
10435,"26,23,89"
10436,"4,19,3"
10437,"169,199,282"
10438,"21,41,3"
10439,"31,23,96"
10440,"3,53,287"
10441,"169,8,274"
10442,"10,60,234"
10443,"10,54,95"
10444,"3,21,53"
10445,"169,131,241"
10446,"3,13,204"
10447,"199,169,356"
10448,"169,171,199"
10449,"199,169,343"
10450,"40,145,44"
10451,"40,41,160"
10452,"169,199,281"
10453,"3,4,238"
10454,"199,169,281"
10455,"10,64,60"
10456,"40,146,145"
10457,"8,0,206"
10458,"10,220,242"
10459,"0,8,208"
10460,"23,74,118"
10461,"10,11,12"
10462,"0,271,272"
10463,"4,3,238"
10464,"40,162,163"
10465,"54,10,322"
10466,"10,11,205"
10467,"0,271,216"
10468,"8,0,308"
10469,"0,214,213"
10470,"220,10,242"
10471,"23,38,87"
10472,"220,10,242"
10473,"4,19,3"
10474,"169,199,323"
10475,"40,135,3"
10476,"169,296,170"
10477,"3,17,320"
10478,"60,277,128"
10479,"40,152,151"
10480,"3,4,435"
10481,"40,160,131"
10482,"40,41,42"
10483,"23,31,96"
10484,"10,220,221"
10485,"24,23,43"
10486,"64,10,323"
10487,"169,199,356"
10488,"3,85,86"
10489,"169,296,460"
10490,"21,3,126"
10491,"169,199,3"
10492,"10,64,93"
10493,"131,40,134"
10494,"169,171,199"
10495,"3,17,168"
10496,"10,11,205"
10497,"3,147,148"
10498,"199,169,374"
10499,"0,2,199"
10500,"89,26,23"
10501,"10,64,93"
10502,"40,131,139"
10503,"0,208,100"
10504,"40,23,175"
10505,"4,3,435"
10506,"23,89,26"
10507,"3,21,108"
10508,"23,31,134"
10509,"10,64,448"
10510,"40,395,139"
10511,"131,40,241"
10512,"23,26,89"
10513,"23,26,231"
10514,"23,43,24"
10515,"40,131,142"
10516,"23,40,8"
10517,"10,11,12"
10518,"21,3,108"
10519,"23,89,26"
10520,"10,64,93"
10521,"10,64,448"
10522,"40,41,131"
10523,"54,13,3"
10524,"3,66,30"
10525,"169,382,199"
10526,"44,145,45"
10527,"145,40,44"
10528,"23,74,60"
10529,"220,10,242"
10530,"8,0,391"
10531,"40,160,41"
10532,"10,11,109"
10533,"3,21,187"
10534,"0,8,346"
10535,"4,3,183"
10536,"23,26,89"
10537,"21,3,187"
10538,"23,74,303"
10539,"160,40,315"
10540,"21,3,108"
10541,"10,64,93"
10542,"323,199,10"
10543,"160,40,3"
10544,"111,3,267"
10545,"23,26,89"
10546,"10,160,40"
10547,"10,11,205"
10548,"147,3,148"
10549,"0,444,271"
10550,"23,32,31"
10551,"10,54,145"
10552,"3,112,34"
10553,"169,296,411"
10554,"41,40,224"
10555,"64,10,65"
10556,"3,111,119"
10557,"23,49,24"
10558,"40,41,139"
10559,"40,131,134"
10560,"0,23,8"
10561,"23,38,74"
10562,"10,199,323"
10563,"44,45,145"
10564,"44,45,145"
10565,"111,3,119"
10566,"10,23,173"
10567,"64,10,338"
10568,"23,43,24"
10569,"3,5,228"
10570,"21,3,108"
10571,"3,386,40"
10572,"23,26,89"
10573,"23,105,326"
10574,"10,11,12"
10575,"40,145,72"
10576,"0,271,456"
10577,"23,38,24"
10578,"3,34,447"
10579,"40,131,406"
10580,"220,10,242"
10581,"0,216,313"
10582,"169,170,311"
10583,"0,214,216"
10584,"169,199,281"
10585,"0,265,266"
10586,"24,59,23"
10587,"40,131,134"
10588,"10,11,109"
10589,"23,38,74"
10590,"3,21,187"
10591,"170,169,260"
10592,"44,145,45"
10593,"105,23,318"
10594,"131,40,241"
10595,"21,3,48"
10596,"10,45,54"
10597,"0,265,349"
10598,"23,74,118"
10599,"23,38,24"
10600,"0,216,413"
10601,"17,3,320"
10602,"10,54,234"
10603,"128,40,129"
10604,"169,296,411"
10605,"4,3,40"
10606,"10,448,64"
10607,"111,3,119"
10608,"3,147,148"
10609,"17,320,58"
10610,"40,131,241"
10611,"3,21,127"
10612,"10,64,93"
10613,"323,64,199"
10614,"21,3,126"
10615,"3,85,86"
10616,"3,21,126"
10617,"145,44,40"
10618,"3,21,164"
10619,"10,64,338"
10620,"21,3,127"
10621,"129,128,40"
10622,"169,170,199"
10623,"23,137,38"
10624,"128,40,129"
10625,"26,89,23"
10626,"10,54,23"
10627,"0,413,277"
10628,"169,199,170"
10629,"3,13,5"
10630,"21,3,102"
10631,"26,23,89"
10632,"220,10,242"
10633,"0,265,208"
10634,"10,64,80"
10635,"0,271,456"
10636,"3,21,164"
10637,"3,147,148"
10638,"3,17,320"
10639,"40,41,224"
10640,"8,0,308"
10641,"0,271,21"
10642,"0,357,216"
10643,"5,3,228"
10644,"24,23,43"
10645,"40,145,44"
10646,"160,40,315"
10647,"0,271,363"
10648,"23,38,26"
10649,"10,64,448"
10650,"145,44,10"
10651,"44,145,54"
10652,"23,38,74"
10653,"21,3,182"
10654,"40,128,129"
10655,"11,10,109"
10656,"40,131,226"
10657,"271,0,456"
10658,"26,231,23"
10659,"0,8,308"
10660,"16,15,3"
10661,"40,139,41"
10662,"10,60,61"
10663,"25,23,24"
10664,"169,417,170"
10665,"0,271,265"
10666,"40,41,324"
10667,"3,156,85"
10668,"23,26,89"
10669,"3,53,287"
10670,"220,221,10"
10671,"0,216,257"
10672,"40,131,128"
10673,"23,24,43"
10674,"0,313,346"
10675,"3,21,127"
10676,"10,54,322"
10677,"0,291,346"
10678,"49,24,23"
10679,"31,23,96"
10680,"0,271,304"
10681,"3,51,4"
10682,"40,41,21"
10683,"131,40,226"
10684,"40,135,41"
10685,"21,3,127"
10686,"271,0,456"
10687,"169,170,508"
10688,"23,74,118"
10689,"184,494,152"
10690,"169,199,281"
10691,"169,199,281"
10692,"53,23,3"
10693,"147,3,148"
10694,"0,8,285"
10695,"40,128,195"
10696,"3,5,228"
10697,"3,4,435"
10698,"3,53,52"
10699,"0,271,255"
10700,"90,64,10"
10701,"24,23,44"
10702,"21,3,108"
10703,"64,10,448"
10704,"10,11,205"
10705,"0,23,38"
10706,"40,131,486"
10707,"3,4,238"
10708,"3,48,21"
10709,"3,21,187"
10710,"169,68,182"
10711,"0,8,235"
10712,"43,23,24"
10713,"169,199,323"
10714,"10,64,93"
10715,"0,265,271"
10716,"10,64,93"
10717,"23,10,60"
10718,"3,4,51"
10719,"23,96,31"
10720,"170,169,459"
10721,"10,60,92"
10722,"169,296,300"
10723,"4,3,19"
10724,"3,111,112"
10725,"24,23,11"
10726,"10,220,221"
10727,"170,169,459"
10728,"11,109,10"
10729,"0,265,249"
10730,"0,304,257"
10731,"10,64,93"
10732,"0,271,353"
10733,"17,168,3"
10734,"3,21,292"
10735,"0,271,456"
10736,"10,64,338"
10737,"3,66,30"
10738,"3,21,115"
10739,"147,148,3"
10740,"3,21,187"
10741,"23,38,137"
10742,"10,11,109"
10743,"3,111,112"
10744,"199,169,248"
10745,"169,312,138"
10746,"0,255,462"
10747,"44,45,145"
10748,"64,10,338"
10749,"5,3,228"
10750,"3,17,168"
10751,"23,24,105"
10752,"199,169,281"
10753,"10,220,242"
10754,"40,131,193"
10755,"44,145,40"
10756,"0,313,277"
10757,"45,24,44"
10758,"4,3,238"
10759,"0,8,23"
10760,"17,168,3"
10761,"74,23,118"
10762,"3,13,139"
10763,"3,169,199"
10764,"128,40,129"
10765,"4,3,238"
10766,"0,313,346"
10767,"3,168,17"
10768,"169,0,277"
10769,"3,147,148"
10770,"10,60,43"
10771,"169,199,281"
10772,"40,160,41"
10773,"169,199,281"
10774,"10,11,109"
10775,"40,139,153"
10776,"3,68,21"
10777,"10,220,242"
10778,"21,3,108"
10779,"0,265,266"
10780,"4,3,435"
10781,"220,242,10"
10782,"0,257,216"
10783,"3,21,187"
10784,"3,111,112"
10785,"3,34,21"
10786,"21,127,41"
10787,"24,23,59"
10788,"0,271,456"
10789,"0,216,255"
10790,"0,313,346"
10791,"10,43,93"
10792,"0,214,213"
10793,"3,15,16"
10794,"169,199,356"
10795,"40,41,42"
10796,"4,3,238"
10797,"169,199,382"
10798,"3,21,17"
10799,"10,60,61"
10800,"10,419,173"
10801,"40,145,146"
10802,"74,23,303"
10803,"23,24,38"
10804,"235,0,255"
10805,"64,10,448"
10806,"11,10,205"
10807,"3,21,108"
10808,"10,64,448"
10809,"23,26,89"
10810,"135,40,138"
10811,"3,148,21"
10812,"10,64,93"
10813,"0,208,229"
10814,"3,110,205"
10815,"169,199,23"
10816,"44,145,45"
10817,"26,23,231"
10818,"26,23,231"
10819,"64,10,80"
10820,"0,271,214"
10821,"3,66,30"
10822,"220,10,221"
10823,"199,169,171"
10824,"10,64,80"
10825,"23,24,43"
10826,"220,10,242"
10827,"23,24,38"
10828,"169,296,306"
10829,"40,41,215"
10830,"10,11,205"
10831,"23,4,74"
10832,"0,216,354"
10833,"34,3,263"
10834,"4,3,19"
10835,"3,21,379"
10836,"23,38,71"
10837,"23,38,303"
10838,"3,21,168"
10839,"0,249,279"
10840,"40,131,226"
10841,"23,74,3"
10842,"0,271,291"
10843,"0,216,271"
10844,"0,216,304"
10845,"3,53,287"
10846,"337,339,169"
10847,"3,21,182"
10848,"26,23,89"
10849,"3,85,111"
10850,"10,64,93"
10851,"0,216,257"
10852,"44,45,145"
10853,"23,26,231"
10854,"3,21,379"
10855,"26,23,231"
10856,"40,162,163"
10857,"0,271,456"
10858,"25,24,145"
10859,"169,23,426"
10860,"23,89,26"
10861,"23,74,118"
10862,"3,169,311"
10863,"220,10,242"
10864,"3,111,40"
10865,"10,64,338"
10866,"23,31,454"
10867,"10,220,242"
10868,"10,220,11"
10869,"10,60,11"
10870,"17,168,3"
10871,"220,242,10"
10872,"0,271,214"
10873,"40,135,250"
10874,"40,131,406"
10875,"0,366,271"
10876,"255,0,462"
10877,"74,23,165"
10878,"128,40,129"
10879,"23,74,118"
10880,"8,0,206"
10881,"23,74,303"
10882,"3,16,15"
10883,"147,3,148"
10884,"23,31,328"
10885,"23,40,74"
10886,"220,10,221"
10887,"10,54,55"
10888,"64,10,338"
10889,"145,44,40"
10890,"3,275,111"
10891,"3,21,108"
10892,"169,199,356"
10893,"16,15,3"
10894,"0,271,213"
10895,"4,3,174"
10896,"3,228,5"
10897,"3,111,267"
10898,"3,66,30"
10899,"23,31,0"
10900,"3,30,48"
10901,"3,21,22"
10902,"40,139,153"
10903,"21,40,3"
10904,"40,131,241"
10905,"10,54,55"
10906,"3,53,287"
10907,"40,169,135"
10908,"169,296,460"
10909,"138,135,40"
10910,"3,4,435"
10911,"3,53,21"
10912,"64,10,90"
10913,"26,231,23"
10914,"3,21,22"
10915,"44,145,40"
10916,"10,93,64"
10917,"0,271,265"
10918,"26,23,89"
10919,"4,3,19"
10920,"3,4,19"
10921,"64,23,26"
10922,"40,145,134"
10923,"10,64,80"
10924,"8,0,285"
10925,"40,41,160"
10926,"23,0,26"
10927,"169,296,411"
10928,"3,17,168"
10929,"40,128,41"
10930,"3,28,190"
10931,"10,64,93"
10932,"24,23,54"
10933,"0,265,490"
10934,"23,24,59"
10935,"10,54,145"
10936,"26,23,350"
10937,"10,64,80"
10938,"3,21,40"
10939,"3,13,14"
10940,"10,239,60"
10941,"3,21,127"
10942,"0,271,8"
10943,"23,24,44"
10944,"4,19,3"
10945,"21,3,127"
10946,"0,218,509"
10947,"135,40,138"
10948,"64,10,80"
10949,"23,26,89"
10950,"8,0,206"
10951,"0,229,230"
10952,"3,147,30"
10953,"11,10,205"
10954,"145,402,40"
10955,"23,38,63"
10956,"10,220,242"
10957,"4,3,19"
10958,"3,21,53"
10959,"23,49,24"
10960,"0,339,218"
10961,"3,66,30"
10962,"169,343,199"
10963,"44,45,145"
10964,"43,24,23"
10965,"23,43,24"
10966,"40,324,41"
10967,"169,199,281"
10968,"3,21,108"
10969,"169,508,426"
10970,"48,3,21"
10971,"0,456,429"
10972,"3,147,148"
10973,"40,135,138"
10974,"10,60,239"
10975,"3,53,523"
10976,"43,23,24"
10977,"3,85,21"
10978,"3,21,287"
10979,"0,216,208"
10980,"40,135,189"
10981,"3,16,15"
10982,"169,21,3"
10983,"23,24,25"
10984,"10,23,43"
10985,"3,112,111"
10986,"26,350,0"
10987,"128,40,129"
10988,"3,21,126"
10989,"220,10,242"
10990,"0,216,354"
10991,"128,40,195"
10992,"40,128,129"
10993,"3,111,472"
10994,"3,17,168"
10995,"3,115,21"
10996,"3,111,112"
10997,"23,74,94"
10998,"131,40,134"
10999,"21,3,108"
11000,"169,296,428"
11001,"169,170,199"
11002,"23,24,25"
11003,"89,26,23"
11004,"40,41,149"
11005,"3,4,30"
11006,"10,11,12"
11007,"162,163,40"
11008,"23,26,350"
11009,"64,10,448"
11010,"10,239,60"
11011,"10,220,221"
11012,"10,54,145"
11013,"40,131,134"
11014,"10,54,24"
11015,"40,44,145"
11016,"0,271,355"
11017,"169,170,131"
11018,"145,402,40"
11019,"169,170,260"
11020,"40,41,324"
11021,"8,0,405"
11022,"145,44,40"
11023,"40,145,402"
11024,"169,199,170"
11025,"23,32,43"
11026,"128,40,129"
11027,"169,296,526"
11028,"3,85,111"
11029,"10,60,64"
11030,"23,137,38"
11031,"169,199,171"
11032,"31,23,96"
11033,"0,271,455"
11034,"313,0,346"
11035,"23,24,323"
11036,"3,4,238"
11037,"145,40,44"
11038,"23,26,38"
11039,"23,26,231"
11040,"108,21,3"
11041,"169,170,199"
11042,"3,28,190"
11043,"0,265,349"
11044,"0,26,350"
11045,"0,314,313"
11046,"3,126,111"
11047,"296,23,169"
11048,"0,271,456"
11049,"0,249,279"
11050,"271,0,456"
11051,"169,296,411"
11052,"3,21,126"
11053,"220,10,221"
11054,"23,26,231"
11055,"23,49,24"
11056,"40,131,226"
11057,"74,23,303"
11058,"10,64,65"
11059,"23,31,96"
11060,"169,170,323"
11061,"10,0,220"
11062,"3,34,263"
11063,"40,160,334"
11064,"40,128,129"
11065,"64,10,448"
11066,"0,271,291"
11067,"145,44,45"
11068,"64,10,80"
11069,"8,0,308"
11070,"24,23,43"
11071,"169,170,311"
11072,"3,21,127"
11073,"10,220,242"
11074,"3,48,21"
11075,"3,17,168"
11076,"40,128,129"
11077,"3,169,199"
11078,"60,10,199"
11079,"64,10,65"
11080,"0,456,271"
11081,"40,128,129"
11082,"3,17,168"
11083,"3,15,16"
11084,"10,44,145"
11085,"23,49,24"
11086,"23,26,169"
11087,"145,40,323"
11088,"11,10,109"
11089,"0,216,304"
11090,"145,40,402"
11091,"3,66,30"
11092,"105,23,262"
11093,"8,0,206"
11094,"26,23,350"
11095,"160,40,315"
11096,"0,456,429"
11097,"23,74,63"
11098,"23,31,454"
11099,"131,40,406"
11100,"23,24,38"
11101,"23,74,303"
11102,"23,31,96"
11103,"3,21,126"
11104,"3,4,238"
11105,"169,170,296"
11106,"44,23,24"
11107,"40,139,3"
11108,"0,255,271"
11109,"40,131,226"
11110,"44,145,45"
11111,"64,10,448"
11112,"23,165,74"
11113,"40,395,21"
11114,"3,21,48"
11115,"169,199,323"
11116,"8,0,206"
11117,"220,10,242"
11118,"90,64,10"
11119,"40,152,151"
11120,"23,31,96"
11121,"3,66,21"
11122,"0,218,475"
11123,"3,21,379"
11124,"4,3,19"
11125,"3,85,158"
11126,"40,131,406"
11127,"23,32,3"
11128,"0,214,213"
11129,"0,8,26"
11130,"10,61,60"
11131,"40,145,23"
11132,"23,74,71"
11133,"0,271,366"
11134,"74,23,118"
11135,"8,0,308"
11136,"0,23,455"
11137,"339,337,169"
11138,"0,218,475"
11139,"17,3,168"
11140,"40,160,315"
11141,"0,249,208"
11142,"0,271,444"
11143,"3,40,21"
11144,"40,131,241"
11145,"220,221,10"
11146,"3,16,15"
11147,"26,23,89"
11148,"40,41,160"
11149,"40,135,41"
11150,"26,231,23"
11151,"111,123,3"
11152,"23,43,24"
11153,"64,10,93"
11154,"3,13,14"
11155,"40,41,224"
11156,"40,131,134"
11157,"10,64,60"
11158,"23,24,38"
11159,"169,199,89"
11160,"21,3,127"
11161,"220,10,242"
11162,"145,40,402"
11163,"54,10,145"
11164,"21,3,102"
11165,"10,43,93"
11166,"10,220,221"
11167,"145,40,44"
11168,"220,10,242"
11169,"10,220,221"
11170,"64,10,448"
11171,"3,5,228"
11172,"0,271,366"
11173,"40,162,163"
11174,"23,105,106"
11175,"26,23,231"
11176,"10,11,205"
11177,"3,147,148"
11178,"40,131,41"
11179,"169,170,380"
11180,"44,10,145"
11181,"3,34,263"
11182,"40,152,151"
11183,"23,74,24"
11184,"199,169,343"
11185,"23,24,38"
11186,"182,3,21"
11187,"199,323,169"
11188,"3,13,204"
11189,"8,0,206"
11190,"402,145,40"
11191,"231,26,23"
11192,"8,0,285"
11193,"3,66,53"
11194,"3,4,435"
11195,"23,74,38"
11196,"23,24,31"
11197,"169,199,26"
11198,"169,199,170"
11199,"169,199,281"
11200,"10,64,80"
11201,"23,309,38"
11202,"0,249,8"
11203,"0,271,280"
11204,"3,21,108"
11205,"64,10,65"
11206,"23,74,40"
11207,"40,3,36"
11208,"40,145,402"
11209,"10,64,60"
11210,"43,24,23"
11211,"0,216,304"
11212,"0,8,457"
11213,"3,21,34"
11214,"40,131,142"
11215,"10,64,448"
11216,"199,169,343"
11217,"10,11,109"
11218,"40,135,459"
11219,"3,34,21"
11220,"44,145,40"
11221,"23,26,89"
11222,"23,49,24"
11223,"0,271,355"
11224,"40,131,406"
11225,"169,199,40"
11226,"220,10,242"
11227,"3,21,187"
11228,"16,15,3"
11229,"23,26,89"
11230,"0,271,355"
11231,"23,49,24"
11232,"0,271,490"
11233,"23,24,25"
11234,"23,26,89"
11235,"23,106,105"
11236,"131,406,40"
11237,"3,21,147"
11238,"3,17,320"
11239,"54,10,95"
11240,"3,13,4"
11241,"40,131,486"
11242,"23,309,38"
11243,"0,271,362"
11244,"10,64,65"
11245,"211,0,319"
11246,"3,66,28"
11247,"220,10,242"
11248,"3,48,21"
11249,"16,15,3"
11250,"169,337,251"
11251,"199,169,343"
11252,"0,271,291"
11253,"21,3,40"
11254,"23,31,328"
11255,"23,24,59"
11256,"10,11,205"
11257,"10,64,80"
11258,"16,15,3"
11259,"10,442,64"
11260,"10,64,448"
11261,"10,173,208"
11262,"169,199,356"
11263,"145,40,44"
11264,"3,147,156"
11265,"169,199,170"
11266,"40,131,241"
11267,"10,11,205"
11268,"40,152,151"
11269,"40,139,155"
11270,"0,265,271"
11271,"21,3,108"
11272,"208,0,17"
11273,"23,43,24"
11274,"0,308,8"
11275,"10,54,95"
11276,"40,146,145"
11277,"135,40,244"
11278,"0,271,456"
11279,"23,26,89"
11280,"339,169,337"
11281,"23,38,24"
11282,"44,145,10"
11283,"3,34,263"
11284,"0,216,211"
11285,"131,40,406"
11286,"10,11,109"
11287,"169,170,199"
11288,"54,95,10"
11289,"169,170,459"
11290,"44,145,40"
11291,"145,40,402"
11292,"3,4,188"
11293,"89,26,23"
11294,"23,32,31"
11295,"3,17,168"
11296,"64,10,65"
11297,"199,169,343"
11298,"3,287,53"
11299,"64,10,448"
11300,"23,10,60"
11301,"135,40,138"
11302,"3,21,108"
11303,"0,216,304"
11304,"10,64,80"
11305,"23,3,24"
11306,"53,3,287"
11307,"61,60,40"
11308,"23,137,38"
11309,"0,8,265"
11310,"3,15,86"
11311,"40,41,201"
11312,"265,0,349"
11313,"10,239,60"
11314,"138,135,374"
11315,"23,74,38"
11316,"3,66,190"
11317,"220,10,242"
11318,"169,199,281"
11319,"169,170,260"
11320,"4,3,238"
11321,"145,54,40"
11322,"0,216,304"
11323,"10,220,242"
11324,"10,60,61"
11325,"10,64,448"
11326,"10,64,45"
11327,"3,13,204"
11328,"89,26,23"
11329,"32,23,31"
11330,"169,296,428"
11331,"243,23,40"
11332,"23,74,118"
11333,"3,15,16"
11334,"170,169,260"
11335,"220,242,10"
11336,"111,3,119"
11337,"128,195,40"
11338,"40,0,3"
11339,"10,64,43"
11340,"169,199,248"
11341,"0,8,327"
11342,"131,134,40"
11343,"10,220,242"
11344,"13,3,401"
11345,"10,93,64"
11346,"3,21,126"
11347,"131,40,406"
11348,"10,60,239"
11349,"169,170,260"
11350,"40,201,41"
11351,"3,111,4"
11352,"23,31,328"
11353,"10,64,93"
11354,"169,170,199"
11355,"3,74,28"
11356,"3,5,21"
11357,"169,199,281"
11358,"0,8,235"
11359,"21,3,108"
11360,"0,295,40"
11361,"10,64,442"
11362,"23,145,24"
11363,"3,17,168"
11364,"44,145,45"
11365,"3,48,21"
11366,"10,220,242"
11367,"3,4,40"
11368,"10,11,109"
11369,"3,15,53"
11370,"0,271,456"
11371,"40,395,41"
11372,"3,21,126"
11373,"145,40,54"
11374,"135,40,236"
11375,"0,271,255"
11376,"21,3,102"
11377,"220,10,221"
11378,"0,271,214"
11379,"220,10,242"
11380,"131,40,134"
11381,"17,168,3"
11382,"0,8,308"
11383,"23,8,0"
11384,"10,54,24"
11385,"23,24,0"
11386,"0,26,89"
11387,"21,3,108"
11388,"3,21,169"
11389,"3,147,85"
11390,"10,11,205"
11391,"3,53,68"
11392,"40,131,406"
11393,"40,152,151"
11394,"145,40,402"
11395,"10,220,242"
11396,"131,406,169"
11397,"26,23,231"
11398,"23,26,231"
11399,"0,169,199"
11400,"169,170,260"
11401,"0,271,456"
11402,"40,395,41"
11403,"0,249,8"
11404,"145,402,40"
11405,"162,40,23"
11406,"147,156,3"
11407,"8,0,405"
11408,"220,10,221"
11409,"3,5,228"
11410,"23,74,303"
11411,"135,40,138"
11412,"21,3,127"
11413,"21,3,108"
11414,"23,63,38"
11415,"40,23,74"
11416,"3,113,28"
11417,"23,40,41"
11418,"169,281,199"
11419,"10,54,95"
11420,"169,323,199"
11421,"23,31,74"
11422,"53,287,3"
11423,"8,0,206"
11424,"23,105,24"
11425,"40,44,145"
11426,"3,21,126"
11427,"128,40,129"
11428,"23,49,24"
11429,"0,216,304"
11430,"220,10,242"
11431,"128,40,129"
11432,"3,30,4"
11433,"11,10,12"
11434,"220,10,242"
11435,"11,10,109"
11436,"40,41,128"
11437,"23,31,77"
11438,"3,4,238"
11439,"40,145,146"
11440,"40,184,185"
11441,"145,44,40"
11442,"3,85,21"
11443,"147,3,148"
11444,"145,40,402"
11445,"21,3,127"
11446,"40,135,295"
11447,"40,160,41"
11448,"169,199,281"
11449,"3,16,15"
11450,"10,64,442"
11451,"40,131,128"
11452,"3,15,16"
11453,"0,208,369"
11454,"23,24,59"
11455,"3,147,148"
11456,"11,10,205"
11457,"220,10,242"
11458,"3,85,21"
11459,"44,145,45"
11460,"8,308,0"
11461,"23,24,59"
11462,"3,147,33"
11463,"220,10,221"
11464,"105,23,326"
11465,"3,147,21"
11466,"10,220,221"
11467,"3,66,30"
11468,"3,10,60"
11469,"23,74,38"
11470,"169,199,281"
11471,"23,74,31"
11472,"3,4,19"
11473,"10,11,109"
11474,"23,24,59"
11475,"3,21,474"
11476,"330,13,3"
11477,"0,271,456"
11478,"3,53,287"
11479,"64,10,448"
11480,"23,71,40"
11481,"11,109,10"
11482,"3,30,66"
11483,"10,54,95"
11484,"199,323,169"
11485,"0,271,456"
11486,"220,10,242"
11487,"199,169,382"
11488,"26,23,89"
11489,"3,4,15"
11490,"3,53,287"
11491,"40,131,406"
11492,"23,24,49"
11493,"169,170,171"
11494,"0,216,211"
11495,"0,216,208"
11496,"23,74,118"
11497,"3,53,416"
11498,"169,170,199"
11499,"23,31,96"
11500,"8,235,0"
11501,"3,4,147"
11502,"3,147,148"
11503,"89,23,26"
11504,"3,17,168"
11505,"147,3,167"
11506,"74,23,303"
11507,"3,5,228"
11508,"3,158,85"
11509,"170,169,459"
11510,"3,16,15"
11511,"10,64,80"
11512,"3,4,238"
11513,"3,34,17"
11514,"220,242,10"
11515,"169,296,460"
11516,"0,271,2"
11517,"3,34,21"
11518,"40,41,324"
11519,"169,199,323"
11520,"3,111,161"
11521,"40,160,152"
11522,"0,128,195"
11523,"23,24,105"
11524,"23,38,44"
11525,"170,260,169"
11526,"220,10,221"
11527,"64,10,93"
11528,"23,241,40"
11529,"199,169,343"
11530,"169,323,199"
11531,"3,147,148"
11532,"0,218,288"
11533,"4,3,238"
11534,"10,11,205"
11535,"3,21,53"
11536,"23,26,89"
11537,"11,109,10"
11538,"24,73,23"
11539,"10,64,11"
11540,"53,3,292"
11541,"145,44,45"
11542,"0,271,169"
11543,"10,64,93"
11544,"40,41,139"
11545,"10,11,109"
11546,"3,21,68"
11547,"3,66,30"
11548,"23,31,328"
11549,"40,131,241"
11550,"40,131,159"
11551,"145,40,402"
11552,"40,128,129"
11553,"135,138,40"
11554,"23,131,40"
11555,"26,231,23"
11556,"3,21,187"
11557,"10,64,473"
11558,"23,38,440"
11559,"3,21,126"
11560,"3,21,182"
11561,"220,242,10"
11562,"40,61,3"
11563,"0,265,340"
11564,"3,17,320"
11565,"40,131,142"
11566,"54,10,95"
11567,"40,128,129"
11568,"0,271,265"
11569,"3,40,139"
11570,"23,199,169"
11571,"49,23,24"
11572,"10,11,109"
11573,"23,40,162"
11574,"8,0,206"
11575,"0,265,340"
11576,"23,105,318"
11577,"64,10,448"
11578,"21,187,3"
11579,"3,147,148"
11580,"26,0,350"
11581,"0,249,279"
11582,"23,24,25"
11583,"3,147,4"
11584,"3,22,21"
11585,"3,30,48"
11586,"23,118,74"
11587,"15,16,3"
11588,"0,271,456"
11589,"3,21,190"
11590,"64,10,80"
11591,"152,40,151"
11592,"199,323,169"
11593,"10,95,145"
11594,"0,8,235"
11595,"169,21,182"
11596,"10,64,323"
11597,"10,64,448"
11598,"3,21,108"
11599,"10,60,239"
11600,"23,74,118"
11601,"169,356,199"
11602,"34,3,263"
11603,"23,74,303"
11604,"10,64,65"
11605,"0,265,271"
11606,"40,160,315"
11607,"234,10,60"
11608,"0,271,456"
11609,"40,131,3"
11610,"40,139,153"
11611,"10,64,93"
11612,"3,85,17"
11613,"10,64,93"
11614,"3,168,17"
11615,"0,265,349"
11616,"3,17,320"
11617,"131,241,23"
11618,"23,71,38"
11619,"40,131,406"
11620,"40,145,146"
11621,"169,199,170"
11622,"21,3,126"
11623,"23,74,165"
11624,"3,17,320"
11625,"40,145,44"
11626,"23,38,39"
11627,"0,208,327"
11628,"21,3,127"
11629,"169,199,23"
11630,"40,159,131"
11631,"23,74,303"
11632,"3,53,147"
11633,"220,10,242"
11634,"23,74,118"
11635,"10,54,95"
11636,"3,21,108"
11637,"11,10,12"
11638,"23,24,25"
11639,"23,74,38"
11640,"10,60,239"
11641,"10,64,93"
11642,"24,49,23"
11643,"71,23,38"
11644,"3,36,35"
11645,"145,24,54"
11646,"131,40,226"
11647,"10,11,14"
11648,"3,53,99"
11649,"40,131,159"
11650,"11,109,10"
11651,"3,21,108"
11652,"0,8,308"
11653,"0,211,319"
11654,"24,43,23"
11655,"10,11,109"
11656,"40,131,406"
11657,"3,21,127"
11658,"3,4,435"
11659,"26,89,23"
11660,"3,111,284"
11661,"10,220,242"
11662,"23,24,43"
11663,"220,10,221"
11664,"3,34,143"
11665,"3,21,168"
11666,"10,220,242"
11667,"40,138,135"
11668,"10,11,109"
11669,"169,199,184"
11670,"3,17,168"
11671,"23,105,137"
11672,"23,38,26"
11673,"23,74,303"
11674,"23,74,118"
11675,"169,170,260"
11676,"459,170,169"
11677,"199,169,343"
11678,"0,456,271"
11679,"0,8,456"
11680,"10,64,338"
11681,"24,54,95"
11682,"220,10,242"
11683,"10,64,93"
11684,"199,323,169"
11685,"169,199,343"
11686,"111,123,3"
11687,"40,128,395"
11688,"23,24,25"
11689,"3,85,158"
11690,"23,74,118"
11691,"44,145,54"
11692,"10,64,93"
11693,"4,3,19"
11694,"0,213,214"
11695,"5,3,228"
11696,"271,0,169"
11697,"211,216,0"
11698,"0,313,346"
11699,"3,21,126"
11700,"170,169,260"
11701,"3,147,148"
11702,"0,8,405"
11703,"145,40,10"
11704,"10,54,64"
11705,"3,66,30"
11706,"3,147,148"
11707,"17,3,320"
11708,"10,239,60"
11709,"0,216,208"
11710,"135,40,138"
11711,"4,3,183"
11712,"23,24,31"
11713,"10,64,54"
11714,"10,64,93"
11715,"53,3,40"
11716,"10,64,60"
11717,"40,41,149"
11718,"169,199,323"
11719,"23,26,89"
11720,"3,21,126"
11721,"3,34,46"
11722,"3,53,111"
11723,"10,60,11"
11724,"40,41,139"
11725,"3,139,21"
11726,"169,339,337"
11727,"10,11,109"
11728,"123,111,119"
11729,"24,25,23"
11730,"4,3,19"
11731,"0,249,279"
11732,"40,184,41"
11733,"131,40,226"
11734,"3,53,287"
11735,"23,31,96"
11736,"3,111,472"
11737,"74,23,303"
11738,"8,0,206"
11739,"338,145,44"
11740,"220,10,242"
11741,"3,147,111"
11742,"3,21,127"
11743,"169,296,306"
11744,"3,21,301"
11745,"3,523,148"
11746,"3,104,30"
11747,"3,17,320"
11748,"3,15,16"
11749,"169,199,281"
11750,"40,41,324"
11751,"0,169,271"
11752,"3,21,48"
11753,"11,10,109"
11754,"23,258,31"
11755,"10,64,93"
11756,"10,11,205"
11757,"23,31,96"
11758,"64,10,338"
11759,"10,64,93"
11760,"23,38,94"
11761,"118,74,23"
11762,"3,21,126"
11763,"3,111,125"
11764,"3,147,148"
11765,"3,17,168"
11766,"0,216,304"
11767,"3,85,158"
11768,"16,15,3"
11769,"169,199,281"
11770,"21,3,108"
11771,"3,21,124"
11772,"16,15,3"
11773,"337,339,169"
11774,"169,170,329"
11775,"131,40,241"
11776,"64,10,80"
11777,"3,21,53"
11778,"64,10,448"
11779,"10,11,109"
11780,"64,10,80"
11781,"170,459,169"
11782,"169,170,260"
11783,"23,49,24"
11784,"23,43,24"
11785,"24,23,49"
11786,"169,199,323"
11787,"4,3,19"
11788,"10,64,93"
11789,"40,131,226"
11790,"3,147,156"
11791,"128,40,129"
11792,"105,23,318"
11793,"23,24,26"
11794,"23,24,25"
11795,"8,128,0"
11796,"23,74,38"
11797,"10,11,205"
11798,"23,38,137"
11799,"3,21,34"
11800,"0,216,257"
11801,"3,21,48"
11802,"3,21,40"
11803,"3,4,228"
11804,"3,53,147"
11805,"3,17,168"
11806,"3,21,187"
11807,"23,38,74"
11808,"23,74,303"
11809,"10,64,65"
11810,"40,41,184"
11811,"145,40,402"
11812,"3,111,85"
11813,"3,17,320"
11814,"145,44,40"
11815,"40,184,131"
11816,"162,40,163"
11817,"4,19,3"
11818,"10,11,109"
11819,"0,169,271"
11820,"3,30,66"
11821,"152,151,40"
11822,"23,26,89"
11823,"220,10,221"
11824,"0,271,456"
11825,"3,21,147"
11826,"54,10,95"
11827,"0,23,89"
11828,"40,139,153"
11829,"10,60,234"
11830,"11,10,205"
11831,"169,199,131"
11832,"10,220,242"
11833,"3,147,148"
11834,"0,8,271"
11835,"128,195,40"
11836,"0,26,23"
11837,"0,26,8"
11838,"40,131,134"
11839,"3,21,48"
11840,"40,162,163"
11841,"3,4,375"
11842,"10,338,64"
11843,"0,216,277"
11844,"8,26,23"
11845,"10,64,338"
11846,"23,38,39"
11847,"199,323,169"
11848,"0,216,254"
11849,"145,55,54"
11850,"23,74,118"
11851,"0,313,346"
11852,"0,271,291"
11853,"0,26,313"
11854,"3,21,187"
11855,"220,10,221"
11856,"10,60,11"
11857,"64,10,80"
11858,"3,111,53"
11859,"53,3,325"
11860,"0,8,308"
11861,"10,11,109"
11862,"74,23,118"
11863,"220,10,221"
11864,"182,68,3"
11865,"40,160,423"
11866,"54,95,10"
11867,"169,199,40"
11868,"64,10,90"
11869,"3,17,168"
11870,"3,85,158"
11871,"23,24,59"
11872,"4,3,238"
11873,"145,44,45"
11874,"17,3,320"
11875,"0,208,265"
11876,"23,74,38"
11877,"16,15,3"
11878,"206,0,8"
11879,"160,40,315"
11880,"10,40,145"
11881,"40,128,195"
11882,"138,135,40"
11883,"135,169,40"
11884,"0,235,8"
11885,"26,89,23"
11886,"3,21,124"
11887,"8,0,206"
11888,"4,3,19"
11889,"3,21,127"
11890,"0,8,327"
11891,"220,10,221"
11892,"3,17,320"
11893,"169,296,526"
11894,"24,23,49"
11895,"23,89,26"
11896,"220,10,221"
11897,"10,220,221"
11898,"10,11,205"
11899,"3,17,13"
11900,"199,169,343"
11901,"3,21,187"
11902,"169,170,131"
11903,"169,199,323"
11904,"3,21,22"
11905,"11,10,205"
11906,"10,145,44"
11907,"10,64,80"
11908,"3,17,168"
11909,"135,40,138"
11910,"169,459,170"
11911,"16,15,3"
11912,"4,3,19"
11913,"11,10,205"
11914,"10,54,55"
11915,"23,26,231"
11916,"23,74,40"
11917,"64,10,93"
11918,"24,23,62"
11919,"10,64,80"
11920,"23,31,24"
11921,"3,21,127"
11922,"3,85,21"
11923,"23,74,63"
11924,"169,170,459"
11925,"13,14,204"
11926,"40,135,244"
11927,"23,40,131"
11928,"0,265,349"
11929,"3,4,15"
11930,"23,74,303"
11931,"23,24,26"
11932,"169,296,411"
11933,"211,0,319"
11934,"3,28,113"
11935,"3,148,147"
11936,"23,74,24"
11937,"40,135,169"
11938,"131,40,226"
11939,"13,3,150"
11940,"3,85,158"
11941,"40,184,185"
11942,"147,148,3"
11943,"40,41,135"
11944,"10,64,80"
11945,"11,10,109"
11946,"3,4,238"
11947,"199,169,382"
11948,"44,145,45"
11949,"40,135,41"
11950,"10,11,12"
11951,"10,54,95"
11952,"23,105,326"
11953,"220,10,242"
11954,"3,85,86"
11955,"0,271,255"
11956,"23,131,406"
11957,"10,64,93"
11958,"40,41,160"
11959,"3,53,523"
11960,"23,24,43"
11961,"169,311,3"
11962,"23,24,38"
11963,"229,0,337"
11964,"0,216,211"
11965,"3,147,33"
11966,"118,107,23"
11967,"3,21,53"
11968,"23,38,71"
11969,"64,10,338"
11970,"169,199,281"
11971,"64,10,80"
11972,"145,44,54"
11973,"8,206,0"
11974,"169,199,281"
11975,"40,128,41"
11976,"23,24,231"
11977,"169,170,459"
11978,"169,343,199"
11979,"24,23,43"
11980,"3,34,263"
11981,"23,38,74"
11982,"169,426,343"
11983,"271,0,456"
11984,"89,26,23"
11985,"3,21,187"
11986,"135,40,138"
11987,"54,95,10"
11988,"131,40,134"
11989,"8,0,206"
11990,"3,21,108"
11991,"3,21,111"
11992,"40,139,21"
11993,"13,14,204"
11994,"169,199,248"
11995,"0,8,429"
11996,"10,11,221"
11997,"40,131,159"
11998,"220,10,242"
11999,"3,21,108"
12000,"10,90,64"
12001,"145,402,40"
12002,"3,30,66"
12003,"40,145,146"
12004,"21,3,127"
12005,"128,129,40"
12006,"3,21,182"
12007,"170,287,53"
12008,"147,3,148"
12009,"60,10,239"
12010,"40,131,406"
12011,"40,145,44"
12012,"3,147,85"
12013,"3,53,21"
12014,"199,169,374"
12015,"0,26,23"
12016,"185,184,40"
12017,"17,3,56"
12018,"64,10,338"
12019,"3,85,111"
12020,"40,41,139"
12021,"131,23,406"
12022,"40,185,184"
12023,"3,17,168"
12024,"3,21,30"
12025,"4,3,19"
12026,"23,26,89"
12027,"145,40,44"
12028,"169,417,296"
12029,"23,31,96"
12030,"23,74,162"
12031,"40,128,41"
12032,"3,34,46"
12033,"40,131,406"
12034,"0,216,257"
12035,"3,21,53"
12036,"0,8,308"
12037,"23,24,45"
12038,"23,48,74"
12039,"3,182,68"
12040,"3,5,228"
12041,"23,24,309"
12042,"26,89,23"
12043,"23,24,25"
12044,"0,355,271"
12045,"23,74,38"
12046,"3,238,4"
12047,"169,281,170"
12048,"44,23,24"
12049,"10,64,93"
12050,"169,199,171"
12051,"0,265,349"
12052,"10,64,23"
12053,"3,34,46"
12054,"3,168,17"
12055,"26,23,89"
12056,"169,170,199"
12057,"74,23,118"
12058,"220,10,242"
12059,"3,21,86"
12060,"54,145,10"
12061,"40,131,406"
12062,"3,34,21"
12063,"23,105,318"
12064,"3,17,320"
12065,"10,64,90"
12066,"44,145,45"
12067,"23,43,24"
12068,"3,66,30"
12069,"11,10,109"
12070,"26,23,89"
12071,"0,216,211"
12072,"40,160,41"
12073,"44,145,45"
12074,"10,64,80"
12075,"17,168,3"
12076,"199,169,323"
12077,"11,10,109"
12078,"3,51,21"
12079,"131,40,226"
12080,"23,3,24"
12081,"64,10,93"
12082,"145,40,402"
12083,"10,11,205"
12084,"3,21,156"
12085,"40,145,146"
12086,"64,10,65"
12087,"10,90,64"
12088,"3,53,120"
12089,"170,169,459"
12090,"3,147,203"
12091,"40,160,315"
12092,"3,21,379"
12093,"220,242,10"
12094,"3,85,158"
12095,"43,23,24"
12096,"23,105,309"
12097,"0,8,410"
12098,"26,23,350"
12099,"0,456,271"
12100,"3,53,287"
12101,"23,49,24"
12102,"145,44,40"
12103,"21,3,127"
12104,"8,0,405"
12105,"64,10,448"
12106,"21,3,127"
12107,"3,17,21"
12108,"17,168,3"
12109,"23,24,25"
12110,"3,30,66"
12111,"10,64,93"
12112,"169,296,371"
12113,"3,21,379"
12114,"0,271,216"
12115,"10,64,93"
12116,"145,44,40"
12117,"10,54,322"
12118,"0,255,271"
12119,"10,64,93"
12120,"10,43,64"
12121,"0,2,342"
12122,"23,24,43"
12123,"0,271,2"
12124,"43,54,10"
12125,"8,0,235"
12126,"23,26,89"
12127,"3,41,40"
12128,"23,49,24"
12129,"3,21,108"
12130,"3,13,204"
12131,"13,14,40"
12132,"234,10,60"
12133,"40,41,160"
12134,"40,145,146"
12135,"40,3,477"
12136,"24,23,43"
12137,"0,249,279"
12138,"64,10,338"
12139,"3,21,34"
12140,"0,271,456"
12141,"10,220,242"
12142,"0,208,26"
12143,"145,44,23"
12144,"169,199,281"
12145,"169,21,199"
12146,"64,10,80"
12147,"44,145,24"
12148,"0,304,277"
12149,"10,220,242"
12150,"0,271,456"
12151,"43,24,23"
12152,"10,54,145"
12153,"43,23,24"
12154,"23,38,39"
12155,"23,43,24"
12156,"40,135,236"
12157,"54,55,145"
12158,"10,60,61"
12159,"40,41,324"
12160,"40,131,159"
12161,"199,169,171"
12162,"0,271,456"
12163,"220,10,242"
12164,"0,271,456"
12165,"199,169,281"
12166,"40,41,224"
12167,"138,135,40"
12168,"40,131,406"
12169,"32,3,23"
12170,"10,64,93"
12171,"40,41,224"
12172,"40,162,128"
12173,"10,60,64"
12174,"49,24,23"
12175,"74,23,118"
12176,"23,74,303"
12177,"3,34,263"
12178,"40,160,152"
12179,"53,3,287"
12180,"169,199,356"
12181,"0,271,265"
12182,"40,131,128"
12183,"40,155,139"
12184,"23,89,26"
12185,"26,23,231"
12186,"0,271,522"
12187,"3,28,330"
12188,"131,40,226"
12189,"0,216,249"
12190,"16,15,144"
12191,"26,23,350"
12192,"3,17,168"
12193,"23,309,135"
12194,"169,300,460"
12195,"23,0,26"
12196,"3,21,147"
12197,"26,23,89"
12198,"10,64,338"
12199,"40,131,241"
12200,"8,0,206"
12201,"28,190,330"
12202,"40,128,129"
12203,"44,45,145"
12204,"3,330,20"
12205,"3,182,68"
12206,"169,199,170"
12207,"16,15,144"
12208,"26,23,89"
12209,"0,279,249"
12210,"3,15,16"
12211,"10,44,145"
12212,"3,4,238"
12213,"40,41,152"
12214,"0,8,308"
12215,"3,17,320"
12216,"3,21,104"
12217,"169,170,311"
12218,"40,131,406"
12219,"16,15,3"
12220,"21,182,3"
12221,"0,2,277"
12222,"23,26,89"
12223,"0,271,456"
12224,"4,3,19"
12225,"23,26,350"
12226,"0,216,304"
12227,"3,5,228"
12228,"145,40,44"
12229,"40,41,224"
12230,"3,15,16"
12231,"147,3,148"
12232,"3,21,187"
12233,"23,40,38"
12234,"21,3,126"
12235,"234,10,60"
12236,"3,21,48"
12237,"3,34,263"
12238,"64,10,65"
12239,"21,102,3"
12240,"456,0,271"
12241,"3,21,379"
12242,"23,74,169"
12243,"17,168,3"
12244,"64,10,65"
12245,"23,38,24"
12246,"40,41,149"
12247,"0,271,361"
12248,"40,185,184"
12249,"0,216,455"
12250,"3,21,33"
12251,"23,74,49"
12252,"40,169,160"
12253,"3,111,267"
12254,"220,242,10"
12255,"0,255,271"
12256,"10,40,60"
12257,"184,494,40"
12258,"23,31,258"
12259,"0,339,271"
12260,"23,38,63"
12261,"23,137,38"
12262,"23,74,10"
12263,"40,135,386"
12264,"0,271,272"
12265,"255,0,462"
12266,"145,44,40"
12267,"21,3,108"
12268,"23,24,43"
12269,"54,10,145"
12270,"40,145,146"
12271,"40,135,169"
12272,"74,23,118"
12273,"0,271,291"
12274,"40,184,185"
12275,"11,10,109"
12276,"4,3,19"
12277,"10,24,23"
12278,"49,24,23"
12279,"21,3,127"
12280,"0,229,3"
12281,"160,40,334"
12282,"0,216,304"
12283,"3,85,86"
12284,"23,60,10"
12285,"0,271,1"
12286,"138,135,40"
12287,"54,10,220"
12288,"23,31,258"
12289,"145,40,44"
12290,"10,64,338"
12291,"3,111,13"
12292,"220,10,221"
12293,"40,131,142"
12294,"23,38,137"
12295,"131,40,406"
12296,"3,158,85"
12297,"23,32,30"
12298,"21,40,3"
12299,"10,60,239"
12300,"0,265,208"
12301,"10,64,90"
12302,"24,23,44"
12303,"184,185,40"
12304,"64,10,93"
12305,"0,271,457"
12306,"10,64,93"
12307,"44,24,23"
12308,"0,271,291"
12309,"8,0,405"
12310,"128,129,40"
12311,"48,23,118"
12312,"4,3,435"
12313,"13,204,3"
12314,"205,10,11"
12315,"40,131,226"
12316,"169,199,343"
12317,"0,266,265"
12318,"10,11,205"
12319,"131,40,134"
12320,"36,35,3"
12321,"3,111,85"
12322,"26,23,89"
12323,"23,26,350"
12324,"3,147,203"
12325,"23,24,40"
12326,"53,3,287"
12327,"40,224,41"
12328,"3,168,21"
12329,"231,26,23"
12330,"40,135,189"
12331,"0,277,513"
12332,"169,199,343"
12333,"44,145,40"
12334,"10,11,205"
12335,"8,0,23"
12336,"3,330,28"
12337,"40,131,406"
12338,"100,222,208"
12339,"0,216,380"
12340,"3,111,119"
12341,"23,31,258"
12342,"170,169,459"
12343,"0,313,346"
12344,"40,128,195"
12345,"128,40,129"
12346,"3,21,124"
12347,"10,220,221"
12348,"4,3,238"
12349,"54,10,322"
12350,"128,40,195"
12351,"23,74,84"
12352,"3,66,30"
12353,"40,160,3"
12354,"10,11,109"
12355,"0,265,349"
12356,"8,0,206"
12357,"170,169,459"
12358,"23,38,24"
12359,"10,220,221"
12360,"169,199,323"
12361,"131,40,226"
12362,"3,182,68"
12363,"0,8,206"
12364,"40,395,128"
12365,"24,23,49"
12366,"3,147,53"
12367,"10,11,205"
12368,"3,13,204"
12369,"40,41,286"
12370,"10,64,93"
12371,"169,199,248"
12372,"40,131,241"
12373,"0,8,457"
12374,"3,147,148"
12375,"40,145,44"
12376,"4,3,19"
12377,"40,34,237"
12378,"220,10,242"
12379,"5,3,228"
12380,"265,0,340"
12381,"40,41,42"
12382,"0,218,475"
12383,"169,171,170"
12384,"169,296,306"
12385,"40,128,41"
12386,"54,10,95"
12387,"182,21,3"
12388,"3,86,13"
12389,"169,31,23"
12390,"169,199,323"
12391,"10,64,65"
12392,"337,339,169"
12393,"169,199,259"
12394,"128,40,129"
12395,"44,45,145"
12396,"10,11,12"
12397,"169,417,170"
12398,"0,8,235"
12399,"169,199,281"
12400,"23,105,137"
12401,"145,44,40"
12402,"40,41,324"
12403,"3,21,124"
12404,"44,145,40"
12405,"32,23,31"
12406,"23,105,24"
12407,"169,199,281"
12408,"10,54,24"
12409,"169,296,199"
12410,"40,41,224"
12411,"0,271,456"
12412,"10,54,95"
12413,"3,111,523"
12414,"40,11,10"
12415,"10,64,60"
12416,"3,53,115"
12417,"3,85,86"
12418,"40,160,41"
12419,"169,170,199"
12420,"0,216,211"
12421,"0,23,49"
12422,"23,74,94"
12423,"23,24,105"
12424,"40,145,44"
12425,"4,3,188"
12426,"402,145,40"
12427,"0,8,40"
12428,"40,131,406"
12429,"10,64,23"
12430,"74,23,303"
12431,"3,21,148"
12432,"220,10,221"
12433,"185,184,40"
12434,"0,2,1"
12435,"40,100,21"
12436,"26,23,89"
12437,"3,21,187"
12438,"40,160,41"
12439,"23,74,231"
12440,"40,41,42"
12441,"145,115,3"
12442,"169,199,68"
12443,"11,10,109"
12444,"3,53,287"
12445,"220,242,10"
12446,"3,28,190"
12447,"3,4,28"
12448,"10,11,109"
12449,"74,303,23"
12450,"3,4,183"
12451,"10,60,61"
12452,"24,11,59"
12453,"145,44,45"
12454,"10,220,242"
12455,"64,10,448"
12456,"40,131,406"
12457,"220,10,242"
12458,"3,21,127"
12459,"0,216,380"
12460,"169,199,170"
12461,"23,38,39"
12462,"128,195,40"
12463,"169,426,170"
12464,"3,53,21"
12465,"3,147,156"
12466,"0,340,265"
12467,"3,111,4"
12468,"3,147,148"
12469,"3,21,169"
12470,"0,271,214"
12471,"0,271,355"
12472,"169,199,170"
12473,"128,8,0"
12474,"26,23,231"
12475,"184,40,368"
12476,"23,74,118"
12477,"3,56,183"
12478,"11,10,109"
12479,"10,184,23"
12480,"23,24,43"
12481,"40,131,159"
12482,"128,129,40"
12483,"23,105,137"
12484,"111,3,119"
12485,"169,199,251"
12486,"0,271,456"
12487,"23,38,309"
12488,"169,199,356"
12489,"3,34,263"
12490,"23,26,89"
12491,"3,147,148"
12492,"135,138,169"
12493,"169,199,356"
12494,"10,64,93"
12495,"10,64,239"
12496,"220,10,242"
12497,"3,330,21"
12498,"10,11,12"
12499,"3,4,238"
12500,"64,10,448"
12501,"23,74,38"
12502,"8,0,308"
12503,"74,23,118"
12504,"34,3,263"
12505,"3,169,311"
12506,"44,145,54"
12507,"40,185,184"
12508,"3,15,16"
12509,"0,26,350"
12510,"0,265,266"
12511,"169,170,199"
12512,"3,147,148"
12513,"21,3,48"
12514,"40,128,129"
12515,"23,26,89"
12516,"40,160,423"
12517,"21,3,127"
12518,"169,436,311"
12519,"3,21,108"
12520,"90,10,64"
12521,"3,53,4"
12522,"211,0,319"
12523,"23,62,24"
12524,"54,10,95"
12525,"10,64,448"
12526,"0,235,8"
12527,"0,255,462"
12528,"40,160,423"
12529,"16,3,15"
12530,"38,23,0"
12531,"32,23,31"
12532,"23,24,49"
12533,"23,162,221"
12534,"3,21,111"
12535,"23,24,10"
12536,"11,10,109"
12537,"40,41,286"
12538,"3,21,182"
12539,"0,214,213"
12540,"40,128,129"
12541,"169,337,339"
12542,"10,11,205"
12543,"206,8,0"
12544,"23,74,38"
12545,"74,23,118"
12546,"54,44,95"
12547,"28,3,66"
12548,"3,147,15"
12549,"4,3,19"
12550,"54,10,322"
12551,"3,4,183"
12552,"40,395,145"
12553,"169,296,306"
12554,"3,21,85"
12555,"3,21,147"
12556,"169,170,459"
12557,"169,199,135"
12558,"145,44,40"
12559,"145,54,10"
12560,"0,271,313"
12561,"128,40,129"
12562,"23,32,31"
12563,"0,265,208"
12564,"49,23,24"
12565,"0,265,208"
12566,"40,135,199"
12567,"0,271,366"
12568,"0,313,255"
12569,"0,216,211"
12570,"309,48,3"
12571,"10,11,109"
12572,"3,21,182"
12573,"23,24,25"
12574,"40,139,153"
12575,"3,36,35"
12576,"21,3,48"
12577,"3,21,48"
12578,"23,24,49"
12579,"23,26,89"
12580,"44,45,145"
12581,"10,11,109"
12582,"3,66,30"
12583,"23,74,38"
12584,"3,147,148"
12585,"40,131,406"
12586,"3,85,86"
12587,"4,3,238"
12588,"3,66,30"
12589,"0,211,216"
12590,"3,53,21"
12591,"128,40,195"
12592,"26,23,350"
12593,"3,148,147"
12594,"40,131,241"
12595,"74,23,118"
12596,"131,40,406"
12597,"169,199,170"
12598,"16,15,3"
12599,"3,85,21"
12600,"3,168,17"
12601,"26,23,89"
12602,"24,49,23"
12603,"0,265,266"
12604,"23,38,24"
12605,"0,271,456"
12606,"10,64,90"
12607,"0,265,340"
12608,"40,395,128"
12609,"0,271,363"
12610,"10,60,54"
12611,"3,21,108"
12612,"26,23,350"
12613,"3,474,23"
12614,"3,53,147"
12615,"40,3,41"
12616,"0,216,218"
12617,"3,53,21"
12618,"0,271,2"
12619,"147,3,148"
12620,"3,5,57"
12621,"402,145,40"
12622,"23,38,24"
12623,"366,0,271"
12624,"10,11,419"
12625,"11,10,109"
12626,"10,54,402"
12627,"169,23,74"
12628,"21,3,40"
12629,"0,208,209"
12630,"3,85,21"
12631,"10,60,239"
12632,"0,249,279"
12633,"0,271,456"
12634,"16,15,3"
12635,"21,3,108"
12636,"3,147,148"
12637,"40,139,131"
12638,"0,265,266"
12639,"16,15,3"
12640,"3,0,53"
12641,"3,53,15"
12642,"40,41,139"
12643,"23,309,38"
12644,"23,74,118"
12645,"24,23,49"
12646,"23,60,128"
12647,"190,3,28"
12648,"10,64,93"
12649,"40,41,42"
12650,"0,23,89"
12651,"3,30,66"
12652,"54,10,402"
12653,"3,21,108"
12654,"3,53,28"
12655,"339,337,169"
12656,"0,265,349"
12657,"3,34,263"
12658,"0,271,355"
12659,"74,23,118"
12660,"10,145,40"
12661,"3,147,148"
12662,"54,10,322"
12663,"4,188,3"
12664,"23,24,40"
12665,"10,64,448"
12666,"61,13,60"
12667,"220,10,221"
12668,"40,139,131"
12669,"40,24,23"
12670,"0,271,272"
12671,"54,10,95"
12672,"3,53,17"
12673,"10,234,60"
12674,"10,205,11"
12675,"23,162,74"
12676,"139,153,40"
12677,"3,169,21"
12678,"64,10,80"
12679,"21,127,3"
12680,"131,40,134"
12681,"24,23,43"
12682,"0,8,308"
12683,"23,406,74"
12684,"24,23,59"
12685,"199,169,343"
12686,"169,199,281"
12687,"0,218,509"
12688,"26,23,89"
12689,"169,296,306"
12690,"169,21,281"
12691,"10,220,242"
12692,"3,4,238"
12693,"64,10,448"
12694,"169,199,343"
12695,"10,220,11"
12696,"3,21,115"
12697,"21,3,40"
12698,"0,8,456"
12699,"169,199,281"
12700,"40,201,41"
12701,"23,49,24"
12702,"3,111,85"
12703,"160,40,315"
12704,"0,271,291"
12705,"131,40,226"
12706,"40,145,502"
12707,"53,3,467"
12708,"23,26,89"
12709,"23,26,231"
12710,"64,10,93"
12711,"23,24,43"
12712,"10,11,109"
12713,"10,220,221"
12714,"3,17,21"
12715,"0,214,213"
12716,"40,152,151"
12717,"3,267,17"
12718,"339,337,169"
12719,"220,10,221"
12720,"40,160,41"
12721,"169,3,311"
12722,"3,21,127"
12723,"3,17,320"
12724,"40,160,41"
12725,"23,74,303"
12726,"44,145,40"
12727,"3,34,128"
12728,"21,23,3"
12729,"44,24,23"
12730,"23,26,350"
12731,"59,24,23"
12732,"0,8,313"
12733,"169,199,248"
12734,"3,21,187"
12735,"3,111,224"
12736,"23,24,71"
12737,"74,118,23"
12738,"8,26,0"
12739,"3,168,40"
12740,"3,66,30"
12741,"40,145,402"
12742,"0,271,456"
12743,"96,23,31"
12744,"17,320,3"
12745,"90,10,64"
12746,"40,131,159"
12747,"0,271,218"
12748,"0,418,265"
12749,"40,131,406"
12750,"0,216,422"
12751,"10,11,109"
12752,"0,271,280"
12753,"23,31,131"
12754,"0,456,271"
12755,"145,23,24"
12756,"10,64,24"
12757,"54,10,55"
12758,"169,170,260"
12759,"40,128,21"
12760,"23,0,26"
12761,"3,4,111"
12762,"17,168,3"
12763,"8,235,0"
12764,"169,0,199"
12765,"8,0,206"
12766,"23,43,24"
12767,"4,3,19"
12768,"220,10,242"
12769,"64,10,65"
12770,"23,74,40"
12771,"23,44,24"
12772,"235,8,0"
12773,"74,118,23"
12774,"3,147,148"
12775,"3,21,169"
12776,"10,220,242"
12777,"3,182,53"
12778,"43,23,24"
12779,"3,21,164"
12780,"23,26,89"
12781,"147,3,148"
12782,"64,10,93"
12783,"10,64,90"
12784,"16,15,3"
12785,"23,43,24"
12786,"3,147,21"
12787,"199,169,382"
12788,"0,271,456"
12789,"169,170,199"
12790,"170,260,169"
12791,"64,10,338"
12792,"23,26,231"
12793,"3,53,523"
12794,"3,4,435"
12795,"23,74,303"
12796,"10,239,24"
12797,"10,54,55"
12798,"323,199,10"
12799,"4,3,435"
12800,"402,40,23"
12801,"16,15,3"
12802,"3,182,68"
12803,"10,64,54"
12804,"10,61,60"
12805,"3,147,148"
12806,"0,8,271"
12807,"10,64,90"
12808,"3,16,15"
12809,"169,170,459"
12810,"0,279,249"
12811,"169,199,23"
12812,"64,10,93"
12813,"0,8,265"
12814,"64,10,338"
12815,"40,21,41"
12816,"467,11,506"
12817,"3,111,85"
12818,"169,170,199"
12819,"208,0,369"
12820,"169,10,170"
12821,"3,34,263"
12822,"169,170,350"
12823,"21,3,124"
12824,"169,170,459"
12825,"23,49,24"
12826,"40,131,226"
12827,"169,199,170"
12828,"169,170,260"
12829,"3,13,53"
12830,"10,64,448"
12831,"17,168,3"
12832,"10,11,12"
12833,"111,3,161"
12834,"3,85,21"
12835,"0,23,26"
12836,"10,64,93"
12837,"3,16,168"
12838,"40,153,139"
12839,"220,10,242"
12840,"3,15,16"
12841,"0,216,313"
12842,"23,74,165"
12843,"241,131,23"
12844,"3,17,168"
12845,"23,26,89"
12846,"40,145,54"
12847,"3,30,66"
12848,"3,28,190"
12849,"220,10,242"
12850,"8,128,129"
12851,"3,48,53"
12852,"4,3,375"
12853,"40,41,127"
12854,"54,10,95"
12855,"169,170,260"
12856,"10,11,12"
12857,"0,265,340"
12858,"21,3,108"
12859,"220,10,221"
12860,"169,135,199"
12861,"4,3,19"
12862,"16,15,3"
12863,"0,265,266"
12864,"3,21,228"
12865,"3,21,108"
12866,"220,10,242"
12867,"10,64,90"
12868,"3,21,115"
12869,"0,8,206"
12870,"17,168,3"
12871,"31,23,245"
12872,"169,21,281"
12873,"64,10,65"
12874,"309,23,105"
12875,"0,214,213"
12876,"10,44,145"
12877,"4,3,435"
12878,"220,10,242"
12879,"17,3,320"
12880,"8,0,206"
12881,"3,148,36"
12882,"3,30,66"
12883,"40,131,406"
12884,"0,208,229"
12885,"169,199,170"
12886,"3,15,16"
12887,"40,162,128"
12888,"3,111,112"
12889,"3,21,111"
12890,"23,26,89"
12891,"3,147,148"
12892,"169,128,337"
12893,"118,23,74"
12894,"0,355,271"
12895,"40,41,42"
12896,"23,89,26"
12897,"169,343,170"
12898,"8,0,405"
12899,"169,31,23"
12900,"40,128,129"
12901,"3,21,187"
12902,"169,199,21"
12903,"0,271,366"
12904,"40,41,159"
12905,"24,23,43"
12906,"10,54,402"
12907,"169,199,281"
12908,"40,131,406"
12909,"145,44,45"
12910,"40,145,3"
12911,"26,23,89"
12912,"3,34,263"
12913,"3,147,148"
12914,"23,24,43"
12915,"3,34,263"
12916,"10,64,24"
12917,"23,26,231"
12918,"23,74,40"
12919,"10,64,24"
12920,"23,32,3"
12921,"10,54,95"
12922,"3,147,148"
12923,"169,199,281"
12924,"138,135,40"
12925,"10,100,220"
12926,"23,74,38"
12927,"169,152,151"
12928,"3,147,148"
12929,"40,160,21"
12930,"44,145,25"
12931,"89,23,26"
12932,"8,0,308"
12933,"0,271,456"
12934,"3,28,66"
12935,"220,10,242"
12936,"23,74,317"
12937,"8,0,206"
12938,"4,3,238"
12939,"145,44,40"
12940,"0,271,265"
12941,"169,199,171"
12942,"11,10,109"
12943,"265,0,340"
12944,"10,64,90"
12945,"10,220,242"
12946,"10,64,93"
12947,"23,137,105"
12948,"3,111,119"
12949,"169,199,0"
12950,"4,3,238"
12951,"10,220,242"
12952,"21,127,3"
12953,"147,3,148"
12954,"10,11,109"
12955,"4,3,238"
12956,"169,199,171"
12957,"23,49,24"
12958,"128,129,40"
12959,"0,8,265"
12960,"23,40,74"
12961,"169,199,343"
12962,"0,218,351"
12963,"23,74,165"
12964,"23,26,89"
12965,"3,168,17"
12966,"10,64,338"
12967,"3,147,148"
12968,"40,152,160"
12969,"3,21,33"
12970,"23,38,309"
12971,"40,145,146"
12972,"169,199,170"
12973,"10,220,11"
12974,"23,26,231"
12975,"169,296,411"
12976,"0,271,456"
12977,"40,128,129"
12978,"40,3,395"
12979,"4,3,238"
12980,"3,21,108"
12981,"40,131,241"
12982,"23,74,303"
12983,"10,64,93"
12984,"170,169,459"
12985,"0,2,1"
12986,"40,162,163"
12987,"3,30,66"
12988,"23,49,24"
12989,"23,24,26"
12990,"169,199,356"
12991,"145,402,40"
12992,"10,338,95"
12993,"0,271,2"
12994,"0,8,235"
12995,"11,44,10"
12996,"21,3,40"
12997,"43,24,23"
12998,"145,54,40"
12999,"10,54,95"
13000,"3,21,379"
13001,"170,169,160"
13002,"3,21,126"
13003,"3,70,4"
13004,"24,23,54"
13005,"40,3,21"
13006,"64,10,448"
13007,"3,21,187"
13008,"0,271,522"
13009,"45,44,145"
13010,"40,23,131"
13011,"17,168,3"
13012,"10,54,95"
13013,"74,23,303"
13014,"3,15,23"
13015,"145,40,44"
13016,"26,313,346"
13017,"147,148,3"
13018,"3,4,19"
13019,"0,271,213"
13020,"11,109,10"
13021,"40,135,241"
13022,"3,21,169"
13023,"10,64,24"
13024,"23,26,89"
13025,"32,23,31"
13026,"3,17,168"
13027,"40,160,152"
13028,"169,10,170"
13029,"0,214,213"
13030,"26,23,89"
13031,"169,170,10"
13032,"23,100,53"
13033,"23,26,89"
13034,"23,74,71"
13035,"0,271,456"
13036,"23,31,454"
13037,"169,199,170"
13038,"40,100,414"
13039,"169,223,426"
13040,"3,147,148"
13041,"169,199,343"
13042,"220,10,242"
13043,"0,218,512"
13044,"3,21,85"
13045,"26,89,23"
13046,"3,53,68"
13047,"3,169,339"
13048,"3,147,85"
13049,"10,220,242"
13050,"3,21,108"
13051,"40,41,324"
13052,"74,23,118"
13053,"23,74,38"
13054,"64,10,338"
13055,"23,137,38"
13056,"3,21,108"
13057,"23,26,350"
13058,"89,26,23"
13059,"169,199,281"
13060,"23,11,109"
13061,"26,89,313"
13062,"131,406,40"
13063,"169,296,306"
13064,"10,64,448"
13065,"17,3,320"
13066,"0,249,279"
13067,"23,74,38"
13068,"3,66,30"
13069,"74,303,23"
13070,"23,40,145"
13071,"220,10,221"
13072,"220,10,221"
13073,"23,303,74"
13074,"40,131,406"
13075,"40,160,41"
13076,"40,135,139"
13077,"152,40,151"
13078,"23,3,32"
13079,"43,24,23"
13080,"10,64,80"
13081,"0,214,213"
13082,"170,260,169"
13083,"10,44,54"
13084,"169,170,171"
13085,"169,199,26"
13086,"10,60,239"
13087,"85,86,3"
13088,"40,128,131"
13089,"4,3,19"
13090,"0,216,304"
13091,"131,23,106"
13092,"3,28,190"
13093,"0,214,213"
13094,"169,199,356"
13095,"23,38,74"
13096,"0,89,26"
13097,"28,3,190"
13098,"0,249,279"
13099,"40,41,215"
13100,"8,206,0"
13101,"220,10,242"
13102,"49,10,24"
13103,"40,41,135"
13104,"40,41,224"
13105,"40,131,142"
13106,"74,23,118"
13107,"23,31,10"
13108,"3,15,16"
13109,"23,24,62"
13110,"23,26,231"
13111,"40,131,486"
13112,"10,11,109"
13113,"23,74,303"
13114,"3,21,108"
13115,"74,23,118"
13116,"54,10,95"
13117,"3,36,35"
13118,"85,3,86"
13119,"208,0,369"
13120,"40,160,302"
13121,"3,4,19"
13122,"199,169,248"
13123,"0,271,456"
13124,"40,128,129"
13125,"0,40,169"
13126,"3,5,228"
13127,"145,40,402"
13128,"74,23,118"
13129,"26,23,231"
13130,"3,111,53"
13131,"0,208,229"
13132,"128,40,129"
13133,"185,40,184"
13134,"10,11,109"
13135,"23,31,10"
13136,"0,208,369"
13137,"10,64,93"
13138,"145,44,40"
13139,"23,24,309"
13140,"10,220,242"
13141,"3,21,187"
13142,"10,54,95"
13143,"0,313,346"
13144,"3,4,375"
13145,"11,10,109"
13146,"23,40,175"
13147,"3,17,56"
13148,"0,255,463"
13149,"135,40,138"
13150,"10,11,220"
13151,"147,3,156"
13152,"40,128,129"
13153,"8,0,285"
13154,"11,10,109"
13155,"3,15,16"
13156,"40,131,226"
13157,"23,38,309"
13158,"21,3,108"
13159,"0,8,308"
13160,"10,44,145"
13161,"3,53,287"
13162,"3,4,238"
13163,"3,48,21"
13164,"8,0,206"
13165,"10,11,60"
13166,"10,60,239"
13167,"10,11,60"
13168,"17,168,3"
13169,"4,3,183"
13170,"3,53,523"
13171,"135,3,21"
13172,"169,199,343"
13173,"169,343,248"
13174,"100,265,0"
13175,"3,53,523"
13176,"10,60,4"
13177,"170,169,260"
13178,"64,10,448"
13179,"24,23,25"
13180,"23,26,89"
13181,"10,64,65"
13182,"64,10,448"
13183,"23,24,43"
13184,"3,147,148"
13185,"8,0,308"
13186,"40,162,163"
13187,"220,10,242"
13188,"10,64,338"
13189,"40,131,486"
13190,"131,40,226"
13191,"3,53,523"
13192,"10,54,322"
13193,"23,105,184"
13194,"0,8,308"
13195,"0,271,456"
13196,"169,199,343"
13197,"0,271,291"
13198,"3,17,320"
13199,"339,337,169"
13200,"3,21,85"
13201,"40,145,146"
13202,"3,48,21"
13203,"3,28,53"
13204,"168,17,3"
13205,"220,10,221"
13206,"11,10,205"
13207,"10,60,239"
13208,"10,11,12"
13209,"23,32,31"
13210,"3,147,21"
13211,"40,128,129"
13212,"3,21,164"
13213,"10,54,60"
13214,"43,10,24"
13215,"3,85,86"
13216,"169,426,296"
13217,"10,11,31"
13218,"10,234,54"
13219,"147,3,188"
13220,"169,23,426"
13221,"145,44,45"
13222,"31,23,328"
13223,"0,255,271"
13224,"14,13,3"
13225,"3,168,17"
13226,"40,131,134"
13227,"3,4,15"
13228,"23,24,38"
13229,"11,10,109"
13230,"169,199,281"
13231,"169,170,260"
13232,"152,151,494"
13233,"10,60,3"
13234,"10,64,93"
13235,"41,40,286"
13236,"10,60,239"
13237,"3,30,104"
13238,"3,21,108"
13239,"3,111,182"
13240,"145,402,40"
13241,"40,145,44"
13242,"10,64,93"
13243,"220,10,242"
13244,"111,3,119"
13245,"40,131,145"
13246,"145,40,44"
13247,"64,10,338"
13248,"3,21,85"
13249,"138,135,199"
13250,"0,218,475"
13251,"23,24,62"
13252,"10,54,322"
13253,"44,145,40"
13254,"11,44,109"
13255,"10,64,448"
13256,"3,21,22"
13257,"0,24,40"
13258,"135,40,138"
13259,"3,56,85"
13260,"40,128,129"
13261,"0,271,214"
13262,"40,145,322"
13263,"169,170,199"
13264,"64,10,448"
13265,"23,74,84"
13266,"10,64,60"
13267,"10,54,95"
13268,"3,147,148"
13269,"10,11,109"
13270,"169,199,281"
13271,"64,10,80"
13272,"26,23,350"
13273,"40,152,160"
13274,"34,3,263"
13275,"131,241,40"
13276,"23,137,38"
13277,"23,74,317"
13278,"64,10,80"
13279,"0,197,10"
13280,"3,53,99"
13281,"169,223,426"
13282,"10,54,145"
13283,"26,23,89"
13284,"10,54,95"
13285,"23,303,165"
13286,"40,41,324"
13287,"40,169,337"
13288,"23,24,38"
13289,"53,287,23"
13290,"17,168,3"
13291,"10,220,221"
13292,"40,131,226"
13293,"0,271,355"
13294,"23,38,87"
13295,"3,21,190"
13296,"3,85,158"
13297,"8,0,206"
13298,"3,148,147"
13299,"10,60,64"
13300,"3,4,176"
13301,"8,0,391"
13302,"3,51,4"
13303,"0,8,285"
13304,"169,170,260"
13305,"220,10,221"
13306,"0,216,254"
13307,"40,129,128"
13308,"0,271,214"
13309,"40,160,152"
13310,"10,145,402"
13311,"3,17,168"
13312,"128,40,129"
13313,"3,147,148"
13314,"169,170,131"
13315,"145,402,40"
13316,"40,41,201"
13317,"24,23,10"
13318,"11,10,109"
13319,"169,199,323"
13320,"0,265,490"
13321,"8,0,235"
13322,"23,11,40"
13323,"402,145,23"
13324,"10,60,239"
13325,"40,128,41"
13326,"40,241,494"
13327,"169,248,199"
13328,"271,0,456"
13329,"169,199,281"
13330,"3,21,187"
13331,"0,249,279"
13332,"0,271,321"
13333,"40,145,402"
13334,"10,11,205"
13335,"40,23,13"
13336,"44,145,45"
13337,"10,64,93"
13338,"40,160,315"
13339,"23,10,11"
13340,"23,38,74"
13341,"3,53,467"
13342,"169,199,171"
13343,"10,64,448"
13344,"169,199,38"
13345,"23,24,25"
13346,"26,23,350"
13347,"169,274,426"
13348,"10,12,11"
13349,"3,111,267"
13350,"23,74,118"
13351,"8,0,235"
13352,"3,53,21"
13353,"26,23,350"
13354,"40,145,44"
13355,"0,229,357"
13356,"3,21,187"
13357,"23,24,49"
13358,"11,10,109"
13359,"23,24,59"
13360,"10,44,145"
13361,"10,11,109"
13362,"3,21,182"
13363,"44,45,145"
13364,"23,105,318"
13365,"11,109,10"
13366,"199,169,343"
13367,"4,3,183"
13368,"131,40,406"
13369,"40,41,215"
13370,"160,40,315"
13371,"0,26,350"
13372,"0,8,265"
13373,"3,111,523"
13374,"26,23,350"
13375,"23,31,96"
13376,"131,40,226"
13377,"40,139,153"
13378,"169,343,199"
13379,"169,337,170"
13380,"33,3,21"
13381,"3,21,379"
13382,"169,296,428"
13383,"220,10,242"
13384,"3,21,0"
13385,"128,129,40"
13386,"23,105,53"
13387,"3,21,168"
13388,"17,168,3"
13389,"26,23,89"
13390,"169,199,343"
13391,"40,241,131"
13392,"24,23,43"
13393,"23,31,258"
13394,"40,128,195"
13395,"23,71,38"
13396,"21,3,126"
13397,"131,406,169"
13398,"40,41,286"
13399,"10,109,11"
13400,"220,10,242"
13401,"147,156,3"
13402,"0,8,23"
13403,"3,4,435"
13404,"168,17,3"
13405,"10,220,242"
13406,"40,145,146"
13407,"10,93,64"
13408,"169,199,281"
13409,"3,16,15"
13410,"3,147,148"
13411,"0,271,214"
13412,"23,24,54"
13413,"111,3,119"
13414,"3,85,86"
13415,"128,40,129"
13416,"11,10,205"
13417,"23,38,39"
13418,"23,74,165"
13419,"23,32,74"
13420,"3,21,108"
13421,"44,145,45"
13422,"24,49,23"
13423,"3,147,148"
13424,"16,15,3"
13425,"40,128,195"
13426,"169,296,274"
13427,"24,23,44"
13428,"26,23,231"
13429,"23,38,137"
13430,"26,23,89"
13431,"17,168,3"
13432,"10,64,93"
13433,"4,3,19"
13434,"44,45,145"
13435,"3,16,15"
13436,"0,313,26"
13437,"10,205,11"
13438,"24,59,23"
13439,"10,64,65"
13440,"8,0,235"
13441,"23,24,25"
13442,"10,220,221"
13443,"145,44,40"
13444,"3,21,17"
13445,"10,60,24"
13446,"23,74,38"
13447,"23,24,59"
13448,"32,23,3"
13449,"40,131,241"
13450,"3,147,15"
13451,"3,17,168"
13452,"24,23,49"
13453,"4,3,435"
13454,"11,10,205"
13455,"26,23,231"
13456,"5,3,228"
13457,"24,23,43"
13458,"10,323,199"
13459,"74,118,23"
13460,"85,158,3"
13461,"23,26,89"
13462,"23,25,24"
13463,"3,34,447"
13464,"0,8,308"
13465,"10,60,239"
13466,"10,64,23"
13467,"24,23,43"
13468,"26,0,89"
13469,"0,265,418"
13470,"17,320,3"
13471,"169,199,281"
13472,"8,0,308"
13473,"4,3,100"
13474,"3,21,53"
13475,"10,64,338"
13476,"185,40,184"
13477,"40,41,160"
13478,"23,74,38"
13479,"23,26,89"
13480,"169,199,74"
13481,"3,147,167"
13482,"26,0,350"
13483,"23,74,38"
13484,"170,169,260"
13485,"10,64,24"
13486,"169,199,281"
13487,"0,216,271"
13488,"4,3,183"
13489,"3,85,111"
13490,"10,54,95"
13491,"169,199,248"
13492,"74,23,118"
13493,"3,21,53"
13494,"26,23,231"
13495,"74,23,165"
13496,"21,3,102"
13497,"54,10,95"
13498,"10,93,64"
13499,"3,21,108"
13500,"40,128,130"
13501,"3,53,21"
13502,"169,170,436"
13503,"4,3,238"
13504,"26,23,89"
13505,"40,152,151"
13506,"160,40,423"
13507,"23,26,89"
13508,"169,170,199"
13509,"3,48,21"
13510,"3,111,21"
13511,"3,21,33"
13512,"40,131,241"
13513,"43,23,24"
13514,"169,199,281"
13515,"3,53,325"
13516,"23,74,303"
13517,"4,3,238"
13518,"170,169,3"
13519,"3,168,17"
13520,"8,0,308"
13521,"23,38,39"
13522,"3,523,53"
13523,"24,11,23"
13524,"23,38,145"
13525,"214,0,213"
13526,"109,10,64"
13527,"23,24,49"
13528,"38,71,23"
13529,"3,53,236"
13530,"0,8,208"
13531,"23,26,231"
13532,"105,23,318"
13533,"10,220,221"
13534,"10,65,64"
13535,"74,23,118"
13536,"21,3,102"
13537,"23,131,241"
13538,"64,10,448"
13539,"24,23,44"
13540,"3,85,21"
13541,"40,131,142"
13542,"169,199,281"
13543,"311,169,0"
13544,"10,64,448"
13545,"40,131,406"
13546,"23,32,31"
13547,"26,23,231"
13548,"43,24,23"
13549,"3,28,190"
13550,"0,271,255"
13551,"40,131,142"
13552,"0,313,346"
13553,"40,128,129"
13554,"131,40,159"
13555,"10,60,61"
13556,"3,5,228"
13557,"3,85,13"
13558,"23,105,106"
13559,"8,0,206"
13560,"3,21,379"
13561,"3,34,263"
13562,"147,3,148"
13563,"10,43,23"
13564,"145,40,23"
13565,"220,10,242"
13566,"40,160,315"
13567,"3,53,523"
13568,"0,216,254"
13569,"40,146,145"
13570,"10,64,93"
13571,"0,271,291"
13572,"3,4,190"
13573,"100,222,40"
13574,"139,153,40"
13575,"3,15,16"
13576,"21,3,127"
13577,"64,10,65"
13578,"44,24,23"
13579,"160,40,329"
13580,"0,216,271"
13581,"3,500,21"
13582,"3,21,126"
13583,"21,3,41"
13584,"11,10,109"
13585,"208,0,453"
13586,"131,40,241"
13587,"10,64,93"
13588,"169,199,170"
13589,"3,21,115"
13590,"265,0,208"
13591,"3,169,53"
13592,"23,26,89"
13593,"10,64,93"
13594,"3,15,16"
13595,"10,64,239"
13596,"0,271,456"
13597,"3,21,127"
13598,"206,0,8"
13599,"3,99,190"
13600,"0,265,271"
13601,"23,32,31"
13602,"0,23,231"
13603,"3,21,53"
13604,"199,169,281"
13605,"23,24,43"
13606,"185,40,184"
13607,"3,34,263"
13608,"10,64,442"
13609,"0,218,265"
13610,"16,3,15"
13611,"10,43,24"
13612,"170,169,459"
13613,"3,21,126"
13614,"3,17,320"
13615,"0,265,349"
13616,"152,151,40"
13617,"169,170,459"
13618,"3,147,148"
13619,"3,21,108"
13620,"23,24,49"
13621,"21,201,33"
13622,"0,23,26"
13623,"5,3,228"
13624,"23,26,350"
13625,"10,64,93"
13626,"23,175,128"
13627,"10,64,65"
13628,"8,0,206"
13629,"100,292,367"
13630,"3,111,267"
13631,"0,271,456"
13632,"118,23,74"
13633,"10,54,95"
13634,"21,3,127"
13635,"64,10,448"
13636,"13,204,122"
13637,"10,60,239"
13638,"40,139,135"
13639,"169,296,170"
13640,"3,21,34"
13641,"10,43,24"
13642,"23,26,89"
13643,"23,26,89"
13644,"169,3,21"
13645,"40,131,226"
13646,"10,11,205"
13647,"23,24,49"
13648,"131,40,406"
13649,"0,249,279"
13650,"3,21,17"
13651,"0,216,422"
13652,"16,3,15"
13653,"23,74,118"
13654,"220,10,221"
13655,"220,221,10"
13656,"10,43,23"
13657,"3,21,108"
13658,"169,199,40"
13659,"135,40,236"
13660,"3,16,15"
13661,"3,15,16"
13662,"10,54,145"
13663,"3,10,60"
13664,"0,271,321"
13665,"199,169,356"
13666,"10,54,95"
13667,"10,145,40"
13668,"0,216,211"
13669,"3,40,139"
13670,"40,139,395"
13671,"23,74,303"
13672,"169,296,306"
13673,"26,23,231"
13674,"23,74,32"
13675,"74,23,160"
13676,"0,271,255"
13677,"220,10,221"
13678,"24,11,59"
13679,"3,379,21"
13680,"323,199,169"
13681,"10,11,109"
13682,"3,65,17"
13683,"8,0,206"
13684,"131,169,241"
13685,"10,11,205"
13686,"100,3,222"
13687,"220,10,242"
13688,"3,21,48"
13689,"26,23,89"
13690,"40,131,134"
13691,"23,24,145"
13692,"23,74,303"
13693,"3,53,111"
13694,"23,309,38"
13695,"3,53,523"
13696,"23,24,62"
13697,"3,169,21"
13698,"40,128,186"
13699,"4,3,435"
13700,"320,3,17"
13701,"23,24,43"
13702,"64,10,93"
13703,"10,220,242"
13704,"145,54,40"
13705,"64,10,80"
13706,"13,204,14"
13707,"3,40,41"
13708,"3,21,53"
13709,"10,90,64"
13710,"40,128,129"
13711,"10,60,239"
13712,"3,21,48"
13713,"0,265,208"
13714,"4,3,188"
13715,"313,346,0"
13716,"0,169,2"
13717,"23,74,118"
13718,"170,169,260"
13719,"21,40,3"
13720,"199,169,323"
13721,"23,74,49"
13722,"3,21,33"
13723,"24,169,199"
13724,"169,296,526"
13725,"3,472,68"
13726,"3,5,228"
13727,"13,3,204"
13728,"3,170,169"
13729,"169,274,405"
13730,"26,313,346"
13731,"3,21,284"
13732,"3,111,472"
13733,"3,21,182"
13734,"3,111,112"
13735,"10,11,205"
13736,"169,199,248"
13737,"23,74,303"
13738,"145,402,40"
13739,"0,271,280"
13740,"3,53,467"
13741,"3,21,17"
13742,"3,21,111"
13743,"23,26,231"
13744,"10,64,93"
13745,"105,23,95"
13746,"127,21,3"
13747,"23,24,345"
13748,"0,54,8"
13749,"165,23,368"
13750,"169,3,459"
13751,"21,3,127"
13752,"3,111,68"
13753,"3,5,228"
13754,"10,239,60"
13755,"64,473,80"
13756,"169,199,281"
13757,"40,160,41"
13758,"40,131,159"
13759,"40,145,131"
13760,"40,395,241"
13761,"0,249,279"
13762,"10,220,221"
13763,"10,64,93"
13764,"10,64,93"
13765,"3,16,15"
13766,"169,199,171"
13767,"271,0,23"
13768,"199,169,281"
13769,"44,145,45"
13770,"0,265,271"
13771,"170,260,169"
13772,"3,111,53"
13773,"40,131,486"
13774,"64,10,93"
13775,"145,44,45"
13776,"3,30,66"
13777,"11,10,205"
13778,"23,71,38"
13779,"0,208,505"
13780,"77,0,216"
13781,"0,456,271"
13782,"3,34,263"
13783,"4,3,238"
13784,"23,24,49"
13785,"3,188,53"
13786,"145,44,40"
13787,"0,218,465"
13788,"25,23,24"
13789,"4,3,19"
13790,"40,128,129"
13791,"3,34,263"
13792,"10,60,239"
13793,"3,30,66"
13794,"23,24,59"
13795,"220,10,221"
13796,"64,10,80"
13797,"135,40,236"
13798,"23,24,38"
13799,"169,199,323"
13800,"3,147,148"
13801,"74,23,118"
13802,"40,152,151"
13803,"17,168,3"
13804,"3,126,21"
13805,"89,23,26"
13806,"26,23,89"
13807,"220,10,221"
13808,"169,311,170"
13809,"131,406,241"
13810,"23,24,49"
13811,"220,242,10"
13812,"10,220,242"
13813,"23,24,59"
13814,"21,3,126"
13815,"40,145,44"
13816,"10,11,205"
13817,"4,19,70"
13818,"23,24,10"
13819,"23,26,89"
13820,"10,64,93"
13821,"3,30,66"
13822,"0,271,265"
13823,"23,24,49"
13824,"74,23,303"
13825,"10,54,44"
13826,"3,53,111"
13827,"74,23,40"
13828,"4,3,238"
13829,"32,23,31"
13830,"0,271,456"
13831,"17,168,320"
13832,"3,53,21"
13833,"169,296,411"
13834,"128,195,271"
13835,"169,199,311"
13836,"0,8,206"
13837,"64,10,80"
13838,"3,66,30"
13839,"0,211,319"
13840,"40,145,139"
13841,"21,3,127"
13842,"10,54,145"
13843,"4,3,183"
13844,"40,128,131"
13845,"24,23,43"
13846,"64,10,448"
13847,"0,265,349"
13848,"10,64,93"
13849,"3,21,187"
13850,"150,13,14"
13851,"23,38,40"
13852,"3,147,148"
13853,"26,23,89"
13854,"3,21,187"
13855,"0,271,456"
13856,"21,3,124"
13857,"10,60,24"
13858,"10,64,448"
13859,"147,3,148"
13860,"0,271,456"
13861,"220,10,242"
13862,"40,146,145"
13863,"96,23,31"
13864,"0,8,265"
13865,"220,10,242"
13866,"3,21,53"
13867,"23,26,89"
13868,"23,309,38"
13869,"3,21,53"
13870,"3,111,112"
13871,"23,32,31"
13872,"23,77,74"
13873,"3,13,17"
13874,"23,26,74"
13875,"26,23,0"
13876,"3,168,17"
13877,"23,26,89"
13878,"40,128,129"
13879,"10,64,338"
13880,"220,10,242"
13881,"10,64,90"
13882,"3,147,23"
13883,"3,30,66"
13884,"40,159,486"
13885,"3,21,301"
13886,"0,265,340"
13887,"220,10,242"
13888,"40,128,129"
13889,"145,40,402"
13890,"3,111,34"
13891,"3,17,15"
13892,"10,64,65"
13893,"23,44,24"
13894,"89,23,26"
13895,"10,54,239"
13896,"40,128,195"
13897,"169,0,229"
13898,"40,41,42"
13899,"10,61,60"
13900,"199,169,343"
13901,"0,271,456"
13902,"3,21,168"
13903,"64,10,93"
13904,"170,169,459"
13905,"3,21,108"
13906,"16,15,3"
13907,"145,44,40"
13908,"23,74,38"
13909,"40,160,334"
13910,"40,41,224"
13911,"3,21,187"
13912,"26,23,350"
13913,"40,131,132"
13914,"169,170,274"
13915,"220,242,10"
13916,"26,23,231"
13917,"8,40,405"
13918,"10,64,93"
13919,"3,170,108"
13920,"3,21,127"
13921,"40,160,41"
13922,"10,231,54"
13923,"3,21,53"
13924,"3,53,523"
13925,"10,64,93"
13926,"40,41,324"
13927,"169,170,143"
13928,"184,185,40"
13929,"23,71,38"
13930,"3,4,435"
13931,"40,241,131"
13932,"17,168,320"
13933,"44,23,24"
13934,"23,26,89"
13935,"3,224,40"
13936,"152,40,151"
13937,"339,337,200"
13938,"3,21,17"
13939,"10,11,205"
13940,"10,145,44"
13941,"40,162,163"
13942,"169,296,411"
13943,"23,24,25"
13944,"10,220,242"
13945,"10,64,65"
13946,"220,10,242"
13947,"10,72,12"
13948,"23,40,74"
13949,"5,3,57"
13950,"8,0,405"
13951,"3,17,168"
13952,"205,10,11"
13953,"169,199,0"
13954,"169,199,170"
13955,"4,3,19"
13956,"4,3,19"
13957,"169,199,343"
13958,"169,296,428"
13959,"10,93,64"
13960,"21,3,48"
13961,"169,296,428"
13962,"74,23,118"
13963,"169,296,274"
13964,"0,271,291"
13965,"40,131,395"
13966,"53,3,467"
13967,"0,216,211"
13968,"235,0,8"
13969,"0,313,346"
13970,"3,66,30"
13971,"16,3,15"
13972,"199,169,343"
13973,"135,138,40"
13974,"23,74,118"
13975,"0,271,456"
13976,"3,68,182"
13977,"0,216,380"
13978,"145,44,40"
13979,"0,271,355"
13980,"23,145,44"
13981,"152,151,40"
13982,"23,26,231"
13983,"3,66,53"
13984,"3,111,119"
13985,"3,111,161"
13986,"10,64,338"
13987,"220,10,242"
13988,"16,15,3"
13989,"3,21,30"
13990,"10,64,93"
13991,"23,31,96"
13992,"10,64,65"
13993,"3,147,148"
13994,"128,40,195"
13995,"3,17,320"
13996,"10,93,64"
13997,"3,17,34"
13998,"40,131,406"
13999,"3,53,287"
14000,"24,23,49"
14001,"0,255,348"
14002,"4,3,19"
14003,"0,366,271"
14004,"44,145,40"
14005,"21,3,48"
14006,"10,54,173"
14007,"3,17,320"
14008,"10,11,12"
14009,"10,220,221"
14010,"64,10,80"
14011,"10,60,61"
14012,"21,3,108"
14013,"3,13,17"
14014,"169,170,199"
14015,"214,0,213"
14016,"40,139,155"
14017,"3,34,21"
14018,"40,131,159"
14019,"147,3,148"
14020,"3,21,108"
14021,"199,169,343"
14022,"3,53,292"
14023,"11,109,10"
14024,"3,287,312"
14025,"3,85,379"
14026,"40,146,145"
14027,"128,129,40"
14028,"0,216,422"
14029,"34,3,143"
14030,"23,74,303"
14031,"3,21,22"
14032,"3,147,148"
14033,"131,40,226"
14034,"31,96,23"
14035,"26,23,89"
14036,"40,131,142"
14037,"40,41,224"
14038,"23,26,89"
14039,"23,137,38"
14040,"40,494,184"
14041,"0,216,257"
14042,"3,4,19"
14043,"64,10,80"
14044,"3,21,187"
14045,"3,14,13"
14046,"5,3,228"
14047,"10,64,80"
14048,"8,0,206"
14049,"169,199,170"
14050,"3,105,53"
14051,"23,74,40"
14052,"10,64,93"
14053,"169,171,170"
14054,"135,40,138"
14055,"41,40,21"
14056,"0,271,522"
14057,"26,89,23"
14058,"3,53,99"
14059,"23,74,38"
14060,"0,271,456"
14061,"26,89,23"
14062,"23,74,48"
14063,"128,40,129"
14064,"3,4,30"
14065,"145,44,40"
14066,"3,21,108"
14067,"40,145,146"
14068,"3,21,187"
14069,"128,129,40"
14070,"26,23,89"
14071,"23,165,40"
14072,"3,290,203"
14073,"26,350,313"
14074,"0,366,271"
14075,"10,64,60"
14076,"199,169,343"
14077,"199,169,343"
14078,"16,15,3"
14079,"23,26,89"
14080,"0,216,354"
14081,"3,21,168"
14082,"40,41,324"
14083,"169,170,199"
14084,"10,64,93"
14085,"184,185,40"
14086,"40,41,128"
14087,"3,21,111"
14088,"11,10,109"
14089,"40,128,129"
14090,"40,131,406"
14091,"10,60,54"
14092,"224,40,41"
14093,"339,337,0"
14094,"23,74,303"
14095,"23,31,96"
14096,"23,71,38"
14097,"23,74,303"
14098,"3,85,158"
14099,"3,147,15"
14100,"4,3,19"
14101,"145,44,40"
14102,"401,3,13"
14103,"0,8,285"
14104,"40,41,324"
14105,"4,3,238"
14106,"0,265,209"
14107,"3,21,127"
14108,"100,222,40"
14109,"23,49,24"
14110,"40,131,134"
14111,"23,24,105"
14112,"23,105,318"
14113,"131,40,226"
14114,"131,406,169"
14115,"3,21,85"
14116,"169,199,281"
14117,"26,231,23"
14118,"10,64,93"
14119,"0,208,218"
14120,"220,10,242"
14121,"23,38,71"
14122,"64,10,448"
14123,"3,4,5"
14124,"23,40,74"
14125,"3,156,21"
14126,"40,128,131"
14127,"170,169,260"
14128,"40,131,226"
14129,"74,23,63"
14130,"74,23,118"
14131,"10,17,168"
14132,"40,160,315"
14133,"40,131,134"
14134,"49,10,24"
14135,"40,41,286"
14136,"216,0,304"
14137,"40,131,145"
14138,"11,10,109"
14139,"0,271,291"
14140,"169,199,170"
14141,"0,214,213"
14142,"23,24,43"
14143,"3,21,108"
14144,"23,49,31"
14145,"0,271,366"
14146,"184,40,185"
14147,"184,185,40"
14148,"24,23,62"
14149,"3,147,148"
14150,"0,348,271"
14151,"0,216,277"
14152,"10,220,221"
14153,"0,211,216"
14154,"0,8,206"
14155,"3,21,187"
14156,"10,64,93"
14157,"3,5,133"
14158,"0,216,208"
14159,"3,156,147"
14160,"43,23,24"
14161,"64,10,338"
14162,"24,23,59"
14163,"40,131,241"
14164,"10,64,93"
14165,"199,169,356"
14166,"8,0,206"
14167,"10,11,109"
14168,"3,34,263"
14169,"24,23,59"
14170,"10,220,221"
14171,"15,16,3"
14172,"131,406,40"
14173,"199,169,323"
14174,"220,10,242"
14175,"3,17,222"
14176,"169,170,260"
14177,"3,28,190"
14178,"199,169,343"
14179,"135,138,40"
14180,"40,41,224"
14181,"32,23,31"
14182,"44,145,45"
14183,"23,3,32"
14184,"3,13,204"
14185,"169,199,323"
14186,"13,14,204"
14187,"43,24,23"
14188,"3,147,156"
14189,"3,53,4"
14190,"21,3,108"
14191,"26,23,231"
14192,"0,271,321"
14193,"26,23,89"
14194,"0,271,456"
14195,"32,31,23"
14196,"3,168,17"
14197,"23,10,24"
14198,"26,23,89"
14199,"169,199,356"
14200,"13,14,3"
14201,"8,0,391"
14202,"3,53,287"
14203,"3,21,111"
14204,"31,23,258"
14205,"170,0,169"
14206,"0,265,340"
14207,"10,11,12"
14208,"0,208,206"
14209,"0,271,213"
14210,"0,8,235"
14211,"40,160,152"
14212,"199,323,169"
14213,"40,139,100"
14214,"128,40,129"
14215,"10,64,65"
14216,"265,0,340"
14217,"74,303,23"
14218,"0,216,304"
14219,"3,21,17"
14220,"3,379,21"
14221,"0,271,456"
14222,"40,139,140"
14223,"169,343,199"
14224,"8,0,235"
14225,"26,23,89"
14226,"40,41,224"
14227,"40,139,153"
14228,"10,60,24"
14229,"23,24,43"
14230,"23,24,43"
14231,"10,11,109"
14232,"40,131,406"
14233,"0,339,337"
14234,"0,214,213"
14235,"23,74,26"
14236,"100,222,40"
14237,"90,64,10"
14238,"23,38,26"
14239,"218,0,13"
14240,"168,3,17"
14241,"3,147,21"
14242,"8,0,308"
14243,"54,10,145"
14244,"23,40,162"
14245,"23,38,135"
14246,"0,271,456"
14247,"23,84,74"
14248,"3,34,311"
14249,"169,170,260"
14250,"26,89,23"
14251,"8,128,0"
14252,"21,3,127"
14253,"54,10,23"
14254,"0,218,475"
14255,"3,203,147"
14256,"16,15,3"
14257,"220,10,242"
14258,"145,40,44"
14259,"3,53,287"
14260,"23,26,89"
14261,"10,11,12"
14262,"3,17,168"
14263,"11,10,205"
14264,"3,21,108"
14265,"3,48,21"
14266,"40,135,395"
14267,"11,10,109"
14268,"64,10,448"
14269,"0,8,265"
14270,"169,199,281"
14271,"21,3,115"
14272,"10,220,221"
14273,"3,15,16"
14274,"169,170,260"
14275,"21,127,3"
14276,"23,40,105"
14277,"17,168,3"
14278,"31,23,0"
14279,"3,21,115"
14280,"40,131,406"
14281,"40,128,41"
14282,"23,24,43"
14283,"242,25,10"
14284,"3,111,21"
14285,"23,105,318"
14286,"10,64,338"
14287,"23,32,31"
14288,"4,3,19"
14289,"128,40,129"
14290,"4,3,19"
14291,"74,23,303"
14292,"0,271,280"
14293,"89,26,23"
14294,"10,64,80"
14295,"40,100,222"
14296,"40,395,145"
14297,"0,271,456"
14298,"0,271,265"
14299,"3,85,86"
14300,"0,26,313"
14301,"169,199,356"
14302,"10,60,239"
14303,"4,3,238"
14304,"402,145,40"
14305,"3,53,16"
14306,"26,23,231"
14307,"44,145,45"
14308,"40,145,44"
14309,"4,3,19"
14310,"64,10,93"
14311,"169,296,306"
14312,"0,271,280"
14313,"54,10,95"
14314,"0,249,279"
14315,"169,296,411"
14316,"3,4,330"
14317,"0,342,208"
14318,"24,43,23"
14319,"3,4,238"
14320,"21,3,126"
14321,"3,53,68"
14322,"3,147,426"
14323,"0,265,349"
14324,"0,265,340"
14325,"10,64,345"
14326,"199,169,23"
14327,"16,15,3"
14328,"26,23,313"
14329,"8,0,206"
14330,"10,64,80"
14331,"169,199,281"
14332,"147,3,148"
14333,"3,228,5"
14334,"10,64,93"
14335,"40,160,334"
14336,"169,296,428"
14337,"0,346,216"
14338,"0,216,271"
14339,"44,145,45"
14340,"234,10,60"
14341,"3,21,379"
14342,"5,3,228"
14343,"23,26,8"
14344,"169,199,170"
14345,"4,19,3"
14346,"169,199,281"
14347,"128,40,129"
14348,"3,21,85"
14349,"169,199,281"
14350,"169,296,460"
14351,"24,23,43"
14352,"0,216,211"
14353,"459,170,169"
14354,"126,3,21"
14355,"40,131,395"
14356,"220,10,242"
14357,"40,131,241"
14358,"169,296,336"
14359,"24,23,25"
14360,"64,10,93"
14361,"0,271,265"
14362,"4,3,19"
14363,"169,170,287"
14364,"0,271,21"
14365,"40,41,160"
14366,"48,21,3"
14367,"131,40,134"
14368,"4,3,238"
14369,"10,60,61"
14370,"26,23,89"
14371,"44,45,145"
14372,"10,64,93"
14373,"3,28,190"
14374,"13,218,0"
14375,"23,60,31"
14376,"24,23,45"
14377,"53,3,60"
14378,"220,10,242"
14379,"23,74,118"
14380,"40,41,324"
14381,"3,36,35"
14382,"0,265,340"
14383,"48,3,21"
14384,"23,74,165"
14385,"3,21,127"
14386,"0,271,456"
14387,"16,15,3"
14388,"169,170,199"
14389,"145,44,40"
14390,"21,3,301"
14391,"0,216,169"
14392,"131,32,406"
14393,"10,64,93"
14394,"3,34,263"
14395,"10,11,12"
14396,"0,231,23"
14397,"4,3,238"
14398,"169,199,343"
14399,"40,128,129"
14400,"3,4,238"
14401,"11,10,109"
14402,"10,93,64"
14403,"419,40,168"
14404,"11,10,109"
14405,"3,21,108"
14406,"169,170,311"
14407,"24,23,43"
14408,"3,30,66"
14409,"40,160,41"
14410,"40,152,160"
14411,"3,111,112"
14412,"40,162,128"
14413,"220,10,221"
14414,"54,44,10"
14415,"0,351,475"
14416,"23,105,326"
14417,"23,24,105"
14418,"111,3,112"
14419,"40,131,142"
14420,"10,60,23"
14421,"169,170,171"
14422,"32,31,23"
14423,"10,11,419"
14424,"40,131,162"
14425,"40,128,129"
14426,"234,10,60"
14427,"220,10,242"
14428,"0,337,271"
14429,"64,10,448"
14430,"21,40,395"
14431,"23,32,31"
14432,"135,40,138"
14433,"10,11,109"
14434,"3,21,108"
14435,"3,182,68"
14436,"3,5,158"
14437,"16,15,3"
14438,"23,113,169"
14439,"71,23,38"
14440,"11,10,109"
14441,"23,26,89"
14442,"0,313,216"
14443,"10,60,23"
14444,"3,34,263"
14445,"26,89,23"
14446,"23,74,38"
14447,"3,21,33"
14448,"144,3,16"
14449,"128,40,129"
14450,"10,64,473"
14451,"24,23,25"
14452,"128,40,129"
14453,"23,105,326"
14454,"40,160,334"
14455,"3,147,15"
14456,"40,131,134"
14457,"23,38,309"
14458,"40,145,44"
14459,"4,19,3"
14460,"10,64,93"
14461,"0,271,291"
14462,"10,220,221"
14463,"54,10,95"
14464,"40,145,402"
14465,"40,115,139"
14466,"17,168,3"
14467,"40,135,138"
14468,"0,271,265"
14469,"23,24,25"
14470,"40,128,129"
14471,"23,31,10"
14472,"64,10,93"
14473,"10,60,64"
14474,"26,23,350"
14475,"11,10,109"
14476,"23,38,137"
14477,"10,54,95"
14478,"32,23,31"
14479,"147,3,148"
14480,"23,26,89"
14481,"3,36,35"
14482,"23,3,74"
14483,"40,145,17"
14484,"3,147,148"
14485,"3,182,21"
14486,"4,3,183"
14487,"112,111,3"
14488,"4,19,3"
14489,"23,84,74"
14490,"3,21,48"
14491,"43,23,24"
14492,"169,296,460"
14493,"3,13,14"
14494,"23,31,402"
14495,"10,54,95"
14496,"169,170,199"
14497,"3,17,287"
14498,"40,131,406"
14499,"0,208,369"
14500,"40,160,41"
14501,"3,147,148"
14502,"23,63,38"
14503,"44,145,40"
14504,"3,158,85"
14505,"10,64,239"
14506,"40,41,286"
14507,"74,23,118"
14508,"10,64,442"
14509,"3,147,148"
14510,"3,158,85"
14511,"10,11,60"
14512,"220,10,221"
14513,"23,24,59"
14514,"23,74,38"
14515,"23,0,31"
14516,"23,328,402"
14517,"145,44,40"
14518,"23,32,74"
14519,"40,146,145"
14520,"3,147,148"
14521,"10,11,205"
14522,"220,10,242"
14523,"323,169,199"
14524,"3,53,523"
14525,"17,168,320"
14526,"40,152,151"
14527,"3,28,190"
14528,"0,271,255"
14529,"169,199,26"
14530,"3,21,284"
14531,"10,11,205"
14532,"3,21,111"
14533,"26,23,231"
14534,"0,271,361"
14535,"40,139,140"
14536,"10,64,93"
14537,"0,216,257"
14538,"3,187,21"
14539,"3,15,16"
14540,"17,168,3"
14541,"0,271,456"
14542,"10,11,109"
14543,"3,30,4"
14544,"145,54,40"
14545,"199,169,343"
14546,"10,64,93"
14547,"23,137,38"
14548,"23,74,131"
14549,"10,54,95"
14550,"40,152,41"
14551,"23,74,317"
14552,"40,160,302"
14553,"0,313,346"
14554,"40,191,126"
14555,"169,171,199"
14556,"26,231,23"
14557,"40,41,215"
14558,"3,15,16"
14559,"3,21,108"
14560,"3,4,188"
14561,"10,220,221"
14562,"40,131,226"
14563,"3,53,287"
14564,"3,168,17"
14565,"17,168,320"
14566,"23,24,43"
14567,"0,271,291"
14568,"23,32,31"
14569,"3,147,148"
14570,"10,64,93"
14571,"3,379,15"
14572,"40,23,31"
14573,"85,3,158"
14574,"23,26,89"
14575,"40,160,315"
14576,"220,10,242"
14577,"10,64,93"
14578,"40,145,146"
14579,"3,85,147"
14580,"220,10,242"
14581,"10,64,93"
14582,"10,24,60"
14583,"4,3,238"
14584,"220,221,10"
14585,"128,129,40"
14586,"23,24,345"
14587,"139,40,155"
14588,"3,474,111"
14589,"3,4,435"
14590,"23,38,91"
14591,"23,49,24"
14592,"3,21,182"
14593,"169,281,199"
14594,"23,74,303"
14595,"23,43,24"
14596,"3,68,53"
14597,"10,64,93"
14598,"45,44,11"
14599,"23,24,49"
14600,"21,3,108"
14601,"3,13,190"
14602,"139,40,153"
14603,"23,32,31"
14604,"145,40,44"
14605,"456,271,0"
14606,"169,21,199"
14607,"3,34,263"
14608,"3,4,238"
14609,"0,271,456"
14610,"40,128,129"
14611,"4,3,238"
14612,"23,74,118"
14613,"44,145,40"
14614,"10,64,93"
14615,"10,64,448"
14616,"10,64,80"
14617,"40,145,41"
14618,"10,11,205"
14619,"74,23,303"
14620,"0,216,211"
14621,"23,74,26"
14622,"10,205,11"
14623,"169,199,248"
14624,"169,199,171"
14625,"64,10,80"
14626,"21,3,108"
14627,"21,3,40"
14628,"8,0,308"
14629,"3,21,127"
14630,"11,10,205"
14631,"10,11,205"
14632,"169,306,296"
14633,"220,10,242"
14634,"40,41,324"
14635,"10,60,61"
14636,"3,13,53"
14637,"220,242,10"
14638,"44,145,45"
14639,"105,23,318"
14640,"169,0,277"
14641,"3,21,108"
14642,"3,21,187"
14643,"220,10,242"
14644,"40,41,324"
14645,"8,0,308"
14646,"3,53,5"
14647,"23,71,38"
14648,"3,147,148"
14649,"169,508,426"
14650,"199,169,0"
14651,"3,111,112"
14652,"8,0,308"
14653,"0,229,230"
14654,"40,41,324"
14655,"3,111,21"
14656,"3,21,115"
14657,"3,13,14"
14658,"23,74,118"
14659,"40,160,41"
14660,"40,128,139"
14661,"40,160,315"
14662,"10,54,95"
14663,"23,38,24"
14664,"40,185,146"
14665,"74,23,303"
14666,"0,206,8"
14667,"40,131,241"
14668,"10,239,60"
14669,"3,5,228"
14670,"23,74,231"
14671,"3,21,127"
14672,"3,147,156"
14673,"0,271,216"
14674,"0,380,216"
14675,"3,21,320"
14676,"40,131,128"
14677,"16,15,3"
14678,"169,199,248"
14679,"169,199,343"
14680,"0,271,456"
14681,"23,74,38"
14682,"40,135,139"
14683,"40,131,406"
14684,"3,85,86"
14685,"10,64,93"
14686,"43,23,24"
14687,"224,40,41"
14688,"3,34,168"
14689,"3,53,21"
14690,"10,64,65"
14691,"23,74,317"
14692,"23,71,38"
14693,"169,296,428"
14694,"40,160,315"
14695,"24,43,23"
14696,"160,40,315"
14697,"44,145,40"
14698,"0,265,340"
14699,"3,147,148"
14700,"23,290,31"
14701,"40,135,244"
14702,"41,40,21"
14703,"3,21,108"
14704,"3,85,158"
14705,"40,128,41"
14706,"147,3,156"
14707,"17,3,320"
14708,"3,21,127"
14709,"49,23,24"
14710,"0,169,277"
14711,"169,259,199"
14712,"169,170,459"
14713,"8,0,206"
14714,"169,8,405"
14715,"32,23,31"
14716,"54,95,10"
14717,"3,111,267"
14718,"23,74,118"
14719,"90,10,64"
14720,"139,40,153"
14721,"131,406,40"
14722,"44,145,45"
14723,"147,3,148"
14724,"0,11,205"
14725,"220,242,10"
14726,"44,11,145"
14727,"23,26,89"
14728,"23,38,26"
14729,"13,150,3"
14730,"64,10,338"
14731,"0,8,235"
14732,"3,21,187"
14733,"21,126,3"
14734,"220,10,242"
14735,"3,111,284"
14736,"10,239,60"
14737,"23,74,197"
14738,"4,3,19"
14739,"0,211,216"
14740,"220,242,10"
14741,"220,10,242"
14742,"10,43,24"
14743,"40,146,243"
14744,"40,131,406"
14745,"64,10,448"
14746,"74,23,303"
14747,"0,271,456"
14748,"145,23,40"
14749,"74,23,303"
14750,"74,23,118"
14751,"145,40,524"
14752,"131,171,169"
14753,"10,64,79"
14754,"0,216,380"
14755,"40,41,139"
14756,"271,0,456"
14757,"16,15,3"
14758,"23,40,31"
14759,"40,131,241"
14760,"85,3,86"
14761,"170,169,459"
14762,"3,147,85"
14763,"10,72,12"
14764,"199,169,356"
14765,"21,3,40"
14766,"169,199,343"
14767,"48,23,21"
14768,"131,40,226"
14769,"74,118,23"
14770,"0,272,271"
14771,"24,23,49"
14772,"0,271,291"
14773,"21,3,124"
14774,"17,168,3"
14775,"3,21,108"
14776,"3,34,263"
14777,"169,199,259"
14778,"3,53,21"
14779,"3,30,66"
14780,"0,279,249"
14781,"40,145,402"
14782,"8,0,514"
14783,"3,147,148"
14784,"24,23,49"
14785,"23,38,137"
14786,"3,147,148"
14787,"10,54,80"
14788,"23,31,40"
14789,"10,64,448"
14790,"26,23,350"
14791,"40,160,315"
14792,"49,23,24"
14793,"44,145,45"
14794,"10,64,90"
14795,"40,145,146"
14796,"3,30,66"
14797,"23,74,40"
14798,"40,145,146"
14799,"0,170,169"
14800,"23,38,137"
14801,"170,459,169"
14802,"169,170,260"
14803,"3,228,5"
14804,"23,26,89"
14805,"0,211,216"
14806,"3,21,126"
14807,"40,184,494"
14808,"23,24,43"
14809,"3,17,168"
14810,"4,3,19"
14811,"3,53,467"
14812,"0,216,271"
14813,"3,21,126"
14814,"24,23,62"
14815,"23,24,25"
14816,"3,13,204"
14817,"10,11,12"
14818,"10,220,221"
14819,"23,26,89"
14820,"23,74,303"
14821,"3,85,86"
14822,"138,40,135"
14823,"0,208,265"
14824,"199,169,281"
14825,"3,53,100"
14826,"5,3,228"
14827,"0,265,271"
14828,"4,3,183"
14829,"40,128,129"
14830,"23,74,303"
14831,"3,168,17"
14832,"220,242,10"
14833,"11,10,109"
14834,"0,255,313"
14835,"23,231,26"
14836,"100,222,40"
14837,"40,324,41"
14838,"23,71,74"
14839,"220,10,242"
14840,"0,271,456"
14841,"3,30,66"
14842,"26,23,350"
14843,"32,23,31"
14844,"147,3,148"
14845,"169,296,170"
14846,"40,128,129"
14847,"21,3,40"
14848,"40,160,131"
14849,"3,111,28"
14850,"220,10,242"
14851,"147,3,148"
14852,"23,74,40"
14853,"0,255,271"
14854,"10,11,12"
14855,"26,23,350"
14856,"40,128,129"
14857,"0,8,206"
14858,"40,41,224"
14859,"23,24,49"
14860,"40,131,159"
14861,"3,21,127"
14862,"3,21,187"
14863,"40,201,160"
14864,"40,41,224"
14865,"40,146,145"
14866,"3,21,187"
14867,"3,21,30"
14868,"44,145,45"
14869,"40,160,41"
14870,"23,24,26"
14871,"10,11,109"
14872,"4,3,183"
14873,"3,16,15"
14874,"220,10,242"
14875,"169,199,281"
14876,"3,17,168"
14877,"147,3,148"
14878,"220,242,10"
14879,"3,34,21"
14880,"111,3,112"
14881,"0,271,169"
14882,"21,40,3"
14883,"23,49,24"
14884,"44,145,73"
14885,"4,3,19"
14886,"23,26,89"
14887,"23,89,26"
14888,"26,23,350"
14889,"3,13,14"
14890,"147,3,148"
14891,"10,64,80"
14892,"21,3,33"
14893,"3,34,263"
14894,"23,31,96"
14895,"0,265,340"
14896,"169,199,281"
14897,"40,145,44"
14898,"23,105,318"
14899,"0,265,349"
14900,"10,54,95"
14901,"74,23,303"
14902,"40,131,134"
14903,"10,54,145"
14904,"170,169,459"
14905,"40,169,199"
14906,"44,10,45"
14907,"135,40,138"
14908,"40,152,41"
14909,"26,23,89"
14910,"3,13,28"
14911,"40,162,135"
14912,"0,216,255"
14913,"40,131,241"
14914,"24,11,59"
14915,"64,10,80"
14916,"23,38,24"
14917,"169,199,281"
14918,"3,168,17"
14919,"169,199,356"
14920,"23,49,74"
14921,"169,296,371"
14922,"40,41,224"
14923,"10,43,24"
14924,"23,26,350"
14925,"0,214,213"
14926,"3,28,113"
14927,"11,10,109"
14928,"131,40,226"
14929,"3,21,126"
14930,"339,337,169"
14931,"26,89,23"
14932,"23,44,45"
14933,"10,220,0"
14934,"169,199,171"
14935,"169,417,170"
14936,"214,213,0"
14937,"40,131,241"
14938,"23,38,118"
14939,"3,21,53"
14940,"0,271,272"
14941,"10,220,242"
14942,"3,53,169"
14943,"3,168,17"
14944,"3,21,108"
14945,"40,160,41"
14946,"3,435,53"
14947,"74,23,303"
14948,"169,296,306"
14949,"68,426,169"
14950,"40,159,100"
14951,"3,147,148"
14952,"54,10,95"
14953,"0,313,346"
14954,"23,309,38"
14955,"23,31,77"
14956,"128,40,195"
14957,"131,40,226"
14958,"10,80,95"
14959,"40,131,406"
14960,"139,40,153"
14961,"23,38,71"
14962,"23,26,8"
14963,"0,271,361"
14964,"40,131,145"
14965,"23,26,89"
14966,"169,170,199"
14967,"147,3,148"
14968,"23,105,74"
14969,"4,3,19"
14970,"40,128,129"
14971,"21,40,41"
14972,"23,49,24"
14973,"23,38,137"
14974,"64,10,65"
14975,"169,171,199"
14976,"23,26,89"
14977,"271,0,456"
14978,"169,199,281"
14979,"10,64,93"
14980,"0,216,23"
14981,"131,40,226"
14982,"3,21,126"
14983,"40,41,324"
14984,"0,271,355"
14985,"26,350,23"
14986,"0,8,410"
14987,"89,26,0"
14988,"10,0,11"
14989,"23,31,96"
14990,"3,17,168"
14991,"25,23,24"
14992,"0,271,8"
14993,"3,4,435"
14994,"4,3,183"
14995,"3,21,48"
14996,"10,64,93"
14997,"169,199,323"
14998,"23,24,43"
14999,"10,64,93"
15000,"40,160,41"
15001,"3,85,111"
15002,"169,199,356"
15003,"11,10,109"
15004,"169,199,170"
15005,"23,74,118"
15006,"131,40,226"
15007,"23,49,24"
15008,"10,23,54"
15009,"169,337,343"
15010,"3,17,320"
15011,"131,406,40"
15012,"40,128,195"
15013,"21,3,127"
15014,"10,11,205"
15015,"3,147,15"
15016,"169,170,171"
15017,"3,21,13"
15018,"54,95,10"
15019,"171,169,199"
15020,"23,74,118"
15021,"169,199,231"
15022,"40,160,41"
15023,"64,10,80"
15024,"85,158,3"
15025,"8,0,26"
15026,"3,168,17"
15027,"21,3,127"
15028,"40,23,131"
15029,"131,40,406"
15030,"23,74,303"
15031,"0,26,231"
15032,"40,139,153"
15033,"3,147,148"
15034,"3,85,21"
15035,"3,147,85"
15036,"3,28,4"
15037,"3,21,17"
15038,"0,271,456"
15039,"0,216,254"
15040,"220,10,221"
15041,"169,23,84"
15042,"10,64,90"
15043,"8,0,206"
15044,"21,3,127"
15045,"3,21,41"
15046,"3,53,111"
15047,"23,26,89"
15048,"40,23,184"
15049,"10,64,93"
15050,"135,40,236"
15051,"4,3,238"
15052,"3,34,263"
15053,"170,169,260"
15054,"0,216,211"
15055,"23,38,309"
15056,"0,26,8"
15057,"40,145,44"
15058,"3,21,53"
15059,"23,89,26"
15060,"10,64,93"
15061,"169,199,323"
15062,"147,3,148"
15063,"199,323,169"
15064,"11,10,109"
15065,"169,296,274"
15066,"40,139,131"
15067,"3,21,53"
15068,"3,21,115"
15069,"3,21,182"
15070,"3,111,4"
15071,"4,3,435"
15072,"3,85,21"
15073,"3,111,112"
15074,"40,135,189"
15075,"428,169,411"
15076,"3,21,115"
15077,"24,23,43"
15078,"220,10,242"
15079,"3,147,148"
15080,"10,60,197"
15081,"0,8,308"
15082,"49,23,10"
15083,"23,74,40"
15084,"131,40,406"
15085,"10,11,109"
15086,"220,10,221"
15087,"0,265,349"
15088,"74,23,118"
15089,"26,23,350"
15090,"271,456,170"
15091,"4,19,3"
15092,"3,21,127"
15093,"145,40,402"
15094,"3,21,108"
15095,"169,170,3"
15096,"40,41,160"
15097,"11,10,12"
15098,"0,211,255"
15099,"0,271,128"
15100,"40,139,153"
15101,"40,21,41"
15102,"3,53,275"
15103,"17,168,3"
15104,"3,85,86"
15105,"0,265,418"
15106,"23,24,43"
15107,"0,271,255"
15108,"10,24,25"
15109,"23,74,38"
15110,"337,339,169"
15111,"3,13,204"
15112,"23,74,165"
15113,"23,25,24"
15114,"40,146,145"
15115,"40,131,486"
15116,"3,156,147"
15117,"10,205,11"
15118,"11,109,10"
15119,"271,0,169"
15120,"3,147,148"
15121,"3,15,16"
15122,"145,402,40"
15123,"44,11,145"
15124,"23,24,59"
15125,"40,139,395"
15126,"4,3,19"
15127,"220,10,242"
15128,"0,211,216"
15129,"26,23,231"
15130,"40,131,159"
15131,"24,23,59"
15132,"10,64,448"
15133,"4,3,19"
15134,"3,21,4"
15135,"3,4,183"
15136,"152,40,151"
15137,"135,138,459"
15138,"40,160,423"
15139,"23,38,74"
15140,"26,23,350"
15141,"23,74,84"
15142,"3,30,53"
15143,"23,24,43"
15144,"10,220,221"
15145,"23,74,32"
15146,"3,21,34"
15147,"0,216,380"
15148,"0,313,346"
15149,"43,10,24"
15150,"40,145,44"
15151,"10,64,54"
15152,"220,10,242"
15153,"28,190,3"
15154,"3,53,21"
15155,"23,31,96"
15156,"169,199,281"
15157,"0,208,277"
15158,"23,43,24"
15159,"3,147,85"
15160,"23,24,49"
15161,"169,171,199"
15162,"3,111,28"
15163,"23,89,26"
15164,"220,10,242"
15165,"199,169,323"
15166,"100,53,3"
15167,"169,296,417"
15168,"3,147,148"
15169,"40,152,151"
15170,"23,24,38"
15171,"4,3,435"
15172,"3,4,238"
15173,"10,64,43"
15174,"199,169,343"
15175,"17,3,320"
15176,"10,64,60"
15177,"169,199,170"
15178,"3,21,127"
15179,"10,54,197"
15180,"21,3,127"
15181,"3,21,85"
15182,"25,10,23"
15183,"220,10,242"
15184,"3,16,15"
15185,"169,296,411"
15186,"23,74,303"
15187,"3,30,66"
15188,"0,271,363"
15189,"145,40,402"
15190,"4,3,238"
15191,"0,206,249"
15192,"3,48,21"
15193,"23,91,38"
15194,"3,21,85"
15195,"145,44,40"
15196,"0,271,355"
15197,"3,147,148"
15198,"3,5,385"
15199,"131,40,226"
15200,"169,131,241"
15201,"40,128,195"
15202,"3,182,21"
15203,"23,49,24"
15204,"40,145,44"
15205,"0,271,265"
15206,"105,23,318"
15207,"3,21,187"
15208,"3,21,48"
15209,"0,208,265"
15210,"220,10,242"
15211,"220,10,242"
15212,"3,34,263"
15213,"3,21,182"
15214,"24,44,145"
15215,"21,3,127"
15216,"0,271,456"
15217,"23,74,303"
15218,"10,11,205"
15219,"40,41,324"
15220,"10,145,44"
15221,"211,0,216"
15222,"10,43,23"
15223,"323,169,64"
15224,"26,23,350"
15225,"40,131,406"
15226,"40,131,241"
15227,"10,11,12"
15228,"170,169,251"
15229,"40,131,486"
15230,"10,64,93"
15231,"23,26,89"
15232,"0,249,279"
15233,"14,13,204"
15234,"169,296,170"
15235,"54,145,10"
15236,"3,21,108"
15237,"40,135,169"
15238,"169,199,21"
15239,"220,10,242"
15240,"10,54,95"
15241,"40,44,23"
15242,"169,170,199"
15243,"11,205,10"
15244,"64,10,338"
15245,"3,21,127"
15246,"10,64,80"
15247,"0,271,291"
15248,"32,23,131"
15249,"32,23,31"
15250,"3,147,148"
15251,"169,199,281"
15252,"44,145,54"
15253,"23,40,38"
15254,"40,23,140"
15255,"0,216,304"
15256,"0,271,456"
15257,"169,199,281"
15258,"131,40,406"
15259,"131,40,226"
15260,"3,111,119"
15261,"3,21,379"
15262,"131,406,226"
15263,"44,145,40"
15264,"220,10,242"
15265,"74,23,303"
15266,"40,131,226"
15267,"23,74,303"
15268,"135,138,40"
15269,"21,3,124"
15270,"265,340,0"
15271,"3,34,263"
15272,"3,187,21"
15273,"11,10,205"
15274,"220,10,221"
15275,"0,271,456"
15276,"134,131,40"
15277,"3,30,66"
15278,"169,199,343"
15279,"10,64,65"
15280,"3,4,53"
15281,"3,53,21"
15282,"23,38,105"
15283,"74,40,23"
15284,"72,44,40"
15285,"23,26,89"
15286,"3,21,126"
15287,"170,169,323"
15288,"199,169,0"
15289,"3,147,148"
15290,"10,220,173"
15291,"3,21,53"
15292,"3,17,320"
15293,"3,168,17"
15294,"10,64,93"
15295,"64,10,448"
15296,"10,54,95"
15297,"11,10,205"
15298,"0,265,340"
15299,"339,337,169"
15300,"21,3,127"
15301,"3,28,190"
15302,"3,4,364"
15303,"23,31,258"
15304,"169,460,296"
15305,"40,131,139"
15306,"131,40,406"
15307,"199,169,281"
15308,"10,54,95"
15309,"44,40,145"
15310,"40,48,21"
15311,"169,199,382"
15312,"3,21,182"
15313,"169,199,223"
15314,"40,131,241"
15315,"169,199,323"
15316,"0,265,271"
15317,"40,41,149"
15318,"4,3,238"
15319,"44,145,40"
15320,"169,199,170"
15321,"0,271,456"
15322,"23,118,74"
15323,"0,271,291"
15324,"0,271,304"
15325,"0,271,522"
15326,"169,199,356"
15327,"0,255,348"
15328,"3,219,21"
15329,"10,11,109"
15330,"26,89,23"
15331,"17,168,320"
15332,"8,235,0"
15333,"169,170,260"
15334,"10,220,242"
15335,"3,21,48"
15336,"74,23,303"
15337,"3,34,21"
15338,"3,21,85"
15339,"40,145,44"
15340,"0,265,8"
15341,"23,199,38"
15342,"21,3,301"
15343,"23,74,303"
15344,"0,8,206"
15345,"3,16,147"
15346,"10,11,109"
15347,"3,53,523"
15348,"3,17,53"
15349,"199,169,343"
15350,"3,85,474"
15351,"0,271,456"
15352,"170,169,459"
15353,"64,10,80"
15354,"74,23,40"
15355,"44,145,11"
15356,"23,454,0"
15357,"26,89,23"
15358,"44,145,11"
15359,"40,131,226"
15360,"11,10,205"
15361,"379,3,21"
15362,"111,3,112"
15363,"3,85,21"
15364,"23,24,59"
15365,"10,64,93"
15366,"40,131,406"
15367,"74,118,23"
15368,"40,131,226"
15369,"44,145,40"
15370,"40,131,241"
15371,"3,21,164"
15372,"323,169,199"
15373,"40,135,141"
15374,"3,66,30"
15375,"44,145,40"
15376,"23,24,49"
15377,"40,131,139"
15378,"0,8,235"
15379,"23,26,89"
15380,"0,8,308"
15381,"0,208,216"
15382,"0,271,291"
15383,"40,3,61"
15384,"3,33,21"
15385,"3,147,148"
15386,"169,199,170"
15387,"10,64,93"
15388,"40,128,129"
15389,"40,152,151"
15390,"16,15,3"
15391,"26,23,89"
15392,"3,28,190"
15393,"3,21,53"
15394,"23,31,77"
15395,"111,3,267"
15396,"31,23,328"
15397,"160,40,334"
15398,"220,242,10"
15399,"220,10,242"
15400,"10,60,61"
15401,"0,271,272"
15402,"10,239,60"
15403,"0,216,304"
15404,"40,145,44"
15405,"10,64,473"
15406,"17,168,3"
15407,"23,31,96"
15408,"26,23,0"
15409,"23,38,105"
15410,"3,147,148"
15411,"16,15,3"
15412,"0,271,456"
15413,"16,15,3"
15414,"13,204,23"
15415,"0,255,484"
15416,"10,54,234"
15417,"184,40,185"
15418,"220,10,221"
15419,"53,3,523"
15420,"0,271,456"
15421,"23,309,38"
15422,"23,38,137"
15423,"0,8,265"
15424,"23,31,454"
15425,"0,265,266"
15426,"0,271,352"
15427,"169,199,248"
15428,"40,131,406"
15429,"0,271,360"
15430,"23,43,24"
15431,"43,23,24"
15432,"3,21,126"
15433,"32,23,31"
15434,"10,64,93"
15435,"10,54,145"
15436,"40,21,395"
15437,"3,21,267"
15438,"10,220,221"
15439,"3,21,108"
15440,"26,23,89"
15441,"10,11,54"
15442,"145,44,40"
15443,"44,145,45"
15444,"10,64,24"
15445,"21,3,127"
15446,"23,162,40"
15447,"21,3,124"
15448,"139,40,153"
15449,"23,38,39"
15450,"169,199,343"
15451,"40,160,41"
15452,"40,160,315"
15453,"169,23,170"
15454,"0,255,218"
15455,"3,21,187"
15456,"3,148,147"
15457,"26,89,40"
15458,"3,85,158"
15459,"135,40,138"
15460,"44,145,45"
15461,"235,0,255"
15462,"21,3,126"
15463,"3,21,48"
15464,"11,10,109"
15465,"3,21,164"
15466,"8,0,405"
15467,"0,314,313"
15468,"23,24,10"
15469,"3,30,147"
15470,"11,10,109"
15471,"0,211,216"
15472,"26,0,346"
15473,"23,74,40"
15474,"10,220,242"
15475,"3,111,112"
15476,"40,139,153"
15477,"10,11,205"
15478,"169,199,170"
15479,"145,40,44"
15480,"17,168,3"
15481,"169,199,259"
15482,"145,44,40"
15483,"169,199,343"
15484,"3,111,472"
15485,"23,38,74"
15486,"74,23,303"
15487,"0,211,216"
15488,"3,34,263"
15489,"3,16,15"
15490,"0,2,1"
15491,"24,23,44"
15492,"304,169,216"
15493,"3,21,108"
15494,"3,4,238"
15495,"10,60,64"
15496,"169,170,199"
15497,"169,199,248"
15498,"0,255,271"
15499,"3,337,339"
15500,"265,0,490"
15501,"147,3,148"
15502,"10,64,93"
15503,"40,131,132"
15504,"10,24,23"
15505,"40,41,224"
15506,"216,0,231"
15507,"138,135,40"
15508,"3,111,119"
15509,"23,11,62"
15510,"23,105,38"
15511,"0,271,456"
15512,"10,64,80"
15513,"3,5,228"
15514,"169,296,170"
15515,"169,134,131"
15516,"40,131,406"
15517,"23,74,32"
15518,"11,10,205"
15519,"169,199,356"
15520,"10,60,61"
15521,"40,185,184"
15522,"10,60,61"
15523,"3,17,168"
15524,"0,216,304"
15525,"40,41,42"
15526,"152,151,184"
15527,"3,5,228"
15528,"31,23,169"
15529,"0,271,291"
15530,"3,21,108"
15531,"40,131,134"
15532,"3,46,34"
15533,"8,405,169"
15534,"10,64,93"
15535,"3,4,435"
15536,"40,131,406"
15537,"40,131,128"
15538,"23,38,24"
15539,"10,11,205"
15540,"170,459,169"
15541,"26,231,23"
15542,"23,105,24"
15543,"231,26,23"
15544,"3,111,293"
15545,"64,10,90"
15546,"3,21,108"
15547,"10,24,23"
15548,"3,21,108"
15549,"204,13,14"
15550,"10,60,93"
15551,"3,40,41"
15552,"10,23,60"
15553,"23,24,38"
15554,"10,11,173"
15555,"8,0,405"
15556,"10,64,93"
15557,"3,21,379"
15558,"4,3,19"
15559,"23,74,24"
15560,"3,21,48"
15561,"220,10,242"
15562,"21,3,48"
15563,"131,40,226"
15564,"3,53,284"
15565,"4,3,19"
15566,"3,21,33"
15567,"23,24,43"
15568,"10,60,61"
15569,"10,64,43"
15570,"131,406,40"
15571,"34,3,311"
15572,"64,10,65"
15573,"126,21,3"
15574,"169,170,459"
15575,"0,8,206"
15576,"10,11,17"
15577,"23,24,43"
15578,"64,10,93"
15579,"169,199,323"
15580,"0,8,391"
15581,"0,271,352"
15582,"74,23,118"
15583,"0,8,206"
15584,"0,265,340"
15585,"220,10,242"
15586,"3,4,375"
15587,"10,64,54"
15588,"170,169,459"
15589,"169,170,171"
15590,"23,74,38"
15591,"23,24,25"
15592,"10,93,64"
15593,"23,24,31"
15594,"13,204,3"
15595,"220,10,242"
15596,"54,10,402"
15597,"3,111,126"
15598,"40,146,145"
15599,"0,271,214"
15600,"3,111,267"
15601,"3,21,108"
15602,"23,74,38"
15603,"23,31,258"
15604,"216,380,169"
15605,"145,40,44"
15606,"3,21,379"
15607,"169,170,199"
15608,"8,0,285"
15609,"40,131,406"
15610,"3,158,85"
15611,"3,21,187"
15612,"23,74,38"
15613,"3,147,36"
15614,"10,11,14"
15615,"54,10,145"
15616,"74,23,118"
15617,"128,40,129"
15618,"64,10,448"
15619,"10,64,93"
15620,"64,10,448"
15621,"3,21,127"
15622,"40,131,193"
15623,"40,185,184"
15624,"199,169,248"
15625,"128,129,195"
15626,"3,21,53"
15627,"8,0,405"
15628,"169,199,281"
15629,"3,4,183"
15630,"3,21,53"
15631,"40,128,131"
15632,"0,279,249"
15633,"170,169,459"
15634,"16,3,15"
15635,"0,8,285"
15636,"64,10,448"
15637,"40,160,152"
15638,"54,10,95"
15639,"40,131,128"
15640,"0,271,214"
15641,"11,10,109"
15642,"249,0,279"
15643,"40,41,324"
15644,"40,146,145"
15645,"23,309,11"
15646,"26,89,0"
15647,"0,8,235"
15648,"3,147,148"
15649,"3,34,263"
15650,"0,216,304"
15651,"3,15,16"
15652,"169,8,405"
15653,"10,64,338"
15654,"21,3,187"
15655,"3,21,187"
15656,"3,53,5"
15657,"40,131,406"
15658,"10,64,93"
15659,"40,44,145"
15660,"0,271,456"
15661,"3,21,34"
15662,"23,38,91"
15663,"23,38,24"
15664,"265,0,349"
15665,"169,199,343"
15666,"3,147,156"
15667,"14,11,13"
15668,"40,128,23"
15669,"169,23,170"
15670,"135,40,118"
15671,"0,271,272"
15672,"145,40,44"
15673,"220,10,242"
15674,"10,11,109"
15675,"17,168,3"
15676,"0,271,213"
15677,"0,8,285"
15678,"135,40,250"
15679,"23,105,106"
15680,"40,135,169"
15681,"169,131,171"
15682,"0,271,456"
15683,"0,255,462"
15684,"3,21,228"
15685,"3,21,127"
15686,"23,43,24"
15687,"169,199,23"
15688,"3,21,34"
15689,"24,49,23"
15690,"0,216,231"
15691,"184,40,185"
15692,"40,128,129"
15693,"10,11,109"
15694,"169,199,281"
15695,"0,265,208"
15696,"4,3,435"
15697,"11,10,205"
15698,"10,239,60"
15699,"23,74,38"
15700,"10,60,239"
15701,"23,74,303"
15702,"0,249,279"
15703,"169,199,343"
15704,"4,3,19"
15705,"3,21,187"
15706,"3,48,30"
15707,"16,15,3"
15708,"3,111,119"
15709,"313,346,0"
15710,"85,158,3"
15711,"3,4,183"
15712,"40,145,64"
15713,"4,3,19"
15714,"40,131,145"
15715,"170,169,459"
15716,"131,40,226"
15717,"23,43,24"
15718,"26,231,23"
15719,"40,131,406"
15720,"10,220,221"
15721,"4,3,238"
15722,"131,134,40"
15723,"13,204,14"
15724,"40,199,356"
15725,"31,23,258"
15726,"23,31,258"
15727,"3,176,4"
15728,"169,199,281"
15729,"131,40,406"
15730,"459,170,169"
15731,"3,21,53"
15732,"0,271,209"
15733,"26,0,350"
15734,"21,3,108"
15735,"3,228,5"
15736,"23,74,303"
15737,"0,271,291"
15738,"49,23,24"
15739,"40,23,24"
15740,"23,49,24"
15741,"313,346,26"
15742,"0,216,211"
15743,"0,208,265"
15744,"23,105,326"
15745,"23,24,105"
15746,"11,10,109"
15747,"11,10,109"
15748,"10,43,24"
15749,"255,0,462"
15750,"3,17,168"
15751,"3,21,187"
15752,"169,296,306"
15753,"0,208,369"
15754,"3,17,168"
15755,"4,3,238"
15756,"3,111,4"
15757,"24,23,0"
15758,"131,40,406"
15759,"10,60,61"
15760,"44,10,45"
15761,"23,38,137"
15762,"26,23,350"
15763,"40,128,129"
15764,"41,21,40"
15765,"169,199,281"
15766,"111,3,161"
15767,"23,31,96"
15768,"32,23,31"
15769,"21,3,102"
15770,"21,3,48"
15771,"169,296,417"
15772,"23,309,38"
15773,"169,199,343"
15774,"0,265,349"
15775,"0,271,366"
15776,"0,8,206"
15777,"40,152,41"
15778,"44,45,145"
15779,"23,24,43"
15780,"169,171,199"
15781,"14,13,3"
15782,"0,8,313"
15783,"10,64,80"
15784,"3,5,228"
15785,"402,145,40"
15786,"23,26,89"
15787,"54,10,95"
15788,"3,85,158"
15789,"10,11,109"
15790,"64,10,80"
15791,"169,199,131"
15792,"85,3,86"
15793,"10,64,442"
15794,"0,8,235"
15795,"220,10,221"
15796,"3,5,228"
15797,"3,21,190"
15798,"4,3,7"
15799,"0,218,265"
15800,"220,10,221"
15801,"40,139,153"
15802,"126,3,21"
15803,"169,170,171"
15804,"3,147,523"
15805,"4,3,238"
15806,"0,208,505"
15807,"0,271,255"
15808,"3,34,169"
15809,"169,296,274"
15810,"54,10,145"
15811,"23,74,165"
15812,"40,41,42"
15813,"220,10,242"
15814,"40,41,224"
15815,"3,21,187"
15816,"199,169,343"
15817,"23,74,118"
15818,"23,31,454"
15819,"0,218,265"
15820,"11,10,12"
15821,"3,108,21"
15822,"10,64,338"
15823,"11,109,44"
15824,"169,199,281"
15825,"40,131,226"
15826,"24,23,25"
15827,"23,26,89"
15828,"26,89,23"
15829,"340,265,0"
15830,"3,147,148"
15831,"17,168,3"
15832,"3,21,126"
15833,"145,10,40"
15834,"24,25,23"
15835,"3,17,168"
15836,"23,74,84"
15837,"23,38,63"
15838,"40,184,185"
15839,"10,64,93"
15840,"169,199,281"
15841,"169,248,199"
15842,"339,337,169"
15843,"64,10,448"
15844,"16,15,144"
15845,"64,10,338"
15846,"11,10,12"
15847,"24,49,23"
15848,"10,64,65"
15849,"23,26,89"
15850,"23,24,345"
15851,"23,137,105"
15852,"3,48,21"
15853,"23,43,24"
15854,"169,171,199"
15855,"23,74,31"
15856,"146,145,54"
15857,"4,3,19"
15858,"3,53,287"
15859,"8,0,26"
15860,"23,26,231"
15861,"8,0,308"
15862,"23,49,24"
15863,"4,3,435"
15864,"10,220,242"
15865,"74,23,317"
15866,"265,0,340"
15867,"3,34,15"
15868,"0,214,216"
15869,"10,11,205"
15870,"40,152,160"
15871,"10,43,24"
15872,"23,24,49"
15873,"21,3,127"
15874,"0,304,216"
15875,"40,152,151"
15876,"0,313,346"
15877,"10,64,93"
15878,"23,131,40"
15879,"21,102,3"
15880,"40,135,41"
15881,"3,147,148"
15882,"265,0,340"
15883,"10,60,61"
15884,"23,49,24"
15885,"3,21,187"
15886,"23,26,89"
15887,"40,41,395"
15888,"10,239,60"
15889,"0,271,366"
15890,"3,330,28"
15891,"40,41,324"
15892,"4,238,3"
15893,"3,21,68"
15894,"211,0,319"
15895,"4,3,19"
15896,"139,40,155"
15897,"40,162,163"
15898,"0,255,208"
15899,"31,23,258"
15900,"26,23,350"
15901,"0,218,255"
15902,"145,44,40"
15903,"220,10,242"
15904,"0,265,340"
15905,"3,21,108"
15906,"23,24,38"
15907,"169,199,170"
15908,"3,13,204"
15909,"3,21,164"
15910,"26,23,231"
15911,"162,23,163"
15912,"0,216,254"
15913,"169,199,170"
15914,"3,153,40"
15915,"21,3,33"
15916,"40,135,141"
15917,"131,40,226"
15918,"0,255,271"
15919,"135,40,138"
15920,"8,0,206"
15921,"16,3,15"
15922,"10,64,54"
15923,"220,10,221"
15924,"220,10,242"
15925,"10,64,473"
15926,"131,40,226"
15927,"8,0,308"
15928,"3,21,17"
15929,"169,199,281"
15930,"10,64,93"
15931,"8,0,285"
15932,"21,3,127"
15933,"3,34,263"
15934,"23,49,24"
15935,"199,169,323"
15936,"11,109,10"
15937,"3,5,133"
15938,"10,54,145"
15939,"3,21,187"
15940,"169,8,405"
15941,"74,23,118"
15942,"40,131,406"
15943,"54,10,145"
15944,"26,23,231"
15945,"23,24,59"
15946,"147,3,148"
15947,"24,23,43"
15948,"23,74,31"
15949,"3,34,263"
15950,"0,271,355"
15951,"10,220,221"
15952,"40,41,42"
15953,"220,10,242"
15954,"402,145,40"
15955,"10,54,44"
15956,"3,66,30"
15957,"0,271,362"
15958,"40,152,151"
15959,"4,3,19"
15960,"40,21,3"
15961,"40,135,3"
15962,"0,265,340"
15963,"3,17,320"
15964,"3,15,16"
15965,"40,131,406"
15966,"3,21,28"
15967,"10,64,93"
15968,"208,0,369"
15969,"0,216,370"
15970,"74,23,165"
15971,"3,30,66"
15972,"3,21,124"
15973,"145,40,44"
15974,"220,10,221"
15975,"10,60,64"
15976,"43,24,10"
15977,"10,11,220"
15978,"3,85,86"
15979,"3,34,168"
15980,"145,44,45"
15981,"220,10,242"
15982,"0,456,271"
15983,"10,12,11"
15984,"0,271,456"
15985,"3,30,66"
15986,"220,10,242"
15987,"23,74,303"
15988,"100,265,0"
15989,"23,24,309"
15990,"3,21,126"
15991,"220,10,242"
15992,"10,40,160"
15993,"26,89,23"
15994,"145,44,45"
15995,"459,170,169"
15996,"10,11,109"
15997,"89,23,26"
15998,"3,17,21"
15999,"169,199,281"
16000,"40,152,151"
16001,"40,128,23"
16002,"10,64,448"
16003,"3,4,238"
16004,"145,54,40"
16005,"3,147,169"
16006,"23,24,43"
16007,"40,152,151"
16008,"169,170,171"
16009,"3,147,148"
16010,"0,475,218"
16011,"10,23,54"
16012,"40,41,224"
16013,"3,86,85"
16014,"3,21,53"
16015,"165,23,74"
16016,"0,271,522"
16017,"24,23,25"
16018,"40,145,146"
16019,"40,139,153"
16020,"169,199,281"
16021,"3,111,119"
16022,"3,85,158"
16023,"23,74,60"
16024,"169,199,170"
16025,"44,145,45"
16026,"220,10,221"
16027,"40,229,339"
16028,"21,3,127"
16029,"3,21,30"
16030,"10,54,64"
16031,"21,3,127"
16032,"10,64,448"
16033,"3,13,14"
16034,"0,265,349"
16035,"10,220,242"
16036,"0,255,277"
16037,"40,23,145"
16038,"448,10,64"
16039,"21,41,40"
16040,"0,8,218"
16041,"128,0,313"
16042,"3,53,287"
16043,"8,206,0"
16044,"16,15,3"
16045,"169,296,526"
16046,"3,21,187"
16047,"10,54,220"
16048,"3,85,86"
16049,"40,131,241"
16050,"54,10,95"
16051,"23,74,303"
16052,"135,138,40"
16053,"131,40,226"
16054,"32,3,23"
16055,"3,53,523"
16056,"169,199,281"
16057,"23,26,89"
16058,"40,41,139"
16059,"8,0,206"
16060,"23,31,454"
16061,"0,26,8"
16062,"4,3,238"
16063,"10,64,93"
16064,"3,21,108"
16065,"53,100,0"
16066,"3,168,40"
16067,"0,271,456"
16068,"3,21,126"
16069,"128,40,129"
16070,"0,304,216"
16071,"3,13,53"
16072,"17,3,168"
16073,"169,170,260"
16074,"118,74,107"
16075,"74,23,40"
16076,"40,160,315"
16077,"40,160,41"
16078,"0,214,213"
16079,"199,169,323"
16080,"0,218,475"
16081,"3,4,435"
16082,"26,23,89"
16083,"3,21,108"
16084,"10,64,80"
16085,"3,21,127"
16086,"3,17,168"
16087,"199,169,248"
16088,"40,131,226"
16089,"23,309,38"
16090,"135,250,309"
16091,"10,64,93"
16092,"3,4,183"
16093,"10,220,242"
16094,"23,26,231"
16095,"3,66,30"
16096,"0,8,206"
16097,"199,169,10"
16098,"23,26,89"
16099,"3,4,238"
16100,"271,0,456"
16101,"23,63,38"
16102,"8,0,235"
16103,"10,64,448"
16104,"147,3,156"
16105,"3,21,0"
16106,"23,24,345"
16107,"0,208,505"
16108,"220,10,221"
16109,"3,147,156"
16110,"23,38,91"
16111,"3,30,21"
16112,"271,456,0"
16113,"10,54,95"
16114,"3,21,115"
16115,"8,0,206"
16116,"10,220,242"
16117,"64,10,448"
16118,"11,10,109"
16119,"23,74,118"
16120,"40,131,406"
16121,"3,13,14"
16122,"40,145,146"
16123,"13,14,204"
16124,"0,366,271"
16125,"3,168,21"
16126,"0,271,291"
16127,"169,199,426"
16128,"23,74,118"
16129,"169,199,171"
16130,"23,24,44"
16131,"23,24,43"
16132,"0,8,211"
16133,"3,4,183"
16134,"0,265,490"
16135,"248,169,199"
16136,"128,40,195"
16137,"220,10,242"
16138,"21,40,127"
16139,"10,11,109"
16140,"3,34,447"
16141,"10,23,24"
16142,"23,26,350"
16143,"23,31,77"
16144,"0,271,456"
16145,"40,131,406"
16146,"10,220,242"
16147,"506,23,3"
16148,"10,64,93"
16149,"220,10,242"
16150,"23,24,43"
16151,"3,21,168"
16152,"43,24,23"
16153,"170,169,260"
16154,"89,26,23"
16155,"3,4,238"
16156,"3,148,147"
16157,"17,168,3"
16158,"44,145,11"
16159,"21,3,124"
16160,"3,21,147"
16161,"220,10,221"
16162,"3,156,147"
16163,"23,24,25"
16164,"85,158,3"
16165,"0,206,249"
16166,"64,10,90"
16167,"3,17,168"
16168,"4,3,238"
16169,"10,64,448"
16170,"44,145,45"
16171,"26,23,350"
16172,"3,147,156"
16173,"0,249,279"
16174,"3,147,148"
16175,"169,199,135"
16176,"0,271,272"
16177,"3,34,447"
16178,"0,21,128"
16179,"8,0,285"
16180,"10,40,169"
16181,"21,3,187"
16182,"3,147,148"
16183,"169,199,281"
16184,"23,43,24"
16185,"90,64,10"
16186,"3,4,5"
16187,"169,199,281"
16188,"10,54,24"
16189,"3,66,30"
16190,"23,74,118"
16191,"10,64,90"
16192,"10,11,109"
16193,"10,54,173"
16194,"0,208,145"
16195,"3,21,108"
16196,"40,128,195"
16197,"190,28,3"
16198,"21,3,127"
16199,"23,24,43"
16200,"23,74,24"
16201,"10,64,80"
16202,"169,170,199"
16203,"3,21,108"
16204,"48,3,21"
16205,"0,271,456"
16206,"128,129,40"
16207,"3,13,21"
16208,"11,10,12"
16209,"3,21,126"
16210,"15,16,3"
16211,"3,15,16"
16212,"3,4,174"
16213,"169,417,296"
16214,"169,199,259"
16215,"10,64,11"
16216,"23,74,118"
16217,"3,147,148"
16218,"145,402,40"
16219,"3,30,190"
16220,"0,235,257"
16221,"3,85,21"
16222,"54,10,23"
16223,"85,3,86"
16224,"145,10,40"
16225,"21,3,102"
16226,"40,131,184"
16227,"0,8,206"
16228,"147,3,148"
16229,"23,74,49"
16230,"3,115,13"
16231,"23,49,24"
16232,"3,15,16"
16233,"10,64,338"
16234,"10,11,90"
16235,"152,40,151"
16236,"23,24,43"
16237,"10,64,448"
16238,"10,64,168"
16239,"169,199,170"
16240,"323,199,60"
16241,"3,4,238"
16242,"10,64,93"
16243,"0,216,257"
16244,"169,199,323"
16245,"111,125,3"
16246,"44,40,145"
16247,"21,3,48"
16248,"169,170,199"
16249,"23,74,303"
16250,"220,10,242"
16251,"0,216,257"
16252,"40,160,152"
16253,"3,21,53"
16254,"3,147,148"
16255,"199,169,323"
16256,"3,85,86"
16257,"25,24,23"
16258,"171,169,199"
16259,"3,21,48"
16260,"0,271,216"
16261,"17,168,3"
16262,"218,0,509"
16263,"41,3,224"
16264,"169,171,170"
16265,"64,10,448"
16266,"0,265,271"
16267,"3,182,21"
16268,"0,218,208"
16269,"10,64,60"
16270,"23,31,258"
16271,"131,40,241"
16272,"23,24,26"
16273,"10,64,93"
16274,"4,3,238"
16275,"169,199,281"
16276,"3,30,66"
16277,"4,3,183"
16278,"0,216,304"
16279,"40,160,423"
16280,"145,44,45"
16281,"3,85,86"
16282,"32,23,31"
16283,"0,216,380"
16284,"3,111,119"
16285,"10,23,145"
16286,"40,160,315"
16287,"40,128,186"
16288,"3,21,182"
16289,"23,24,43"
16290,"10,93,60"
16291,"10,64,323"
16292,"10,239,60"
16293,"40,139,155"
16294,"64,10,338"
16295,"23,26,89"
16296,"220,10,242"
16297,"145,40,402"
16298,"131,40,241"
16299,"131,40,226"
16300,"40,139,153"
16301,"40,135,244"
16302,"10,64,93"
16303,"10,220,11"
16304,"0,208,8"
16305,"40,160,41"
16306,"208,0,8"
16307,"3,21,34"
16308,"23,11,10"
16309,"21,127,3"
16310,"3,147,148"
16311,"145,44,40"
16312,"3,21,53"
16313,"24,25,23"
16314,"3,85,86"
16315,"64,10,80"
16316,"17,168,3"
16317,"11,10,109"
16318,"10,11,44"
16319,"64,10,473"
16320,"24,23,44"
16321,"128,129,40"
16322,"43,23,24"
16323,"0,271,255"
16324,"3,21,34"
16325,"3,15,53"
16326,"0,208,521"
16327,"23,26,89"
16328,"3,21,48"
16329,"4,3,238"
16330,"26,23,350"
16331,"40,138,135"
16332,"40,41,152"
16333,"23,24,59"
16334,"169,170,260"
16335,"23,38,308"
16336,"3,17,85"
16337,"0,216,304"
16338,"8,0,206"
16339,"3,66,30"
16340,"3,85,158"
16341,"10,11,109"
16342,"0,216,304"
16343,"8,0,308"
16344,"40,160,315"
16345,"40,41,224"
16346,"40,395,41"
16347,"402,54,10"
16348,"131,40,134"
16349,"64,10,80"
16350,"211,216,319"
16351,"74,23,303"
16352,"23,31,11"
16353,"21,3,128"
16354,"64,10,93"
16355,"23,77,216"
16356,"220,10,242"
16357,"0,271,355"
16358,"131,40,406"
16359,"169,199,281"
16360,"4,3,435"
16361,"64,10,338"
16362,"40,41,131"
16363,"3,111,4"
16364,"220,10,242"
16365,"10,220,242"
16366,"21,3,124"
16367,"0,249,279"
16368,"3,51,17"
16369,"49,24,10"
16370,"160,40,315"
16371,"3,66,30"
16372,"169,199,356"
16373,"0,214,213"
16374,"170,169,459"
16375,"169,171,199"
16376,"23,74,303"
16377,"3,147,148"
16378,"23,74,63"
16379,"0,271,216"
16380,"40,41,224"
16381,"23,26,89"
16382,"3,66,30"
16383,"3,21,22"
16384,"0,475,218"
16385,"64,10,442"
16386,"23,38,63"
16387,"23,38,24"
16388,"169,199,356"
16389,"169,311,223"
16390,"10,44,145"
16391,"64,10,448"
16392,"23,40,24"
16393,"40,160,152"
16394,"3,111,21"
16395,"40,146,145"
16396,"4,3,19"
16397,"145,10,44"
16398,"24,49,23"
16399,"0,271,456"
16400,"0,53,285"
16401,"10,64,80"
16402,"40,145,44"
16403,"259,426,169"
16404,"3,21,108"
16405,"40,41,139"
16406,"23,74,84"
16407,"10,64,80"
16408,"8,0,206"
16409,"26,23,350"
16410,"0,8,249"
16411,"21,3,124"
16412,"220,221,10"
16413,"23,26,231"
16414,"24,23,49"
16415,"0,249,279"
16416,"169,199,251"
16417,"21,126,3"
16418,"3,16,15"
16419,"8,231,26"
16420,"11,10,205"
16421,"40,131,159"
16422,"17,3,168"
16423,"23,32,31"
16424,"3,21,115"
16425,"220,221,10"
16426,"0,214,213"
16427,"4,3,238"
16428,"3,379,21"
16429,"23,38,89"
16430,"3,4,30"
16431,"145,44,40"
16432,"135,40,138"
16433,"145,54,40"
16434,"40,160,41"
16435,"3,5,228"
16436,"0,216,211"
16437,"54,10,145"
16438,"3,85,379"
16439,"10,220,242"
16440,"23,74,118"
16441,"24,23,44"
16442,"26,23,89"
16443,"10,220,242"
16444,"3,85,21"
16445,"169,199,323"
16446,"4,3,19"
16447,"24,44,145"
16448,"10,11,109"
16449,"23,74,84"
16450,"11,10,12"
16451,"17,168,3"
16452,"4,3,19"
16453,"40,160,152"
16454,"74,23,303"
16455,"3,111,119"
16456,"3,111,21"
16457,"128,129,40"
16458,"23,24,43"
16459,"3,30,48"
16460,"10,12,11"
16461,"3,147,33"
16462,"21,3,169"
16463,"44,145,45"
16464,"10,64,80"
16465,"169,296,428"
16466,"40,128,129"
16467,"40,131,406"
16468,"145,10,23"
16469,"40,146,145"
16470,"71,0,23"
16471,"26,23,89"
16472,"3,28,330"
16473,"23,26,24"
16474,"4,3,19"
16475,"152,40,151"
16476,"0,277,216"
16477,"23,38,71"
16478,"145,402,40"
16479,"169,199,343"
16480,"4,3,375"
16481,"24,23,43"
16482,"40,23,334"
16483,"40,41,42"
16484,"3,21,187"
16485,"169,199,281"
16486,"182,68,3"
16487,"169,296,428"
16488,"23,31,40"
16489,"169,296,306"
16490,"8,0,206"
16491,"10,64,93"
16492,"3,28,190"
16493,"169,251,337"
16494,"169,199,170"
16495,"199,169,281"
16496,"3,21,127"
16497,"3,21,187"
16498,"3,21,168"
16499,"40,128,195"
16500,"0,271,444"
16501,"23,10,64"
16502,"111,3,41"
16503,"10,54,322"
16504,"24,23,145"
16505,"3,21,178"
16506,"10,11,205"
16507,"53,3,287"
16508,"3,4,238"
16509,"3,48,21"
16510,"0,271,355"
16511,"23,24,43"
16512,"220,10,242"
16513,"169,199,281"
16514,"3,34,263"
16515,"10,60,239"
16516,"31,145,40"
16517,"3,21,164"
16518,"11,10,12"
16519,"40,131,406"
16520,"185,184,40"
16521,"139,21,153"
16522,"168,17,3"
16523,"3,53,325"
16524,"169,199,170"
16525,"11,10,205"
16526,"169,199,281"
16527,"0,216,271"
16528,"0,211,216"
16529,"23,24,43"
16530,"10,11,205"
16531,"0,249,277"
16532,"3,16,15"
16533,"44,45,145"
16534,"220,10,242"
16535,"0,271,456"
16536,"17,3,168"
16537,"139,40,3"
16538,"4,3,183"
16539,"23,8,3"
16540,"131,40,406"
16541,"205,10,11"
16542,"3,34,187"
16543,"26,346,0"
16544,"3,15,16"
16545,"8,308,23"
16546,"10,11,205"
16547,"169,170,171"
16548,"169,131,199"
16549,"0,357,381"
16550,"128,40,129"
16551,"3,53,168"
16552,"23,131,40"
16553,"169,170,171"
16554,"3,21,187"
16555,"131,40,241"
16556,"0,271,456"
16557,"10,11,205"
16558,"23,49,24"
16559,"3,17,115"
16560,"131,40,226"
16561,"23,24,49"
16562,"169,199,171"
16563,"0,265,418"
16564,"3,21,187"
16565,"135,138,40"
16566,"17,168,3"
16567,"169,199,223"
16568,"23,32,31"
16569,"0,208,218"
16570,"220,10,221"
16571,"220,10,242"
16572,"3,147,156"
16573,"169,296,38"
16574,"0,271,2"
16575,"220,10,242"
16576,"44,145,40"
16577,"169,170,459"
16578,"24,45,44"
16579,"169,170,436"
16580,"220,10,221"
16581,"26,23,350"
16582,"0,208,209"
16583,"40,23,145"
16584,"3,28,29"
16585,"74,23,303"
16586,"23,24,49"
16587,"10,54,322"
16588,"23,24,25"
16589,"0,271,456"
16590,"0,216,413"
16591,"220,10,242"
16592,"111,3,112"
16593,"23,105,318"
16594,"169,199,251"
16595,"3,187,21"
16596,"0,265,340"
16597,"23,0,24"
16598,"21,3,108"
16599,"24,23,59"
16600,"40,21,395"
16601,"71,38,23"
16602,"145,40,44"
16603,"131,406,40"
16604,"3,85,21"
16605,"185,184,40"
16606,"131,406,40"
16607,"43,24,23"
16608,"23,24,38"
16609,"10,64,93"
16610,"169,199,343"
16611,"265,0,340"
16612,"126,3,21"
16613,"23,31,258"
16614,"3,4,238"
16615,"40,162,163"
16616,"23,74,303"
16617,"64,10,93"
16618,"8,26,0"
16619,"0,255,213"
16620,"40,41,160"
16621,"10,64,60"
16622,"107,74,40"
16623,"23,24,49"
16624,"169,199,323"
16625,"23,26,350"
16626,"169,296,460"
16627,"3,21,154"
16628,"220,10,242"
16629,"3,10,60"
16630,"40,145,146"
16631,"10,43,23"
16632,"26,89,23"
16633,"0,271,291"
16634,"145,23,31"
16635,"127,21,3"
16636,"23,74,38"
16637,"26,23,350"
16638,"40,160,152"
16639,"0,208,4"
16640,"40,160,152"
16641,"3,111,267"
16642,"40,160,152"
16643,"3,147,148"
16644,"220,10,242"
16645,"199,169,374"
16646,"0,265,266"
16647,"309,23,38"
16648,"26,23,89"
16649,"40,131,406"
16650,"40,139,153"
16651,"40,41,128"
16652,"0,214,213"
16653,"23,31,454"
16654,"0,249,279"
16655,"23,74,118"
16656,"3,53,21"
16657,"48,3,21"
16658,"0,249,206"
16659,"4,3,238"
16660,"40,41,139"
16661,"0,271,265"
16662,"40,131,226"
16663,"0,271,366"
16664,"199,169,171"
16665,"23,137,38"
16666,"40,185,184"
16667,"40,128,129"
16668,"74,23,303"
16669,"3,115,21"
16670,"8,0,206"
16671,"40,131,142"
16672,"26,231,23"
16673,"11,10,109"
16674,"38,23,91"
16675,"64,10,338"
16676,"0,216,380"
16677,"3,21,48"
16678,"23,26,89"
16679,"0,218,255"
16680,"64,10,93"
16681,"23,309,38"
16682,"3,17,168"
16683,"0,271,211"
16684,"0,257,216"
16685,"40,139,153"
16686,"0,216,211"
16687,"3,4,147"
16688,"23,74,118"
16689,"105,23,318"
16690,"128,129,40"
16691,"64,10,448"
16692,"23,105,106"
16693,"3,21,108"
16694,"145,402,40"
16695,"44,145,45"
16696,"205,11,59"
16697,"23,31,258"
16698,"3,85,86"
16699,"10,24,23"
16700,"23,231,26"
16701,"23,38,105"
16702,"3,21,34"
16703,"100,222,40"
16704,"220,10,242"
16705,"40,131,241"
16706,"199,169,343"
16707,"111,3,161"
16708,"40,128,129"
16709,"40,145,199"
16710,"17,168,3"
16711,"40,26,128"
16712,"3,21,108"
16713,"170,459,169"
16714,"23,49,24"
16715,"10,64,93"
16716,"145,40,44"
16717,"4,3,19"
16718,"23,26,89"
16719,"10,64,93"
16720,"10,64,473"
16721,"426,427,0"
16722,"169,296,274"
16723,"40,160,41"
16724,"235,0,255"
16725,"169,170,260"
16726,"105,23,106"
16727,"339,169,337"
16728,"169,296,274"
16729,"313,346,26"
16730,"10,11,12"
16731,"169,199,281"
16732,"3,15,16"
16733,"24,10,44"
16734,"40,0,249"
16735,"3,4,28"
16736,"40,41,224"
16737,"3,111,112"
16738,"169,199,382"
16739,"169,296,274"
16740,"145,54,40"
16741,"23,26,38"
16742,"8,0,206"
16743,"40,21,184"
16744,"3,4,238"
16745,"3,21,108"
16746,"10,11,109"
16747,"26,23,231"
16748,"235,8,0"
16749,"10,54,95"
16750,"169,170,199"
16751,"40,139,153"
16752,"169,199,170"
16753,"26,23,350"
16754,"23,26,89"
16755,"3,4,435"
16756,"111,3,112"
16757,"169,199,259"
16758,"10,54,95"
16759,"3,158,21"
16760,"4,3,19"
16761,"23,31,96"
16762,"23,26,350"
16763,"169,199,382"
16764,"3,40,13"
16765,"128,40,129"
16766,"4,3,19"
16767,"169,199,323"
16768,"3,53,287"
16769,"10,11,205"
16770,"74,23,118"
16771,"169,171,199"
16772,"3,34,263"
16773,"169,170,199"
16774,"40,160,315"
16775,"0,271,361"
16776,"10,64,93"
16777,"23,74,24"
16778,"23,38,26"
16779,"74,23,303"
16780,"3,53,523"
16781,"23,74,118"
16782,"24,23,59"
16783,"3,147,148"
16784,"23,303,74"
16785,"3,40,21"
16786,"169,356,199"
16787,"3,53,523"
16788,"3,147,148"
16789,"169,170,296"
16790,"135,40,236"
16791,"3,13,204"
16792,"40,131,193"
16793,"220,10,221"
16794,"17,168,3"
16795,"3,21,108"
16796,"40,131,159"
16797,"169,199,281"
16798,"23,26,89"
16799,"64,10,80"
16800,"8,0,26"
16801,"10,220,221"
16802,"3,147,53"
16803,"3,85,86"
16804,"3,4,70"
16805,"3,21,85"
16806,"40,41,42"
16807,"3,21,126"
16808,"3,13,14"
16809,"10,64,65"
16810,"40,131,226"
16811,"169,199,426"
16812,"23,24,43"
16813,"309,23,38"
16814,"23,24,59"
16815,"40,131,406"
16816,"0,271,214"
16817,"169,170,199"
16818,"40,128,129"
16819,"10,11,12"
16820,"169,170,171"
16821,"40,494,184"
16822,"3,53,287"
16823,"3,13,150"
16824,"3,21,48"
16825,"40,152,160"
16826,"40,162,163"
16827,"3,85,293"
16828,"3,21,30"
16829,"23,31,454"
16830,"169,199,281"
16831,"0,8,23"
16832,"23,105,24"
16833,"38,23,71"
16834,"8,26,308"
16835,"3,111,119"
16836,"131,171,169"
16837,"135,40,138"
16838,"3,21,48"
16839,"169,199,281"
16840,"74,28,3"
16841,"23,74,94"
16842,"23,24,43"
16843,"169,199,40"
16844,"3,21,126"
16845,"3,15,16"
16846,"169,199,323"
16847,"131,241,40"
16848,"40,131,226"
16849,"0,8,26"
16850,"0,271,456"
16851,"26,23,231"
16852,"0,271,214"
16853,"220,10,242"
16854,"10,11,12"
16855,"3,147,148"
16856,"506,13,11"
16857,"10,64,93"
16858,"10,64,60"
16859,"3,168,17"
16860,"131,40,406"
16861,"131,40,226"
16862,"40,145,468"
16863,"23,24,62"
16864,"0,216,254"
16865,"26,23,89"
16866,"11,10,205"
16867,"4,3,435"
16868,"0,208,369"
16869,"64,10,448"
16870,"3,148,147"
16871,"3,111,112"
16872,"10,64,65"
16873,"17,3,168"
16874,"10,11,12"
16875,"25,24,23"
16876,"169,21,199"
16877,"345,23,24"
16878,"0,208,229"
16879,"3,21,34"
16880,"23,24,10"
16881,"11,10,109"
16882,"3,28,190"
16883,"4,3,19"
16884,"10,11,419"
16885,"0,216,304"
16886,"3,21,17"
16887,"16,15,3"
16888,"16,15,3"
16889,"0,271,444"
16890,"3,21,148"
16891,"23,74,30"
16892,"169,170,296"
16893,"0,218,265"
16894,"40,41,286"
16895,"0,271,456"
16896,"3,147,148"
16897,"23,169,26"
16898,"220,10,221"
16899,"131,40,406"
16900,"3,182,68"
16901,"145,44,40"
16902,"135,40,3"
16903,"0,216,208"
16904,"21,0,288"
16905,"4,3,19"
16906,"3,21,108"
16907,"220,221,10"
16908,"3,147,148"
16909,"10,23,24"
16910,"21,41,42"
16911,"64,10,93"
16912,"44,24,145"
16913,"0,265,349"
16914,"4,3,19"
16915,"0,475,214"
16916,"169,296,337"
16917,"24,23,59"
16918,"3,53,287"
16919,"23,74,38"
16920,"10,54,145"
16921,"23,74,118"
16922,"3,34,263"
16923,"169,199,259"
16924,"11,10,109"
16925,"26,0,231"
16926,"0,271,291"
16927,"0,271,265"
16928,"10,64,448"
16929,"171,169,199"
16930,"23,38,91"
16931,"25,24,10"
16932,"0,216,257"
16933,"184,40,185"
16934,"3,21,53"
16935,"105,23,318"
16936,"169,8,405"
16937,"24,23,43"
16938,"204,13,3"
16939,"0,255,208"
16940,"169,260,170"
16941,"145,44,40"
16942,"220,10,242"
16943,"23,26,89"
16944,"23,43,24"
16945,"10,220,242"
16946,"128,129,40"
16947,"3,17,168"
16948,"3,4,51"
16949,"313,0,40"
16950,"169,199,356"
16951,"23,31,131"
16952,"74,118,23"
16953,"40,128,0"
16954,"23,24,43"
16955,"0,265,271"
16956,"0,271,456"
16957,"168,17,3"
16958,"169,199,343"
16959,"220,10,242"
16960,"3,34,21"
16961,"3,53,287"
16962,"10,220,221"
16963,"3,66,30"
16964,"23,26,89"
16965,"43,23,24"
16966,"23,38,175"
16967,"23,31,328"
16968,"169,343,199"
16969,"3,53,287"
16970,"11,205,10"
16971,"286,41,40"
16972,"10,60,61"
16973,"40,426,135"
16974,"23,49,24"
16975,"8,0,308"
16976,"3,21,30"
16977,"220,10,242"
16978,"131,40,134"
16979,"23,49,24"
16980,"3,13,204"
16981,"40,145,44"
16982,"10,64,448"
16983,"23,26,24"
16984,"23,74,38"
16985,"169,199,281"
16986,"10,64,448"
16987,"4,3,238"
16988,"40,41,42"
16989,"128,40,129"
16990,"0,218,255"
16991,"3,17,21"
16992,"3,53,68"
16993,"131,40,406"
16994,"24,43,23"
16995,"10,60,239"
16996,"13,14,3"
16997,"3,16,15"
16998,"220,242,10"
16999,"31,328,23"
17000,"0,214,213"
17001,"3,53,0"
17002,"199,169,343"
17003,"3,13,204"
17004,"40,41,215"
17005,"169,199,356"
17006,"23,74,40"
17007,"3,66,30"
17008,"3,428,144"
17009,"220,10,242"
17010,"23,31,96"
17011,"170,169,459"
17012,"3,21,126"
17013,"10,64,54"
17014,"3,53,287"
17015,"23,26,169"
17016,"3,53,16"
17017,"10,64,93"
17018,"24,23,43"
17019,"23,105,326"
17020,"3,147,156"
17021,"145,44,45"
17022,"3,21,124"
17023,"23,26,89"
17024,"0,8,216"
17025,"23,10,60"
17026,"3,66,30"
17027,"23,24,43"
17028,"40,131,128"
17029,"3,21,187"
17030,"169,199,356"
17031,"40,128,129"
17032,"23,24,43"
17033,"131,40,406"
17034,"23,26,89"
17035,"44,10,145"
17036,"40,184,185"
17037,"3,164,21"
17038,"3,4,183"
17039,"10,64,220"
17040,"10,11,109"
17041,"4,3,183"
17042,"16,15,3"
17043,"3,21,53"
17044,"0,249,216"
17045,"3,111,523"
17046,"169,170,259"
17047,"64,10,65"
17048,"0,271,456"
17049,"3,21,115"
17050,"23,74,32"
17051,"0,23,446"
17052,"26,23,8"
17053,"10,64,65"
17054,"169,343,3"
17055,"145,105,137"
17056,"64,10,448"
17057,"21,3,127"
17058,"169,199,281"
17059,"0,271,456"
17060,"3,48,168"
17061,"10,64,93"
17062,"0,271,2"
17063,"3,4,19"
17064,"0,271,313"
17065,"3,21,187"
17066,"3,21,85"
17067,"131,40,406"
17068,"3,21,22"
17069,"3,34,263"
17070,"0,271,366"
17071,"43,23,24"
17072,"10,60,61"
17073,"10,11,285"
17074,"118,74,23"
17075,"111,3,112"
17076,"64,10,93"
17077,"11,10,205"
17078,"74,23,118"
17079,"4,3,238"
17080,"169,199,343"
17081,"10,64,65"
17082,"10,145,54"
17083,"23,74,303"
17084,"40,131,241"
17085,"3,111,21"
17086,"64,10,448"
17087,"23,32,31"
17088,"126,21,41"
17089,"111,123,3"
17090,"40,145,146"
17091,"3,13,204"
17092,"3,21,85"
17093,"23,105,38"
17094,"296,169,526"
17095,"4,3,7"
17096,"128,40,129"
17097,"21,3,108"
17098,"220,242,10"
17099,"3,169,199"
17100,"3,21,127"
17101,"169,199,170"
17102,"0,271,355"
17103,"0,216,304"
17104,"3,85,379"
17105,"169,199,170"
17106,"44,145,10"
17107,"0,271,456"
17108,"54,10,95"
17109,"40,131,226"
17110,"4,3,238"
17111,"23,74,118"
17112,"3,21,182"
17113,"3,85,158"
17114,"4,3,19"
17115,"40,131,241"
17116,"23,38,24"
17117,"3,21,187"
17118,"0,265,490"
17119,"0,271,280"
17120,"23,26,89"
17121,"10,44,145"
17122,"40,160,315"
17123,"40,160,423"
17124,"10,220,221"
17125,"16,15,3"
17126,"169,199,281"
17127,"169,171,199"
17128,"74,23,118"
17129,"0,216,304"
17130,"23,24,345"
17131,"3,53,6"
17132,"23,38,39"
17133,"24,43,23"
17134,"23,24,43"
17135,"0,8,457"
17136,"0,265,266"
17137,"10,11,109"
17138,"0,271,355"
17139,"3,21,108"
17140,"3,104,30"
17141,"4,3,19"
17142,"23,26,89"
17143,"3,53,287"
17144,"40,131,132"
17145,"40,139,153"
17146,"3,21,17"
17147,"211,0,319"
17148,"3,375,4"
17149,"40,129,128"
17150,"220,242,10"
17151,"10,64,338"
17152,"3,21,17"
17153,"0,265,271"
17154,"3,13,150"
17155,"11,10,109"
17156,"10,24,43"
17157,"169,170,260"
17158,"0,216,218"
17159,"40,160,315"
17160,"145,40,402"
17161,"3,34,447"
17162,"0,8,285"
17163,"10,64,93"
17164,"11,109,10"
17165,"26,23,89"
17166,"3,111,4"
17167,"43,24,23"
17168,"3,17,168"
17169,"23,24,43"
17170,"4,3,19"
17171,"0,229,230"
17172,"49,23,24"
17173,"23,94,38"
17174,"326,23,105"
17175,"128,40,129"
17176,"64,10,80"
17177,"3,21,127"
17178,"10,199,323"
17179,"40,160,41"
17180,"40,152,151"
17181,"10,220,242"
17182,"24,44,145"
17183,"169,199,281"
17184,"10,64,80"
17185,"169,199,170"
17186,"3,168,100"
17187,"0,8,271"
17188,"40,135,244"
17189,"339,169,337"
17190,"10,11,205"
17191,"135,40,138"
17192,"235,0,380"
17193,"23,74,84"
17194,"220,10,242"
17195,"169,199,356"
17196,"74,23,118"
17197,"10,11,109"
17198,"3,21,187"
17199,"0,208,249"
17200,"145,44,45"
17201,"3,147,148"
17202,"169,199,281"
17203,"10,220,221"
17204,"0,8,308"
17205,"10,11,12"
17206,"0,271,424"
17207,"169,170,199"
17208,"3,147,148"
17209,"40,135,139"
17210,"3,13,401"
17211,"26,23,89"
17212,"169,248,199"
17213,"220,10,242"
17214,"54,10,95"
17215,"23,74,118"
17216,"131,40,406"
17217,"8,0,206"
17218,"3,21,147"
17219,"4,3,19"
17220,"23,454,24"
17221,"21,3,126"
17222,"10,11,109"
17223,"3,34,187"
17224,"3,17,168"
17225,"3,21,108"
17226,"25,23,24"
17227,"10,64,80"
17228,"23,31,74"
17229,"3,21,127"
17230,"10,43,64"
17231,"23,106,105"
17232,"23,38,26"
17233,"3,13,111"
17234,"160,40,334"
17235,"3,147,148"
17236,"3,21,22"
17237,"169,0,199"
17238,"23,118,74"
17239,"64,10,448"
17240,"3,5,228"
17241,"3,21,126"
17242,"169,426,170"
17243,"4,3,238"
17244,"23,43,24"
17245,"220,10,242"
17246,"10,60,54"
17247,"54,10,55"
17248,"3,21,187"
17249,"3,21,330"
17250,"10,54,173"
17251,"10,64,3"
17252,"40,41,224"
17253,"23,24,38"
17254,"23,26,89"
17255,"74,303,23"
17256,"139,40,153"
17257,"23,74,38"
17258,"23,26,89"
17259,"3,53,21"
17260,"170,169,260"
17261,"40,139,100"
17262,"10,54,95"
17263,"21,3,164"
17264,"23,105,54"
17265,"26,23,350"
17266,"10,93,64"
17267,"169,171,199"
17268,"0,216,257"
17269,"40,41,324"
17270,"4,19,3"
17271,"10,64,60"
17272,"169,199,281"
17273,"3,21,48"
17274,"40,145,3"
17275,"231,26,10"
17276,"23,38,26"
17277,"8,0,405"
17278,"169,170,417"
17279,"169,296,411"
17280,"3,147,148"
17281,"23,74,303"
17282,"23,26,231"
17283,"3,147,148"
17284,"0,271,363"
17285,"8,26,0"
17286,"0,8,206"
17287,"44,45,145"
17288,"3,30,66"
17289,"40,41,324"
17290,"199,169,343"
17291,"3,21,108"
17292,"3,21,115"
17293,"220,10,242"
17294,"3,147,148"
17295,"3,111,21"
17296,"220,10,242"
17297,"170,169,260"
17298,"0,265,266"
17299,"10,11,205"
17300,"74,23,303"
17301,"23,38,74"
17302,"169,21,3"
17303,"337,339,169"
17304,"337,169,339"
17305,"10,64,90"
17306,"34,3,263"
17307,"23,309,38"
17308,"40,160,149"
17309,"169,199,281"
17310,"17,3,168"
17311,"3,66,30"
17312,"220,10,242"
17313,"3,16,15"
17314,"4,19,3"
17315,"40,23,118"
17316,"64,10,93"
17317,"23,105,326"
17318,"10,220,242"
17319,"3,19,4"
17320,"3,147,148"
17321,"0,265,340"
17322,"3,34,21"
17323,"10,54,60"
17324,"3,21,311"
17325,"54,10,95"
17326,"3,21,127"
17327,"3,5,228"
17328,"40,160,41"
17329,"0,271,522"
17330,"23,31,24"
17331,"23,74,118"
17332,"17,168,3"
17333,"24,23,25"
17334,"23,38,89"
17335,"220,10,242"
17336,"3,13,204"
17337,"10,64,338"
17338,"0,271,361"
17339,"10,64,448"
17340,"40,152,151"
17341,"74,23,165"
17342,"145,40,44"
17343,"23,24,454"
17344,"169,260,170"
17345,"23,49,10"
17346,"40,131,226"
17347,"26,89,23"
17348,"145,402,40"
17349,"24,23,44"
17350,"23,105,38"
17351,"3,147,203"
17352,"40,135,141"
17353,"23,74,38"
17354,"8,0,206"
17355,"0,271,456"
17356,"10,64,93"
17357,"10,64,93"
17358,"74,23,317"
17359,"23,40,303"
17360,"60,10,23"
17361,"23,24,49"
17362,"10,43,24"
17363,"0,216,257"
17364,"169,21,3"
17365,"3,30,66"
17366,"23,26,231"
17367,"40,184,243"
17368,"10,43,24"
17369,"40,128,129"
17370,"135,138,40"
17371,"10,220,242"
17372,"10,64,65"
17373,"23,26,89"
17374,"23,105,106"
17375,"10,220,242"
17376,"0,271,522"
17377,"40,152,151"
17378,"0,216,304"
17379,"131,40,406"
17380,"0,216,208"
17381,"0,505,188"
17382,"199,323,169"
17383,"74,23,303"
17384,"24,49,23"
17385,"40,3,13"
17386,"0,169,265"
17387,"220,10,221"
17388,"40,41,324"
17389,"3,53,15"
17390,"10,234,60"
17391,"40,160,247"
17392,"40,146,145"
17393,"220,242,10"
17394,"220,10,242"
17395,"199,169,323"
17396,"3,111,119"
17397,"3,53,467"
17398,"11,10,109"
17399,"40,131,142"
17400,"3,21,127"
17401,"40,41,224"
17402,"10,43,24"
17403,"23,105,106"
17404,"10,64,93"
17405,"26,23,231"
17406,"40,21,3"
17407,"26,23,231"
17408,"3,147,32"
17409,"64,10,93"
17410,"49,24,23"
17411,"21,3,48"
17412,"220,10,242"
17413,"23,24,43"
17414,"74,23,118"
17415,"40,139,153"
17416,"249,0,279"
17417,"8,0,308"
17418,"23,31,328"
17419,"4,238,3"
17420,"160,40,315"
17421,"10,60,239"
17422,"40,131,184"
17423,"10,64,65"
17424,"3,21,115"
17425,"64,10,80"
17426,"145,40,402"
17427,"23,43,24"
17428,"135,138,40"
17429,"23,24,43"
17430,"10,54,95"
17431,"0,8,249"
17432,"169,170,323"
17433,"23,32,31"
17434,"21,41,42"
17435,"3,21,187"
17436,"3,21,108"
17437,"169,199,323"
17438,"54,10,145"
17439,"169,170,199"
17440,"145,44,40"
17441,"0,271,366"
17442,"40,395,496"
17443,"3,30,66"
17444,"0,208,8"
17445,"111,3,267"
17446,"0,8,255"
17447,"3,21,108"
17448,"23,26,89"
17449,"3,4,70"
17450,"0,271,456"
17451,"23,74,118"
17452,"54,10,145"
17453,"169,199,281"
17454,"3,164,21"
17455,"89,26,23"
17456,"147,3,148"
17457,"0,271,456"
17458,"10,60,61"
17459,"0,24,23"
17460,"220,10,242"
17461,"128,40,129"
17462,"184,40,185"
17463,"220,10,221"
17464,"3,21,22"
17465,"169,199,281"
17466,"26,23,89"
17467,"3,4,435"
17468,"3,111,112"
17469,"23,26,38"
17470,"40,131,128"
17471,"73,44,145"
17472,"131,40,406"
17473,"64,10,80"
17474,"11,10,109"
17475,"74,118,107"
17476,"23,38,105"
17477,"169,199,170"
17478,"74,23,118"
17479,"10,220,242"
17480,"220,10,242"
17481,"21,3,108"
17482,"145,44,45"
17483,"220,10,221"
17484,"64,10,80"
17485,"220,10,242"
17486,"40,135,295"
17487,"74,23,63"
17488,"3,16,15"
17489,"0,271,214"
17490,"74,40,23"
17491,"3,60,53"
17492,"40,152,41"
17493,"4,3,19"
17494,"40,3,21"
17495,"169,199,170"
17496,"10,64,93"
17497,"23,74,303"
17498,"3,379,21"
17499,"40,21,41"
17500,"3,4,188"
17501,"40,41,324"
17502,"0,218,216"
17503,"10,64,93"
17504,"3,21,108"
17505,"271,0,291"
17506,"235,0,255"
17507,"23,0,89"
17508,"10,24,242"
17509,"3,13,204"
17510,"10,11,205"
17511,"23,184,368"
17512,"169,296,460"
17513,"10,64,442"
17514,"3,5,85"
17515,"40,152,151"
17516,"23,31,96"
17517,"3,21,22"
17518,"0,271,355"
17519,"23,105,106"
17520,"135,40,138"
17521,"3,21,53"
17522,"53,3,287"
17523,"40,145,402"
17524,"0,265,208"
17525,"145,40,44"
17526,"220,10,242"
17527,"4,3,238"
17528,"0,271,444"
17529,"40,131,406"
17530,"26,89,23"
17531,"10,169,199"
17532,"23,26,350"
17533,"0,265,340"
17534,"169,337,339"
17535,"23,24,345"
17536,"199,169,343"
17537,"0,8,285"
17538,"169,199,356"
17539,"0,265,208"
17540,"53,287,3"
17541,"147,3,148"
17542,"23,74,84"
17543,"16,15,3"
17544,"3,34,263"
17545,"169,296,417"
17546,"169,199,323"
17547,"3,21,13"
17548,"40,324,41"
17549,"10,11,205"
17550,"21,3,127"
17551,"169,199,281"
17552,"0,216,304"
17553,"169,199,281"
17554,"40,131,142"
17555,"147,3,148"
17556,"10,60,93"
17557,"249,0,279"
17558,"49,23,24"
17559,"208,0,369"
17560,"89,26,0"
17561,"10,11,173"
17562,"23,31,96"
17563,"3,21,190"
17564,"8,0,206"
17565,"3,21,108"
17566,"10,64,448"
17567,"3,21,127"
17568,"0,249,208"
17569,"0,271,265"
17570,"3,21,48"
17571,"4,3,183"
17572,"3,30,21"
17573,"40,152,151"
17574,"3,21,147"
17575,"23,38,24"
17576,"21,3,108"
17577,"10,64,90"
17578,"23,49,24"
17579,"64,10,448"
17580,"40,128,129"
17581,"10,64,338"
17582,"26,23,350"
17583,"3,21,187"
17584,"169,199,426"
17585,"11,109,10"
17586,"4,3,19"
17587,"89,26,23"
17588,"24,23,49"
17589,"85,3,86"
17590,"10,64,93"
17591,"220,10,242"
17592,"169,199,281"
17593,"11,10,109"
17594,"199,169,281"
17595,"3,147,148"
17596,"3,21,126"
17597,"23,26,89"
17598,"40,128,129"
17599,"40,128,129"
17600,"3,5,21"
17601,"11,10,12"
17602,"3,28,330"
17603,"220,10,242"
17604,"220,10,242"
17605,"0,456,271"
17606,"23,40,74"
17607,"3,21,379"
17608,"0,218,475"
17609,"220,10,221"
17610,"16,15,3"
17611,"170,169,459"
17612,"3,4,238"
17613,"105,23,68"
17614,"3,339,337"
17615,"3,34,263"
17616,"23,32,31"
17617,"5,3,228"
17618,"23,74,38"
17619,"21,3,182"
17620,"3,66,30"
17621,"0,216,313"
17622,"23,74,303"
17623,"170,169,260"
17624,"169,170,199"
17625,"10,11,54"
17626,"0,8,285"
17627,"40,131,241"
17628,"220,10,221"
17629,"3,21,187"
17630,"23,74,38"
17631,"54,10,95"
17632,"10,220,221"
17633,"16,15,3"
17634,"8,0,206"
17635,"23,49,24"
17636,"3,21,187"
17637,"3,21,187"
17638,"10,43,24"
17639,"54,10,95"
17640,"23,24,59"
17641,"40,131,486"
17642,"10,64,448"
17643,"169,170,199"
17644,"3,34,237"
17645,"23,24,43"
17646,"10,11,109"
17647,"26,8,0"
17648,"40,131,406"
17649,"40,41,201"
17650,"3,111,21"
17651,"23,32,31"
17652,"3,21,108"
17653,"11,10,205"
17654,"287,53,3"
17655,"23,31,258"
17656,"170,21,169"
17657,"8,169,405"
17658,"131,406,40"
17659,"23,74,38"
17660,"0,271,355"
17661,"26,89,23"
17662,"23,43,24"
17663,"23,38,24"
17664,"3,21,170"
17665,"3,85,86"
17666,"21,3,126"
17667,"10,90,64"
17668,"11,10,109"
17669,"0,265,271"
17670,"3,21,379"
17671,"105,23,318"
17672,"169,170,343"
17673,"4,3,19"
17674,"220,10,242"
17675,"40,395,241"
17676,"220,10,221"
17677,"74,23,118"
17678,"23,38,74"
17679,"23,32,74"
17680,"220,10,242"
17681,"169,53,3"
17682,"3,15,4"
17683,"8,0,235"
17684,"23,38,249"
17685,"169,296,274"
17686,"3,16,15"
17687,"23,38,74"
17688,"10,64,93"
17689,"3,17,320"
17690,"3,21,34"
17691,"3,85,86"
17692,"23,38,26"
17693,"169,170,23"
17694,"0,265,349"
17695,"40,41,149"
17696,"323,10,60"
17697,"3,15,16"
17698,"26,23,89"
17699,"169,281,199"
17700,"10,44,54"
17701,"0,11,205"
17702,"169,199,323"
17703,"40,128,129"
17704,"169,199,248"
17705,"24,23,43"
17706,"3,53,17"
17707,"10,60,93"
17708,"235,0,8"
17709,"169,199,281"
17710,"40,41,286"
17711,"23,26,231"
17712,"184,40,185"
17713,"4,3,19"
17714,"23,74,303"
17715,"44,10,145"
17716,"17,168,3"
17717,"40,146,145"
17718,"169,343,199"
17719,"10,11,12"
17720,"54,145,95"
17721,"3,4,238"
17722,"3,148,147"
17723,"40,135,395"
17724,"169,3,287"
17725,"0,271,355"
17726,"17,40,139"
17727,"170,169,260"
17728,"10,54,55"
17729,"3,66,30"
17730,"10,43,60"
17731,"100,208,222"
17732,"23,309,38"
17733,"16,15,144"
17734,"3,4,210"
17735,"220,10,221"
17736,"21,124,3"
17737,"43,10,24"
17738,"10,220,221"
17739,"10,64,80"
17740,"169,323,199"
17741,"169,296,526"
17742,"3,66,30"
17743,"40,146,145"
17744,"4,19,3"
17745,"40,241,131"
17746,"40,128,195"
17747,"4,3,19"
17748,"10,64,448"
17749,"3,53,287"
17750,"23,71,38"
17751,"169,199,170"
17752,"220,242,10"
17753,"17,168,3"
17754,"169,296,526"
17755,"23,0,8"
17756,"64,10,93"
17757,"169,170,199"
17758,"10,24,23"
17759,"10,64,23"
17760,"3,168,17"
17761,"23,24,71"
17762,"23,26,89"
17763,"43,23,24"
17764,"23,26,0"
17765,"131,40,134"
17766,"0,271,456"
17767,"3,28,66"
17768,"23,38,91"
17769,"3,21,154"
17770,"23,38,128"
17771,"3,21,124"
17772,"40,41,324"
17773,"40,100,128"
17774,"3,15,16"
17775,"85,3,158"
17776,"0,456,271"
17777,"169,296,460"
17778,"0,211,216"
17779,"220,242,10"
17780,"0,271,216"
17781,"23,74,38"
17782,"0,271,291"
17783,"0,271,456"
17784,"10,220,221"
17785,"0,271,456"
17786,"3,21,126"
17787,"4,3,176"
17788,"10,64,65"
17789,"23,31,258"
17790,"23,24,25"
17791,"3,21,48"
17792,"40,41,324"
17793,"220,221,10"
17794,"3,34,21"
17795,"40,131,406"
17796,"10,220,242"
17797,"21,3,301"
17798,"40,131,406"
17799,"64,10,80"
17800,"139,40,153"
17801,"17,3,168"
17802,"3,13,14"
17803,"169,170,199"
17804,"54,145,95"
17805,"40,145,170"
17806,"40,145,402"
17807,"3,21,127"
17808,"3,4,53"
17809,"3,111,267"
17810,"21,127,3"
17811,"10,54,95"
17812,"135,40,386"
17813,"23,71,38"
17814,"0,271,456"
17815,"23,31,74"
17816,"10,64,338"
17817,"40,41,135"
17818,"3,21,187"
17819,"169,170,459"
17820,"21,3,102"
17821,"145,402,10"
17822,"3,147,148"
17823,"0,380,216"
17824,"40,162,163"
17825,"40,494,184"
17826,"199,169,323"
17827,"10,64,93"
17828,"0,216,255"
17829,"74,23,303"
17830,"160,40,315"
17831,"3,21,115"
17832,"3,17,51"
17833,"0,8,26"
17834,"10,64,93"
17835,"54,95,10"
17836,"43,24,10"
17837,"10,145,95"
17838,"10,64,93"
17839,"8,0,308"
17840,"10,64,54"
17841,"26,23,231"
17842,"0,271,265"
17843,"10,64,338"
17844,"11,109,10"
17845,"10,11,109"
17846,"8,0,206"
17847,"16,15,3"
17848,"10,234,60"
17849,"4,19,3"
17850,"40,224,41"
17851,"128,129,195"
17852,"4,3,19"
17853,"40,128,131"
17854,"26,89,23"
17855,"0,8,271"
17856,"220,10,242"
17857,"40,41,139"
17858,"8,0,206"
17859,"169,199,281"
17860,"44,23,24"
17861,"10,11,44"
17862,"3,53,287"
17863,"10,90,64"
17864,"3,17,85"
17865,"10,64,448"
17866,"10,234,11"
17867,"3,4,111"
17868,"10,234,60"
17869,"48,3,21"
17870,"40,41,224"
17871,"169,311,426"
17872,"199,169,343"
17873,"10,220,11"
17874,"17,168,3"
17875,"220,10,221"
17876,"74,23,118"
17877,"40,160,41"
17878,"64,10,338"
17879,"128,40,195"
17880,"40,41,215"
17881,"0,249,216"
17882,"10,60,23"
17883,"0,456,429"
17884,"26,231,23"
17885,"0,8,308"
17886,"21,3,108"
17887,"23,105,318"
17888,"128,40,129"
17889,"265,0,266"
17890,"21,3,124"
17891,"3,21,182"
17892,"23,24,49"
17893,"40,128,129"
17894,"169,170,199"
17895,"40,395,41"
17896,"23,24,10"
17897,"169,199,3"
17898,"3,66,30"
17899,"169,199,281"
17900,"23,74,84"
17901,"3,4,183"
17902,"23,74,303"
17903,"13,3,14"
17904,"169,199,281"
17905,"0,271,355"
17906,"10,11,12"
17907,"10,54,220"
17908,"21,3,40"
17909,"3,190,21"
17910,"3,325,287"
17911,"23,74,303"
17912,"10,54,95"
17913,"43,23,24"
17914,"147,3,148"
17915,"145,44,40"
17916,"10,23,60"
17917,"10,64,65"
17918,"170,459,169"
17919,"0,2,277"
17920,"0,271,339"
17921,"40,131,395"
17922,"4,375,3"
17923,"147,3,148"
17924,"26,23,89"
17925,"235,8,0"
17926,"23,26,89"
17927,"40,131,406"
17928,"169,199,170"
17929,"23,26,350"
17930,"0,8,285"
17931,"169,170,459"
17932,"0,214,213"
17933,"131,40,226"
17934,"36,35,3"
17935,"3,21,108"
17936,"3,34,263"
17937,"3,85,86"
17938,"169,199,281"
17939,"8,0,206"
17940,"145,40,44"
17941,"64,10,93"
17942,"0,271,342"
17943,"24,23,59"
17944,"23,26,89"
17945,"23,24,309"
17946,"3,401,147"
17947,"40,23,160"
17948,"23,38,309"
17949,"40,41,224"
17950,"3,111,119"
17951,"23,74,31"
17952,"10,23,64"
17953,"3,115,21"
17954,"8,206,0"
17955,"40,160,41"
17956,"169,296,274"
17957,"10,90,64"
17958,"160,40,169"
17959,"0,271,255"
17960,"3,21,17"
17961,"10,11,12"
17962,"4,3,238"
17963,"23,74,165"
17964,"10,220,221"
17965,"23,74,24"
17966,"45,44,24"
17967,"41,40,42"
17968,"14,13,3"
17969,"0,216,357"
17970,"23,74,118"
17971,"169,199,170"
17972,"3,158,85"
17973,"3,17,168"
17974,"23,74,303"
17975,"206,0,8"
17976,"3,34,104"
17977,"40,162,395"
17978,"10,60,239"
17979,"0,8,208"
17980,"199,169,323"
17981,"3,147,148"
17982,"40,41,152"
17983,"40,128,129"
17984,"40,145,402"
17985,"10,54,242"
17986,"3,85,111"
17987,"23,24,43"
17988,"169,199,356"
17989,"23,105,318"
17990,"3,34,447"
17991,"4,3,19"
17992,"3,13,14"
17993,"28,113,3"
17994,"40,184,23"
17995,"10,11,205"
17996,"40,131,406"
17997,"21,126,3"
17998,"105,23,54"
17999,"169,199,0"
18000,"10,60,234"
18001,"10,23,60"
18002,"23,26,89"
18003,"220,10,242"
18004,"220,10,242"
18005,"40,145,326"
18006,"44,23,145"
18007,"0,13,14"
18008,"0,265,349"
18009,"3,28,190"
18010,"40,41,286"
18011,"21,3,108"
18012,"23,32,31"
18013,"169,296,428"
18014,"169,199,281"
18015,"169,199,171"
18016,"10,11,12"
18017,"0,271,265"
18018,"128,40,195"
18019,"64,10,338"
18020,"74,23,303"
18021,"220,10,242"
18022,"23,106,131"
18023,"74,23,118"
18024,"23,24,44"
18025,"3,147,148"
18026,"0,255,463"
18027,"40,131,142"
18028,"23,38,74"
18029,"3,21,48"
18030,"235,8,0"
18031,"3,21,40"
18032,"11,10,109"
18033,"23,309,38"
18034,"220,10,242"
18035,"3,21,182"
18036,"169,170,459"
18037,"169,296,306"
18038,"169,170,199"
18039,"43,24,23"
18040,"10,11,109"
18041,"23,31,258"
18042,"128,40,195"
18043,"3,111,119"
18044,"160,40,315"
18045,"15,16,144"
18046,"40,146,145"
18047,"64,10,65"
18048,"3,5,228"
18049,"3,111,28"
18050,"74,23,317"
18051,"3,145,115"
18052,"40,146,145"
18053,"23,32,31"
18054,"17,168,3"
18055,"40,145,54"
18056,"3,21,13"
18057,"184,185,40"
18058,"199,323,169"
18059,"3,21,17"
18060,"131,40,406"
18061,"40,162,160"
18062,"40,368,131"
18063,"11,10,205"
18064,"4,3,7"
18065,"10,220,221"
18066,"3,53,100"
18067,"145,40,44"
18068,"40,41,3"
18069,"23,231,26"
18070,"23,74,84"
18071,"10,60,24"
18072,"3,147,148"
18073,"40,184,185"
18074,"3,111,119"
18075,"10,64,93"
18076,"11,10,109"
18077,"40,131,159"
18078,"169,296,411"
18079,"3,5,228"
18080,"3,21,53"
18081,"23,74,303"
18082,"11,10,14"
18083,"10,64,65"
18084,"463,462,255"
18085,"3,21,85"
18086,"3,4,238"
18087,"145,3,115"
18088,"3,5,228"
18089,"40,160,152"
18090,"10,64,93"
18091,"23,32,31"
18092,"170,169,260"
18093,"23,24,44"
18094,"3,4,183"
18095,"10,64,65"
18096,"169,23,170"
18097,"10,64,338"
18098,"64,10,338"
18099,"8,0,206"
18100,"10,64,26"
18101,"40,139,131"
18102,"3,4,238"
18103,"0,10,220"
18104,"23,24,38"
18105,"23,26,231"
18106,"40,160,423"
18107,"23,74,32"
18108,"131,40,406"
18109,"10,11,109"
18110,"40,131,406"
18111,"40,44,145"
18112,"3,21,108"
18113,"3,5,228"
18114,"3,85,86"
18115,"111,3,123"
18116,"3,112,111"
18117,"3,85,21"
18118,"3,34,263"
18119,"3,21,127"
18120,"3,21,182"
18121,"10,64,93"
18122,"43,23,10"
18123,"134,131,169"
18124,"3,21,147"
18125,"10,220,221"
18126,"4,3,435"
18127,"145,44,45"
18128,"0,271,216"
18129,"43,23,24"
18130,"235,0,255"
18131,"16,15,3"
18132,"220,10,242"
18133,"3,5,228"
18134,"0,255,348"
18135,"3,111,267"
18136,"0,216,254"
18137,"24,49,23"
18138,"13,3,14"
18139,"64,10,80"
18140,"23,105,38"
18141,"271,0,456"
18142,"10,64,448"
18143,"131,40,406"
18144,"4,3,19"
18145,"220,10,242"
18146,"23,24,10"
18147,"3,85,21"
18148,"40,131,184"
18149,"4,3,238"
18150,"169,170,199"
18151,"24,23,43"
18152,"145,40,44"
18153,"10,64,338"
18154,"44,24,23"
18155,"10,205,11"
18156,"40,160,41"
18157,"135,40,236"
18158,"303,23,74"
18159,"4,3,19"
18160,"3,21,108"
18161,"48,3,21"
18162,"17,3,168"
18163,"89,23,26"
18164,"64,10,448"
18165,"26,23,350"
18166,"21,3,108"
18167,"11,109,73"
18168,"145,40,44"
18169,"3,34,263"
18170,"23,106,105"
18171,"3,21,48"
18172,"64,10,93"
18173,"23,24,49"
18174,"3,21,108"
18175,"169,170,171"
18176,"3,30,66"
18177,"23,74,40"
18178,"0,271,456"
18179,"3,287,53"
18180,"10,220,221"
18181,"3,111,284"
18182,"3,53,111"
18183,"3,34,263"
18184,"10,64,93"
18185,"3,16,15"
18186,"3,5,228"
18187,"10,60,61"
18188,"145,40,54"
18189,"64,10,93"
18190,"23,74,40"
18191,"0,271,280"
18192,"13,14,3"
18193,"3,34,53"
18194,"131,40,406"
18195,"41,224,40"
18196,"74,23,118"
18197,"10,60,64"
18198,"40,128,129"
18199,"23,26,89"
18200,"38,23,0"
18201,"64,10,170"
18202,"44,145,45"
18203,"26,23,0"
18204,"54,10,40"
18205,"3,21,127"
18206,"23,26,350"
18207,"0,271,429"
18208,"44,145,40"
18209,"23,43,24"
18210,"3,111,85"
18211,"5,3,228"
18212,"23,74,118"
18213,"48,40,21"
18214,"131,40,406"
18215,"10,60,61"
18216,"16,15,3"
18217,"3,53,467"
18218,"3,21,127"
18219,"3,13,204"
18220,"40,128,129"
18221,"0,271,456"
18222,"3,17,320"
18223,"3,28,190"
18224,"26,89,23"
18225,"169,296,306"
18226,"169,199,281"
18227,"23,402,31"
18228,"64,10,448"
18229,"131,40,226"
18230,"23,24,105"
18231,"3,21,108"
18232,"8,206,0"
18233,"23,84,74"
18234,"5,3,228"
18235,"3,17,21"
18236,"3,16,15"
18237,"0,271,291"
18238,"0,271,279"
18239,"23,74,40"
18240,"21,3,187"
18241,"26,89,199"
18242,"23,24,59"
18243,"3,147,148"
18244,"3,48,21"
18245,"3,147,21"
18246,"23,38,309"
18247,"13,204,3"
18248,"169,170,271"
18249,"23,31,304"
18250,"0,216,211"
18251,"170,459,169"
18252,"220,10,242"
18253,"3,21,187"
18254,"10,448,64"
18255,"40,41,42"
18256,"3,21,187"
18257,"3,4,238"
18258,"10,220,221"
18259,"23,74,165"
18260,"23,38,137"
18261,"3,4,51"
18262,"169,170,199"
18263,"11,10,109"
18264,"10,54,402"
18265,"23,26,350"
18266,"0,271,456"
18267,"0,169,170"
18268,"11,10,205"
18269,"10,54,220"
18270,"3,34,152"
18271,"17,3,168"
18272,"53,287,3"
18273,"40,128,129"
18274,"3,379,17"
18275,"40,131,159"
18276,"169,131,134"
18277,"304,216,0"
18278,"0,271,2"
18279,"23,38,91"
18280,"131,40,406"
18281,"40,145,44"
18282,"40,41,42"
18283,"3,85,56"
18284,"3,4,111"
18285,"0,271,277"
18286,"3,53,147"
18287,"23,74,165"
18288,"21,3,127"
18289,"10,54,442"
18290,"40,23,24"
18291,"10,64,93"
18292,"24,23,43"
18293,"3,147,148"
18294,"3,147,148"
18295,"3,85,21"
18296,"3,292,53"
18297,"128,40,129"
18298,"0,271,291"
18299,"10,60,239"
18300,"131,406,40"
18301,"21,40,41"
18302,"23,26,89"
18303,"23,74,38"
18304,"21,3,126"
18305,"3,21,4"
18306,"0,271,456"
18307,"0,8,410"
18308,"0,26,89"
18309,"26,23,350"
18310,"169,339,337"
18311,"169,170,199"
18312,"10,220,221"
18313,"8,0,308"
18314,"0,216,304"
18315,"3,70,143"
18316,"26,231,8"
18317,"131,23,241"
18318,"10,64,90"
18319,"131,171,169"
18320,"3,34,263"
18321,"24,23,43"
18322,"43,23,24"
18323,"169,199,343"
18324,"64,10,80"
18325,"3,21,34"
18326,"26,23,0"
18327,"10,64,448"
18328,"131,406,169"
18329,"3,28,190"
18330,"44,45,145"
18331,"169,170,199"
18332,"3,66,28"
18333,"40,145,44"
18334,"3,147,21"
18335,"40,128,129"
18336,"10,24,242"
18337,"40,41,152"
18338,"10,419,11"
18339,"40,145,146"
18340,"3,66,148"
18341,"3,85,86"
18342,"40,162,128"
18343,"220,10,242"
18344,"3,21,127"
18345,"10,64,80"
18346,"40,139,153"
18347,"10,64,93"
18348,"21,3,108"
18349,"169,170,199"
18350,"382,169,199"
18351,"169,199,343"
18352,"40,160,41"
18353,"128,40,129"
18354,"23,40,139"
18355,"10,64,93"
18356,"10,220,169"
18357,"3,16,15"
18358,"169,199,170"
18359,"40,41,42"
18360,"40,139,153"
18361,"3,4,435"
18362,"3,21,108"
18363,"10,64,93"
18364,"147,3,148"
18365,"23,24,11"
18366,"3,17,320"
18367,"3,23,21"
18368,"0,271,280"
18369,"40,160,41"
18370,"0,8,206"
18371,"23,74,118"
18372,"3,28,190"
18373,"169,199,343"
18374,"3,28,190"
18375,"23,38,74"
18376,"10,221,220"
18377,"40,131,226"
18378,"0,8,410"
18379,"4,3,19"
18380,"28,3,190"
18381,"10,64,93"
18382,"3,21,187"
18383,"23,26,231"
18384,"3,147,148"
18385,"131,40,226"
18386,"169,274,199"
18387,"54,10,95"
18388,"3,187,21"
18389,"0,380,216"
18390,"456,0,271"
18391,"40,41,324"
18392,"8,0,308"
18393,"4,3,375"
18394,"0,265,8"
18395,"26,231,23"
18396,"8,0,206"
18397,"17,320,3"
18398,"131,40,406"
18399,"199,169,281"
18400,"169,199,356"
18401,"3,17,320"
18402,"40,21,127"
18403,"220,10,242"
18404,"23,26,89"
18405,"64,10,448"
18406,"3,5,228"
18407,"0,26,89"
18408,"48,21,3"
18409,"3,30,21"
18410,"135,138,40"
18411,"11,24,109"
18412,"23,60,61"
18413,"21,3,169"
18414,"145,44,45"
18415,"3,21,108"
18416,"64,10,473"
18417,"3,21,187"
18418,"3,30,66"
18419,"271,0,456"
18420,"40,160,423"
18421,"169,170,199"
18422,"3,34,21"
18423,"0,216,254"
18424,"40,162,163"
18425,"169,199,248"
18426,"40,128,129"
18427,"3,21,66"
18428,"26,23,89"
18429,"23,74,303"
18430,"23,131,406"
18431,"74,23,60"
18432,"3,21,379"
18433,"40,41,139"
18434,"3,21,127"
18435,"10,43,24"
18436,"40,139,41"
18437,"26,231,23"
18438,"23,74,165"
18439,"3,147,148"
18440,"40,139,131"
18441,"169,199,281"
18442,"4,3,183"
18443,"3,182,21"
18444,"145,40,44"
18445,"10,64,338"
18446,"3,34,263"
18447,"40,41,215"
18448,"54,10,322"
18449,"4,3,238"
18450,"0,211,319"
18451,"23,105,326"
18452,"131,40,226"
18453,"23,74,38"
18454,"0,456,271"
18455,"271,0,456"
18456,"40,131,142"
18457,"3,111,267"
18458,"0,271,456"
18459,"10,64,93"
18460,"8,0,206"
18461,"23,74,303"
18462,"23,74,303"
18463,"3,238,4"
18464,"26,23,89"
18465,"0,216,211"
18466,"3,53,68"
18467,"10,11,109"
18468,"3,4,435"
18469,"11,10,109"
18470,"199,169,10"
18471,"111,3,123"
18472,"337,0,339"
18473,"53,3,0"
18474,"4,3,183"
18475,"26,23,89"
18476,"169,199,281"
18477,"40,160,128"
18478,"3,15,16"
18479,"147,3,156"
18480,"40,139,153"
18481,"64,10,80"
18482,"23,31,77"
18483,"160,40,315"
18484,"3,13,53"
18485,"48,21,23"
18486,"4,3,238"
18487,"23,74,118"
18488,"10,64,65"
18489,"3,34,187"
18490,"44,45,145"
18491,"10,54,322"
18492,"24,23,43"
18493,"10,64,93"
18494,"4,19,3"
18495,"0,271,363"
18496,"40,41,139"
18497,"169,248,199"
18498,"135,40,138"
18499,"145,44,40"
18500,"3,4,435"
18501,"40,160,199"
18502,"169,296,300"
18503,"10,64,80"
18504,"64,10,80"
18505,"23,71,38"
18506,"11,24,23"
18507,"135,40,138"
18508,"45,44,11"
18509,"131,40,23"
18510,"40,131,406"
18511,"10,64,93"
18512,"0,313,346"
18513,"3,34,263"
18514,"3,5,228"
18515,"10,220,242"
18516,"10,64,65"
18517,"23,38,24"
18518,"17,168,3"
18519,"8,0,23"
18520,"135,40,244"
18521,"0,8,391"
18522,"23,26,89"
18523,"54,10,145"
18524,"24,23,59"
18525,"10,23,49"
18526,"10,60,61"
18527,"24,23,25"
18528,"40,41,224"
18529,"40,41,324"
18530,"40,145,146"
18531,"11,23,24"
18532,"3,112,125"
18533,"128,40,129"
18534,"0,216,249"
18535,"3,147,148"
18536,"40,21,42"
18537,"34,3,263"
18538,"23,74,84"
18539,"40,162,163"
18540,"128,129,40"
18541,"4,3,238"
18542,"169,199,170"
18543,"0,271,366"
18544,"23,24,49"
18545,"0,271,456"
18546,"0,304,216"
18547,"40,139,155"
18548,"3,145,40"
18549,"0,218,512"
18550,"0,265,208"
18551,"23,105,326"
18552,"54,10,145"
18553,"40,102,139"
18554,"16,15,3"
18555,"16,15,3"
18556,"23,26,350"
18557,"23,26,89"
18558,"169,199,323"
18559,"10,11,205"
18560,"23,74,137"
18561,"44,45,145"
18562,"3,147,148"
18563,"23,0,31"
18564,"169,199,281"
18565,"40,128,129"
18566,"10,54,95"
18567,"23,328,31"
18568,"3,21,33"
18569,"26,23,89"
18570,"168,17,3"
18571,"21,3,115"
18572,"169,170,199"
18573,"4,3,238"
18574,"23,38,309"
18575,"147,3,148"
18576,"3,21,127"
18577,"220,10,242"
18578,"23,309,135"
18579,"105,23,40"
18580,"169,296,306"
18581,"138,135,40"
18582,"169,343,199"
18583,"23,105,74"
18584,"131,40,226"
18585,"64,10,169"
18586,"64,10,93"
18587,"169,199,356"
18588,"11,10,44"
18589,"10,54,322"
18590,"0,249,279"
18591,"23,24,345"
18592,"3,17,168"
18593,"13,14,204"
18594,"126,21,3"
18595,"3,111,472"
18596,"169,296,417"
18597,"3,379,21"
18598,"26,23,89"
18599,"169,8,274"
18600,"10,64,93"
18601,"3,53,21"
18602,"26,23,89"
18603,"131,40,226"
18604,"3,111,40"
18605,"40,160,152"
18606,"220,10,242"
18607,"199,169,323"
18608,"32,23,31"
18609,"3,21,15"
18610,"138,135,199"
18611,"74,23,303"
18612,"23,26,89"
18613,"40,160,41"
18614,"323,199,169"
18615,"0,271,1"
18616,"3,111,238"
18617,"10,11,12"
18618,"26,23,89"
18619,"0,206,8"
18620,"40,127,21"
18621,"0,255,462"
18622,"40,145,146"
18623,"10,220,242"
18624,"3,13,85"
18625,"10,11,60"
18626,"10,11,12"
18627,"40,135,141"
18628,"169,296,306"
18629,"23,24,26"
18630,"3,4,238"
18631,"3,86,85"
18632,"5,3,6"
18633,"3,53,99"
18634,"0,8,206"
18635,"3,111,275"
18636,"23,74,165"
18637,"10,220,221"
18638,"135,40,138"
18639,"220,10,221"
18640,"64,10,93"
18641,"3,28,21"
18642,"23,38,71"
18643,"90,64,10"
18644,"3,21,48"
18645,"23,38,74"
18646,"169,199,259"
18647,"3,21,53"
18648,"40,145,402"
18649,"23,24,59"
18650,"16,3,15"
18651,"3,158,85"
18652,"40,41,21"
18653,"23,105,106"
18654,"168,17,3"
18655,"40,41,224"
18656,"0,456,271"
18657,"0,456,271"
18658,"23,24,38"
18659,"3,21,187"
18660,"169,199,281"
18661,"8,0,206"
18662,"3,147,148"
18663,"40,131,406"
18664,"4,3,19"
18665,"145,40,44"
18666,"10,54,95"
18667,"10,64,93"
18668,"0,216,304"
18669,"40,160,315"
18670,"25,24,23"
18671,"0,265,8"
18672,"3,21,187"
18673,"128,40,195"
18674,"0,249,279"
18675,"23,326,105"
18676,"169,170,199"
18677,"3,53,287"
18678,"10,64,448"
18679,"0,216,218"
18680,"8,0,206"
18681,"40,184,128"
18682,"169,170,199"
18683,"145,402,40"
18684,"34,3,237"
18685,"23,24,49"
18686,"3,21,108"
18687,"40,131,241"
18688,"3,21,127"
18689,"23,49,24"
18690,"3,53,287"
18691,"23,105,106"
18692,"10,44,145"
18693,"10,60,61"
18694,"220,10,221"
18695,"3,40,143"
18696,"23,74,26"
18697,"23,31,454"
18698,"23,24,43"
18699,"44,11,45"
18700,"0,218,266"
18701,"169,199,281"
18702,"4,3,19"
18703,"26,89,23"
18704,"23,74,24"
18705,"169,170,436"
18706,"64,10,448"
18707,"40,41,42"
18708,"145,40,44"
18709,"10,54,95"
18710,"170,169,271"
18711,"10,64,93"
18712,"339,337,169"
18713,"169,251,337"
18714,"287,53,3"
18715,"3,148,147"
18716,"169,296,306"
18717,"3,287,53"
18718,"23,54,95"
18719,"3,21,267"
18720,"169,296,277"
18721,"40,145,146"
18722,"0,216,211"
18723,"24,23,10"
18724,"10,64,93"
18725,"26,23,231"
18726,"3,17,168"
18727,"169,199,248"
18728,"23,24,0"
18729,"40,152,151"
18730,"0,208,279"
18731,"23,74,38"
18732,"0,271,456"
18733,"131,40,142"
18734,"170,169,260"
18735,"3,29,28"
18736,"145,44,45"
18737,"10,220,242"
18738,"3,40,23"
18739,"169,339,337"
18740,"40,128,129"
18741,"147,3,148"
18742,"3,168,17"
18743,"313,0,346"
18744,"3,5,228"
18745,"40,131,226"
18746,"169,199,170"
18747,"3,23,30"
18748,"40,135,395"
18749,"199,169,374"
18750,"40,135,3"
18751,"3,21,147"
18752,"23,74,38"
18753,"40,131,406"
18754,"0,8,206"
18755,"131,40,406"
18756,"64,10,80"
18757,"3,17,21"
18758,"23,49,24"
18759,"0,265,349"
18760,"23,26,350"
18761,"23,24,43"
18762,"0,8,308"
18763,"3,21,187"
18764,"11,10,109"
18765,"23,105,318"
18766,"23,31,96"
18767,"26,89,23"
18768,"147,3,148"
18769,"3,334,40"
18770,"0,8,206"
18771,"3,53,287"
18772,"23,26,89"
18773,"40,131,406"
18774,"10,64,93"
18775,"5,3,57"
18776,"3,168,17"
18777,"40,131,241"
18778,"44,145,40"
18779,"3,21,126"
18780,"64,10,448"
18781,"43,24,10"
18782,"23,31,258"
18783,"169,199,170"
18784,"4,3,19"
18785,"31,40,402"
18786,"10,54,95"
18787,"0,271,361"
18788,"145,40,44"
18789,"10,64,448"
18790,"3,111,472"
18791,"10,64,90"
18792,"0,206,8"
18793,"3,21,53"
18794,"147,3,148"
18795,"199,169,382"
18796,"0,265,208"
18797,"169,170,508"
18798,"23,49,24"
18799,"10,43,54"
18800,"3,5,228"
18801,"10,323,169"
18802,"169,199,170"
18803,"0,271,456"
18804,"10,220,242"
18805,"147,203,3"
18806,"64,10,448"
18807,"23,26,74"
18808,"3,21,40"
18809,"220,10,242"
18810,"3,99,53"
18811,"3,21,41"
18812,"128,129,40"
18813,"26,23,350"
18814,"160,40,315"
18815,"8,0,206"
18816,"10,11,205"
18817,"145,44,40"
18818,"23,26,231"
18819,"10,60,23"
18820,"147,3,148"
18821,"23,38,91"
18822,"3,4,133"
18823,"23,54,145"
18824,"138,135,199"
18825,"199,323,169"
18826,"3,34,263"
18827,"10,64,169"
18828,"10,11,12"
18829,"0,8,405"
18830,"3,85,86"
18831,"199,169,323"
18832,"23,38,71"
18833,"3,30,219"
18834,"3,34,21"
18835,"10,145,54"
18836,"0,235,216"
18837,"170,260,169"
18838,"3,21,127"
18839,"10,64,80"
18840,"169,199,343"
18841,"23,26,89"
18842,"0,271,355"
18843,"21,3,127"
18844,"23,32,3"
18845,"40,185,184"
18846,"25,24,23"
18847,"40,152,160"
18848,"54,10,95"
18849,"23,38,39"
18850,"3,523,53"
18851,"3,21,379"
18852,"169,171,170"
18853,"3,4,238"
18854,"13,401,14"
18855,"0,271,456"
18856,"169,199,281"
18857,"23,24,49"
18858,"131,40,406"
18859,"21,127,33"
18860,"3,21,102"
18861,"0,265,218"
18862,"64,10,90"
18863,"10,54,55"
18864,"169,199,343"
18865,"169,199,3"
18866,"8,0,26"
18867,"10,54,95"
18868,"28,330,3"
18869,"4,3,19"
18870,"23,89,26"
18871,"23,24,44"
18872,"131,226,40"
18873,"0,313,346"
18874,"23,43,24"
18875,"3,30,66"
18876,"23,26,89"
18877,"169,170,199"
18878,"3,21,154"
18879,"16,15,3"
18880,"3,21,108"
18881,"3,111,284"
18882,"188,3,4"
18883,"10,239,60"
18884,"23,32,43"
18885,"220,10,242"
18886,"64,10,448"
18887,"3,21,34"
18888,"3,15,16"
18889,"206,8,0"
18890,"10,220,242"
18891,"43,10,24"
18892,"0,208,216"
18893,"3,21,187"
18894,"0,249,8"
18895,"21,3,48"
18896,"10,44,145"
18897,"44,145,45"
18898,"23,74,165"
18899,"26,89,23"
18900,"40,41,324"
18901,"337,111,0"
18902,"0,255,463"
18903,"64,10,80"
18904,"135,138,40"
18905,"10,64,448"
18906,"23,74,63"
18907,"145,44,40"
18908,"23,24,43"
18909,"23,74,118"
18910,"21,3,108"
18911,"10,11,205"
18912,"3,48,21"
18913,"40,241,184"
18914,"0,216,249"
18915,"0,216,304"
18916,"3,148,147"
18917,"10,11,205"
18918,"44,23,24"
18919,"17,168,3"
18920,"85,3,293"
18921,"10,23,64"
18922,"0,271,340"
18923,"220,10,242"
18924,"169,0,199"
18925,"3,17,168"
18926,"40,286,41"
18927,"169,199,248"
18928,"3,21,85"
18929,"145,40,402"
18930,"3,169,21"
18931,"23,74,38"
18932,"89,26,23"
18933,"23,105,106"
18934,"23,38,24"
18935,"40,146,145"
18936,"10,64,93"
18937,"0,271,363"
18938,"243,40,184"
18939,"10,64,442"
18940,"8,235,0"
18941,"0,89,26"
18942,"170,169,260"
18943,"40,3,139"
18944,"0,456,271"
18945,"10,11,109"
18946,"0,271,255"
18947,"40,41,286"
18948,"220,10,242"
18949,"3,34,263"
18950,"17,168,3"
18951,"220,10,221"
18952,"0,271,456"
18953,"0,265,349"
18954,"168,17,40"
18955,"4,3,19"
18956,"211,0,216"
18957,"8,0,235"
18958,"40,146,145"
18959,"11,10,205"
18960,"3,111,112"
18961,"10,64,43"
18962,"26,350,23"
18963,"23,38,74"
18964,"23,49,24"
18965,"0,456,271"
18966,"40,139,128"
18967,"3,170,21"
18968,"40,139,153"
18969,"10,11,109"
18970,"40,41,149"
18971,"17,3,168"
18972,"169,337,339"
18973,"3,287,169"
18974,"3,379,21"
18975,"3,4,183"
18976,"23,24,43"
18977,"26,23,231"
18978,"74,23,303"
18979,"71,23,38"
18980,"3,66,30"
18981,"13,3,11"
18982,"40,160,41"
18983,"10,11,205"
18984,"3,85,293"
18985,"40,131,134"
18986,"3,34,263"
18987,"10,64,448"
18988,"3,21,108"
18989,"64,10,80"
18990,"4,3,435"
18991,"3,168,100"
18992,"220,10,493"
18993,"3,68,182"
18994,"10,64,65"
18995,"17,168,3"
18996,"169,170,260"
18997,"3,169,281"
18998,"13,3,204"
18999,"10,44,145"
19000,"40,135,236"
19001,"168,17,3"
19002,"4,3,19"
19003,"3,21,154"
19004,"3,34,263"
19005,"0,313,346"
19006,"4,3,238"
19007,"199,169,248"
19008,"271,169,0"
19009,"3,17,379"
19010,"0,24,23"
19011,"40,41,160"
19012,"23,118,74"
19013,"131,40,406"
19014,"169,199,311"
19015,"3,21,127"
19016,"17,168,3"
19017,"3,36,35"
19018,"220,10,221"
19019,"0,271,216"
19020,"10,64,93"
19021,"3,53,292"
19022,"23,105,24"
19023,"10,220,242"
19024,"4,19,3"
19025,"40,131,406"
19026,"3,147,148"
19027,"53,3,467"
19028,"4,3,435"
19029,"23,38,74"
19030,"40,152,41"
19031,"24,10,43"
19032,"40,152,160"
19033,"3,5,228"
19034,"64,10,448"
19035,"0,265,218"
19036,"3,21,474"
19037,"128,129,40"
19038,"23,26,231"
19039,"40,128,131"
19040,"3,153,139"
19041,"3,13,204"
19042,"44,145,10"
19043,"11,109,10"
19044,"3,21,48"
19045,"3,53,467"
19046,"0,265,271"
19047,"3,4,30"
19048,"26,23,89"
19049,"0,271,456"
19050,"152,184,151"
19051,"10,64,93"
19052,"255,0,463"
19053,"0,8,456"
19054,"10,220,221"
19055,"0,213,255"
19056,"53,3,0"
19057,"169,199,343"
19058,"10,419,60"
19059,"40,146,145"
19060,"3,16,17"
19061,"10,64,72"
19062,"3,21,187"
19063,"199,169,343"
19064,"17,320,168"
19065,"5,3,228"
19066,"3,147,156"
19067,"0,271,522"
19068,"17,3,168"
19069,"3,34,143"
19070,"3,238,4"
19071,"3,21,182"
19072,"3,21,33"
19073,"3,21,108"
19074,"147,3,148"
19075,"23,24,105"
19076,"8,169,405"
19077,"4,3,238"
19078,"11,10,109"
19079,"145,40,44"
19080,"0,8,308"
19081,"3,53,325"
19082,"10,93,64"
19083,"170,169,337"
19084,"3,127,53"
19085,"26,23,89"
19086,"145,10,44"
19087,"23,32,31"
19088,"155,248,40"
19089,"0,26,313"
19090,"17,3,168"
19091,"23,24,25"
19092,"3,4,28"
19093,"64,10,23"
19094,"0,271,277"
19095,"40,128,175"
19096,"32,31,23"
19097,"25,23,24"
19098,"220,242,10"
19099,"323,199,10"
19100,"23,74,118"
19101,"128,40,129"
19102,"3,30,66"
19103,"40,41,139"
19104,"40,3,467"
19105,"0,271,2"
19106,"3,17,168"
19107,"3,21,311"
19108,"306,169,23"
19109,"10,64,90"
19110,"3,68,182"
19111,"24,95,54"
19112,"64,10,448"
19113,"3,21,85"
19114,"64,10,169"
19115,"105,23,326"
19116,"0,271,355"
19117,"10,55,54"
19118,"40,160,41"
19119,"3,4,238"
19120,"54,10,95"
19121,"3,85,17"
19122,"24,23,59"
19123,"0,249,279"
19124,"3,147,148"
19125,"23,24,49"
19126,"3,147,148"
19127,"3,53,10"
19128,"23,74,165"
19129,"24,23,10"
19130,"3,48,21"
19131,"0,271,456"
19132,"3,147,148"
19133,"169,171,170"
19134,"0,218,512"
19135,"160,40,315"
19136,"0,214,213"
19137,"40,131,406"
19138,"40,131,142"
19139,"10,11,12"
19140,"0,216,254"
19141,"23,38,63"
19142,"169,199,281"
19143,"156,3,147"
19144,"216,380,169"
19145,"74,23,118"
19146,"128,129,40"
19147,"8,0,235"
19148,"3,147,21"
19149,"10,64,338"
19150,"0,271,456"
19151,"3,4,19"
19152,"169,199,281"
19153,"3,168,17"
19154,"23,0,24"
19155,"0,456,271"
19156,"23,40,105"
19157,"11,10,509"
19158,"64,10,80"
19159,"10,54,95"
19160,"23,38,74"
19161,"10,64,448"
19162,"0,206,8"
19163,"23,105,318"
19164,"234,10,60"
19165,"169,199,170"
19166,"64,10,338"
19167,"145,44,40"
19168,"0,393,321"
19169,"3,147,148"
19170,"24,49,44"
19171,"3,48,21"
19172,"23,74,24"
19173,"23,38,39"
19174,"17,168,3"
19175,"64,10,93"
19176,"40,145,478"
19177,"10,72,61"
19178,"40,131,406"
19179,"23,89,26"
19180,"220,221,10"
19181,"0,265,340"
19182,"3,13,158"
19183,"313,0,346"
19184,"23,74,38"
19185,"8,0,206"
19186,"0,255,348"
19187,"23,74,160"
19188,"13,3,150"
19189,"220,10,242"
19190,"3,330,28"
19191,"10,220,23"
19192,"146,169,145"
19193,"10,239,60"
19194,"10,90,64"
19195,"406,131,23"
19196,"0,346,313"
19197,"0,249,89"
19198,"3,147,21"
19199,"287,105,53"
19200,"147,3,148"
19201,"3,17,168"
19202,"0,271,456"
19203,"0,208,100"
19204,"3,34,21"
19205,"23,24,38"
19206,"23,24,59"
19207,"199,169,356"
19208,"23,26,89"
19209,"3,21,22"
19210,"23,40,162"
19211,"3,238,4"
19212,"169,281,356"
19213,"74,23,165"
19214,"23,32,31"
19215,"3,111,53"
19216,"10,220,221"
19217,"3,147,148"
19218,"10,54,44"
19219,"220,10,221"
19220,"26,89,23"
19221,"23,3,96"
19222,"3,21,108"
19223,"74,23,118"
19224,"0,206,8"
19225,"10,220,221"
19226,"64,10,80"
19227,"170,169,260"
19228,"23,71,38"
19229,"10,54,239"
19230,"3,146,115"
19231,"23,105,318"
19232,"3,21,127"
19233,"40,41,128"
19234,"23,24,62"
19235,"131,406,40"
19236,"169,199,170"
19237,"169,199,281"
19238,"23,38,74"
19239,"10,60,239"
19240,"220,10,242"
19241,"23,49,24"
19242,"0,249,279"
19243,"169,170,459"
19244,"40,241,131"
19245,"23,71,38"
19246,"0,271,214"
19247,"0,271,280"
19248,"169,296,411"
19249,"3,34,111"
19250,"23,74,303"
19251,"10,64,448"
19252,"10,54,95"
19253,"40,131,134"
19254,"3,16,15"
19255,"23,145,44"
19256,"40,160,152"
19257,"3,111,53"
19258,"10,64,93"
19259,"40,128,129"
19260,"3,34,46"
19261,"3,21,187"
19262,"0,271,456"
19263,"10,93,64"
19264,"40,128,131"
19265,"21,3,102"
19266,"3,53,292"
19267,"3,21,127"
19268,"23,105,74"
19269,"38,23,103"
19270,"10,64,65"
19271,"3,287,53"
19272,"3,21,33"
19273,"44,24,45"
19274,"3,21,30"
19275,"139,40,153"
19276,"23,74,24"
19277,"3,32,30"
19278,"169,199,134"
19279,"8,0,206"
19280,"23,137,38"
19281,"40,162,163"
19282,"3,21,187"
19283,"54,10,322"
19284,"3,4,30"
19285,"3,66,30"
19286,"10,64,448"
19287,"3,66,30"
19288,"3,85,86"
19289,"0,271,291"
19290,"176,3,4"
19291,"0,216,211"
19292,"145,40,402"
19293,"169,170,296"
19294,"40,131,142"
19295,"160,40,315"
19296,"21,3,108"
19297,"0,271,456"
19298,"25,145,44"
19299,"169,199,311"
19300,"23,74,165"
19301,"21,3,108"
19302,"40,135,21"
19303,"30,23,66"
19304,"10,64,93"
19305,"40,131,142"
19306,"44,145,40"
19307,"23,38,309"
19308,"24,23,25"
19309,"145,40,44"
19310,"3,330,28"
19311,"10,64,93"
19312,"74,23,94"
19313,"0,8,313"
19314,"54,95,10"
19315,"0,380,216"
19316,"0,271,456"
19317,"24,11,59"
19318,"23,31,96"
19319,"0,271,280"
19320,"3,147,148"
19321,"40,41,201"
19322,"220,10,242"
19323,"131,169,406"
19324,"40,145,64"
19325,"21,218,0"
19326,"169,170,171"
19327,"26,89,23"
19328,"10,54,95"
19329,"3,30,66"
19330,"17,3,168"
19331,"10,54,11"
19332,"339,337,169"
19333,"220,10,242"
19334,"0,313,346"
19335,"40,152,151"
19336,"40,41,42"
19337,"3,21,5"
19338,"375,4,3"
19339,"169,170,199"
19340,"170,10,169"
19341,"337,339,111"
19342,"40,286,41"
19343,"8,0,206"
19344,"3,48,30"
19345,"23,71,38"
19346,"128,129,40"
19347,"0,8,285"
19348,"170,169,337"
19349,"23,31,74"
19350,"23,38,137"
19351,"23,64,10"
19352,"169,170,171"
19353,"23,24,231"
19354,"220,10,242"
19355,"23,32,31"
19356,"49,23,24"
19357,"145,402,40"
19358,"138,40,135"
19359,"89,26,23"
19360,"229,0,230"
19361,"426,23,169"
19362,"131,40,406"
19363,"3,147,156"
19364,"23,145,40"
19365,"0,229,208"
19366,"10,64,65"
19367,"10,64,338"
19368,"10,11,109"
19369,"40,152,151"
19370,"0,255,280"
19371,"0,355,271"
19372,"23,74,71"
19373,"40,131,159"
19374,"147,3,148"
19375,"3,17,168"
19376,"169,296,306"
19377,"169,199,170"
19378,"220,10,242"
19379,"10,54,44"
19380,"0,218,265"
19381,"11,10,109"
19382,"0,216,257"
19383,"40,145,72"
19384,"3,53,105"
19385,"0,8,308"
19386,"26,23,231"
19387,"3,53,287"
19388,"44,145,24"
19389,"40,41,135"
19390,"10,11,205"
19391,"0,2,1"
19392,"10,54,322"
19393,"49,23,24"
19394,"0,271,456"
19395,"3,53,21"
19396,"3,169,21"
19397,"3,21,187"
19398,"3,17,168"
19399,"10,220,242"
19400,"24,23,59"
19401,"0,216,254"
19402,"169,170,199"
19403,"23,105,74"
19404,"21,3,126"
19405,"145,40,402"
19406,"40,395,128"
19407,"169,296,417"
19408,"26,350,23"
19409,"10,64,11"
19410,"13,14,204"
19411,"10,11,220"
19412,"23,74,165"
19413,"23,74,303"
19414,"23,24,38"
19415,"5,3,6"
19416,"0,235,257"
19417,"54,10,95"
19418,"3,17,320"
19419,"3,21,127"
19420,"64,10,93"
19421,"23,38,71"
19422,"40,128,324"
19423,"23,74,243"
19424,"3,28,111"
19425,"0,8,206"
19426,"11,10,109"
19427,"147,148,3"
19428,"23,74,84"
19429,"93,10,64"
19430,"10,64,54"
19431,"34,3,263"
19432,"147,3,148"
19433,"322,54,10"
19434,"3,169,68"
19435,"23,31,258"
19436,"3,21,108"
19437,"23,26,89"
19438,"4,3,183"
19439,"21,23,3"
19440,"11,10,109"
19441,"23,49,24"
19442,"160,40,315"
19443,"23,49,24"
19444,"23,31,328"
19445,"54,10,322"
19446,"23,24,49"
19447,"24,23,59"
19448,"10,60,61"
19449,"23,74,63"
19450,"313,346,0"
19451,"0,271,456"
19452,"3,53,325"
19453,"3,53,111"
19454,"0,218,512"
19455,"17,168,3"
19456,"0,271,255"
19457,"0,218,255"
19458,"3,21,17"
19459,"0,169,271"
19460,"0,265,418"
19461,"40,160,168"
19462,"160,40,315"
19463,"3,21,147"
19464,"131,40,406"
19465,"10,11,205"
19466,"3,168,17"
19467,"23,26,89"
19468,"3,21,108"
19469,"40,324,41"
19470,"10,11,109"
19471,"40,184,185"
19472,"40,24,49"
19473,"3,21,108"
19474,"40,131,395"
19475,"131,40,23"
19476,"3,53,111"
19477,"23,74,165"
19478,"3,4,331"
19479,"145,40,402"
19480,"3,21,164"
19481,"170,169,199"
19482,"169,170,199"
19483,"0,271,456"
19484,"3,4,183"
19485,"199,169,382"
19486,"3,17,379"
19487,"74,23,303"
19488,"169,343,111"
19489,"3,147,523"
19490,"131,40,226"
19491,"131,40,406"
19492,"169,199,281"
19493,"3,21,22"
19494,"3,147,148"
19495,"199,169,374"
19496,"11,10,205"
19497,"10,54,60"
19498,"40,162,128"
19499,"170,287,53"
19500,"0,249,279"
19501,"3,28,190"
19502,"40,128,129"
19503,"10,145,40"
19504,"10,64,93"
19505,"74,23,118"
19506,"147,3,148"
19507,"40,41,324"
19508,"40,169,152"
19509,"3,21,182"
19510,"4,3,435"
19511,"271,0,169"
19512,"24,23,10"
19513,"40,145,44"
19514,"3,21,182"
19515,"10,43,23"
19516,"3,40,13"
19517,"40,131,159"
19518,"40,41,324"
19519,"11,10,109"
19520,"3,53,111"
19521,"0,8,308"
19522,"40,131,241"
19523,"23,74,303"
19524,"23,74,40"
19525,"10,24,23"
19526,"23,74,303"
19527,"90,64,10"
19528,"10,54,64"
19529,"3,85,86"
19530,"3,53,523"
19531,"40,23,325"
19532,"169,170,171"
19533,"199,169,23"
19534,"10,220,242"
19535,"40,41,135"
19536,"40,162,163"
19537,"40,145,146"
19538,"0,216,211"
19539,"40,41,324"
19540,"8,0,206"
19541,"74,23,303"
19542,"74,23,303"
19543,"53,3,287"
19544,"23,38,24"
19545,"3,5,21"
19546,"220,10,242"
19547,"3,17,320"
19548,"216,0,211"
19549,"147,148,3"
19550,"23,74,38"
19551,"3,21,108"
19552,"40,131,184"
19553,"23,74,38"
19554,"169,170,260"
19555,"169,337,339"
19556,"0,249,279"
19557,"11,10,109"
19558,"4,3,19"
19559,"3,99,53"
19560,"131,241,40"
19561,"23,31,328"
19562,"40,159,143"
19563,"40,128,131"
19564,"145,40,402"
19565,"26,231,23"
19566,"131,40,406"
19567,"3,21,127"
19568,"128,129,40"
19569,"0,346,313"
19570,"169,296,460"
19571,"4,3,375"
19572,"3,21,127"
19573,"10,220,242"
19574,"40,131,406"
19575,"23,40,74"
19576,"11,10,109"
19577,"3,21,104"
19578,"169,296,371"
19579,"4,3,238"
19580,"17,168,3"
19581,"10,54,95"
19582,"23,8,0"
19583,"128,129,40"
19584,"23,24,25"
19585,"3,53,30"
19586,"0,249,279"
19587,"40,41,21"
19588,"10,64,65"
19589,"4,3,19"
19590,"199,169,323"
19591,"3,21,187"
19592,"40,41,324"
19593,"24,23,59"
19594,"0,208,271"
19595,"3,4,188"
19596,"3,111,182"
19597,"40,135,139"
19598,"169,170,260"
19599,"111,3,125"
19600,"49,23,24"
19601,"0,355,271"
19602,"169,199,281"
19603,"10,11,109"
19604,"3,190,13"
19605,"21,102,3"
19606,"23,10,49"
19607,"3,21,190"
19608,"0,277,2"
19609,"11,10,109"
19610,"4,3,19"
19611,"3,13,204"
19612,"128,129,40"
19613,"21,3,48"
19614,"8,0,206"
19615,"3,111,284"
19616,"44,45,145"
19617,"169,199,343"
19618,"169,199,274"
19619,"220,10,242"
19620,"0,208,512"
19621,"3,21,68"
19622,"105,23,318"
19623,"23,74,84"
19624,"169,199,281"
19625,"3,4,435"
19626,"147,3,148"
19627,"0,8,206"
19628,"40,131,406"
19629,"23,74,84"
19630,"10,64,448"
19631,"0,216,211"
19632,"3,4,70"
19633,"89,23,26"
19634,"169,296,460"
19635,"135,40,236"
19636,"23,74,317"
19637,"3,21,85"
19638,"23,38,440"
19639,"23,24,49"
19640,"10,54,95"
19641,"40,131,395"
19642,"23,26,89"
19643,"40,152,41"
19644,"3,66,30"
19645,"145,44,40"
19646,"170,169,251"
19647,"26,0,23"
19648,"23,26,89"
19649,"23,74,32"
19650,"23,31,11"
19651,"23,8,26"
19652,"3,53,30"
19653,"145,40,44"
19654,"131,40,226"
19655,"23,24,72"
19656,"21,3,42"
19657,"3,21,108"
