id,labels
0,"64,10"
1,"3,17,168"
2,"3,467"
3,"0,216,257"
4,"220,10,145"
5,"206,8,0"
6,"145,44,40"
7,"3,21,126"
8,"23,49,24"
9,"3,21,28"
10,"24,23,59"
11,"10,54,145"
12,"169,296,274"
13,"0,456,271"
14,23
15,"23,38"
16,"10,64"
17,3
18,"64,10,93"
19,"220,10,242"
20,"10,60,93"
21,"23,26,89"
22,"3,5,57"
23,"40,41"
24,"326,0,249"
25,"40,131,159"
26,"3,21"
27,"64,10,93"
28,"3,17,168"
29,"3,13,14"
30,"43,24,23"
31,"3,147,148"
32,"40,131,406"
33,"23,26,89"
34,"220,10,242"
35,"3,48,21"
36,3
37,"10,11,109"
38,"4,3,238"
39,"139,40,155"
40,"23,26,89"
41,"3,21,22"
42,"138,135,40"
43,"0,291,271"
44,"11,10,12"
45,"40,162,163"
46,"3,17,168"
47,"10,234,60"
48,"40,128,186"
49,"10,322,54"
50,23
51,3
52,"10,220"
53,"3,53"
54,"3,111"
55,"21,3,127"
56,"10,64,65"
57,"23,74"
58,"23,118,74"
59,"3,28,190"
60,"11,10"
61,"64,10,448"
62,"0,271"
63,"3,53,99"
64,"208,0"
65,"3,13"
66,"40,131,226"
67,"170,169,459"
68,"3,17,168"
69,"53,3,287"
70,"64,10,65"
71,"64,10,448"
72,"40,41,224"
73,"3,126,21"
74,"220,10,242"
75,"0,265,340"
76,"3,34"
77,"0,350,313"
78,"23,24,49"
79,"220,10,242"
80,"64,10,93"
81,"3,17,320"
82,"11,10,12"
83,"296,169,306"
84,"10,60,49"
85,"23,38,63"
86,"40,131,406"
87,"40,41,42"
88,"26,23,89"
89,"3,111,523"
90,10
91,"220,10,221"
92,"0,257,216"
93,"4,3,238"
94,"23,31,258"
95,"40,145"
96,"23,24,10"
97,"40,131,142"
98,"145,40,44"
99,"23,26,350"
100,"231,26,23"
101,"23,106,105"
102,"23,49,24"
103,"3,85"
104,"23,26,231"
105,"8,0,308"
106,"10,60,239"
107,"23,24,49"
108,"0,216"
109,"206,8,0"
110,"3,5,228"
111,"199,169,281"
112,"3,4,238"
113,"3,34,15"
114,"220,10,242"
115,"169,281,199"
116,"0,108,21"
117,8
118,"145,146,40"
119,"3,21,187"
120,"147,3,148"
121,"0,265"
122,"11,10,109"
123,"40,41"
124,"3,53,287"
125,"3,21,187"
126,"229,0,421"
127,"23,24"
128,"0,271"
129,"0,218,465"
130,"10,64,322"
131,"169,170,260"
132,"23,38,118"
133,"21,3"
134,"3,28,30"
135,"44,40,145"
136,"0,271,456"
137,"40,145,402"
138,"0,265,340"
139,"131,134,40"
140,"40,395"
141,"3,111,112"
142,"169,199,343"
143,"3,85"
144,"61,72,10"
145,"11,10,109"
146,"4,3,19"
147,"8,0,405"
148,"64,10,448"
149,"160,40"
150,"135,40,295"
151,23
152,"4,19,238"
153,"0,265,266"
154,"199,169"
155,"26,23,231"
156,"40,131,406"
157,"44,40,145"
158,"40,128"
159,0
160,"23,8,38"
161,"23,74,31"
162,"40,241,131"
163,"3,111,267"
164,"0,291,271"
165,"128,195,288"
166,"10,64,90"
167,"10,64,93"
168,"11,10,109"
169,"40,324,41"
170,"185,184"
171,3
172,"23,89,38"
173,"4,3,19"
174,"199,169,248"
175,89
176,"10,64,448"
177,"23,38,82"
178,3
179,"23,26,89"
180,"3,21,127"
181,"105,318"
182,"0,265,340"
183,"3,85"
184,"40,0,128"
185,"23,24,49"
186,"0,272,361"
187,"135,40,236"
188,"64,10,80"
189,"169,199"
190,"169,10,199"
191,"169,199,259"
192,231
193,"162,163,40"
194,0
195,"169,199,426"
196,"54,40,145"
197,"3,127,21"
198,"40,131"
199,"0,271,456"
200,"23,24,43"
201,"23,24,43"
202,"3,53,287"
203,"4,3,19"
204,"169,323,199"
205,"169,260,170"
206,"43,23,24"
207,"23,38,91"
208,"10,64,24"
209,"64,10,448"
210,"3,53"
211,"8,0,235"
212,"0,265"
213,"3,68,111"
214,"0,265,340"
215,"43,23,24"
216,"23,74,118"
217,"23,74,303"
218,"3,21"
219,"160,40"
220,"38,23,39"
221,"0,271"
222,"4,3,238"
223,"169,199,281"
224,"40,160,315"
225,"3,13,204"
226,"10,64,11"
227,"10,64,93"
228,"5,3,6"
229,"3,17,168"
230,"54,40,145"
231,"3,53"
232,"23,26,89"
233,"3,0,379"
234,"40,145,146"
235,"40,131,134"
236,"3,53"
237,"169,199,323"
238,"402,40,145"
239,"43,23,24"
240,"313,346,0"
241,"0,271,456"
242,"40,152,151"
243,"40,131,226"
244,"0,271"
245,3
246,"10,234,60"
247,"199,169"
248,"3,17,168"
249,"128,129,40"
250,"23,10,11"
251,"220,10,242"
252,"3,147,148"
253,"3,379"
254,"23,105"
255,"23,26,89"
256,"3,127,21"
257,"3,13,204"
258,"40,129,128"
259,"23,24,45"
260,"64,10,93"
261,"4,3,19"
262,"64,10,93"
263,"3,147,148"
264,"3,21,127"
265,"3,21"
266,"23,309,38"
267,"23,74"
268,"10,64,93"
269,"40,160,334"
270,"3,21,127"
271,"40,131,406"
272,"23,10,54"
273,"23,24,62"
274,"10,54,11"
275,"64,10,448"
276,"23,32,31"
277,"3,21,28"
278,"23,118,74"
279,"40,131,406"
280,"23,63,74"
281,"10,220,221"
282,"265,0,266"
283,"3,21,127"
284,"3,85"
285,"3,4,174"
286,"64,10,448"
287,0
288,"10,64,65"
289,"23,26,231"
290,"0,313,346"
291,"23,43,24"
292,"11,109,10"
293,0
294,3
295,"40,149,160"
296,"40,41"
297,"135,40,189"
298,"169,199,343"
299,"3,17,168"
300,"15,3,16"
301,"3,21,170"
302,"23,38,71"
303,"3,111"
304,"169,170"
305,"0,271,291"
306,"40,44,145"
307,"26,23,89"
308,"10,64,448"
309,"40,139"
310,0
311,"3,287,447"
312,"3,21"
313,"23,24,49"
314,"3,17,168"
315,"0,271"
316,"23,105"
317,"3,228,5"
318,"23,74,303"
319,169
320,"0,249,216"
321,"40,152,151"
322,"3,36,35"
323,"3,111"
324,"160,40"
325,"40,131,406"
326,"3,28,13"
327,"135,40,431"
328,"43,23,24"
329,"0,216"
330,"23,43,24"
331,"129,40,128"
332,"0,319,211"
333,"3,111,123"
334,"0,271,366"
335,"3,13,21"
336,"43,24,23"
337,"3,34,447"
338,"3,126,21"
339,"3,147,148"
340,"10,220,221"
341,"147,3,148"
342,"128,40,129"
343,"5,3,228"
344,"40,131,241"
345,"40,145,44"
346,"169,296,460"
347,"10,220,221"
348,3
349,"296,169,300"
350,"10,11,109"
351,"23,74,105"
352,"169,296,411"
353,"23,89,26"
354,3
355,"145,40,44"
356,"23,26,89"
357,"31,23"
358,"0,8,271"
359,"64,448,10"
360,"23,31,74"
361,"40,145,44"
362,"3,21,108"
363,"169,170,459"
364,"169,508,426"
365,"0,271,456"
366,8
367,"26,231,23"
368,"23,74,303"
369,"169,199,40"
370,"3,4,238"
371,"23,43,24"
372,"118,23,74"
373,"131,40,406"
374,"206,8,0"
375,"40,10,54"
376,"169,323,199"
377,"3,48,81"
378,"40,41,224"
379,"23,31,96"
380,3
381,3
382,"169,426,427"
383,"169,199,343"
384,"17,3,168"
385,"220,10,221"
386,"220,10,221"
387,"74,23,303"
388,"0,249,279"
389,3
390,"220,242,10"
391,"24,40,23"
392,0
393,"64,10,65"
394,"10,220,11"
395,"3,111,472"
396,"23,454,31"
397,"3,21,108"
398,"169,337,339"
399,"169,170,459"
400,"40,44,145"
401,"199,169,382"
402,3
403,"0,208"
404,3
405,"0,8,235"
406,"3,21"
407,"40,131,406"
408,"3,34,263"
409,"3,21,68"
410,"3,21"
411,"15,16,3"
412,"23,24,49"
413,"169,199,281"
414,"8,0,206"
415,"131,40,406"
416,"23,89,26"
417,"220,10,242"
418,"31,23,40"
419,"23,118,74"
420,"31,169,23"
421,"220,10,221"
422,"0,370"
423,"74,23,303"
424,"26,23,350"
425,"0,363"
426,"296,169"
427,"23,24,43"
428,"25,23"
429,"199,169,248"
430,"128,129,40"
431,"26,23,350"
432,"11,10,12"
433,"10,64"
434,"234,10,60"
435,"41,40,3"
436,"0,216,249"
437,"220,10,221"
438,"40,128,129"
439,"169,339,337"
440,"30,3"
441,"10,220,11"
442,"3,17,168"
443,"169,296,417"
444,"0,216"
445,"4,3,238"
446,"0,265,340"
447,"0,249"
448,"10,64,442"
449,"128,40,129"
450,"0,8,308"
451,"0,216,354"
452,"296,169,526"
453,"40,160"
454,"74,23,303"
455,"169,281,199"
456,"131,40,406"
457,"10,64,448"
458,"3,147,148"
459,40
460,"0,8,308"
461,"169,170"
462,23
463,"184,40,185"
464,"0,265,340"
465,"0,8"
466,"23,26,350"
467,"145,402,40"
468,"11,10,109"
469,"3,53"
470,"131,40,134"
471,"0,271,429"
472,"10,64,93"
473,"0,249,279"
474,"23,26,350"
475,"0,265,266"
476,"23,8,0"
477,"169,199,281"
478,"40,41"
479,"169,199,323"
480,"40,395"
481,"40,145,44"
482,"40,131,406"
483,23
484,"3,21"
485,"0,8,206"
486,"64,10,80"
487,"0,216,212"
488,"23,74,165"
489,"40,152,151"
490,"64,10,65"
491,"40,73"
492,"10,64,93"
493,"0,265,349"
494,"21,164,40"
495,0
496,"40,139,153"
497,"10,220,242"
498,"8,0,206"
499,"54,10,95"
500,"3,187,21"
501,3
502,"23,31,96"
503,"64,10,80"
504,"3,17,168"
505,"40,131,406"
506,"10,64,93"
507,"169,199,281"
508,"3,21,28"
509,"3,53,287"
510,"10,64,93"
511,"40,324,128"
512,"0,271,456"
513,"10,60,61"
514,"3,111,267"
515,"40,41,324"
516,"3,17,168"
517,"10,60"
518,"21,3,187"
519,"3,15,16"
520,"10,220,11"
521,0
522,"40,145,402"
523,"131,40,406"
524,"23,118,74"
525,"26,231,23"
526,"23,74,118"
527,"40,131,134"
528,"296,169,300"
529,"23,31,454"
530,"10,64"
531,"220,10,242"
532,"44,145,40"
533,"0,249,279"
534,"169,199"
535,"23,26,89"
536,"3,147,148"
537,"206,0,8"
538,"145,10,40"
539,"3,53"
540,"0,265"
541,"38,23,87"
542,"23,26,231"
543,"3,4"
544,"41,40,3"
545,"40,184,494"
546,"10,64,65"
547,"40,141,118"
548,"3,15,16"
549,"10,60,239"
550,"135,40,138"
551,"3,208,369"
552,"40,128"
553,"220,10,242"
554,"11,10,12"
555,"10,60,23"
556,"10,64,93"
557,"23,26,89"
558,"10,64"
559,40
560,"220,10,221"
561,"0,265,349"
562,"220,10,221"
563,"10,11,109"
564,"3,21"
565,"10,60,93"
566,"313,346,0"
567,"24,0,23"
568,"118,23,74"
569,"11,10,109"
570,10
571,"40,175,128"
572,"3,13"
573,"64,10,93"
574,"10,64,90"
575,"3,21,102"
576,"64,10,93"
577,"10,54"
578,3
579,"11,10,109"
580,"23,24,454"
581,"3,21,164"
582,"0,214,213"
583,"3,13,53"
584,"170,169,459"
585,"0,8,129"
586,"220,10,242"
587,"147,3,148"
588,23
589,"3,21,22"
590,"23,231,26"
591,"64,10,90"
592,"169,131,406"
593,"95,54,23"
594,"10,220,221"
595,"135,40,236"
596,"23,63,38"
597,"0,208,206"
598,"3,85"
599,"23,38,137"
600,"23,74,165"
601,"131,40,406"
602,"3,5"
603,"265,0,24"
604,"3,4,238"
605,"0,271,8"
606,"40,160"
607,"3,147,148"
608,"0,271"
609,"23,74"
610,"23,43,24"
611,"26,23,231"
612,"23,59,24"
613,"3,21,108"
614,"40,129,128"
615,"0,255,348"
616,"145,44,40"
617,"23,3,31"
618,"23,49,24"
619,"169,199,40"
620,"23,350,26"
621,"23,26,89"
622,"3,40,21"
623,"3,21"
624,"3,100,367"
625,"0,313,346"
626,"169,281,199"
627,"40,159,131"
628,"40,54,145"
629,"4,3,19"
630,"31,402,40"
631,"206,0,8"
632,"169,199,343"
633,"169,199,356"
634,"0,475"
635,"23,26,350"
636,"40,135"
637,"3,21,127"
638,"40,152,151"
639,"0,456,271"
640,"23,74,303"
641,"0,8,206"
642,"40,135,236"
643,"40,131"
644,"3,21,164"
645,"23,26,89"
646,"3,147,148"
647,"23,31,258"
648,"4,3,19"
649,"169,170,260"
650,"54,10"
651,"23,26"
652,"10,11"
653,"40,160,149"
654,"23,31,454"
655,"40,131,241"
656,3
657,"0,206,249"
658,"3,133"
659,"3,13,204"
660,"40,131,406"
661,0
662,"21,3,108"
663,"43,10,24"
664,"10,11,109"
665,"23,24,43"
666,"10,64,80"
667,"23,31,96"
668,"23,26,89"
669,"23,26,145"
670,"23,74,165"
671,"44,45,54"
672,"220,10,242"
673,"169,199,223"
674,"131,40,241"
675,"147,3"
676,"10,448,64"
677,"3,17,168"
678,"3,111,267"
679,"220,10,242"
680,"8,0,206"
681,"40,131,134"
682,"64,10,448"
683,"74,23,303"
684,"23,74"
685,3
686,"40,402,145"
687,"199,169,356"
688,23
689,"220,10,242"
690,"3,53,523"
691,"38,63,23"
692,"3,53,287"
693,"64,10,93"
694,"0,206,8"
695,"23,38"
696,"23,38,71"
697,"15,16,3"
698,3
699,"40,131,406"
700,"3,17,168"
701,"10,24"
702,"23,74,94"
703,23
704,"23,74,38"
705,"135,40,138"
706,"40,241,131"
707,"40,41,324"
708,"0,265,8"
709,"23,10,24"
710,"3,17,320"
711,"40,184,243"
712,"15,16,3"
713,"0,216"
714,"23,3,21"
715,"23,49,24"
716,"3,147,148"
717,"4,3,435"
718,"3,21,126"
719,"23,74,303"
720,"3,147,148"
721,"11,10,12"
722,"3,21,187"
723,"3,147,148"
724,"3,5,228"
725,"43,23,24"
726,"3,53,287"
727,"0,8,308"
728,"169,199,323"
729,"40,41,224"
730,169
731,"169,296,274"
732,"3,17,320"
733,"45,44,11"
734,"199,169,382"
735,0
736,"10,64,173"
737,"169,199,426"
738,"11,10,205"
739,"8,0,26"
740,"23,26,89"
741,"271,0,456"
742,"3,4,183"
743,"23,24"
744,"402,40,145"
745,"4,3,183"
746,"74,23,303"
747,"31,258,23"
748,"3,68"
749,"10,44,40"
750,"40,41,21"
751,"24,23,43"
752,"3,111,119"
753,"169,170,459"
754,"169,417,296"
755,"10,64,93"
756,"44,40,145"
757,"23,40,175"
758,"3,15,16"
759,"169,296,417"
760,"169,296"
761,"0,208,505"
762,"10,64"
763,"3,21,182"
764,"3,21,126"
765,"8,0,285"
766,"0,265,349"
767,169
768,"0,265"
769,"10,60,61"
770,"3,111,119"
771,"10,64,448"
772,"3,15,16"
773,"3,28,190"
774,"169,199,426"
775,"3,21,124"
776,"3,21,187"
777,"23,74,40"
778,"4,19,3"
779,10
780,"64,10,93"
781,"10,64,60"
782,"0,271,456"
783,"74,303,23"
784,3
785,"23,38,74"
786,0
787,"74,23,165"
788,"0,8,308"
789,"8,0,350"
790,"3,21,127"
791,"220,10,221"
792,"44,145,40"
793,"23,231"
794,"169,199,260"
795,"40,131,406"
796,"3,5,228"
797,3
798,"131,40,406"
799,"111,3,41"
800,"40,152,151"
801,"40,0"
802,"0,313,346"
803,3
804,"3,53,287"
805,"169,199,260"
806,"89,23"
807,"44,145,40"
808,"281,169,199"
809,"170,169,260"
810,"23,24"
811,"43,24,23"
812,"44,40,45"
813,"0,291"
814,"21,3,102"
815,"40,128,395"
816,"3,21"
817,"0,265,340"
818,"3,17,168"
819,"170,169,260"
820,"255,463,0"
821,"3,17,168"
822,169
823,"43,23,24"
824,"3,111"
825,"40,145,44"
826,"8,0,391"
827,"11,10,109"
828,"169,296,170"
829,"40,478,145"
830,"10,64,65"
831,"0,255,213"
832,"109,11,10"
833,"169,199"
834,"3,111,119"
835,"23,74,317"
836,"169,199"
837,"40,184,185"
838,"3,4"
839,"3,5,228"
840,"40,402,145"
841,"3,111"
842,"3,5,228"
843,"23,26,89"
844,"10,23,258"
845,"23,38,74"
846,"169,199,343"
847,"40,128,129"
848,0
849,"23,31,96"
850,169
851,"44,40,145"
852,"23,32,31"
853,"23,38,71"
854,"3,111,169"
855,"40,41,149"
856,"10,24,23"
857,"64,10,93"
858,"3,4"
859,"169,199,459"
860,"23,26,89"
861,"10,23,24"
862,40
863,"0,255,463"
864,"3,13,14"
865,"40,41,324"
866,"3,21,108"
867,"169,171,199"
868,"3,13,122"
869,"23,10,43"
870,"40,395,396"
871,23
872,"3,85"
873,"169,199,343"
874,"0,213,214"
875,"44,45,145"
876,"3,13,204"
877,"40,131,226"
878,"169,171,199"
879,"23,38"
880,"3,85,158"
881,"0,369,206"
882,"10,40,145"
883,"40,149,41"
884,"145,40,44"
885,"40,41,42"
886,"169,260"
887,"10,60,61"
888,"3,53,287"
889,"169,199,281"
890,"44,40,145"
891,"3,53,111"
892,"23,74,303"
893,"10,54,95"
894,"23,59"
895,"3,53,523"
896,"131,40,406"
897,"3,21"
898,"40,41,42"
899,0
900,"0,279,249"
901,"3,126,21"
902,"25,24,23"
903,"40,131,406"
904,"10,64"
905,"23,105,26"
906,"8,0,405"
907,"0,8,235"
908,3
909,"40,162,163"
910,"220,10,242"
911,"10,11,109"
912,"40,31,145"
913,"44,40,145"
914,"10,64,448"
915,"220,10,242"
916,"4,3,435"
917,"0,271,355"
918,"3,4,238"
919,23
920,"3,147,156"
921,"10,234,60"
922,"3,28"
923,"10,64,93"
924,"40,146,145"
925,"23,38"
926,"10,234,60"
927,"128,129,40"
928,"3,53,21"
929,"3,30,66"
930,"23,89,26"
931,"0,229,421"
932,"0,82,8"
933,"23,105,137"
934,"10,64,60"
935,"169,508,426"
936,"3,21"
937,"3,147,148"
938,"3,53"
939,"296,169"
940,"3,4,19"
941,"23,26,89"
942,"147,3,148"
943,"169,199,281"
944,"4,3,19"
945,"169,199,343"
946,"0,8,206"
947,"3,21"
948,"23,118,74"
949,"40,241,131"
950,"0,271,456"
951,"10,54,55"
952,169
953,"10,23"
954,"49,23,24"
955,"11,10,205"
956,"40,145,44"
957,"23,24,10"
958,"234,10,60"
959,"43,64,10"
960,"169,199,343"
961,"169,199,281"
962,"11,10,109"
963,"40,139"
964,"10,54"
965,"40,129,128"
966,"64,10,448"
967,"169,337,339"
968,"3,53,4"
969,"23,74"
970,"40,135,138"
971,"40,160"
972,"23,74,118"
973,0
974,"220,10,242"
975,"0,271,272"
976,"0,206,8"
977,"40,41,42"
978,"3,21,187"
979,"40,160,201"
980,"23,24"
981,"0,208,249"
982,"3,17,168"
983,3
984,"40,131,134"
985,"40,152,151"
986,"23,105,318"
987,"40,131,134"
988,"10,64"
989,"3,30,66"
990,"3,34,263"
991,"10,23,24"
992,"23,169"
993,"3,111,472"
994,"43,24,10"
995,3
996,"169,199,426"
997,"40,131,406"
998,"40,160,41"
999,"23,74"
1000,"0,340"
1001,"3,4,238"
1002,"257,0,216"
1003,23
1004,"53,3,502"
1005,"169,199,281"
1006,"3,21,85"
1007,"145,40,44"
1008,"169,296,428"
1009,"10,11,205"
1010,"23,231,26"
1011,"3,21"
1012,"3,21,108"
1013,"10,64,448"
1014,"3,21,126"
1015,"0,265"
1016,"23,10,24"
1017,"23,38,87"
1018,"3,21,187"
1019,"4,3,238"
1020,"0,255,348"
1021,"220,10,242"
1022,"0,8"
1023,"26,23,89"
1024,"3,4,375"
1025,"40,162,163"
1026,"0,8"
1027,"23,26,89"
1028,3
1029,"23,43,24"
1030,"23,31"
1031,"10,23,43"
1032,"40,128,186"
1033,"3,21,108"
1034,"53,3,287"
1035,"131,40,287"
1036,"15,16,3"
1037,"3,147,148"
1038,"3,21"
1039,"43,24,23"
1040,23
1041,"40,44,145"
1042,"0,265,340"
1043,"0,271,216"
1044,"10,64,90"
1045,"23,74,38"
1046,"3,21"
1047,"169,109,11"
1048,"220,10,242"
1049,"0,216,304"
1050,"10,64,80"
1051,"3,21,127"
1052,"220,10,242"
1053,"10,64,93"
1054,"40,131,406"
1055,"54,10,83"
1056,"220,10,242"
1057,"3,147,15"
1058,3
1059,"40,139,153"
1060,"23,43,24"
1061,"3,21"
1062,"40,3,111"
1063,"0,211,319"
1064,"28,3,190"
1065,"40,152,151"
1066,"40,145,44"
1067,"169,89"
1068,"3,111,224"
1069,"3,111"
1070,"3,21,5"
1071,"0,265,418"
1072,"10,64,239"
1073,"8,0,206"
1074,"3,182,68"
1075,"3,21,108"
1076,"23,26,231"
1077,"3,147,156"
1078,"40,152,151"
1079,"40,41,224"
1080,"13,3"
1081,"3,13"
1082,"23,26,89"
1083,"23,38,309"
1084,"40,139"
1085,"145,40,64"
1086,"0,277,413"
1087,"10,64,442"
1088,"3,34,263"
1089,"40,395,128"
1090,"4,3"
1091,"40,139,153"
1092,"74,303,23"
1093,"3,21"
1094,"169,199"
1095,"0,216"
1096,"3,85"
1097,"40,139,153"
1098,"40,41"
1099,"40,145,3"
1100,"0,271,291"
1101,"0,280,271"
1102,"3,53,287"
1103,"43,24,23"
1104,"3,21,187"
1105,23
1106,"23,38,309"
1107,"169,171,199"
1108,"44,145,40"
1109,"169,199,281"
1110,"10,64,442"
1111,"206,0,8"
1112,"23,24,49"
1113,"3,4"
1114,"169,199,171"
1115,"40,160,334"
1116,"10,60,239"
1117,"0,216,304"
1118,"128,40,195"
1119,"40,145,146"
1120,"10,64,93"
1121,3
1122,"169,296"
1123,"131,40,406"
1124,"3,21,127"
1125,"199,169,343"
1126,3
1127,"64,10,448"
1128,"23,26,231"
1129,"0,366,271"
1130,"24,23,25"
1131,"11,10,109"
1132,0
1133,"10,64"
1134,"11,205,10"
1135,"319,211,0"
1136,"3,21,48"
1137,"169,296,274"
1138,"220,10,242"
1139,"199,169"
1140,"169,296,274"
1141,"3,85,158"
1142,"220,10,242"
1143,"169,199,281"
1144,"11,10,205"
1145,"23,24"
1146,"3,28,190"
1147,"23,26,89"
1148,"23,26,231"
1149,"3,85,158"
1150,"3,30,66"
1151,3
1152,"10,54,95"
1153,23
1154,"10,145,40"
1155,"10,60,239"
1156,"44,40,145"
1157,"0,255"
1158,"26,23,89"
1159,"147,3,148"
1160,"169,171,199"
1161,"3,34,263"
1162,"26,231,23"
1163,"74,23,84"
1164,"0,265,340"
1165,"23,74,303"
1166,"3,21,53"
1167,"3,147"
1168,"0,271,291"
1169,"145,44,40"
1170,"0,255,354"
1171,"74,23,118"
1172,"4,3,19"
1173,"26,231,23"
1174,"0,271"
1175,23
1176,"23,24,43"
1177,"0,271"
1178,"10,64,65"
1179,"40,160"
1180,"169,199"
1181,"2,0,1"
1182,"265,0,340"
1183,23
1184,"23,26,350"
1185,"23,31,32"
1186,"220,10,242"
1187,"3,15"
1188,"23,31,290"
1189,"169,199,171"
1190,"3,30,66"
1191,"135,40,138"
1192,"10,64,60"
1193,"40,41,324"
1194,"0,265,349"
1195,"169,199,281"
1196,"4,3,19"
1197,"40,152,151"
1198,0
1199,"10,60,239"
1200,"11,10,205"
1201,"74,23,118"
1202,"3,21,111"
1203,"23,118,74"
1204,"10,54,95"
1205,"10,54,44"
1206,"0,235,8"
1207,"0,265,340"
1208,"220,10,242"
1209,"23,24,43"
1210,"23,74,84"
1211,"169,199,323"
1212,"10,64,448"
1213,"169,199,260"
1214,"26,23,350"
1215,"10,220,11"
1216,"23,74,303"
1217,"3,147,148"
1218,"111,3,123"
1219,"64,10"
1220,"199,169,259"
1221,"220,10,221"
1222,3
1223,"3,85"
1224,"131,40,241"
1225,"11,10,109"
1226,"309,23,38"
1227,"40,128,152"
1228,"40,241,145"
1229,"64,10,199"
1230,"40,152,151"
1231,"3,13,53"
1232,"0,8"
1233,"23,26,89"
1234,"10,169,323"
1235,"40,201,41"
1236,"220,10,242"
1237,"0,249,279"
1238,"402,31,40"
1239,"13,3"
1240,"0,265,8"
1241,"3,21,379"
1242,"44,40,45"
1243,"40,128"
1244,"11,10,109"
1245,"0,265"
1246,"199,169,281"
1247,"23,74"
1248,"64,10,65"
1249,"169,199,323"
1250,"0,265,340"
1251,"64,10,448"
1252,"3,85,158"
1253,"131,40,406"
1254,"40,41,224"
1255,"23,231"
1256,"3,4,238"
1257,"0,265,349"
1258,"169,199,323"
1259,"0,265,266"
1260,"3,21,108"
1261,40
1262,"10,64,93"
1263,"53,3,287"
1264,"10,54,95"
1265,"3,40"
1266,"3,17,168"
1267,"395,38,23"
1268,"23,26,231"
1269,"3,21,48"
1270,"3,21,40"
1271,"23,71,38"
1272,"3,48,21"
1273,"23,31,131"
1274,"169,459,170"
1275,"23,26,231"
1276,"17,168,3"
1277,3
1278,"40,135"
1279,"15,16,3"
1280,10
1281,3
1282,"10,54,64"
1283,"147,3,148"
1284,3
1285,"3,30,66"
1286,"0,271,272"
1287,"23,26,350"
1288,"40,128,129"
1289,"229,421,0"
1290,"220,10,242"
1291,"169,199,323"
1292,"23,31,32"
1293,"26,231,23"
1294,"3,60"
1295,3
1296,"3,5,228"
1297,"3,21,108"
1298,"3,147,148"
1299,"64,10"
1300,"23,26,89"
1301,"23,74,63"
1302,"3,21,164"
1303,3
1304,"3,4,183"
1305,"3,53,523"
1306,"3,68,182"
1307,"169,199,281"
1308,"169,339,337"
1309,3
1310,"3,53,13"
1311,"23,38"
1312,0
1313,"45,44,40"
1314,"23,38,26"
1315,"3,169,53"
1316,"3,430"
1317,"100,0,383"
1318,"169,199,0"
1319,"3,111"
1320,"10,64,93"
1321,"220,10,242"
1322,"3,147,148"
1323,"74,23,303"
1324,"23,26,350"
1325,"3,21,187"
1326,"23,26,231"
1327,"220,10,242"
1328,"40,191,3"
1329,3
1330,"64,448,10"
1331,"3,111"
1332,3
1333,"169,199,343"
1334,"0,313,346"
1335,"3,28,190"
1336,"3,13,14"
1337,"220,10,242"
1338,"127,40,3"
1339,"3,147,156"
1340,"3,21,187"
1341,"40,145,146"
1342,"169,296"
1343,"199,169,281"
1344,"220,10,242"
1345,"40,131,129"
1346,"26,23,89"
1347,"147,3,148"
1348,"135,138,40"
1349,"10,169,323"
1350,"23,49"
1351,"0,313,346"
1352,"3,4,188"
1353,"0,313,346"
1354,"53,287,3"
1355,"0,8,271"
1356,"3,147,203"
1357,"3,85,86"
1358,"23,74,118"
1359,"11,10,205"
1360,"36,3,35"
1361,"129,128,40"
1362,"3,48,81"
1363,"169,170,260"
1364,"3,53,68"
1365,"199,169,323"
1366,"23,26,89"
1367,"3,28"
1368,"3,21,53"
1369,"74,165,23"
1370,"0,271,456"
1371,"40,324,41"
1372,"44,40,45"
1373,"10,40,145"
1374,"54,10,95"
1375,"11,10,109"
1376,"3,111"
1377,"169,170,323"
1378,"10,64,80"
1379,23
1380,"40,145,44"
1381,"206,0,369"
1382,"3,147"
1383,"3,126,21"
1384,"3,21,85"
1385,"40,160,315"
1386,"10,60,61"
1387,"89,23,26"
1388,"11,10,205"
1389,"3,21,108"
1390,"17,168,3"
1391,0
1392,"3,21,187"
1393,"40,149,131"
1394,"3,164,21"
1395,"135,40,138"
1396,"11,10,109"
1397,"0,265,266"
1398,"23,38,91"
1399,"169,170,337"
1400,"40,41,324"
1401,"170,169,260"
1402,"3,4"
1403,"3,21"
1404,"54,10,95"
1405,"199,10,169"
1406,"3,17,168"
1407,"3,111"
1408,"3,28,364"
1409,"145,40,44"
1410,"10,239,23"
1411,"23,26,350"
1412,"34,3,263"
1413,"54,10,95"
1414,"220,10,221"
1415,"3,17"
1416,"3,53,15"
1417,"3,13"
1418,"3,5,228"
1419,"0,265,266"
1420,"41,40"
1421,"23,74,118"
1422,"40,152,151"
1423,"23,26,89"
1424,"23,74,303"
1425,"3,21,127"
1426,311
1427,"23,350"
1428,"44,145,40"
1429,"3,53"
1430,"10,145,40"
1431,"3,21,187"
1432,"44,40,145"
1433,"10,64,80"
1434,"10,145,40"
1435,"64,10,448"
1436,"23,31,24"
1437,"169,199,281"
1438,"23,49,24"
1439,"40,131,406"
1440,"3,21,48"
1441,3
1442,"0,339,337"
1443,"64,10,338"
1444,"11,10,109"
1445,"10,60,239"
1446,"23,26,231"
1447,"23,24,49"
1448,"145,40,10"
1449,"3,21,127"
1450,"0,8,265"
1451,"3,111,267"
1452,"10,234,60"
1453,"3,21,127"
1454,"64,10,65"
1455,"40,160"
1456,3
1457,"40,41,224"
1458,"3,34,263"
1459,"169,199,426"
1460,"43,24,23"
1461,"40,41,111"
1462,"11,10,109"
1463,"40,145,44"
1464,"23,24,43"
1465,"128,40,129"
1466,"0,271,8"
1467,"10,60,61"
1468,"0,8,206"
1469,"23,118,74"
1470,"169,426,427"
1471,"43,10,64"
1472,"0,271,265"
1473,"5,3,57"
1474,"4,3,19"
1475,"64,10,80"
1476,"10,220"
1477,"3,4"
1478,"0,271,456"
1479,"40,128,324"
1480,"74,23,118"
1481,"10,54,95"
1482,"147,3,148"
1483,"0,271,355"
1484,"10,23,24"
1485,"3,15,16"
1486,"3,53,99"
1487,"11,10,205"
1488,"3,143,168"
1489,"40,131"
1490,"147,3,148"
1491,"10,64"
1492,"23,43,24"
1493,"0,271,456"
1494,"3,147,148"
1495,"23,38"
1496,"23,74,303"
1497,"131,40,406"
1498,"23,38"
1499,"40,131,142"
1500,"23,24,25"
1501,"85,3,158"
1502,"169,199"
1503,"220,10,242"
1504,"23,38,137"
1505,3
1506,"169,199"
1507,"23,26,89"
1508,"21,3"
1509,"255,0,400"
1510,"3,34"
1511,"169,170,199"
1512,"40,138,135"
1513,"0,206,8"
1514,"169,199,281"
1515,3
1516,"169,337,339"
1517,"128,40,195"
1518,"23,40,145"
1519,"3,66,30"
1520,"23,74,118"
1521,"43,23,24"
1522,"3,21,124"
1523,"23,49,24"
1524,"10,64,442"
1525,"11,10,109"
1526,"23,24,49"
1527,"64,10,65"
1528,"0,279,249"
1529,"31,23,454"
1530,"169,199,281"
1531,"220,10,242"
1532,"10,64"
1533,"23,24,43"
1534,"10,145,11"
1535,"220,10,242"
1536,"0,216"
1537,"169,296,417"
1538,"0,271"
1539,"3,15,16"
1540,"23,26,38"
1541,169
1542,"3,21"
1543,"40,138,135"
1544,"10,60"
1545,"40,128,129"
1546,"153,139,40"
1547,"234,60,10"
1548,"44,145,40"
1549,"10,64,65"
1550,"0,208,216"
1551,"4,3,19"
1552,"23,74,118"
1553,"3,4,435"
1554,"3,15,16"
1555,74
1556,"0,271,456"
1557,"3,147,53"
1558,"220,10,242"
1559,"10,64"
1560,"169,296,428"
1561,"10,64,65"
1562,3
1563,"23,63,38"
1564,"3,21,115"
1565,"169,138,135"
1566,"44,40,145"
1567,0
1568,"23,74,71"
1569,"8,0,206"
1570,"64,10,65"
1571,"73,44,40"
1572,"3,17"
1573,"296,169,306"
1574,"10,54,95"
1575,"220,10,242"
1576,"23,105,326"
1577,"147,3,148"
1578,"128,40,129"
1579,"199,0"
1580,"3,34,263"
1581,"3,53,401"
1582,"10,60,64"
1583,"169,296,417"
1584,"3,21,108"
1585,"40,135,250"
1586,"64,10"
1587,"3,21,85"
1588,"10,64"
1589,"74,23,317"
1590,"40,128,186"
1591,"44,45,40"
1592,"169,260,170"
1593,"169,199,171"
1594,"24,43,23"
1595,"169,199,171"
1596,"128,40"
1597,"147,148,3"
1598,"3,85,158"
1599,"44,145,40"
1600,"169,199,24"
1601,"40,128,324"
1602,"64,10"
1603,"10,11,205"
1604,145
1605,3
1606,"40,41,149"
1607,"169,296"
1608,"169,459,170"
1609,"3,15,16"
1610,"23,49,24"
1611,"40,184,494"
1612,23
1613,3
1614,"169,281,199"
1615,3
1616,"0,272,271"
1617,"23,26,231"
1618,"3,21"
1619,"220,10,242"
1620,"3,53"
1621,"169,199,281"
1622,"199,169,281"
1623,"169,296"
1624,"0,271"
1625,"23,24"
1626,"220,10,221"
1627,"23,74,118"
1628,"40,41,149"
1629,"40,131,134"
1630,"10,23,43"
1631,"40,145"
1632,"23,26,231"
1633,"3,111,267"
1634,"10,11,109"
1635,"0,249,279"
1636,"105,23,326"
1637,"265,0,266"
1638,"3,4,435"
1639,"131,406,40"
1640,"3,21"
1641,"3,21,182"
1642,"3,17,168"
1643,"11,10,12"
1644,"10,60,93"
1645,"0,271,456"
1646,"10,23,43"
1647,65
1648,"54,10,55"
1649,"23,74,118"
1650,"64,10,93"
1651,"0,265,349"
1652,"3,5,228"
1653,"0,216,304"
1654,"3,21,30"
1655,"3,147,148"
1656,"23,24,49"
1657,"169,170,260"
1658,"3,147,148"
1659,"44,40,145"
1660,"31,23,96"
1661,"5,3,169"
1662,"129,128,40"
1663,"40,131,134"
1664,"4,3,7"
1665,"44,40,145"
1666,"40,139,153"
1667,"23,89"
1668,"3,28,66"
1669,"40,131,134"
1670,"0,218,465"
1671,"11,10,109"
1672,"169,199,3"
1673,"53,287,131"
1674,"53,3"
1675,"10,64,43"
1676,0
1677,"64,448,10"
1678,"313,346,0"
1679,"3,111,119"
1680,"43,23,24"
1681,"0,255,348"
1682,"8,206,0"
1683,"3,21,182"
1684,"3,21"
1685,0
1686,3
1687,"3,127,40"
1688,"3,21"
1689,"40,131,134"
1690,"3,100,53"
1691,"3,34,263"
1692,"169,260,170"
1693,"3,147,148"
1694,"0,216,279"
1695,"74,23,317"
1696,"24,23,43"
1697,"40,128,195"
1698,"3,53,523"
1699,40
1700,"11,10,12"
1701,"3,85"
1702,"3,21,182"
1703,"0,265,349"
1704,"10,234,11"
1705,"3,21"
1706,"147,3,148"
1707,"0,271"
1708,"135,40"
1709,"40,152,151"
1710,"10,61,60"
1711,"0,257,216"
1712,"145,40,44"
1713,"169,170,311"
1714,"147,3,148"
1715,"169,199,171"
1716,"15,16,3"
1717,0
1718,"169,296,411"
1719,"23,38"
1720,"40,131,406"
1721,"23,43,24"
1722,"11,10,109"
1723,"44,40,145"
1724,"40,131,406"
1725,"220,10,221"
1726,"26,23,231"
1727,"23,74,165"
1728,"11,10,205"
1729,"0,512,218"
1730,"3,34"
1731,"169,199,323"
1732,"170,169,459"
1733,"64,10,93"
1734,"3,21,127"
1735,"0,363,271"
1736,"44,40,145"
1737,"3,17,320"
1738,"10,23,64"
1739,3
1740,"3,21"
1741,"3,21"
1742,"0,257,216"
1743,169
1744,"48,3,21"
1745,"3,21,127"
1746,169
1747,"3,4"
1748,"89,23,26"
1749,"64,10,448"
1750,"64,65,10"
1751,"23,31,290"
1752,"23,26,89"
1753,"0,271,456"
1754,"10,64,93"
1755,"169,199,281"
1756,"40,41"
1757,"23,24,38"
1758,"0,313,346"
1759,"23,26,231"
1760,"23,309,38"
1761,3
1762,"44,40,145"
1763,"169,170,260"
1764,"220,10,242"
1765,"40,41"
1766,"135,40,138"
1767,"0,257,216"
1768,"3,85,21"
1769,"3,68,53"
1770,3
1771,"0,8,206"
1772,"3,21"
1773,"21,3,127"
1774,"11,10,109"
1775,"169,199,356"
1776,"64,10,448"
1777,"3,111,85"
1778,"3,21"
1779,"3,21,108"
1780,"169,199,343"
1781,"169,199,271"
1782,"0,271,280"
1783,"23,74,165"
1784,40
1785,"185,169,184"
1786,"23,38"
1787,"40,145,44"
1788,"40,41,160"
1789,"169,281,199"
1790,"40,155,139"
1791,"220,10,242"
1792,"23,74"
1793,"10,11,109"
1794,40
1795,"0,319,211"
1796,"23,89,26"
1797,"10,220,221"
1798,"23,74,303"
1799,"3,21"
1800,"23,31,96"
1801,0
1802,"3,34,263"
1803,"24,23,11"
1804,"23,74,165"
1805,"0,8,235"
1806,"3,21,187"
1807,"49,23,24"
1808,"3,127,21"
1809,"23,32"
1810,"23,31,258"
1811,"3,28"
1812,"3,5,228"
1813,"220,10,242"
1814,169
1815,"23,10,25"
1816,"40,41,224"
1817,"21,3,127"
1818,"10,64"
1819,"105,287,53"
1820,"44,40,145"
1821,"23,74,118"
1822,3
1823,"23,26,350"
1824,3
1825,"23,24"
1826,"54,10,95"
1827,"10,64"
1828,"3,21"
1829,"169,171,199"
1830,"169,170,260"
1831,"0,1,2"
1832,0
1833,"3,48,21"
1834,"169,170"
1835,"0,8,346"
1836,"10,60,239"
1837,"40,44,145"
1838,"147,3,148"
1839,"265,23,0"
1840,40
1841,"3,17"
1842,"3,53"
1843,"3,287,21"
1844,"0,216"
1845,"145,24,23"
1846,"40,152,151"
1847,23
1848,"8,0,350"
1849,"15,16,3"
1850,"15,16,3"
1851,"10,64"
1852,"3,111,119"
1853,"131,40"
1854,"10,64,93"
1855,"8,0,405"
1856,"0,206,8"
1857,"40,128,129"
1858,"40,41,201"
1859,"0,271"
1860,"23,74,118"
1861,"40,135"
1862,"23,26,350"
1863,"64,10,65"
1864,"3,21,66"
1865,"40,131,134"
1866,"0,255"
1867,"169,508,426"
1868,"23,74,165"
1869,"8,206,0"
1870,"40,160,315"
1871,"0,271,363"
1872,"169,199,281"
1873,"0,265,340"
1874,"23,44,24"
1875,"40,131,395"
1876,"128,129,40"
1877,"43,24,23"
1878,"3,21,108"
1879,0
1880,"24,370,23"
1881,"10,64,199"
1882,"10,64"
1883,"23,118,74"
1884,"169,199"
1885,"3,15,16"
1886,"3,53,13"
1887,"10,64,93"
1888,"10,64,93"
1889,"3,21,33"
1890,"23,74,118"
1891,"15,16,3"
1892,"0,255"
1893,"220,10,242"
1894,"23,309,38"
1895,"0,206,369"
1896,"40,145,44"
1897,26
1898,"3,375,4"
1899,"23,0,26"
1900,"40,135,250"
1901,"3,17,168"
1902,100
1903,"3,21"
1904,"17,3,168"
1905,"147,148,3"
1906,"0,26,8"
1907,"3,111,284"
1908,3
1909,"3,4,238"
1910,"23,54,10"
1911,"220,10,242"
1912,128
1913,"3,293,85"
1914,"169,199,281"
1915,"0,271,280"
1916,"3,147,148"
1917,"0,8,285"
1918,"0,319,211"
1919,"169,199,281"
1920,"23,74,118"
1921,"64,10,448"
1922,"23,231,118"
1923,"3,4"
1924,"40,41,42"
1925,"3,4,19"
1926,"3,4,188"
1927,"26,89,23"
1928,"169,170,339"
1929,"3,5,228"
1930,"23,24,43"
1931,"23,38"
1932,"0,271"
1933,"3,379,17"
1934,"220,10,221"
1935,"23,74,118"
1936,"199,169"
1937,"40,41,286"
1938,"3,85,158"
1939,"169,508,426"
1940,"23,24,43"
1941,"40,402,145"
1942,"0,271,355"
1943,"23,40,145"
1944,"31,23,258"
1945,"74,23,40"
1946,"10,54,322"
1947,"74,23,165"
1948,"220,10,221"
1949,"11,10,205"
1950,"74,23,165"
1951,"10,54,95"
1952,"199,169,343"
1953,"3,4"
1954,"220,10,221"
1955,"3,21,126"
1956,"10,64,80"
1957,"3,85,293"
1958,"3,147,148"
1959,"0,271"
1960,"0,216,380"
1961,"3,4"
1962,"10,220,221"
1963,"64,10,93"
1964,"169,296"
1965,"23,74,165"
1966,"11,10,12"
1967,"23,74,303"
1968,"64,10,93"
1969,"0,271,456"
1970,"23,309,38"
1971,"220,10,242"
1972,"10,220,221"
1973,"61,23,60"
1974,"220,10,221"
1975,"0,271,522"
1976,"0,271,280"
1977,"105,23,318"
1978,"0,271,456"
1979,"8,0,206"
1980,"43,23,24"
1981,"3,30"
1982,"10,64,80"
1983,"3,147"
1984,"0,235,8"
1985,"23,10,24"
1986,"0,277,413"
1987,"0,313,350"
1988,"40,131,406"
1989,"10,220,242"
1990,"3,147,148"
1991,"10,54"
1992,3
1993,"3,53,13"
1994,"3,21,164"
1995,"23,74"
1996,"169,508,426"
1997,"169,199,281"
1998,"169,199"
1999,"64,10"
2000,0
2001,"10,60,43"
2002,"3,21"
2003,"23,45,24"
2004,"3,34,263"
2005,"169,199,223"
2006,"23,74"
2007,169
2008,"64,10,90"
2009,"10,11,234"
2010,"169,199,259"
2011,0
2012,"10,64,448"
2013,"0,271,280"
2014,"0,271"
2015,"0,8,206"
2016,"199,169,323"
2017,40
2018,"118,74,430"
2019,"220,10,242"
2020,"199,169"
2021,"3,21"
2022,"3,85,158"
2023,"147,3,148"
2024,40
2025,"169,199"
2026,"3,85,158"
2027,"23,26,89"
2028,"0,279,249"
2029,"11,10,12"
2030,"40,131,134"
2031,"44,23,24"
2032,"199,169"
2033,"24,43,23"
2034,"40,41,42"
2035,"169,199"
2036,"23,38,91"
2037,"5,228,57"
2038,"3,21,187"
2039,"10,11,221"
2040,"169,21"
2041,"3,34,21"
2042,"199,169,281"
2043,"0,218,465"
2044,"216,304,0"
2045,53
2046,"44,40,145"
2047,169
2048,"11,10,205"
2049,"3,111,119"
2050,"11,44,10"
2051,"3,21,108"
2052,"3,21,199"
2053,"40,146,145"
2054,"32,23,31"
2055,"64,10,80"
2056,"169,171,199"
2057,"0,271,456"
2058,"115,322,10"
2059,"40,41,42"
2060,"23,31,32"
2061,"3,21"
2062,"3,168,17"
2063,"44,145,40"
2064,"10,43,60"
2065,169
2066,"31,23,10"
2067,"10,64,448"
2068,"4,3,19"
2069,"23,24,49"
2070,"64,10,65"
2071,"3,17,168"
2072,"3,30,66"
2073,"71,23,38"
2074,"3,523,21"
2075,"162,40,163"
2076,"23,31,96"
2077,"3,147,148"
2078,"169,170,459"
2079,"169,199,259"
2080,"0,311,265"
2081,"40,160"
2082,"23,26,89"
2083,"0,216,380"
2084,"169,199,343"
2085,"169,337"
2086,"169,199,259"
2087,"40,41,324"
2088,"40,139"
2089,"0,265,266"
2090,"26,23,350"
2091,"0,208"
2092,"3,5,57"
2093,"0,218,465"
2094,"23,169"
2095,"0,208,8"
2096,0
2097,40
2098,"10,64,11"
2099,"10,322,54"
2100,"23,38"
2101,"3,21"
2102,"3,111,112"
2103,"152,151,40"
2104,"64,10,90"
2105,"128,40,129"
2106,23
2107,"169,199,171"
2108,"3,147,148"
2109,"220,10,242"
2110,"169,260,170"
2111,"41,40,42"
2112,"0,213,214"
2113,"64,10,93"
2114,"23,137,38"
2115,"0,271,456"
2116,"3,147,156"
2117,"271,0,231"
2118,"44,40,145"
2119,23
2120,"44,45,40"
2121,"26,23,350"
2122,"40,131,406"
2123,23
2124,"64,10,338"
2125,"10,23,24"
2126,"11,10,205"
2127,"3,21,147"
2128,"0,216,257"
2129,"3,53,287"
2130,"11,10,109"
2131,"23,74,303"
2132,"64,10,93"
2133,"23,48,21"
2134,"10,64,93"
2135,"3,111"
2136,"0,271,456"
2137,"10,220,54"
2138,"40,139,153"
2139,"3,4,238"
2140,"3,21,48"
2141,"40,131,142"
2142,"23,63"
2143,"3,28,364"
2144,"24,23,49"
2145,"10,64,23"
2146,"229,0,230"
2147,"0,271,522"
2148,"220,10,242"
2149,"199,169,323"
2150,"23,26"
2151,"10,64,93"
2152,"3,85,21"
2153,"40,145"
2154,"0,8,391"
2155,"3,85,158"
2156,"23,145,40"
2157,"10,60,64"
2158,"40,100,367"
2159,"40,145,44"
2160,"23,38,105"
2161,"393,0"
2162,"220,10,221"
2163,"3,111,119"
2164,"40,23,84"
2165,"169,199,171"
2166,"220,10,242"
2167,"23,74,317"
2168,"40,131,406"
2169,"10,169,199"
2170,"8,0,308"
2171,"40,160,152"
2172,3
2173,"40,184,185"
2174,3
2175,"23,26,89"
2176,"23,48"
2177,"23,26,231"
2178,"23,24,71"
2179,"17,168,3"
2180,"43,23,24"
2181,"40,131,406"
2182,"23,26,231"
2183,"0,8,23"
2184,"8,0,285"
2185,"3,147,85"
2186,"3,21,127"
2187,"40,152,151"
2188,"23,24,43"
2189,3
2190,"3,34"
2191,"145,40,10"
2192,"11,10,109"
2193,"17,3,168"
2194,3
2195,"0,271"
2196,"0,271"
2197,"40,131,241"
2198,"10,220,242"
2199,"169,199,281"
2200,"40,139,153"
2201,"0,271,456"
2202,"64,10,448"
2203,"169,199,171"
2204,"23,24,49"
2205,"169,199,281"
2206,"3,53"
2207,"0,271"
2208,"0,313,346"
2209,"169,199"
2210,"23,118,74"
2211,"0,216,380"
2212,"3,147,156"
2213,3
2214,"23,74,303"
2215,"128,40,195"
2216,"3,53,111"
2217,"40,131,406"
2218,"220,10,242"
2219,"220,10,242"
2220,"220,10,242"
2221,"131,40,226"
2222,"23,31,96"
2223,"10,64"
2224,"23,38,71"
2225,"3,53"
2226,"3,21,164"
2227,"220,10,242"
2228,"0,369,208"
2229,0
2230,"10,60,93"
2231,"220,10,242"
2232,"23,38,71"
2233,"44,145,40"
2234,"10,11,109"
2235,"145,40,402"
2236,"220,10,242"
2237,"8,0,391"
2238,"220,10,242"
2239,"0,265,349"
2240,"3,238,4"
2241,"23,96,31"
2242,"3,4,238"
2243,"3,66,30"
2244,"64,10,80"
2245,"40,145,402"
2246,"40,41"
2247,"220,10,242"
2248,"23,43,24"
2249,"54,10,55"
2250,"40,129,128"
2251,"3,17,168"
2252,"3,147,148"
2253,"220,10,221"
2254,"3,21,48"
2255,"11,10,109"
2256,"17,3,168"
2257,0
2258,"0,348,255"
2259,"220,10,242"
2260,23
2261,"23,118,74"
2262,"10,11,205"
2263,"138,135,40"
2264,"0,272,361"
2265,"40,139,153"
2266,"169,199,281"
2267,"11,10,205"
2268,"0,208"
2269,"64,10,93"
2270,3
2271,"169,199,170"
2272,"152,151,169"
2273,"3,4"
2274,"3,15,16"
2275,"169,296,306"
2276,"10,54,55"
2277,"169,426"
2278,"3,21"
2279,"0,512,218"
2280,"0,216,254"
2281,"43,23,24"
2282,"169,343,312"
2283,"23,26,89"
2284,"296,169,460"
2285,"0,265,340"
2286,"3,5,228"
2287,"147,3,148"
2288,"3,15,16"
2289,"10,220,242"
2290,"3,379,21"
2291,"138,135,40"
2292,"3,111"
2293,"23,74,118"
2294,"0,271"
2295,"11,205,10"
2296,"220,10,242"
2297,"3,21,30"
2298,"220,10,242"
2299,"169,199,459"
2300,"0,271,456"
2301,"23,38,309"
2302,"74,23,303"
2303,3
2304,"3,34,169"
2305,"15,16,3"
2306,"0,271"
2307,"40,41,324"
2308,"0,350,313"
2309,"17,168,3"
2310,"10,54,95"
2311,"0,8,235"
2312,"3,21"
2313,"169,199,323"
2314,"10,220,242"
2315,"23,31,454"
2316,"23,26,350"
2317,"199,169,24"
2318,"220,10"
2319,"265,0,266"
2320,3
2321,"169,199"
2322,"23,26,231"
2323,"0,249,279"
2324,"169,296"
2325,"0,279,249"
2326,"0,216"
2327,"23,26,89"
2328,"10,54"
2329,"40,41,324"
2330,"32,23,31"
2331,"0,413,277"
2332,169
2333,"44,45,40"
2334,"23,26,89"
2335,"23,26,89"
2336,"40,160"
2337,"220,242,10"
2338,"3,4,238"
2339,"3,4,238"
2340,"23,74,118"
2341,"40,145,44"
2342,"3,21,127"
2343,"23,24,25"
2344,"40,160,135"
2345,"3,28,113"
2346,"23,118,74"
2347,"220,10,242"
2348,"3,17"
2349,"169,199,343"
2350,"64,10,90"
2351,"10,11,234"
2352,"3,53,287"
2353,"220,10,221"
2354,"0,265,266"
2355,"11,10,109"
2356,"3,21"
2357,"169,170,199"
2358,"169,281,199"
2359,"24,23,44"
2360,"0,265,340"
2361,"44,40,145"
2362,0
2363,"40,41,224"
2364,"115,3,21"
2365,"128,129,40"
2366,"220,10,242"
2367,"40,162,163"
2368,"74,23,303"
2369,"23,24,40"
2370,"3,53,147"
2371,"26,23,231"
2372,3
2373,"220,242,10"
2374,"220,10,242"
2375,"54,10,95"
2376,3
2377,"44,145,40"
2378,"3,15,16"
2379,"40,145,44"
2380,"0,213,214"
2381,"0,265,349"
2382,"21,3,127"
2383,"3,111,112"
2384,"478,145,40"
2385,"3,28,190"
2386,"40,74,23"
2387,"169,199,343"
2388,"44,40,45"
2389,"170,169,260"
2390,"3,293,85"
2391,"10,11,60"
2392,"169,170,171"
2393,"3,147,156"
2394,"11,10,109"
2395,208
2396,"220,242,10"
2397,"54,95,10"
2398,"169,199,171"
2399,"40,41,224"
2400,"25,24,220"
2401,"23,49,24"
2402,"3,53"
2403,"0,413,277"
2404,"3,21,108"
2405,"10,60,61"
2406,"40,139,41"
2407,"11,10,109"
2408,"23,24,43"
2409,"44,145,40"
2410,"23,24,43"
2411,"40,128,395"
2412,3
2413,"40,224,41"
2414,"10,11"
2415,"15,16,3"
2416,"23,74,118"
2417,10
2418,"23,44,145"
2419,"64,10,93"
2420,"3,187,21"
2421,"43,23,24"
2422,"3,15,16"
2423,"3,21"
2424,"4,3,19"
2425,"64,10,448"
2426,"3,111,472"
2427,"169,337,251"
2428,"23,74,118"
2429,10
2430,"23,89,26"
2431,"40,128,129"
2432,"0,216"
2433,"100,208,0"
2434,"3,147,148"
2435,"21,3"
2436,"169,199,281"
2437,"23,26"
2438,"169,170"
2439,"3,147,148"
2440,"44,10,72"
2441,"0,8,206"
2442,"10,64,93"
2443,"3,30"
2444,"40,131,139"
2445,"152,151,40"
2446,"24,23,43"
2447,"231,26,23"
2448,"40,131,241"
2449,"10,220,221"
2450,"3,34"
2451,"8,0,391"
2452,"128,195,40"
2453,"138,40,169"
2454,"3,21,379"
2455,"0,271"
2456,"128,129,40"
2457,"169,199,171"
2458,"23,454,31"
2459,"10,11,205"
2460,3
2461,"23,40,54"
2462,"3,85,86"
2463,"3,21,108"
2464,"10,64"
2465,"0,339,337"
2466,"10,220,40"
2467,"169,170"
2468,"10,220,242"
2469,"96,23,31"
2470,"64,10,448"
2471,"220,10,242"
2472,"128,40,129"
2473,"3,17,168"
2474,40
2475,3
2476,"3,21"
2477,"10,60,93"
2478,"3,68"
2479,"3,111"
2480,"32,31,23"
2481,"169,199,259"
2482,"10,64,90"
2483,"3,17,168"
2484,"23,49,24"
2485,"169,199,281"
2486,"0,279,249"
2487,"0,265,340"
2488,"260,169,170"
2489,"3,111,284"
2490,"3,17,168"
2491,"0,313,346"
2492,"0,271"
2493,"40,145,44"
2494,"0,319,211"
2495,220
2496,"40,139"
2497,"23,105"
2498,"40,139,131"
2499,"23,31"
2500,"170,169,459"
2501,"3,21,108"
2502,"23,26,231"
2503,"3,53"
2504,"40,131,142"
2505,"8,0,350"
2506,"40,128,129"
2507,3
2508,"169,199"
2509,"23,24,49"
2510,"43,64,23"
2511,"41,40"
2512,"0,271,272"
2513,"40,128,129"
2514,"64,10"
2515,"3,21"
2516,"54,95,44"
2517,"23,43,24"
2518,"10,54,322"
2519,"131,40,134"
2520,"23,24"
2521,3
2522,"3,28,190"
2523,"169,199"
2524,"10,60,61"
2525,"23,0,370"
2526,"10,43"
2527,"23,31,39"
2528,"95,54,10"
2529,"26,23,231"
2530,0
2531,"23,31,454"
2532,"8,0,206"
2533,"169,199,323"
2534,"0,313,346"
2535,"40,139,153"
2536,"3,21,379"
2537,"23,43,24"
2538,"3,40"
2539,"3,48"
2540,"11,10,109"
2541,"3,21"
2542,"23,26,350"
2543,"40,41,224"
2544,"0,213,214"
2545,"40,131,406"
2546,24
2547,"115,3"
2548,"23,126,105"
2549,"23,26,350"
2550,"169,199,374"
2551,"64,10,65"
2552,"169,199,135"
2553,"23,38"
2554,"10,11,12"
2555,"3,4,435"
2556,"64,10,448"
2557,"3,111"
2558,"169,199,170"
2559,"40,41,128"
2560,"10,54"
2561,3
2562,"3,28,169"
2563,0
2564,"40,41,186"
2565,"10,60"
2566,"40,128,131"
2567,"3,111,119"
2568,"512,0,218"
2569,"220,10,242"
2570,"0,280,348"
2571,"3,28,112"
2572,"10,64,239"
2573,"23,38,91"
2574,"105,53"
2575,"25,23,24"
2576,"3,147,148"
2577,"23,49,24"
2578,"3,21,164"
2579,"10,60,239"
2580,"454,23,31"
2581,"220,10,242"
2582,"0,265,266"
2583,"40,324,128"
2584,"3,28"
2585,"296,169,411"
2586,"105,40"
2587,"3,21,284"
2588,"3,523,53"
2589,"10,220,242"
2590,"3,15,16"
2591,"0,249,279"
2592,"40,127"
2593,"10,11,419"
2594,"3,5,57"
2595,"169,199,281"
2596,"31,23,258"
2597,"40,131,241"
2598,"40,128,186"
2599,"208,0,369"
2600,"23,74"
2601,"0,249,279"
2602,"40,131,159"
2603,"40,131,241"
2604,"3,17,168"
2605,"26,23,350"
2606,"0,271"
2607,"74,23,118"
2608,"23,26,350"
2609,"138,135,40"
2610,"43,24,23"
2611,"0,271,456"
2612,"23,10,49"
2613,"40,145,44"
2614,"23,74,303"
2615,"40,41"
2616,"24,23,43"
2617,"10,64,90"
2618,0
2619,"169,170"
2620,"40,135,250"
2621,"0,456,271"
2622,"60,61,10"
2623,"3,15,16"
2624,"3,147,148"
2625,"0,265,340"
2626,"40,131,241"
2627,"3,21,108"
2628,"10,54"
2629,"0,271"
2630,"145,454,31"
2631,"129,128,40"
2632,"3,21"
2633,"43,23,24"
2634,40
2635,"199,169,323"
2636,"249,0,45"
2637,"3,21"
2638,105
2639,"3,156,147"
2640,"23,24,43"
2641,"40,131,406"
2642,"40,145,146"
2643,"3,111,112"
2644,"3,40"
2645,"3,53"
2646,"169,170,274"
2647,"3,85,293"
2648,"23,26,0"
2649,"0,265,349"
2650,"23,74,160"
2651,"3,160,40"
2652,"10,64"
2653,"3,17,320"
2654,"40,131,134"
2655,"10,64"
2656,"40,131,226"
2657,"74,23,303"
2658,"64,10,65"
2659,"220,10,242"
2660,"4,19,3"
2661,3
2662,"3,111,112"
2663,"23,24,43"
2664,"169,199"
2665,"26,23,350"
2666,3
2667,"3,147,156"
2668,"3,147,275"
2669,"23,43,24"
2670,"31,23,454"
2671,"11,10,12"
2672,"5,3,228"
2673,"23,31,454"
2674,"10,11,109"
2675,"3,111,112"
2676,"40,131,406"
2677,"3,17,168"
2678,"3,111"
2679,"3,11,13"
2680,"0,265,349"
2681,"169,199"
2682,"23,350,26"
2683,3
2684,"0,319,211"
2685,"10,64,90"
2686,"4,3,238"
2687,"169,199,323"
2688,"3,17,168"
2689,3
2690,40
2691,"169,199,281"
2692,"131,40,226"
2693,23
2694,"34,3,143"
2695,"152,151,169"
2696,"23,118,74"
2697,"64,10,448"
2698,169
2699,"40,241,145"
2700,"40,41,224"
2701,"3,66,30"
2702,"220,10,221"
2703,"3,238,4"
2704,"40,41,224"
2705,"169,281,259"
2706,"10,43,23"
2707,"169,426"
2708,"0,229,421"
2709,"169,199,343"
2710,"3,111"
2711,"23,309,135"
2712,"0,271"
2713,"10,64,65"
2714,"3,13,23"
2715,"169,170"
2716,"0,8,235"
2717,3
2718,296
2719,"169,199,259"
2720,"40,145,44"
2721,"23,26,89"
2722,"0,271,213"
2723,"169,170"
2724,"24,23,49"
2725,"0,271,456"
2726,"3,21,108"
2727,"10,60,43"
2728,"220,10,242"
2729,"23,26,199"
2730,"40,131,406"
2731,"3,21"
2732,"23,74,118"
2733,"40,145,146"
2734,"10,64"
2735,"44,45,40"
2736,"11,10"
2737,"3,16,15"
2738,"169,199,281"
2739,"220,10,242"
2740,"40,152,151"
2741,10
2742,"40,135,41"
2743,"23,118,74"
2744,"3,147,148"
2745,"23,49,24"
2746,"90,64,10"
2747,"40,152,151"
2748,"40,131,226"
2749,"23,31,32"
2750,"23,62,24"
2751,"40,135,250"
2752,"3,111,119"
2753,"3,53,287"
2754,"10,64,43"
2755,"64,10,80"
2756,"0,271,280"
2757,"23,74,118"
2758,"220,10,221"
2759,"220,10,242"
2760,"164,3,21"
2761,"0,8,206"
2762,"23,74,118"
2763,"220,10,242"
2764,"3,21"
2765,0
2766,"40,128"
2767,28
2768,"160,40,315"
2769,"40,160"
2770,"169,199,281"
2771,"10,11,60"
2772,"40,131,134"
2773,"10,54,55"
2774,"3,147"
2775,"11,10,205"
2776,"23,137,24"
2777,"3,4,375"
2778,"0,2,271"
2779,413
2780,"3,53"
2781,"0,8,235"
2782,"213,0,214"
2783,"44,45,40"
2784,"3,17,168"
2785,"10,220,242"
2786,"10,239,60"
2787,"23,74,118"
2788,"169,199"
2789,"23,74,317"
2790,"40,241,131"
2791,"131,40,406"
2792,"3,111,119"
2793,"169,281,199"
2794,"3,147,148"
2795,"40,42,41"
2796,"40,128,129"
2797,"0,271,291"
2798,3
2799,"8,0,405"
2800,"8,40,128"
2801,"169,199,281"
2802,"64,10,80"
2803,"40,131,241"
2804,"26,23,231"
2805,"10,23,54"
2806,"40,128,186"
2807,"3,21,108"
2808,"54,10,95"
2809,"64,10,80"
2810,"0,206,8"
2811,"3,4"
2812,0
2813,"64,10,93"
2814,"21,3,48"
2815,"3,28,113"
2816,"169,199,323"
2817,"105,23"
2818,"17,168,3"
2819,"169,426,427"
2820,"3,13,204"
2821,"3,85,111"
2822,"23,32,118"
2823,"169,296"
2824,"199,169,281"
2825,"10,60,64"
2826,3
2827,40
2828,"23,74,303"
2829,"0,265,257"
2830,"3,111,123"
2831,"129,128,40"
2832,"23,26,89"
2833,"40,128,129"
2834,"169,199,323"
2835,"3,21"
2836,"23,118,74"
2837,"44,40,145"
2838,"169,199,170"
2839,"171,169,199"
2840,"34,3,263"
2841,"40,131,226"
2842,"10,11,419"
2843,"3,21"
2844,"3,4,111"
2845,3
2846,"10,64,93"
2847,"3,320,17"
2848,0
2849,"220,10,242"
2850,"296,169,428"
2851,"17,168,3"
2852,"74,23,303"
2853,"135,40,138"
2854,"40,146,23"
2855,3
2856,"169,337,339"
2857,"23,105,318"
2858,"53,3,287"
2859,"40,149,41"
2860,"3,169"
2861,"23,26,89"
2862,"3,447,116"
2863,"3,21,48"
2864,"4,3,19"
2865,"131,40,406"
2866,"23,40,135"
2867,3
2868,"169,199"
2869,"23,25"
2870,0
2871,"40,131,406"
2872,"64,10,93"
2873,"0,216"
2874,"138,135,40"
2875,"0,313,346"
2876,"40,131,406"
2877,"10,64,43"
2878,"0,313,346"
2879,"4,3,238"
2880,"0,271,456"
2881,"43,24,23"
2882,"169,199,171"
2883,"3,4,19"
2884,"0,418,11"
2885,"220,10,221"
2886,"4,3,19"
2887,"271,0,456"
2888,"131,406,40"
2889,"44,40,145"
2890,"10,220,242"
2891,"40,135"
2892,"3,147,148"
2893,"23,231,26"
2894,"23,74"
2895,"23,24,49"
2896,"0,265,271"
2897,"10,64,93"
2898,"3,13"
2899,"74,23,165"
2900,"40,131"
2901,"15,16,3"
2902,"40,145,44"
2903,"0,265,340"
2904,"11,10,109"
2905,3
2906,"0,206,369"
2907,"21,3,124"
2908,"3,147,156"
2909,"11,62,24"
2910,"23,74,38"
2911,"23,26,89"
2912,0
2913,"129,128,40"
2914,"0,216"
2915,"10,23,43"
2916,"0,271,2"
2917,"220,10,242"
2918,"169,199,64"
2919,"0,271,456"
2920,"64,10,448"
2921,"40,131,406"
2922,"3,85,156"
2923,"40,41,149"
2924,"160,40,169"
2925,"169,199,259"
2926,"3,5"
2927,"3,30"
2928,"40,160,152"
2929,"10,54,95"
2930,"40,128,129"
2931,"24,23,43"
2932,"23,38,25"
2933,"3,21,111"
2934,"10,54,322"
2935,"3,4,28"
2936,"3,21,127"
2937,"3,111"
2938,"10,64,93"
2939,"3,48,21"
2940,"40,145,44"
2941,"3,53,4"
2942,"40,128,129"
2943,"23,24,43"
2944,"40,41,224"
2945,"40,135,41"
2946,"11,10,12"
2947,"74,23,303"
2948,"26,23,89"
2949,"40,185,184"
2950,3
2951,"169,337,339"
2952,"169,199,170"
2953,3
2954,"23,24,43"
2955,23
2956,"3,147,148"
2957,"11,10,205"
2958,0
2959,"0,271"
2960,"3,4"
2961,"23,10,199"
2962,"169,170,199"
2963,"23,24,49"
2964,"0,271"
2965,"23,31"
2966,"131,40,406"
2967,"64,10,90"
2968,"40,23,131"
2969,"23,49,24"
2970,"40,128,129"
2971,"169,229,337"
2972,"23,74,26"
2973,"0,206,8"
2974,"3,21,108"
2975,"3,523,53"
2976,"3,40"
2977,"10,64,93"
2978,3
2979,"40,162,163"
2980,"220,10,221"
2981,"10,54,145"
2982,"40,139,41"
2983,"44,145,40"
2984,"23,307,74"
2985,"40,128"
2986,0
2987,"40,152,151"
2988,23
2989,"10,54,95"
2990,"3,21"
2991,"10,11,109"
2992,"23,32,31"
2993,"44,40"
2994,"23,43,24"
2995,"220,10,242"
2996,"3,48,30"
2997,"40,127,41"
2998,"23,38,137"
2999,40
3000,"23,26,24"
3001,"3,15,16"
3002,"10,11,12"
3003,"26,23,231"
3004,"296,169,306"
3005,"3,4"
3006,"26,89,23"
3007,"138,135,169"
3008,"23,74,118"
3009,"40,41,42"
3010,"3,53,523"
3011,"11,10,109"
3012,"3,21,187"
3013,"64,10,448"
3014,"0,271,265"
3015,"3,401,13"
3016,"23,31"
3017,"23,145,31"
3018,"60,61,23"
3019,23
3020,3
3021,"13,3,14"
3022,"40,145,402"
3023,"10,54"
3024,"3,21,379"
3025,"129,128,40"
3026,"32,31,23"
3027,"64,10,338"
3028,169
3029,"13,3,150"
3030,"0,279,249"
3031,169
3032,"3,126"
3033,"0,271,456"
3034,"23,38"
3035,"0,8,235"
3036,3
3037,"3,147,167"
3038,"3,187,21"
3039,"31,23"
3040,"23,26,89"
3041,"40,184,494"
3042,"3,21,187"
3043,"169,199,323"
3044,"3,17"
3045,3
3046,"23,24"
3047,"3,147,148"
3048,"3,21,127"
3049,"3,4,238"
3050,"40,160,334"
3051,"23,74"
3052,"272,0,361"
3053,"23,24"
3054,"3,147,148"
3055,"128,40,129"
3056,"169,296,411"
3057,"64,10,80"
3058,"3,111,112"
3059,"54,10,95"
3060,"54,10,95"
3061,"24,23,59"
3062,"3,111,119"
3063,"23,24,43"
3064,"44,40,145"
3065,"169,199,281"
3066,"23,105"
3067,"23,26,231"
3068,"0,8,206"
3069,23
3070,"0,271"
3071,40
3072,"10,60,93"
3073,"169,199,260"
3074,"169,337,339"
3075,"139,3,40"
3076,"4,19,3"
3077,"3,53,199"
3078,"3,53,523"
3079,"8,0,308"
3080,"60,53,10"
3081,"23,31,454"
3082,"11,10,205"
3083,"3,30,66"
3084,"10,64,93"
3085,"3,21"
3086,"138,40,135"
3087,"3,21,127"
3088,"11,10,12"
3089,"23,38"
3090,"4,3,238"
3091,"11,10,12"
3092,"40,145,44"
3093,"32,3,23"
3094,"23,26,89"
3095,"40,152,151"
3096,"40,146,145"
3097,"0,313,346"
3098,"0,456,271"
3099,"23,26,350"
3100,3
3101,"41,40,42"
3102,"23,38,303"
3103,"40,160,423"
3104,"40,129,128"
3105,"64,10,80"
3106,"60,10,61"
3107,"169,199,323"
3108,"3,147"
3109,"199,169,281"
3110,"40,41,21"
3111,"220,10,242"
3112,"169,199"
3113,"3,66,30"
3114,"3,53,430"
3115,23
3116,"4,3,19"
3117,"40,131,159"
3118,"3,30,66"
3119,40
3120,23
3121,"64,10,338"
3122,"23,26,89"
3123,"169,199,281"
3124,"10,220"
3125,"169,199,281"
3126,"10,64,80"
3127,"3,53,4"
3128,"64,10,338"
3129,"3,4,238"
3130,"11,10,109"
3131,"3,182,68"
3132,"3,21,48"
3133,"199,169,281"
3134,"3,51,52"
3135,"3,156,147"
3136,"44,145,40"
3137,"3,111,112"
3138,"3,147,148"
3139,"3,17"
3140,"3,21"
3141,"40,160"
3142,"3,4"
3143,"10,322"
3144,"0,271"
3145,"23,74,71"
3146,"10,64,11"
3147,"3,21,127"
3148,"23,74,303"
3149,"3,21,127"
3150,"3,17,168"
3151,"23,74,303"
3152,"40,131,406"
3153,3
3154,"40,160,315"
3155,"147,148,3"
3156,"68,3,182"
3157,"220,10,221"
3158,"8,0,206"
3159,"43,23,24"
3160,"199,169,281"
3161,"4,3,19"
3162,"23,454,31"
3163,"40,41,286"
3164,"44,145,40"
3165,"169,260,170"
3166,"206,0,8"
3167,"169,199"
3168,"3,34,263"
3169,"3,287,53"
3170,"3,111,53"
3171,"199,169,40"
3172,23
3173,"40,131,134"
3174,"31,169,23"
3175,"0,271,265"
3176,"0,8"
3177,"26,23,89"
3178,"23,74,118"
3179,"26,23,350"
3180,"44,145,40"
3181,"4,3"
3182,"3,187,21"
3183,"23,24,43"
3184,"3,147,156"
3185,"40,160,149"
3186,"23,31,96"
3187,"220,10,242"
3188,"23,43,24"
3189,"10,11,61"
3190,"199,169,356"
3191,"169,199"
3192,"43,23,24"
3193,"169,199"
3194,"40,128,129"
3195,"3,156"
3196,"169,296"
3197,"0,235,257"
3198,"23,31"
3199,"0,255"
3200,"23,74,303"
3201,"23,39"
3202,"0,271"
3203,"40,128,129"
3204,"11,10,109"
3205,"40,160,315"
3206,"21,3,102"
3207,"131,241,406"
3208,"40,131"
3209,"40,41,201"
3210,"3,21,53"
3211,"10,11,205"
3212,"309,23,38"
3213,"40,128,186"
3214,"169,426,199"
3215,"3,21"
3216,"64,10,448"
3217,"23,26,350"
3218,"40,145,146"
3219,"17,3,168"
3220,"169,296,428"
3221,"40,162,163"
3222,"0,249,279"
3223,"0,257,216"
3224,137
3225,"3,40,53"
3226,"23,38,39"
3227,"26,23,231"
3228,"40,131"
3229,"0,216,257"
3230,0
3231,"169,199,281"
3232,"43,10,23"
3233,"23,44,45"
3234,"23,24,60"
3235,"3,21,187"
3236,40
3237,"23,24"
3238,"220,10,242"
3239,"135,40,250"
3240,"24,23,59"
3241,"3,147,148"
3242,"10,60,322"
3243,"169,199,260"
3244,"40,145,44"
3245,"64,10,65"
3246,"23,74,283"
3247,"11,10,109"
3248,"10,11"
3249,"118,23,500"
3250,"64,10,338"
3251,"21,40,42"
3252,"3,53,99"
3253,"40,145,146"
3254,"3,21"
3255,"0,271"
3256,"0,456,271"
3257,"0,271,456"
3258,"3,4"
3259,"3,15,16"
3260,"3,53,523"
3261,"220,10,242"
3262,"64,10,448"
3263,"169,23"
3264,"23,38,74"
3265,"64,10,65"
3266,"40,224,41"
3267,0
3268,"0,213,214"
3269,"0,216"
3270,"54,10,95"
3271,"23,74,118"
3272,"0,271,366"
3273,"40,131,241"
3274,"3,21,48"
3275,"40,41,324"
3276,"145,40,44"
3277,"32,23,31"
3278,"169,170,199"
3279,"3,21,187"
3280,"23,169"
3281,"3,21,182"
3282,"3,21,187"
3283,"40,131,406"
3284,"169,337,251"
3285,"3,147,148"
3286,"23,89,26"
3287,"0,319,211"
3288,"5,3,6"
3289,"40,162,163"
3290,"3,17,168"
3291,"23,309,38"
3292,"169,199,281"
3293,"139,140,40"
3294,"3,21"
3295,"160,40"
3296,"21,3,126"
3297,"220,10,242"
3298,"3,4,15"
3299,"3,21,187"
3300,"3,15,16"
3301,"23,38,309"
3302,"40,145,44"
3303,"64,10,338"
3304,"169,170,199"
3305,"0,255"
3306,0
3307,"220,10,242"
3308,0
3309,"100,40"
3310,0
3311,"10,54,95"
3312,"3,21"
3313,"64,10,80"
3314,"40,139,155"
3315,"23,24,49"
3316,"265,0,349"
3317,"0,271,291"
3318,"3,147"
3319,0
3320,"3,28,190"
3321,"169,199,259"
3322,"10,44,54"
3323,"199,139,169"
3324,"3,13,183"
3325,"5,3,6"
3326,"23,32,31"
3327,23
3328,"220,10,221"
3329,"3,5,228"
3330,"3,21,108"
3331,"13,11,3"
3332,"0,265,266"
3333,"3,21"
3334,"169,199,281"
3335,"23,10,31"
3336,"3,15,16"
3337,"17,168,3"
3338,"169,199"
3339,"0,366,271"
3340,"31,40,23"
3341,"23,24,49"
3342,"3,21"
3343,"3,21"
3344,"169,199,281"
3345,"220,10,242"
3346,"23,26,89"
3347,"3,21"
3348,"0,265"
3349,"220,10,242"
3350,"169,170,260"
3351,0
3352,"23,309,38"
3353,"40,152,151"
3354,"40,128,129"
3355,"3,4,111"
3356,"40,162"
3357,"17,3,168"
3358,"40,160,302"
3359,"23,26,89"
3360,"255,0,463"
3361,"40,145,44"
3362,"3,4,435"
3363,"128,129,40"
3364,"40,128,129"
3365,"3,34,263"
3366,"41,40"
3367,"40,131,226"
3368,"8,0,285"
3369,"0,313"
3370,"0,291,444"
3371,"3,17,168"
3372,3
3373,"10,64"
3374,"128,129,40"
3375,"10,60,61"
3376,"11,10,205"
3377,"74,23,317"
3378,"169,199,171"
3379,"131,40,241"
3380,"128,129,195"
3381,"0,265"
3382,"23,118,74"
3383,"10,64"
3384,"139,153,40"
3385,"23,74,317"
3386,"40,162,163"
3387,"169,171,199"
3388,"0,8"
3389,3
3390,"40,41,21"
3391,"23,38"
3392,"11,10,109"
3393,"40,162,163"
3394,"3,53,523"
3395,10
3396,"40,145,44"
3397,"11,10,109"
3398,"23,118,74"
3399,"128,195,40"
3400,"10,44,54"
3401,"3,238"
3402,"43,23,24"
3403,"313,346,89"
3404,"10,64"
3405,"54,10,322"
3406,"323,199,169"
3407,"3,21"
3408,"10,54,95"
3409,"23,49,24"
3410,"478,23,241"
3411,"199,23,169"
3412,"23,26,89"
3413,"10,64,448"
3414,"23,24,49"
3415,"43,23,24"
3416,"71,38,23"
3417,"40,145,44"
3418,"10,11,109"
3419,"23,74,317"
3420,0
3421,"64,10,448"
3422,"23,49,24"
3423,"40,160,423"
3424,"206,8,0"
3425,"23,31,96"
3426,"0,265,349"
3427,"0,280,271"
3428,"3,66,30"
3429,"40,145,44"
3430,"3,5,228"
3431,"169,426,199"
3432,"135,40,3"
3433,"40,131,406"
3434,"26,23,8"
3435,"0,3,17"
3436,"8,206,0"
3437,"23,74"
3438,"10,23,43"
3439,"40,131,142"
3440,"131,40,406"
3441,"44,40,145"
3442,"0,229,230"
3443,"271,0,355"
3444,"23,74"
3445,"17,3,168"
3446,"40,160"
3447,"23,24"
3448,"40,41,324"
3449,3
3450,"206,0,8"
3451,"169,199"
3452,"0,313,346"
3453,"3,4"
3454,"3,53,287"
3455,"0,456,271"
3456,"3,13,14"
3457,"3,148,147"
3458,"199,169"
3459,"10,54,49"
3460,"40,131,134"
3461,"26,231,23"
3462,"40,131,132"
3463,"3,53,287"
3464,"26,23,350"
3465,"40,128,195"
3466,10
3467,"3,28,330"
3468,"4,3,238"
3469,"3,36,35"
3470,"3,147,148"
3471,"0,216"
3472,"4,3,19"
3473,"40,145,44"
3474,"64,10,65"
3475,"10,11,205"
3476,0
3477,"3,85,21"
3478,"23,74,38"
3479,"10,11"
3480,"231,26,23"
3481,"23,38,74"
3482,"3,147,148"
3483,"3,169,170"
3484,"4,3,19"
3485,"3,21"
3486,"3,17,168"
3487,"169,199,343"
3488,"23,454,31"
3489,3
3490,"23,74,84"
3491,"23,32,74"
3492,"3,40"
3493,"40,128,129"
3494,"3,21,85"
3495,"89,40,23"
3496,"169,199,281"
3497,"43,23,24"
3498,"169,199,281"
3499,"0,8,206"
3500,"271,0,169"
3501,"3,21"
3502,"40,135"
3503,"44,40,145"
3504,"169,199,281"
3505,3
3506,"11,10,109"
3507,"23,74,118"
3508,"220,10,242"
3509,"206,8,0"
3510,"0,271,456"
3511,"65,64"
3512,"23,231,26"
3513,"23,31,96"
3514,"40,36,35"
3515,"43,24,23"
3516,"169,199,356"
3517,"10,11,60"
3518,"40,160,302"
3519,"44,40,145"
3520,"3,21"
3521,"10,11,109"
3522,"54,10,145"
3523,"40,152,151"
3524,"3,147"
3525,"23,10,309"
3526,"169,296,411"
3527,"3,85,156"
3528,"3,48,21"
3529,"40,41,324"
3530,"3,111"
3531,"220,10,242"
3532,"23,74"
3533,"23,24,43"
3534,"3,147,148"
3535,"169,199,259"
3536,3
3537,"3,147"
3538,"3,66,30"
3539,"3,85,86"
3540,"23,26,89"
3541,"23,24,49"
3542,"0,265,418"
3543,"3,147,148"
3544,"131,40,226"
3545,"23,26,89"
3546,"206,8,0"
3547,"40,49,395"
3548,"40,139"
3549,"0,271,340"
3550,"23,32"
3551,"40,145,0"
3552,"0,456,271"
3553,"169,170"
3554,"3,13"
3555,"0,271,456"
3556,"3,17,168"
3557,"139,40,153"
3558,"23,74,118"
3559,"3,4,15"
3560,"169,171,199"
3561,"3,21"
3562,"3,375"
3563,"40,41,324"
3564,"64,10"
3565,3
3566,"3,111"
3567,"31,23,96"
3568,"3,21"
3569,"169,199,281"
3570,"40,131,486"
3571,"23,74,118"
3572,"10,64"
3573,"199,169"
3574,"3,13,150"
3575,"11,10,205"
3576,"23,128,40"
3577,"220,10,221"
3578,"25,24,23"
3579,"128,186,40"
3580,"64,10,448"
3581,"0,271,456"
3582,"44,40,45"
3583,"32,3,23"
3584,"169,296"
3585,"3,21"
3586,"43,23,54"
3587,"3,21"
3588,"135,40,138"
3589,"23,231,26"
3590,"220,10,242"
3591,"0,8,220"
3592,"169,199"
3593,"23,26,350"
3594,"23,74,303"
3595,"60,10,23"
3596,"169,296,428"
3597,"23,32,31"
3598,"3,4"
3599,"131,40,241"
3600,"3,17,168"
3601,"111,3"
3602,"3,111,112"
3603,"3,21,33"
3604,"3,147,148"
3605,"11,10,205"
3606,"0,271,355"
3607,40
3608,"10,49,239"
3609,"3,85"
3610,"3,21,48"
3611,"3,22,21"
3612,23
3613,"40,184,131"
3614,3
3615,0
3616,"64,10,448"
3617,"10,54,322"
3618,"169,337,251"
3619,"3,36,35"
3620,"0,271,456"
3621,"169,170,260"
3622,"23,24"
3623,"3,4"
3624,"3,21"
3625,"220,10,242"
3626,"23,31,258"
3627,"402,145,40"
3628,"40,131,226"
3629,"160,40"
3630,"23,26,89"
3631,"10,64,93"
3632,"23,74,350"
3633,"152,151,40"
3634,"313,346"
3635,"3,4,238"
3636,"11,10,109"
3637,"40,128,129"
3638,"3,17,168"
3639,"40,145"
3640,"45,44,10"
3641,"3,53,287"
3642,"145,40,44"
3643,"40,131,142"
3644,"111,3,40"
3645,"3,156"
3646,"44,40,145"
3647,"53,3,287"
3648,"169,339,337"
3649,"74,23,118"
3650,"169,170,23"
3651,"3,4,111"
3652,"23,105,326"
3653,"169,170,260"
3654,"118,23,74"
3655,"3,21,153"
3656,"95,54,44"
3657,"44,40,145"
3658,"147,3,148"
3659,"0,257,216"
3660,"169,199,281"
3661,"44,145,40"
3662,"0,271,456"
3663,"3,21,301"
3664,"145,40,54"
3665,"10,64,93"
3666,"23,26,89"
3667,"11,10,109"
3668,"3,28"
3669,"40,145,146"
3670,"40,145,44"
3671,"64,10,93"
3672,"3,21"
3673,"4,3,435"
3674,"40,44,145"
3675,"40,184,185"
3676,"74,165,23"
3677,"3,13,14"
3678,"0,456,26"
3679,"271,0,456"
3680,"40,334,111"
3681,"3,21,85"
3682,"199,169,343"
3683,"3,15,16"
3684,"3,127,21"
3685,"3,53"
3686,"40,41,224"
3687,"23,26,350"
3688,"40,139,155"
3689,"40,131,406"
3690,"21,164,3"
3691,"169,170,260"
3692,"23,38,26"
3693,"138,40,135"
3694,"23,3,309"
3695,0
3696,"44,10,45"
3697,"48,21,3"
3698,"3,85"
3699,3
3700,"0,169,199"
3701,"3,21,127"
3702,"169,199"
3703,"3,111,267"
3704,"3,66,30"
3705,"199,169,374"
3706,"41,224,40"
3707,"160,40,315"
3708,"10,23,49"
3709,"3,21,127"
3710,"3,4,183"
3711,"220,10,242"
3712,"3,28,30"
3713,"23,74,118"
3714,"64,10,90"
3715,"220,10,242"
3716,"0,271,456"
3717,"220,10,221"
3718,"23,38,62"
3719,"44,145,95"
3720,"3,28,190"
3721,"64,10"
3722,"23,74"
3723,"3,147,148"
3724,"32,23,30"
3725,"3,4"
3726,"4,3,19"
3727,"313,346,0"
3728,"23,26,89"
3729,23
3730,"118,23,74"
3731,"3,53,523"
3732,"0,8,235"
3733,"11,10,44"
3734,"23,24,59"
3735,"220,10,242"
3736,"169,199,281"
3737,"23,89,26"
3738,"23,74,303"
3739,"3,21,124"
3740,"10,54,95"
3741,"0,8,235"
3742,"8,0"
3743,"23,24,59"
3744,0
3745,0
3746,"220,10,242"
3747,"4,19,3"
3748,"23,71,74"
3749,"10,54,145"
3750,"3,168,17"
3751,"40,478,31"
3752,"8,0,308"
3753,"111,3,40"
3754,"23,26,89"
3755,"169,199,171"
3756,"3,53,287"
3757,23
3758,"40,145,402"
3759,"23,31,454"
3760,"23,105"
3761,"90,64,10"
3762,"10,54,322"
3763,"23,49,24"
3764,"169,199,145"
3765,"40,23"
3766,"23,74,118"
3767,"220,10,242"
3768,"60,10"
3769,"31,169,23"
3770,"169,199,170"
3771,"3,21,164"
3772,"23,26,350"
3773,"3,21,48"
3774,"0,271,8"
3775,"0,265,340"
3776,"23,24,25"
3777,"40,160,131"
3778,"4,3"
3779,"40,131"
3780,"3,4"
3781,"3,36,35"
3782,"184,185,40"
3783,"40,131,241"
3784,"168,17,3"
3785,"64,10,448"
3786,"169,68,53"
3787,"0,216,380"
3788,"8,0,206"
3789,"3,53,523"
3790,"3,34,263"
3791,"0,271,456"
3792,"0,8,285"
3793,"64,10,448"
3794,"10,64,65"
3795,"40,131,241"
3796,"220,10,242"
3797,3
3798,"169,296"
3799,"23,26,89"
3800,"169,199,281"
3801,"3,34,263"
3802,"40,145,44"
3803,"24,23,59"
3804,"11,10,109"
3805,"26,23,89"
3806,"40,145,44"
3807,"11,23,109"
3808,"131,40,406"
3809,"3,21"
3810,"23,137"
3811,"40,145,54"
3812,"3,28,30"
3813,"40,131,241"
3814,"23,26,89"
3815,"40,135"
3816,"3,34,447"
3817,"10,54,95"
3818,"3,4"
3819,3
3820,"44,145,40"
3821,"0,271,444"
3822,"23,26,89"
3823,"40,3,160"
3824,"220,10,221"
3825,"15,3,16"
3826,"44,40,145"
3827,"23,74,31"
3828,"3,4,188"
3829,"23,31,454"
3830,"0,265,490"
3831,74
3832,"44,40,145"
3833,"128,129,40"
3834,"3,85,379"
3835,"220,10,242"
3836,"0,271,456"
3837,"3,4,375"
3838,"0,214,213"
3839,"220,10,221"
3840,"0,271,456"
3841,"40,145,44"
3842,"23,24,43"
3843,"3,17,168"
3844,"8,206,0"
3845,"21,102,3"
3846,"220,10,221"
3847,"169,199,171"
3848,"11,10,109"
3849,"40,131,406"
3850,"3,30"
3851,44
3852,"40,146,145"
3853,"199,281,169"
3854,0
3855,"23,31"
3856,"169,296,417"
3857,"3,15,16"
3858,"3,147,148"
3859,"3,85"
3860,"40,3,41"
3861,"64,10,93"
3862,"3,34,263"
3863,"160,40,334"
3864,"169,53,281"
3865,"220,10,242"
3866,"131,40,406"
3867,"169,199"
3868,"23,24,49"
3869,"0,271"
3870,"23,74,118"
3871,"10,11,109"
3872,"169,199,171"
3873,"129,128,40"
3874,"64,145,40"
3875,"23,38,82"
3876,"0,271"
3877,"3,21,127"
3878,"3,447,116"
3879,"8,0"
3880,"11,10,205"
3881,"23,105,137"
3882,"3,4"
3883,"40,44,145"
3884,"0,271,291"
3885,"3,13"
3886,"8,0,206"
3887,"23,74,118"
3888,"3,15,16"
3889,"169,199,323"
3890,"11,10,109"
3891,"23,74"
3892,0
3893,"4,3"
3894,"40,160"
3895,"3,28"
3896,3
3897,"169,199,343"
3898,"23,74,38"
3899,"26,231,23"
3900,"40,41,324"
3901,"169,337,0"
3902,"23,38,39"
3903,0
3904,"40,162,163"
3905,"23,26,89"
3906,"0,304,216"
3907,"0,8,235"
3908,"23,26,350"
3909,"169,171,199"
3910,"44,40,145"
3911,"40,139,153"
3912,"3,111,119"
3913,"10,64,93"
3914,"220,10,242"
3915,"74,23,303"
3916,"10,60,61"
3917,"3,21,127"
3918,"145,40,402"
3919,"131,40,406"
3920,"111,3,112"
3921,"10,11,109"
3922,"24,23,59"
3923,"40,185,184"
3924,"43,23,24"
3925,"23,49,24"
3926,"3,430,23"
3927,"23,31,258"
3928,"3,127,33"
3929,"169,199"
3930,"3,28"
3931,"11,10,12"
3932,"64,10,448"
3933,"220,10,221"
3934,"40,41,224"
3935,0
3936,"3,30,66"
3937,"23,24,49"
3938,"10,64,65"
3939,"138,135,40"
3940,"54,40,145"
3941,"23,43,24"
3942,"0,208,209"
3943,40
3944,"0,271,456"
3945,"169,199,343"
3946,"54,10,95"
3947,"64,10,448"
3948,"23,74,84"
3949,10
3950,"89,26"
3951,"3,111,472"
3952,"23,74"
3953,"11,23,24"
3954,"145,40,10"
3955,11
3956,"3,13,204"
3957,"8,0,308"
3958,"40,131,134"
3959,"23,38,40"
3960,"23,24,43"
3961,"23,38,91"
3962,"3,21"
3963,"0,265,11"
3964,"478,40"
3965,"74,23,40"
3966,"8,0"
3967,"220,10,242"
3968,"23,91"
3969,"0,8,285"
3970,"3,53,467"
3971,"23,24,49"
3972,"3,111,267"
3973,"3,53,287"
3974,"206,8,369"
3975,"0,456,271"
3976,"4,19,3"
3977,"3,111,472"
3978,23
3979,"0,272,271"
3980,"10,64,65"
3981,"11,10,205"
3982,"0,319,211"
3983,"8,0,235"
3984,"0,271,291"
3985,"169,339,337"
3986,"40,145,402"
3987,"40,145,44"
3988,"131,40,406"
3989,"40,139"
3990,"23,74,118"
3991,"40,41,224"
3992,"40,128,129"
3993,"0,218,465"
3994,"145,40,54"
3995,"220,10,242"
3996,"23,137"
3997,"3,4,375"
3998,"3,33,21"
3999,"169,337,339"
4000,"8,0,26"
4001,"0,271"
4002,"3,111,267"
4003,"3,30,66"
4004,"3,4,238"
4005,40
4006,"169,337,339"
4007,40
4008,"8,0"
4009,"23,31,345"
4010,"23,74"
4011,"74,23,303"
4012,"64,10,448"
4013,"3,21,187"
4014,"3,34,143"
4015,"3,5,228"
4016,"10,64,473"
4017,"8,0,206"
4018,"169,296"
4019,"3,30,66"
4020,"169,170,260"
4021,"0,8,206"
4022,"23,43,24"
4023,"23,26,89"
4024,"3,21,48"
4025,"3,21,127"
4026,"3,28"
4027,"3,523,53"
4028,11
4029,40
4030,"169,171,170"
4031,"3,53,21"
4032,"0,208"
4033,"23,24"
4034,"3,4"
4035,"23,38,74"
4036,"3,4,183"
4037,"23,105,318"
4038,"105,326,23"
4039,"3,21,22"
4040,"54,10,95"
4041,"3,28"
4042,3
4043,23
4044,"3,21"
4045,"10,11"
4046,0
4047,"3,15"
4048,"0,366,271"
4049,"0,208"
4050,"8,0,308"
4051,"54,10,55"
4052,"40,41,42"
4053,"169,170,199"
4054,"0,235,8"
4055,"40,145,44"
4056,"128,195,40"
4057,"40,31,23"
4058,"38,23,326"
4059,"0,354"
4060,"3,17"
4061,169
4062,"128,40,186"
4063,"10,64"
4064,"220,10,242"
4065,"3,111,119"
4066,"3,85,21"
4067,"3,147,203"
4068,"3,34"
4069,"10,64,65"
4070,"10,54,322"
4071,"3,148,21"
4072,"40,135"
4073,"40,162,163"
4074,"0,271,291"
4075,"160,40,315"
4076,"44,40,145"
4077,"0,213,214"
4078,"3,293,85"
4079,"0,213,214"
4080,"44,145,40"
4081,"10,11,234"
4082,"23,24,43"
4083,"281,169,199"
4084,"40,131,226"
4085,"23,26,231"
4086,"40,131,406"
4087,"3,111"
4088,"23,74,303"
4089,"169,199,343"
4090,"23,32,31"
4091,"23,38,231"
4092,"40,3"
4093,3
4094,"40,41"
4095,"118,23,74"
4096,"220,10,242"
4097,"40,129,131"
4098,"23,31,32"
4099,"23,38,74"
4100,"11,10,12"
4101,"40,395"
4102,"23,10"
4103,"255,463,0"
4104,"23,31,40"
4105,"40,199,169"
4106,"26,350,23"
4107,"23,24,43"
4108,10
4109,"3,48"
4110,"40,41,42"
4111,"40,395,128"
4112,"11,10,12"
4113,"40,145,44"
4114,"44,40,45"
4115,"10,11,218"
4116,"3,34,143"
4117,"64,10,65"
4118,"23,309,38"
4119,"40,131,134"
4120,"4,3,19"
4121,"10,220,221"
4122,"3,53,287"
4123,"0,271,213"
4124,"23,26,89"
4125,"23,24"
4126,"3,4,183"
4127,"40,131,406"
4128,"23,26,89"
4129,"40,145,44"
4130,"23,24"
4131,"40,139,153"
4132,"3,17,168"
4133,"40,41,153"
4134,"49,24,10"
4135,"53,3,287"
4136,"3,53,287"
4137,"5,228,3"
4138,"3,53,287"
4139,"8,0,350"
4140,"3,4,7"
4141,"40,162,163"
4142,23
4143,"40,131,142"
4144,"40,135,236"
4145,"44,40,145"
4146,"40,41"
4147,"40,160,152"
4148,"23,38"
4149,"199,281,169"
4150,"169,170,260"
4151,3
4152,"10,64"
4153,"296,169"
4154,"40,41,286"
4155,"129,128,40"
4156,"0,229,421"
4157,"64,10,80"
4158,"21,3,127"
4159,"74,317,23"
4160,"169,0,413"
4161,"0,213,214"
4162,"135,40,138"
4163,"3,53,68"
4164,10
4165,"17,3,168"
4166,"220,10,242"
4167,"23,26,89"
4168,"169,199,281"
4169,3
4170,3
4171,"224,41,40"
4172,"3,66,30"
4173,"0,26,23"
4174,"23,32,31"
4175,"3,17,168"
4176,"0,271"
4177,"3,21"
4178,"10,54,23"
4179,"0,271"
4180,"0,271,456"
4181,"40,152,151"
4182,"74,23,118"
4183,"11,10,23"
4184,"23,10,60"
4185,"220,10,242"
4186,"23,24,43"
4187,"23,74,118"
4188,"220,10,221"
4189,"23,43,24"
4190,"74,23,303"
4191,"23,24"
4192,"10,64,93"
4193,"8,0"
4194,"3,66,148"
4195,"169,199,343"
4196,"8,0"
4197,"128,40,195"
4198,"4,3,19"
4199,"23,74,165"
4200,3
4201,"64,10,80"
4202,"257,216,0"
4203,"40,184,185"
4204,"44,145,40"
4205,"220,10,242"
4206,"23,26,89"
4207,"74,23,118"
4208,"11,109,73"
4209,"3,4,19"
4210,"23,26,231"
4211,"10,64,93"
4212,"169,199,337"
4213,"23,38,39"
4214,0
4215,"220,10,242"
4216,"3,21,53"
4217,"0,271,456"
4218,"0,206,8"
4219,"169,170,199"
4220,"40,131,159"
4221,"23,24,49"
4222,"0,218,351"
4223,"169,3"
4224,"17,168,3"
4225,"3,111,267"
4226,"23,74,38"
4227,"23,74,38"
4228,"23,53"
4229,"40,131,159"
4230,"3,447,34"
4231,"0,370"
4232,"40,145,44"
4233,"145,40,402"
4234,3
4235,"40,41,224"
4236,23
4237,"3,53,287"
4238,"43,23,24"
4239,"26,23,350"
4240,"23,24,43"
4241,"3,21"
4242,"3,15,16"
4243,"10,64,93"
4244,"3,21"
4245,"8,26,23"
4246,"0,271,456"
4247,"40,23"
4248,"3,147"
4249,"23,31"
4250,"3,85,21"
4251,"64,10,93"
4252,"169,296,411"
4253,"23,309,38"
4254,"10,40,44"
4255,"3,85"
4256,"40,131"
4257,"11,205,10"
4258,"3,4,435"
4259,3
4260,"0,8,235"
4261,"17,3,168"
4262,"3,4"
4263,40
4264,"3,13,14"
4265,"350,23,26"
4266,"3,4,435"
4267,"10,64,65"
4268,"3,111,147"
4269,"23,24,145"
4270,"11,10,205"
4271,"3,111,53"
4272,"3,17,168"
4273,"0,8,285"
4274,"23,38,39"
4275,"169,199,343"
4276,"169,199,171"
4277,"199,169"
4278,"3,21,187"
4279,"3,126"
4280,"3,169,23"
4281,"169,199,323"
4282,"43,23,24"
4283,"169,170,199"
4284,"40,131,406"
4285,"199,169,323"
4286,"10,64,54"
4287,"40,184,185"
4288,"220,10,242"
4289,"220,10,242"
4290,"220,25,145"
4291,"23,118,74"
4292,"145,44,40"
4293,23
4294,3
4295,"40,128,129"
4296,"23,26,8"
4297,"8,0"
4298,"40,139,153"
4299,"24,23,145"
4300,"40,145,54"
4301,"169,170,260"
4302,"135,40,138"
4303,"10,60,239"
4304,"23,74"
4305,"0,8,220"
4306,"11,10,109"
4307,"129,128,40"
4308,"31,23,454"
4309,"23,43,24"
4310,"23,24,11"
4311,"169,199,281"
4312,"40,131,406"
4313,"40,152,151"
4314,"10,64,93"
4315,"3,17"
4316,"23,24"
4317,"23,89,26"
4318,"23,26,231"
4319,"23,74,84"
4320,"74,23,165"
4321,"40,286,41"
4322,"11,109,73"
4323,"23,31,309"
4324,"169,199,171"
4325,"24,23,43"
4326,"0,265,340"
4327,"26,23,89"
4328,"10,64"
4329,"40,139,153"
4330,"26,231,23"
4331,"53,74,3"
4332,"24,43,23"
4333,"3,147,21"
4334,"40,41,42"
4335,"60,61,10"
4336,"64,93,10"
4337,"3,21,85"
4338,3
4339,"3,53,13"
4340,"3,15,16"
4341,"23,105"
4342,"40,152,151"
4343,"131,40,406"
4344,"44,145,40"
4345,"3,4,375"
4346,"169,337,339"
4347,"10,11,109"
4348,"169,260,170"
4349,"3,48,21"
4350,"3,147,148"
4351,"64,10"
4352,"43,54,10"
4353,"23,74,118"
4354,"0,271,280"
4355,"169,199,323"
4356,"3,21,127"
4357,"40,135,138"
4358,"3,13,204"
4359,"40,184,185"
4360,"40,145,131"
4361,"169,171,199"
4362,"11,10,109"
4363,"0,380,216"
4364,"8,26,23"
4365,"40,152,151"
4366,"3,28,190"
4367,"23,31,96"
4368,"23,74,118"
4369,0
4370,"3,21,108"
4371,"3,28,113"
4372,"11,10,109"
4373,"74,23,118"
4374,"40,153,139"
4375,"3,21,48"
4376,"23,31,258"
4377,"40,128"
4378,"21,40,3"
4379,3
4380,"4,3,19"
4381,"220,10,242"
4382,"23,31,328"
4383,"40,131,406"
4384,"3,21,115"
4385,"147,3,148"
4386,"10,64,93"
4387,"3,4,174"
4388,"220,10,242"
4389,"44,145,40"
4390,"40,152,151"
4391,"145,40,10"
4392,"23,287,38"
4393,"74,23,84"
4394,"169,199,281"
4395,"10,64"
4396,"220,10,221"
4397,"17,3,168"
4398,"23,74,38"
4399,"3,21"
4400,"23,26,89"
4401,"118,74,23"
4402,"131,406,241"
4403,"220,10,242"
4404,"44,40,145"
4405,"3,30"
4406,"23,38"
4407,"23,24,43"
4408,"169,170,260"
4409,40
4410,"23,26,89"
4411,"23,32,31"
4412,"169,296"
4413,"3,21,164"
4414,"3,379,17"
4415,"3,21"
4416,"40,131,406"
4417,"0,271,456"
4418,"169,199,323"
4419,"3,21,187"
4420,23
4421,"135,40,244"
4422,"3,21"
4423,"23,43,24"
4424,"0,206,8"
4425,"10,64,65"
4426,"0,271,456"
4427,"23,49,24"
4428,"10,60"
4429,"0,271,456"
4430,"3,21,187"
4431,"3,68,53"
4432,"11,10,205"
4433,"169,260,281"
4434,"40,162,163"
4435,"40,139,153"
4436,"3,219,4"
4437,"4,3,19"
4438,"0,413,271"
4439,"23,26,350"
4440,"23,89,26"
4441,23
4442,"23,105"
4443,3
4444,"206,8,0"
4445,"10,64,93"
4446,"40,145,44"
4447,"10,44,40"
4448,"40,131"
4449,"10,64,93"
4450,"3,15,16"
4451,10
4452,"169,199,323"
4453,"54,95,10"
4454,"220,10,242"
4455,"40,128,129"
4456,"40,395"
4457,"220,10,242"
4458,"26,23,350"
4459,"131,406,40"
4460,"10,64,80"
4461,"40,395,241"
4462,"220,10,242"
4463,"3,5,228"
4464,"10,64"
4465,"169,199,343"
4466,"3,168,17"
4467,"10,93,64"
4468,"40,135,139"
4469,"38,23"
4470,"3,21"
4471,"0,206,8"
4472,"0,249,279"
4473,"11,10,205"
4474,"3,21,108"
4475,"169,199,323"
4476,"169,171,199"
4477,"169,199"
4478,"3,111,112"
4479,"3,147"
4480,"169,0"
4481,"40,131,142"
4482,40
4483,"40,160,315"
4484,"0,249,279"
4485,"10,60,23"
4486,3
4487,"74,23,303"
4488,"3,53"
4489,"40,152,151"
4490,"64,10,80"
4491,"169,170,260"
4492,0
4493,"0,271,272"
4494,"0,208,505"
4495,"23,3"
4496,"0,2,1"
4497,"40,145,146"
4498,"131,40,406"
4499,"3,111,112"
4500,"0,271,456"
4501,"131,40,226"
4502,"3,48,21"
4503,"23,24,43"
4504,"118,74,23"
4505,"23,26,350"
4506,"23,49,24"
4507,"220,10,242"
4508,"0,313"
4509,"23,74,118"
4510,"3,147,148"
4511,"74,23,317"
4512,"11,10,205"
4513,"0,8,206"
4514,"3,28"
4515,"3,111"
4516,"40,160,152"
4517,"8,0,391"
4518,"40,131,142"
4519,"40,145"
4520,"40,129,128"
4521,40
4522,"23,38"
4523,"23,105"
4524,"31,23,169"
4525,"199,3,169"
4526,"0,249,279"
4527,"40,131,134"
4528,"0,216"
4529,"10,11,12"
4530,"3,4,238"
4531,"3,147,85"
4532,"131,40,406"
4533,"0,8,206"
4534,"11,44,145"
4535,"3,379"
4536,"3,40"
4537,"64,10,65"
4538,"10,145,40"
4539,"40,152,41"
4540,"220,10,242"
4541,"3,53"
4542,"40,149,41"
4543,"169,260,170"
4544,"31,23,96"
4545,"3,85,86"
4546,"3,21,48"
4547,"40,152,151"
4548,"3,21"
4549,"40,139,153"
4550,"3,4"
4551,"23,24,49"
4552,"64,10,93"
4553,"23,74,165"
4554,"169,199,281"
4555,"40,145,44"
4556,"44,145,40"
4557,"3,21"
4558,"3,21"
4559,"40,145,23"
4560,3
4561,"40,241"
4562,"10,64"
4563,"3,127,148"
4564,"11,10,205"
4565,"40,160,315"
4566,"23,31,328"
4567,169
4568,"74,23,317"
4569,"3,5,228"
4570,"23,43,24"
4571,"10,60,11"
4572,"169,199,248"
4573,"23,24,43"
4574,"23,43,24"
4575,"40,131,406"
4576,"11,10,12"
4577,"10,145"
4578,"8,0,308"
4579,"3,21,187"
4580,"199,169,281"
4581,"26,23,89"
4582,"169,199"
4583,"23,105,74"
4584,3
4585,"23,74"
4586,"3,15,16"
4587,"44,145,40"
4588,"3,85"
4589,"0,271"
4590,"23,26,89"
4591,"3,21,127"
4592,"3,28"
4593,"40,185,184"
4594,"23,24,62"
4595,"3,21,108"
4596,"169,426"
4597,"23,26,89"
4598,"3,34,263"
4599,"168,419,17"
4600,"220,10,242"
4601,"23,26,89"
4602,3
4603,"40,128,129"
4604,"10,64,338"
4605,"40,41,324"
4606,"40,160,315"
4607,"0,255"
4608,"23,74,118"
4609,"10,220,242"
4610,"40,139,153"
4611,"170,169,459"
4612,"0,271,280"
4613,"3,4"
4614,"169,337,339"
4615,"3,53"
4616,"3,53"
4617,"40,131,134"
4618,"74,23,118"
4619,"23,24,25"
4620,"131,40,226"
4621,"10,60"
4622,0
4623,"3,21,108"
4624,"40,131"
4625,3
4626,"169,199,323"
4627,"3,21"
4628,"3,53"
4629,"11,10,205"
4630,"10,64"
4631,40
4632,"23,26,89"
4633,"23,31,454"
4634,"3,34"
4635,"169,170,10"
4636,"160,40,315"
4637,"40,41"
4638,"131,40,406"
4639,"23,26,89"
4640,3
4641,"3,21,124"
4642,"23,24,49"
4643,"74,23"
4644,"3,21"
4645,"64,10,93"
4646,"23,137,105"
4647,"169,337,339"
4648,"10,64,60"
4649,"3,21"
4650,"220,10,242"
4651,40
4652,"281,199,169"
4653,"23,24,43"
4654,"10,54,95"
4655,"147,3,148"
4656,"3,28,190"
4657,"11,10,109"
4658,"23,26,350"
4659,"0,279,249"
4660,"0,271,456"
4661,"169,199"
4662,"3,30,66"
4663,"40,41"
4664,"40,145,146"
4665,"10,11,60"
4666,"40,10,145"
4667,"3,5,228"
4668,"0,271,456"
4669,"23,26,89"
4670,"169,199,343"
4671,"23,77,74"
4672,"0,271"
4673,"23,74,118"
4674,"3,21,187"
4675,"40,131"
4676,"169,199"
4677,"169,170,260"
4678,"40,41,128"
4679,"26,23,350"
4680,"23,74,303"
4681,"3,53"
4682,"170,169,459"
4683,"169,199,281"
4684,"3,21,182"
4685,"10,64,65"
4686,"23,31"
4687,3
4688,0
4689,"40,160,302"
4690,"0,291,271"
4691,"0,8,308"
4692,"21,3,127"
4693,"3,111,119"
4694,"23,26"
4695,23
4696,"4,3,19"
4697,"3,379,21"
4698,"145,40,23"
4699,"64,10,93"
4700,"169,199,171"
4701,"169,170"
4702,"3,156,21"
4703,"220,10,242"
4704,"23,32,31"
4705,"255,0,463"
4706,"3,21,148"
4707,"40,131,406"
4708,"296,169"
4709,"23,40"
4710,"199,23,323"
4711,"220,10,242"
4712,"64,10,80"
4713,"23,25,24"
4714,"23,38,309"
4715,"0,271"
4716,"11,24,10"
4717,"0,271,456"
4718,"3,147,148"
4719,"0,346,313"
4720,"23,38"
4721,"40,199,281"
4722,"23,26,231"
4723,"139,40,153"
4724,"0,254,216"
4725,"40,128,129"
4726,"23,74,118"
4727,"4,3,19"
4728,13
4729,"3,17,168"
4730,"3,21"
4731,"3,85,158"
4732,"3,30,28"
4733,"40,145,10"
4734,"220,10,242"
4735,"10,60,61"
4736,"3,17"
4737,"3,85"
4738,"169,199,171"
4739,10
4740,"3,147,148"
4741,"3,53,287"
4742,"3,170,169"
4743,"169,426,312"
4744,"3,379"
4745,3
4746,"3,85,293"
4747,"23,71,40"
4748,"74,23,317"
4749,"54,10,40"
4750,"220,10,242"
4751,"0,265,349"
4752,"31,23,258"
4753,"199,169,343"
4754,"40,185,184"
4755,"0,8,235"
4756,"40,131,134"
4757,"0,255,235"
4758,"3,21,127"
4759,"3,53"
4760,"3,309,23"
4761,"147,3,148"
4762,"3,21,127"
4763,"23,74,303"
4764,"40,162,163"
4765,"3,53,523"
4766,"40,162,163"
4767,"23,24,0"
4768,"11,10,109"
4769,"0,208"
4770,"40,160,334"
4771,"3,228"
4772,"54,40,44"
4773,3
4774,"3,28,190"
4775,"3,21,127"
4776,"169,3,21"
4777,"3,21,127"
4778,"0,271,456"
4779,"220,10,242"
4780,"3,296"
4781,"44,45,40"
4782,"23,31,169"
4783,"64,90,448"
4784,"3,34"
4785,"3,15,16"
4786,"23,26,231"
4787,"3,5,228"
4788,"40,128,3"
4789,"26,23,350"
4790,"54,10,40"
4791,"3,21"
4792,"0,8,206"
4793,"23,74,303"
4794,"3,4,238"
4795,"23,105"
4796,"0,272,271"
4797,"3,21"
4798,"0,271"
4799,"169,170,459"
4800,"40,41,324"
4801,"3,13,204"
4802,"10,220,242"
4803,"40,41,286"
4804,"169,199,343"
4805,"3,85"
4806,"0,1,2"
4807,"147,148,3"
4808,"23,74,118"
4809,"43,23,24"
4810,"11,10,205"
4811,"40,139,153"
4812,"3,85,86"
4813,"10,60,61"
4814,"23,24,49"
4815,"64,10,448"
4816,"296,169,411"
4817,"0,249,279"
4818,"25,24,23"
4819,"3,21,187"
4820,"199,169,281"
4821,"206,8,0"
4822,"3,17,168"
4823,"23,40,24"
4824,"3,13"
4825,"32,23,31"
4826,"11,23,24"
4827,"11,10,109"
4828,"40,128,129"
4829,"3,21"
4830,"10,54"
4831,"23,26,89"
4832,"0,206,8"
4833,"40,131,226"
4834,"0,8,308"
4835,"147,3,148"
4836,"44,40,145"
4837,"40,145,146"
4838,"17,3,168"
4839,"3,21,102"
4840,"169,251,337"
4841,"169,199,260"
4842,"3,111"
4843,"10,54,23"
4844,"11,10,109"
4845,"3,147"
4846,"3,147,148"
4847,"220,10,242"
4848,"3,34,143"
4849,"145,40,402"
4850,"206,0,8"
4851,"128,40,195"
4852,40
4853,"40,145,74"
4854,"3,28,53"
4855,"24,23,43"
4856,40
4857,"220,10,242"
4858,"23,24,49"
4859,"220,10,221"
4860,"3,53"
4861,"10,64,54"
4862,"40,41,160"
4863,"169,199"
4864,"3,13"
4865,"128,40,129"
4866,"49,23,24"
4867,"3,147"
4868,"32,3,23"
4869,0
4870,"64,10,338"
4871,"169,170,199"
4872,"220,10"
4873,"169,199,281"
4874,"74,23,165"
4875,"3,68,53"
4876,"17,3,168"
4877,"0,249,216"
4878,"40,128,41"
4879,0
4880,"40,402,31"
4881,"23,74,38"
4882,"220,10,242"
4883,"3,53"
4884,"0,313,346"
4885,"40,175,128"
4886,"3,21,127"
4887,"3,53"
4888,"3,156,147"
4889,"169,170,199"
4890,"10,11,205"
4891,"169,199,323"
4892,"3,85"
4893,"0,271"
4894,"44,40,145"
4895,"206,0,369"
4896,"10,54"
4897,"23,74,303"
4898,"21,3"
4899,"3,21,17"
4900,"3,21,301"
4901,"11,10,109"
4902,"169,296"
4903,"169,199,171"
4904,"40,160"
4905,"169,199,281"
4906,"10,64,80"
4907,0
4908,"3,30,104"
4909,"3,17,168"
4910,"23,74"
4911,"10,54"
4912,"3,21"
4913,"23,43,24"
4914,"64,448,10"
4915,"3,182,68"
4916,"220,10,221"
4917,0
4918,"23,74,303"
4919,"23,38"
4920,"3,30,66"
4921,"23,26,231"
4922,"64,10,80"
4923,"0,265"
4924,"15,16,3"
4925,"40,131"
4926,"64,10,448"
4927,"3,164,21"
4928,"11,10,109"
4929,"40,128"
4930,"40,184,131"
4931,"3,28"
4932,"40,41,324"
4933,"10,64,80"
4934,"220,10,242"
4935,"23,74,118"
4936,"220,10,242"
4937,"169,260,170"
4938,"40,41"
4939,"249,279,0"
4940,"169,199,323"
4941,"0,216,212"
4942,"23,49,31"
4943,"23,71,231"
4944,"23,49,24"
4945,"220,10,242"
4946,"128,129,195"
4947,"23,31,220"
4948,"40,41,152"
4949,"145,72,95"
4950,"3,113,28"
4951,"23,26,231"
4952,"206,0,8"
4953,"3,4,238"
4954,"31,23,131"
4955,"40,145,44"
4956,"220,10,242"
4957,"26,23,89"
4958,"10,64,65"
4959,"11,109,44"
4960,"169,199,281"
4961,"169,296,111"
4962,"3,5,228"
4963,"100,222,414"
4964,"206,8,0"
4965,"3,21"
4966,"44,40,145"
4967,"3,4"
4968,"23,62"
4969,"220,10,242"
4970,"38,23,71"
4971,"220,10,221"
4972,"220,10,242"
4973,3
4974,"4,3,19"
4975,"24,23"
4976,"3,21,48"
4977,3
4978,"23,74,118"
4979,3
4980,"0,216,249"
4981,"145,44,40"
4982,"169,426,170"
4983,"40,139,153"
4984,"3,287,21"
4985,"3,30"
4986,"23,118,74"
4987,"40,131,241"
4988,0
4989,"40,131,406"
4990,"23,74,303"
4991,"10,11,109"
4992,3
4993,"3,28,190"
4994,"40,41,324"
4995,"64,10,448"
4996,"23,31,454"
4997,"169,199,323"
4998,"220,10,242"
4999,"10,64,93"
5000,"10,54"
5001,"4,3"
5002,"3,53"
5003,"23,74,317"
5004,"3,115"
5005,"169,199,323"
5006,"23,26,89"
5007,"199,169,281"
5008,"40,152,151"
5009,"40,131"
5010,"249,279,23"
5011,"272,0,361"
5012,"40,145,54"
5013,"3,4,183"
5014,"23,38"
5015,"10,64,93"
5016,"10,64,93"
5017,"4,3,7"
5018,"237,169,248"
5019,"169,199,323"
5020,"138,40,135"
5021,"10,11,419"
5022,"10,64,80"
5023,"169,26"
5024,"3,5,228"
5025,"3,21,169"
5026,"0,313,346"
5027,"40,41,286"
5028,"3,111,53"
5029,"147,3,203"
5030,"8,0,350"
5031,"4,3,19"
5032,"135,138,169"
5033,"199,169,343"
5034,"40,139,34"
5035,"0,8,308"
5036,"147,3,148"
5037,"296,169,411"
5038,"169,170,337"
5039,"40,131,406"
5040,"43,23,24"
5041,"64,10,80"
5042,"23,26,231"
5043,"10,109,11"
5044,"10,64,93"
5045,"40,128,129"
5046,"147,3,148"
5047,"4,3,19"
5048,"74,23,303"
5049,"3,85"
5050,"3,34,263"
5051,"40,184,185"
5052,"40,131,142"
5053,"15,16,3"
5054,"23,74,118"
5055,"3,4"
5056,"64,90,65"
5057,"3,147,148"
5058,"10,54,45"
5059,3
5060,"3,53"
5061,"3,21"
5062,"169,170,23"
5063,"3,127,21"
5064,"0,271,291"
5065,"3,4,5"
5066,"0,8,235"
5067,"3,4,238"
5068,"40,131,406"
5069,"4,3,238"
5070,"0,340,265"
5071,"64,10,442"
5072,"40,145,44"
5073,"40,135,244"
5074,3
5075,"3,21"
5076,"3,21,108"
5077,"3,21"
5078,"10,220,242"
5079,"40,128,324"
5080,"64,10,80"
5081,"220,10,242"
5082,"23,74,165"
5083,"169,274,296"
5084,"10,54"
5085,"3,21,115"
5086,"40,185,184"
5087,"17,3,168"
5088,"40,131,406"
5089,"3,115,21"
5090,"169,199,281"
5091,"23,25,24"
5092,"220,10,242"
5093,"220,0,10"
5094,"11,10,12"
5095,"71,23,38"
5096,"11,10,109"
5097,"10,64"
5098,0
5099,"44,11,40"
5100,"296,169,411"
5101,"128,129,40"
5102,"169,170,459"
5103,"40,162,163"
5104,"23,31,454"
5105,"169,199,259"
5106,"3,34,263"
5107,"3,34,17"
5108,"3,32,147"
5109,"17,168,3"
5110,"3,21,48"
5111,"40,395"
5112,"3,147,148"
5113,"3,15,16"
5114,"3,21,40"
5115,"10,54,239"
5116,"169,199,337"
5117,"0,249,279"
5118,"3,147,148"
5119,"3,66,30"
5120,"3,111"
5121,"10,54,64"
5122,"3,147,148"
5123,"3,111,53"
5124,"10,64,65"
5125,"44,45,145"
5126,"40,131,406"
5127,"23,169,426"
5128,"40,131,406"
5129,"128,129,40"
5130,"220,10,221"
5131,"40,84,74"
5132,"23,74,303"
5133,"220,10,242"
5134,"40,145,402"
5135,"0,249,206"
5136,"40,139"
5137,3
5138,"206,0,8"
5139,0
5140,"10,64,93"
5141,"64,10,93"
5142,"64,10"
5143,"169,199,171"
5144,"26,23,350"
5145,"3,5,228"
5146,"105,495,23"
5147,"145,40,10"
5148,"0,216,249"
5149,"3,21,126"
5150,"10,64,65"
5151,"3,66,30"
5152,"10,64,80"
5153,"135,40,141"
5154,"11,10,12"
5155,"11,109,10"
5156,"3,21"
5157,"169,21,124"
5158,"40,131,395"
5159,"23,105"
5160,"3,4,238"
5161,"3,34,263"
5162,"199,169,343"
5163,"220,10,242"
5164,"23,26,199"
5165,"0,218,512"
5166,"23,31"
5167,"3,17,320"
5168,"220,242,221"
5169,"105,23,318"
5170,"23,208,369"
5171,"40,131,129"
5172,"3,21"
5173,"3,15"
5174,"23,24,49"
5175,"3,53,435"
5176,"147,3,148"
5177,"3,169,281"
5178,"169,170,260"
5179,"24,23,43"
5180,"11,10,109"
5181,"0,3,21"
5182,10
5183,"26,23,231"
5184,"11,10,109"
5185,"23,26"
5186,"3,21"
5187,"23,231,26"
5188,"3,5,228"
5189,"40,139,153"
5190,"3,21,53"
5191,"169,199,323"
5192,"54,10,402"
5193,"23,74,165"
5194,"3,21"
5195,"23,10,49"
5196,"10,12,11"
5197,"54,10,95"
5198,"40,139,153"
5199,23
5200,23
5201,"3,17,168"
5202,"128,129,40"
5203,"23,26,89"
5204,"23,118,74"
5205,"41,40"
5206,"3,28"
5207,"3,13"
5208,"8,0,206"
5209,"182,68,21"
5210,"23,82,38"
5211,"145,40,44"
5212,"169,426,199"
5213,"40,149,160"
5214,"3,111"
5215,"40,44,145"
5216,"10,54,40"
5217,"185,184,40"
5218,"169,199,323"
5219,"11,10,205"
5220,"23,131,134"
5221,"3,21,108"
5222,"24,23,10"
5223,"23,38"
5224,"40,128,129"
5225,"169,508,426"
5226,"23,26,89"
5227,10
5228,"0,456,271"
5229,"11,10,109"
5230,"26,23,231"
5231,0
5232,"3,13"
5233,"40,102,21"
5234,"40,128,129"
5235,"40,45,44"
5236,"23,26,169"
5237,"170,169,260"
5238,"10,64,93"
5239,"169,199,343"
5240,"10,11,109"
5241,"3,111"
5242,"23,26,89"
5243,"220,10,221"
5244,"23,137"
5245,"3,21,48"
5246,"152,151,40"
5247,"3,4,19"
5248,"169,170"
5249,"40,131,406"
5250,"40,131,226"
5251,"23,74,118"
5252,"21,3,48"
5253,0
5254,"23,74,118"
5255,"0,313,346"
5256,"169,199,281"
5257,"40,145,146"
5258,"10,109,11"
5259,"0,206,249"
5260,"26,23,89"
5261,"23,74,71"
5262,"60,10,61"
5263,"23,26,38"
5264,"23,31,454"
5265,"220,10,221"
5266,"339,337,169"
5267,"169,199,323"
5268,"4,3,238"
5269,"3,21,108"
5270,"0,271,456"
5271,"40,131"
5272,"10,31,60"
5273,"169,152,151"
5274,"40,131"
5275,"23,31,328"
5276,"0,8,206"
5277,"26,231,23"
5278,169
5279,"3,21"
5280,"23,89,26"
5281,"23,38"
5282,"169,23,199"
5283,"23,74,317"
5284,"0,271"
5285,"147,3,148"
5286,"34,3,263"
5287,"3,53,287"
5288,"3,30,66"
5289,"40,160"
5290,"3,21,164"
5291,"3,147,148"
5292,"23,74"
5293,"0,271"
5294,"23,26,231"
5295,"169,199,323"
5296,"40,162,163"
5297,23
5298,"281,199,169"
5299,"220,10,242"
5300,"23,24,43"
5301,"40,395"
5302,"169,296"
5303,"23,43,24"
5304,"25,24,23"
5305,222
5306,"3,34,263"
5307,"40,128,175"
5308,"40,145,402"
5309,"10,64,65"
5310,"23,74,165"
5311,"11,10,109"
5312,"3,160"
5313,"26,231,23"
5314,"0,271,291"
5315,"44,145,40"
5316,"0,249"
5317,"3,111"
5318,"0,265,349"
5319,"3,17,168"
5320,"169,3,53"
5321,"40,131,406"
5322,"3,143"
5323,"8,23,26"
5324,"24,23,40"
5325,"135,40,189"
5326,"3,111,112"
5327,"169,199,281"
5328,"17,3,320"
5329,"23,38"
5330,"40,160,74"
5331,"40,131,134"
5332,"105,23,326"
5333,"3,66,30"
5334,"40,138,135"
5335,"3,111,119"
5336,"199,169,343"
5337,"31,32,23"
5338,"169,199,171"
5339,"40,131,159"
5340,"169,199,171"
5341,"169,296"
5342,"3,164,21"
5343,"40,199,169"
5344,"54,10,95"
5345,23
5346,"11,23,109"
5347,"23,231,26"
5348,"8,23,350"
5349,"23,24,40"
5350,23
5351,"3,21,108"
5352,"40,131,134"
5353,"11,10,109"
5354,"54,10,145"
5355,"40,131,134"
5356,"3,467,53"
5357,"23,74,71"
5358,"3,30,66"
5359,"23,49,24"
5360,"23,26,89"
5361,"3,21,127"
5362,"23,38,309"
5363,3
5364,"10,11,109"
5365,3
5366,"3,147,148"
5367,"169,459,170"
5368,"169,170,459"
5369,"3,21,108"
5370,"3,4"
5371,"64,10,80"
5372,31
5373,"0,265,340"
5374,"64,10,169"
5375,"40,131,406"
5376,"169,281,199"
5377,"169,199,281"
5378,"3,4,19"
5379,"10,54"
5380,"23,105,318"
5381,"40,128,186"
5382,"220,10,242"
5383,"0,271,456"
5384,"40,131,406"
5385,"0,271,456"
5386,"23,31,96"
5387,"3,17,168"
5388,"11,10,12"
5389,"40,502,145"
5390,"44,145,40"
5391,"10,64,93"
5392,"169,296,411"
5393,"3,21"
5394,"402,40,145"
5395,"260,170,25"
5396,"118,23,74"
5397,"0,8,391"
5398,"0,8"
5399,"23,26,231"
5400,"3,21,48"
5401,"199,169,323"
5402,"10,49,23"
5403,"40,149,41"
5404,"0,271"
5405,"40,241,131"
5406,"40,324,128"
5407,"23,26,350"
5408,"169,199"
5409,"147,3,148"
5410,"8,0,206"
5411,"169,296,411"
5412,"169,199,337"
5413,"64,10,93"
5414,"0,216,257"
5415,"10,54,31"
5416,"3,147,148"
5417,"3,13,21"
5418,"10,11,109"
5419,"44,45,40"
5420,"3,17,168"
5421,"3,187,21"
5422,"3,21"
5423,"3,34,263"
5424,"10,93,64"
5425,"169,199,323"
5426,"3,40,53"
5427,"23,24"
5428,"64,10"
5429,"220,10,242"
5430,"3,34"
5431,"4,3,19"
5432,"23,309"
5433,"3,40"
5434,"0,8,235"
5435,"10,64,448"
5436,"23,71,38"
5437,"0,235,8"
5438,"23,26,89"
5439,"40,146,145"
5440,"23,26,350"
5441,"23,31"
5442,"0,8,265"
5443,"0,206,8"
5444,"3,111"
5445,"40,145,402"
5446,"0,271"
5447,"40,3,145"
5448,"10,0,54"
5449,"40,185,184"
5450,"10,60,239"
5451,"3,21"
5452,"296,169,411"
5453,"3,187,34"
5454,"169,170"
5455,"40,41,139"
5456,0
5457,"21,3,108"
5458,"31,258"
5459,"3,17,320"
5460,"3,147,148"
5461,"43,24,23"
5462,"139,23,140"
5463,"3,21,108"
5464,"3,28"
5465,"24,23"
5466,"0,271,265"
5467,"169,170,459"
5468,"43,23,24"
5469,"8,0,308"
5470,"26,23,231"
5471,"169,199"
5472,"23,74,303"
5473,"0,265"
5474,"0,271"
5475,"3,147,148"
5476,"3,111,284"
5477,"64,10,448"
5478,"23,44,40"
5479,"296,169,460"
5480,"169,199,281"
5481,"111,3,119"
5482,"169,199,171"
5483,"0,8,206"
5484,"3,68"
5485,"169,296,306"
5486,"3,53,287"
5487,"169,199"
5488,"23,32,31"
5489,"296,169,306"
5490,"3,164,21"
5491,"64,10,199"
5492,"3,21,48"
5493,"10,64,65"
5494,"3,30"
5495,"0,271,355"
5496,"40,128,129"
5497,"26,23,350"
5498,"3,13,168"
5499,"13,3,14"
5500,"11,10,12"
5501,"54,10,95"
5502,"23,74,31"
5503,"64,10,80"
5504,"23,118,74"
5505,"40,131,241"
5506,"0,8,377"
5507,"0,319,211"
5508,"271,0,355"
5509,"169,199,323"
5510,"3,21,164"
5511,"3,21,187"
5512,"169,199,135"
5513,"3,30,104"
5514,"220,10,242"
5515,"44,145,40"
5516,"40,131,406"
5517,"10,64,80"
5518,"23,307,40"
5519,"3,21,127"
5520,"23,26,231"
5521,"23,26,350"
5522,"23,105,74"
5523,3
5524,"220,10,242"
5525,"3,28,190"
5526,"23,31,328"
5527,"0,229,421"
5528,"3,111,119"
5529,"10,11,109"
5530,"3,85,158"
5531,"44,145,40"
5532,"23,38,91"
5533,"169,199,343"
5534,"3,15"
5535,0
5536,"3,13,21"
5537,"3,34,143"
5538,"169,170"
5539,"11,10,12"
5540,"23,74,303"
5541,"10,43,23"
5542,"3,21"
5543,"0,271"
5544,"23,71,38"
5545,"3,111,125"
5546,"23,43,24"
5547,"3,68,169"
5548,"3,17,320"
5549,"10,11"
5550,"135,40,138"
5551,"169,199,138"
5552,0
5553,"169,170"
5554,"0,271,291"
5555,23
5556,"23,105,3"
5557,"23,74,38"
5558,"0,208"
5559,"23,38,440"
5560,3
5561,3
5562,"11,10,12"
5563,"220,10,221"
5564,"43,24,23"
5565,"0,271"
5566,"44,145,40"
5567,"339,337,169"
5568,"3,5,228"
5569,"40,41,224"
5570,"220,10,221"
5571,"43,23,24"
5572,"169,199,323"
5573,"3,21"
5574,40
5575,"23,105"
5576,"169,199,170"
5577,0
5578,"0,8,308"
5579,"220,10,242"
5580,"129,128,40"
5581,"11,10,109"
5582,"3,375,4"
5583,"135,40,138"
5584,"40,131,159"
5585,"44,145,40"
5586,"135,169,40"
5587,"10,220,242"
5588,"129,40,128"
5589,"3,21,127"
5590,"0,271,355"
5591,"23,118,74"
5592,"40,131,134"
5593,"40,41,324"
5594,"220,10,242"
5595,"23,26,89"
5596,"0,271,8"
5597,"296,169,411"
5598,"40,395,496"
5599,"0,271,456"
5600,3
5601,"10,44,145"
5602,"3,127,21"
5603,"23,26,89"
5604,"23,309"
5605,"10,11,109"
5606,"220,10,242"
5607,"26,23,89"
5608,"220,10,242"
5609,"10,60,23"
5610,"3,4"
5611,"0,255,348"
5612,"0,271"
5613,"53,3,68"
5614,"26,23,231"
5615,"3,15,16"
5616,"10,64"
5617,"0,271,429"
5618,"26,0,23"
5619,"3,228,5"
5620,"64,10,93"
5621,"220,10,221"
5622,"40,128,195"
5623,"0,8"
5624,"0,271,456"
5625,"3,34"
5626,"40,145,44"
5627,"406,131,40"
5628,"40,131,241"
5629,220
5630,"60,10,23"
5631,"53,23,3"
5632,"40,128,131"
5633,"169,199,382"
5634,"169,170,459"
5635,"64,10,93"
5636,"169,171,199"
5637,"23,26,89"
5638,"11,205,10"
5639,"169,337,339"
5640,"40,128,129"
5641,"0,271,456"
5642,"169,199,260"
5643,"40,139,153"
5644,"199,169,323"
5645,"350,26,23"
5646,"54,10,322"
5647,"64,10,448"
5648,"23,74"
5649,"23,309,38"
5650,"3,28"
5651,"169,296"
5652,"0,216"
5653,"38,23,137"
5654,"4,19,238"
5655,"0,26,350"
5656,"3,21"
5657,"3,21,127"
5658,"3,147,148"
5659,"3,111,119"
5660,"40,41,224"
5661,"10,64,80"
5662,"40,146,145"
5663,"26,231,23"
5664,"0,271"
5665,"0,271,272"
5666,"40,153,139"
5667,"40,139,153"
5668,"23,118,74"
5669,"54,10,95"
5670,"0,265,349"
5671,"64,10,80"
5672,"45,44,40"
5673,"40,131,241"
5674,"64,10,80"
5675,"3,111,472"
5676,"23,74"
5677,"169,296,277"
5678,"23,74,118"
5679,"127,21,3"
5680,0
5681,"10,54,95"
5682,"3,21,85"
5683,"44,40,145"
5684,"40,149,41"
5685,"3,30,66"
5686,"3,148"
5687,"10,11,109"
5688,"23,26,231"
5689,"21,3,124"
5690,64
5691,"40,128,175"
5692,"169,296"
5693,23
5694,"23,26,231"
5695,"23,26,231"
5696,23
5697,"3,4,238"
5698,"40,24,44"
5699,"147,3,148"
5700,"160,40,302"
5701,"169,296,411"
5702,"3,21,126"
5703,10
5704,"10,64"
5705,"53,287,3"
5706,"15,16,3"
5707,"40,131,406"
5708,"169,170,459"
5709,"40,139"
5710,"10,60"
5711,"8,26,23"
5712,"0,355,26"
5713,"220,10,242"
5714,"40,131,134"
5715,"169,199"
5716,"169,170,337"
5717,"11,10,205"
5718,"3,15,16"
5719,"40,131,406"
5720,"199,131,169"
5721,"21,3,108"
5722,"23,220"
5723,"40,131,134"
5724,"10,64,65"
5725,"3,147,523"
5726,"0,271"
5727,"3,4"
5728,"169,199,343"
5729,"25,24,23"
5730,"10,64,338"
5731,0
5732,271
5733,"74,303,23"
5734,"40,146,145"
5735,"3,147,148"
5736,"23,38,105"
5737,"31,23,258"
5738,"3,379,21"
5739,"10,64"
5740,"3,4,435"
5741,"23,49,24"
5742,"220,10,221"
5743,"4,3,19"
5744,"265,0,349"
5745,"3,156,147"
5746,"10,64,80"
5747,"40,145"
5748,"10,54,95"
5749,"64,10,65"
5750,"220,10,242"
5751,"40,152,151"
5752,"169,199,138"
5753,"31,145,40"
5754,"40,151"
5755,"43,23,54"
5756,"199,169,343"
5757,"3,13"
5758,"40,152,151"
5759,"0,216"
5760,"220,10,242"
5761,"40,131,406"
5762,"3,111"
5763,"10,220"
5764,"4,3,19"
5765,"3,111"
5766,"10,11,60"
5767,"40,41,224"
5768,"23,231,26"
5769,"169,281,199"
5770,3
5771,"23,26,89"
5772,"10,54"
5773,"10,60,61"
5774,"3,21,48"
5775,"10,54,44"
5776,"44,40,145"
5777,"3,68"
5778,"3,21,40"
5779,"3,164,21"
5780,"89,26,23"
5781,"3,21"
5782,"40,145,54"
5783,"3,139,153"
5784,"3,111"
5785,"243,317,184"
5786,"169,199,281"
5787,"220,10,242"
5788,"23,74,317"
5789,"23,38,137"
5790,"26,23,8"
5791,"23,31,131"
5792,"64,10,90"
5793,"13,14,204"
5794,"10,220,11"
5795,"169,199"
5796,"169,199,171"
5797,"44,40,145"
5798,"169,23,31"
5799,"23,74,84"
5800,"10,11,12"
5801,"40,151,152"
5802,"23,74,303"
5803,"43,23,10"
5804,"23,53"
5805,0
5806,0
5807,"0,108,313"
5808,"3,147,148"
5809,"23,24"
5810,"11,10,109"
5811,"15,3,16"
5812,"169,199,281"
5813,"3,21,53"
5814,0
5815,"26,23,231"
5816,"3,15,170"
5817,"40,129,128"
5818,"31,23,328"
5819,"199,169,343"
5820,"220,10,242"
5821,"8,0,206"
5822,"0,265,349"
5823,"23,24,345"
5824,"10,11,24"
5825,"71,38,23"
5826,"23,74,24"
5827,"3,53"
5828,"220,10,242"
5829,"43,10,23"
5830,"23,31,10"
5831,"3,190,28"
5832,"23,31,258"
5833,"23,26,89"
5834,"23,26,89"
5835,"40,128,129"
5836,"4,19,3"
5837,"220,242,10"
5838,"3,53,287"
5839,"220,10,242"
5840,"40,131,142"
5841,"40,160"
5842,"11,10,205"
5843,"169,199,281"
5844,"3,21"
5845,"346,313,0"
5846,"3,112"
5847,"3,21,115"
5848,"0,3,21"
5849,"169,296"
5850,"220,10"
5851,"64,10"
5852,"23,74,231"
5853,"3,111,53"
5854,"199,169,343"
5855,"40,131,406"
5856,"249,0"
5857,"40,131,134"
5858,"17,3,168"
5859,"0,208,216"
5860,"10,64,93"
5861,"23,24"
5862,"145,40,44"
5863,"3,4,375"
5864,"40,145,402"
5865,"40,185,184"
5866,"23,309,38"
5867,"220,10,242"
5868,"10,43,23"
5869,"3,5,6"
5870,"3,85,147"
5871,"0,2,1"
5872,"64,10,338"
5873,"11,10,109"
5874,"3,21"
5875,"131,40,406"
5876,"169,53,287"
5877,"31,23,32"
5878,"0,2,1"
5879,"40,3,21"
5880,"40,160,315"
5881,"3,48,21"
5882,"40,131,134"
5883,"169,199,259"
5884,"23,454,31"
5885,0
5886,"23,220,221"
5887,"10,11,12"
5888,"23,24,49"
5889,"40,162,163"
5890,"23,24"
5891,"3,85,13"
5892,"0,271"
5893,"3,21,48"
5894,"23,31"
5895,"0,265,418"
5896,"3,17,168"
5897,"3,4,19"
5898,3
5899,"31,23,169"
5900,"131,40,406"
5901,"40,135,431"
5902,"135,40,3"
5903,"169,199,323"
5904,"23,118,74"
5905,"3,4,5"
5906,"11,10,109"
5907,"40,324,41"
5908,"169,459,170"
5909,"64,10,93"
5910,"0,211,319"
5911,"135,40,138"
5912,"23,25,24"
5913,"40,139"
5914,"0,8"
5915,"23,25,24"
5916,"131,40,406"
5917,"40,131,406"
5918,"40,128,195"
5919,"3,85"
5920,"11,44,109"
5921,"160,71,38"
5922,"0,216,304"
5923,"24,23,10"
5924,0
5925,"3,190,28"
5926,"64,10,80"
5927,"17,320,3"
5928,"3,30"
5929,"4,3,19"
5930,"169,199,323"
5931,"11,10,205"
5932,"10,64,93"
5933,"3,21,115"
5934,"3,4"
5935,"169,199,343"
5936,"0,218,11"
5937,"40,145,23"
5938,"23,26,231"
5939,"40,160,315"
5940,"0,216"
5941,"64,10,80"
5942,"3,4"
5943,"220,10,221"
5944,"3,4,183"
5945,"40,135,141"
5946,"23,118,74"
5947,"23,26,89"
5948,"220,10,242"
5949,"0,229,208"
5950,"40,145,44"
5951,"0,271"
5952,"23,169,199"
5953,"3,21,48"
5954,"40,149,41"
5955,"138,135,40"
5956,"3,147,156"
5957,"3,15,16"
5958,"3,33"
5959,"169,296"
5960,"3,263,34"
5961,40
5962,3
5963,"44,40,145"
5964,"147,3,148"
5965,"0,218,11"
5966,"40,131,226"
5967,"40,145,23"
5968,"15,3,16"
5969,"199,169,343"
5970,"23,40,145"
5971,169
5972,"23,43,24"
5973,"206,0,8"
5974,"3,21,187"
5975,"23,74,303"
5976,"135,40,3"
5977,"23,454,31"
5978,"3,17,168"
5979,"64,10,448"
5980,"10,24,23"
5981,"0,265,349"
5982,0
5983,"11,10,109"
5984,"169,199,26"
5985,"4,3,238"
5986,"40,160,41"
5987,"0,216"
5988,"231,26,23"
5989,"3,21,127"
5990,"21,170,169"
5991,"0,8"
5992,"0,319,211"
5993,"10,220,221"
5994,"40,131,241"
5995,"64,448,10"
5996,"4,3,19"
5997,"220,10,242"
5998,"3,5,4"
5999,40
6000,"10,64,93"
6001,"3,53,523"
6002,"3,53,287"
6003,"0,304,216"
6004,"23,74,165"
6005,"60,10,61"
6006,"40,131,406"
6007,"23,105"
6008,"3,199,169"
6009,"3,21"
6010,"10,64,65"
6011,"3,5,228"
6012,"64,10,93"
6013,"54,10,95"
6014,3
6015,"3,68"
6016,"3,21,379"
6017,"169,199,323"
6018,0
6019,"3,111,112"
6020,"10,64,43"
6021,"0,456,271"
6022,"8,0,206"
6023,"3,21"
6024,"0,206,208"
6025,"10,12,64"
6026,"3,21,108"
6027,"0,8,255"
6028,"3,147,156"
6029,"40,131,406"
6030,"3,21"
6031,"23,74,118"
6032,"0,255,271"
6033,"40,145,402"
6034,3
6035,"40,135,138"
6036,"40,145,402"
6037,"23,74,118"
6038,"231,26,23"
6039,"3,4"
6040,"40,152,160"
6041,"131,40,406"
6042,"3,111"
6043,"138,135,169"
6044,"0,249,279"
6045,"131,40,406"
6046,"220,10,242"
6047,"43,23,24"
6048,"44,11,40"
6049,"23,48,3"
6050,"23,74,303"
6051,"23,40,38"
6052,"3,17"
6053,"40,41,139"
6054,40
6055,"3,17"
6056,"187,3,40"
6057,"0,216,257"
6058,40
6059,"23,74,26"
6060,"40,128,186"
6061,40
6062,"23,74"
6063,"40,3"
6064,"3,21,48"
6065,23
6066,"3,30,104"
6067,"23,118,74"
6068,"169,199,343"
6069,"4,3,435"
6070,"3,4"
6071,"3,5,228"
6072,"0,8"
6073,"296,169"
6074,3
6075,"40,160,41"
6076,"44,40,145"
6077,"272,0,361"
6078,"169,199"
6079,"43,23,24"
6080,"10,11,109"
6081,"3,21,379"
6082,0
6083,0
6084,"23,26,89"
6085,"10,60,64"
6086,"160,40,315"
6087,"74,23,303"
6088,"23,49,24"
6089,"23,24,43"
6090,"10,64,93"
6091,"10,64,65"
6092,"169,199,323"
6093,"40,139"
6094,"23,31,328"
6095,"26,23,350"
6096,"3,21"
6097,"10,11"
6098,"4,3,19"
6099,"64,10,93"
6100,"8,0,206"
6101,"40,162,163"
6102,169
6103,"0,271,456"
6104,"169,199"
6105,"169,296"
6106,"0,208,505"
6107,"40,184,494"
6108,"10,11,12"
6109,"3,66,30"
6110,"10,11,60"
6111,"23,105"
6112,"40,131,139"
6113,"169,199,323"
6114,"220,10,242"
6115,"169,199,23"
6116,"0,216,212"
6117,"0,265,340"
6118,"23,26"
6119,"11,10,205"
6120,"0,249,279"
6121,"54,40,44"
6122,"3,15,16"
6123,"40,152,151"
6124,"3,21"
6125,"0,208,304"
6126,"3,17"
6127,"3,21,48"
6128,"40,324,128"
6129,"44,40,145"
6130,"3,30,66"
6131,"3,17,168"
6132,"40,21,139"
6133,"0,271"
6134,"10,64,65"
6135,"3,147,148"
6136,"11,44,109"
6137,"3,30,66"
6138,"3,21"
6139,"3,21"
6140,"3,21,108"
6141,"40,145,44"
6142,"10,64,93"
6143,"64,10,93"
6144,"11,10,109"
6145,"224,41,3"
6146,"44,45,40"
6147,0
6148,"3,17"
6149,"64,10,93"
6150,"3,28,190"
6151,"23,31"
6152,"169,199,281"
6153,"199,169,356"
6154,"23,31,96"
6155,"220,10,221"
6156,"3,53"
6157,"145,10,23"
6158,40
6159,"40,131,406"
6160,"0,313,346"
6161,"3,15,16"
6162,"40,152,151"
6163,"169,251,337"
6164,"169,337"
6165,"54,95,10"
6166,"169,170,459"
6167,"220,10,242"
6168,"10,54,95"
6169,"3,53"
6170,"4,3,19"
6171,"296,169"
6172,"3,21"
6173,"10,60,61"
6174,"74,23,3"
6175,"3,10"
6176,"40,151,152"
6177,"40,23,129"
6178,3
6179,"169,199"
6180,"40,152,151"
6181,"220,10,221"
6182,"23,24,25"
6183,"31,23,258"
6184,"23,26,231"
6185,"3,30,104"
6186,"3,17,168"
6187,"23,49,31"
6188,"64,23,10"
6189,"23,74,118"
6190,"8,26,23"
6191,"23,74,317"
6192,26
6193,"40,145"
6194,"23,38,71"
6195,"23,105,25"
6196,"3,21,156"
6197,"3,21"
6198,"74,23,118"
6199,"43,23,24"
6200,"3,28,190"
6201,"10,64,93"
6202,"169,271,199"
6203,"23,31,96"
6204,"40,160,152"
6205,"23,26,89"
6206,"64,10,448"
6207,"139,153,40"
6208,0
6209,"3,21,85"
6210,"0,8,235"
6211,"3,21,22"
6212,"185,40,184"
6213,"23,26,89"
6214,"3,15,16"
6215,"11,10,205"
6216,"23,24"
6217,"40,23,31"
6218,"43,23,24"
6219,"40,131"
6220,"220,10,242"
6221,"0,271"
6222,"3,13,15"
6223,"40,131,406"
6224,"10,60,239"
6225,"220,242,10"
6226,"220,10,242"
6227,"10,64,80"
6228,"128,129,40"
6229,"3,21,187"
6230,0
6231,"0,265,266"
6232,"105,23,318"
6233,"0,213,214"
6234,"3,296"
6235,"3,21"
6236,"3,30,66"
6237,"129,128,40"
6238,"44,45,145"
6239,"44,40,145"
6240,"169,170,199"
6241,"131,40,406"
6242,"3,15,16"
6243,"3,21,48"
6244,"169,199,171"
6245,40
6246,"169,199,323"
6247,"3,21,127"
6248,"169,274,426"
6249,"24,23"
6250,"40,151,160"
6251,"0,257,216"
6252,"3,48,21"
6253,3
6254,"10,220,242"
6255,"147,3,148"
6256,138
6257,"255,463,462"
6258,"23,309,38"
6259,"0,313,346"
6260,"105,23,318"
6261,"40,185,184"
6262,"0,249,279"
6263,"40,41"
6264,"169,260,170"
6265,"10,93,31"
6266,"3,85"
6267,"3,21"
6268,"3,4"
6269,"3,30"
6270,"40,184,185"
6271,"3,21,187"
6272,"3,147,148"
6273,"3,147,148"
6274,"11,10,109"
6275,"3,5"
6276,"0,213,214"
6277,"11,10,109"
6278,"169,323,23"
6279,"17,3,168"
6280,"0,271"
6281,"3,100,375"
6282,"4,3,435"
6283,3
6284,"3,4,238"
6285,"4,3,238"
6286,"0,280,271"
6287,"64,10,93"
6288,"169,199,171"
6289,"3,111,112"
6290,"23,31,32"
6291,"40,131,139"
6292,"23,54,49"
6293,"3,53,287"
6294,"3,23"
6295,"44,45,10"
6296,"53,3,287"
6297,"206,8,0"
6298,"3,111,112"
6299,"10,11,109"
6300,"40,131,159"
6301,"169,199,382"
6302,"0,208,304"
6303,"145,40,402"
6304,"0,271,456"
6305,"23,24,11"
6306,"356,169,199"
6307,"23,74"
6308,"10,11,54"
6309,"127,3,21"
6310,"24,23,43"
6311,"10,11"
6312,"23,10,24"
6313,"169,260,170"
6314,"44,40,45"
6315,"23,74,118"
6316,"3,85"
6317,"44,40,145"
6318,"64,10,448"
6319,"64,10,65"
6320,3
6321,"10,43,23"
6322,"10,64"
6323,"10,54,95"
6324,"169,199"
6325,"40,128,129"
6326,"169,199,281"
6327,"4,3,19"
6328,"169,170,171"
6329,"220,10,242"
6330,"17,3,320"
6331,"3,4,238"
6332,"23,32,31"
6333,"10,239,23"
6334,"10,54,322"
6335,"23,38,39"
6336,"3,53,287"
6337,"3,13,150"
6338,"3,147"
6339,"23,26,231"
6340,"3,85"
6341,"13,3,14"
6342,"44,40,145"
6343,"10,64,43"
6344,"0,8"
6345,"206,369,208"
6346,"40,145,44"
6347,"220,10,242"
6348,23
6349,"53,3,287"
6350,"169,199"
6351,"40,152,160"
6352,"0,265,340"
6353,"255,0,463"
6354,3
6355,"54,10,95"
6356,3
6357,"23,31,96"
6358,"3,4,183"
6359,"40,74,146"
6360,"0,208,505"
6361,"169,296,306"
6362,"23,24,43"
6363,"40,41,224"
6364,"3,21"
6365,"40,145,146"
6366,"129,128,40"
6367,"31,258,23"
6368,"10,220,242"
6369,"111,3,119"
6370,"11,10,109"
6371,"23,3"
6372,0
6373,"3,111,119"
6374,"220,10,242"
6375,"40,131,406"
6376,"3,34,263"
6377,"23,49,24"
6378,"40,184,185"
6379,"3,53"
6380,"0,265,340"
6381,"0,271,456"
6382,"0,291,271"
6383,"220,10,242"
6384,"126,3,41"
6385,"23,62,24"
6386,"8,0,308"
6387,"169,199,281"
6388,"206,8,0"
6389,"3,523,53"
6390,"74,23,303"
6391,"10,220,242"
6392,"23,74"
6393,"169,3,199"
6394,"40,145,44"
6395,"169,323,199"
6396,"40,184"
6397,"169,199,281"
6398,"0,271,280"
6399,"220,10,242"
6400,"11,10,109"
6401,"0,265"
6402,"147,148,3"
6403,"3,85,158"
6404,"10,64,93"
6405,"24,23,43"
6406,"208,369,0"
6407,"40,145,146"
6408,3
6409,"0,313,346"
6410,"3,28,190"
6411,"23,74"
6412,"15,16,3"
6413,"23,45,24"
6414,"3,237,34"
6415,3
6416,"3,4,435"
6417,"23,74,317"
6418,"185,184,40"
6419,"40,131,406"
6420,"135,138,40"
6421,3
6422,"40,131"
6423,"169,199,170"
6424,"64,10,448"
6425,"3,13,204"
6426,"8,0,235"
6427,"40,145"
6428,"3,147,148"
6429,"131,40,406"
6430,"8,0,285"
6431,"169,199"
6432,"11,10,205"
6433,"10,49,239"
6434,"0,23"
6435,"40,184,185"
6436,"118,23,74"
6437,23
6438,"3,147,148"
6439,"3,17,168"
6440,"40,131,159"
6441,"26,23,231"
6442,"169,199"
6443,"118,107,74"
6444,"10,64,93"
6445,"3,4"
6446,"40,184,185"
6447,"4,19,3"
6448,3
6449,"3,17,168"
6450,"169,199"
6451,"40,135"
6452,"23,38,39"
6453,"206,0,8"
6454,"44,40,145"
6455,"40,44,45"
6456,"8,0,308"
6457,"3,15,16"
6458,"40,395,396"
6459,"3,21"
6460,"64,10,448"
6461,"0,313,346"
6462,"220,10,242"
6463,"3,28"
6464,"23,31,40"
6465,"3,53"
6466,"10,64,93"
6467,0
6468,"23,43,24"
6469,"40,131,241"
6470,"0,229,421"
6471,"40,139,153"
6472,"23,43,24"
6473,"3,147,148"
6474,"3,148,147"
6475,"40,131,226"
6476,"40,41,42"
6477,3
6478,"0,216,304"
6479,"40,41,42"
6480,"213,214,0"
6481,"237,34"
6482,"296,169"
6483,"40,41,149"
6484,"23,31,10"
6485,0
6486,0
6487,"3,15"
6488,"131,40,134"
6489,"23,38"
6490,"3,111"
6491,"0,8,285"
6492,"169,426"
6493,"28,3,190"
6494,"10,64"
6495,"296,169,460"
6496,"64,10"
6497,"169,170"
6498,"8,0,206"
6499,"169,260,170"
6500,"10,54,44"
6501,"3,15"
6502,"206,0,369"
6503,"23,31,77"
6504,"220,10,221"
6505,"10,90,64"
6506,0
6507,40
6508,"11,10,109"
6509,"128,40,129"
6510,"145,40,44"
6511,"3,21"
6512,"169,199,171"
6513,"169,34,3"
6514,"11,10,109"
6515,"10,221,220"
6516,"11,10,109"
6517,"40,145,402"
6518,"11,10,109"
6519,"74,23,303"
6520,"40,131"
6521,"23,24,25"
6522,"3,53,523"
6523,"4,19,3"
6524,"145,40,402"
6525,"169,170,199"
6526,169
6527,"40,160,423"
6528,"3,66,30"
6529,"3,147,148"
6530,"3,21"
6531,40
6532,"23,26,89"
6533,"3,4,183"
6534,"199,169,281"
6535,"23,105"
6536,"40,41"
6537,"3,111"
6538,"3,147"
6539,"40,129,128"
6540,"40,145,402"
6541,"40,128,129"
6542,"169,170"
6543,220
6544,"3,21,108"
6545,"23,309,38"
6546,"64,10,448"
6547,"3,147,148"
6548,"40,151,152"
6549,"40,186,128"
6550,"40,131,406"
6551,"23,26,313"
6552,"40,145,44"
6553,"64,10,93"
6554,"220,221,10"
6555,"3,111,112"
6556,"11,205,10"
6557,"169,199,171"
6558,"23,32,31"
6559,"23,31"
6560,"40,199,160"
6561,"10,54,322"
6562,"23,31,258"
6563,"40,23"
6564,"23,74,71"
6565,"23,38,71"
6566,"139,40,153"
6567,"3,111"
6568,"3,17,320"
6569,"169,199,260"
6570,"0,2,271"
6571,"8,0,308"
6572,"23,26,231"
6573,"23,26,89"
6574,"23,24,49"
6575,"3,111,112"
6576,"169,337,339"
6577,"11,10,109"
6578,0
6579,"169,281,199"
6580,"40,145,44"
6581,"23,49,24"
6582,"131,40,406"
6583,"3,126,21"
6584,"40,152,151"
6585,"23,137,74"
6586,"3,15,16"
6587,"43,23,24"
6588,"220,10,221"
6589,1
6590,"23,26,231"
6591,"40,128,129"
6592,"40,139,153"
6593,"220,10,242"
6594,"145,40,502"
6595,"23,38"
6596,"10,11"
6597,3
6598,"4,3,7"
6599,"220,10,242"
6600,"23,91,38"
6601,"44,45,40"
6602,"3,21,115"
6603,"64,10,448"
6604,"40,41,224"
6605,"3,21,182"
6606,"3,147,148"
6607,"199,169,281"
6608,"23,74,118"
6609,"10,64,93"
6610,"147,3,148"
6611,"0,271,291"
6612,"23,24,345"
6613,"11,10,109"
6614,"169,170,3"
6615,"40,135,21"
6616,"3,4,238"
6617,"131,40,406"
6618,"40,128,129"
6619,"17,3,168"
6620,"3,21,108"
6621,"40,145,44"
6622,"0,319,211"
6623,"206,0,8"
6624,"169,199,170"
6625,"10,12,11"
6626,"40,138,135"
6627,"3,21,22"
6628,"220,10,221"
6629,"135,5,57"
6630,"26,350,23"
6631,0
6632,"3,21,127"
6633,"0,2,1"
6634,"23,105,53"
6635,"118,74,23"
6636,"26,23,8"
6637,"3,85"
6638,"23,26,89"
6639,"64,10,448"
6640,"3,147,148"
6641,"0,271"
6642,169
6643,"23,137"
6644,"3,21,127"
6645,"23,26,231"
6646,"44,40,145"
6647,"171,199,131"
6648,"8,405"
6649,"4,3,7"
6650,"199,169,323"
6651,"10,54,95"
6652,"40,41,224"
6653,"23,24,38"
6654,"74,23,317"
6655,"3,21,48"
6656,"41,40"
6657,"23,38"
6658,"169,199,281"
6659,"3,34,187"
6660,"220,10,242"
6661,"43,23,24"
6662,"40,145,23"
6663,"40,128,129"
6664,"220,10,221"
6665,"3,147,148"
6666,"0,313,346"
6667,"3,15,16"
6668,"40,131,406"
6669,"40,131,406"
6670,"40,395"
6671,"23,26,89"
6672,23
6673,"23,10"
6674,"0,254"
6675,"23,31,96"
6676,"64,10,93"
6677,"169,199,343"
6678,"40,131"
6679,"8,0,206"
6680,"0,249,279"
6681,"23,40,24"
6682,"10,54,322"
6683,"64,10,448"
6684,"3,21"
6685,"138,169,199"
6686,"40,160,423"
6687,"3,21"
6688,0
6689,"0,271,272"
6690,"40,145,54"
6691,"40,3"
6692,"169,199,281"
6693,"3,21"
6694,"0,271,280"
6695,"147,3,148"
6696,"3,183"
6697,"3,53,68"
6698,"40,131,406"
6699,"3,85"
6700,3
6701,"11,10,205"
6702,40
6703,"220,10,242"
6704,"3,13"
6705,"23,26"
6706,"3,13,14"
6707,"23,24,25"
6708,"3,15,16"
6709,"10,64,93"
6710,"350,313,346"
6711,"10,64,93"
6712,"3,21,108"
6713,"199,169,343"
6714,"23,74"
6715,"199,169,382"
6716,"220,10,242"
6717,"23,43,24"
6718,"8,0,391"
6719,"0,8,308"
6720,"74,23,303"
6721,"23,24,45"
6722,"44,145,40"
6723,"23,24,47"
6724,"220,10,242"
6725,"40,131,406"
6726,"169,199,171"
6727,"0,271,424"
6728,"3,16,15"
6729,"40,131,406"
6730,"0,214,213"
6731,"199,131,171"
6732,"3,21,34"
6733,"3,147,148"
6734,"44,40,145"
6735,"26,23,89"
6736,"23,38"
6737,"10,40,145"
6738,"220,10,221"
6739,"3,147,85"
6740,"206,8,0"
6741,"169,199"
6742,"11,23,24"
6743,"220,10,221"
6744,"0,8,206"
6745,"3,13,150"
6746,"23,74,495"
6747,"23,43,24"
6748,3
6749,"3,111"
6750,"3,4,238"
6751,"0,271"
6752,"40,127,21"
6753,"40,127,3"
6754,"139,40,140"
6755,"169,296"
6756,"10,220,221"
6757,"23,40"
6758,3
6759,3
6760,"23,26,89"
6761,"11,10,12"
6762,"169,199,343"
6763,"26,231,23"
6764,"3,81,30"
6765,3
6766,"0,271,456"
6767,"44,145,45"
6768,"220,10,242"
6769,"169,199"
6770,"317,74"
6771,"0,277"
6772,"23,118,74"
6773,"40,160,334"
6774,"3,21"
6775,"3,4,19"
6776,"3,17,168"
6777,"296,169"
6778,"128,40,129"
6779,"0,271,456"
6780,"17,3,168"
6781,"40,131,142"
6782,"23,231,26"
6783,"169,199,281"
6784,"44,40,145"
6785,0
6786,"10,173,220"
6787,"40,131"
6788,"10,54,95"
6789,"23,169,31"
6790,0
6791,"10,322,54"
6792,"0,235,8"
6793,"220,10,242"
6794,"10,239,442"
6795,"0,271,355"
6796,"40,135,199"
6797,"23,38,74"
6798,"3,21"
6799,"4,3,435"
6800,"4,3,238"
6801,"23,38,74"
6802,"3,85"
6803,"0,271,456"
6804,"11,10"
6805,"23,105"
6806,"145,40,25"
6807,"337,339,169"
6808,"169,296,306"
6809,"3,4,238"
6810,"0,348,255"
6811,"3,40"
6812,"3,21,30"
6813,"3,34,447"
6814,"3,4"
6815,"10,11,12"
6816,"3,40"
6817,"169,199,281"
6818,"3,28,21"
6819,"3,21,164"
6820,"0,265,349"
6821,"0,271"
6822,"23,137,105"
6823,"40,41,149"
6824,"0,271,363"
6825,"64,10,448"
6826,"40,160,135"
6827,"131,40,406"
6828,"0,213"
6829,"54,10,95"
6830,"23,32,31"
6831,"10,64,43"
6832,"169,170,260"
6833,"3,21,182"
6834,"3,53,523"
6835,"40,135,236"
6836,"4,19,3"
6837,"64,10,80"
6838,"23,74"
6839,"23,74,303"
6840,"220,10,242"
6841,"169,296"
6842,"23,24,43"
6843,"23,26,89"
6844,"286,41,40"
6845,"0,271"
6846,"54,40,145"
6847,"3,34,263"
6848,"11,10,109"
6849,"23,43,24"
6850,"3,21,127"
6851,"23,10"
6852,"10,64,448"
6853,"220,493"
6854,"44,40,145"
6855,3
6856,"23,105"
6857,"3,15,16"
6858,"8,0,206"
6859,"0,8,313"
6860,"169,199,356"
6861,"169,199,343"
6862,"3,147,148"
6863,"44,45,40"
6864,"11,10,12"
6865,"40,162,163"
6866,"169,296"
6867,"10,64,338"
6868,"0,456"
6869,"10,64,80"
6870,"3,523,53"
6871,"40,159,131"
6872,"40,131,142"
6873,"23,24"
6874,"0,213,214"
6875,"23,26,350"
6876,"169,199,259"
6877,"23,89,26"
6878,"169,337,339"
6879,"3,21,127"
6880,"206,0,8"
6881,"220,10,242"
6882,"169,281,199"
6883,"23,43,24"
6884,"23,350,26"
6885,"296,169"
6886,199
6887,"43,10,23"
6888,"3,127,21"
6889,"11,10,109"
6890,"0,271,363"
6891,23
6892,"26,23,350"
6893,"214,213,0"
6894,"23,26,89"
6895,"43,23,10"
6896,40
6897,"0,265,340"
6898,"105,23,318"
6899,"40,128,129"
6900,"23,38,118"
6901,"11,10,205"
6902,"23,26,350"
6903,"10,220,221"
6904,"23,38,39"
6905,"23,26,350"
6906,"74,23,303"
6907,"3,15,16"
6908,"118,23,74"
6909,"40,44,145"
6910,"8,0,391"
6911,"15,16,3"
6912,"169,199,171"
6913,"40,131,226"
6914,"8,0,206"
6915,"8,206,0"
6916,"74,23,303"
6917,"23,38,137"
6918,"23,31,328"
6919,"40,100,222"
6920,"3,4"
6921,"10,220,221"
6922,"3,238,4"
6923,"23,74,118"
6924,"23,74,303"
6925,"216,0"
6926,"23,26,89"
6927,"220,10,242"
6928,"213,214,0"
6929,"23,74,303"
6930,3
6931,"64,10,80"
6932,"40,152,151"
6933,"169,199"
6934,"10,220,242"
6935,"85,3,86"
6936,"3,21"
6937,"54,10,95"
6938,"3,53"
6939,"10,11"
6940,"23,74,165"
6941,"0,265,349"
6942,"10,54,145"
6943,"169,199,171"
6944,"3,4"
6945,"23,105,106"
6946,169
6947,"0,8"
6948,"3,156,21"
6949,"5,3,228"
6950,3
6951,"10,64"
6952,"23,49,24"
6953,169
6954,"10,220,221"
6955,"64,448,10"
6956,"220,10,221"
6957,"3,15,16"
6958,"220,10,242"
6959,169
6960,"3,4,30"
6961,"3,115,21"
6962,"40,145,44"
6963,"4,3,19"
6964,"131,241,40"
6965,"281,169,199"
6966,"23,26,89"
6967,"23,26,89"
6968,"0,366,380"
6969,"10,23,49"
6970,"3,85"
6971,"21,3"
6972,"131,40,406"
6973,"40,44,145"
6974,"23,38,71"
6975,"169,170,171"
6976,"220,10,242"
6977,"3,21,379"
6978,"3,34,53"
6979,"8,206,0"
6980,"3,147,148"
6981,"220,10,242"
6982,"64,10,338"
6983,"10,64,93"
6984,"40,41,149"
6985,"40,41,324"
6986,"199,323,338"
6987,169
6988,"40,160"
6989,"169,170,199"
6990,"170,169,260"
6991,"26,23,89"
6992,"40,41,224"
6993,"296,169,411"
6994,"38,23,309"
6995,"3,4"
6996,"3,21"
6997,"40,184,185"
6998,"169,199,171"
6999,"40,131,134"
7000,"10,64,93"
7001,"64,90,10"
7002,"0,40,222"
7003,"10,64,473"
7004,"3,168"
7005,"40,128,129"
7006,"296,169,411"
7007,"40,41,201"
7008,"3,147,148"
7009,"4,3,238"
7010,"3,4,188"
7011,"40,131,406"
7012,"3,21"
7013,"23,74"
7014,"0,363"
7015,"23,31,32"
7016,"44,40,145"
7017,"0,271,363"
7018,"3,17,320"
7019,"3,111,68"
7020,"118,23"
7021,"55,54,10"
7022,"40,128,41"
7023,"11,10,109"
7024,"23,31,454"
7025,"3,111,119"
7026,"3,21"
7027,"23,26,44"
7028,"0,475,218"
7029,"40,139,153"
7030,"40,41,224"
7031,"3,113,53"
7032,"3,17,21"
7033,"89,26,23"
7034,"271,0,272"
7035,"23,24"
7036,"11,109,10"
7037,"3,34,263"
7038,"40,185,131"
7039,"11,10,12"
7040,"169,296,507"
7041,"40,23"
7042,"10,60,64"
7043,"10,64"
7044,"10,43,24"
7045,"138,40,135"
7046,"44,45,40"
7047,"95,54,23"
7048,"3,21"
7049,"40,41,139"
7050,0
7051,"8,0,405"
7052,"23,26,350"
7053,"220,242,10"
7054,"40,160,41"
7055,"169,296"
7056,"24,23,25"
7057,"26,23,8"
7058,"3,13,53"
7059,"23,105"
7060,"3,21,379"
7061,"3,15"
7062,"23,74,317"
7063,"169,199"
7064,"23,89,26"
7065,"40,128,195"
7066,"0,271,291"
7067,"220,10,242"
7068,"169,199"
7069,"0,206,249"
7070,"23,74,118"
7071,"169,296,411"
7072,"23,137,38"
7073,"23,105,326"
7074,10
7075,"10,220,23"
7076,"0,265,349"
7077,"10,54"
7078,"23,74,118"
7079,"169,23,251"
7080,"3,17,168"
7081,"45,40,145"
7082,"220,10,242"
7083,"169,199,171"
7084,"8,0,235"
7085,"3,53,40"
7086,23
7087,"23,38"
7088,"43,23,24"
7089,"3,147,148"
7090,"3,4,183"
7091,"10,64,93"
7092,"23,105"
7093,3
7094,"3,13,14"
7095,"54,10,95"
7096,"3,21,127"
7097,"220,10,221"
7098,"3,287,53"
7099,"31,23,258"
7100,"0,8,313"
7101,"32,23,31"
7102,"23,24,59"
7103,"23,49,24"
7104,"23,74,303"
7105,"40,152,151"
7106,"40,145,44"
7107,"23,24,49"
7108,"10,11"
7109,"23,31,454"
7110,"10,11,12"
7111,"23,118,74"
7112,"169,199"
7113,"31,23,454"
7114,"23,454,31"
7115,"26,350,23"
7116,"145,40,402"
7117,"43,23,24"
7118,"40,145,44"
7119,"40,131,406"
7120,"40,129,128"
7121,"40,145,44"
7122,"0,8,235"
7123,"135,40,199"
7124,"3,21,33"
7125,"31,23,96"
7126,169
7127,"3,21"
7128,"10,220,242"
7129,"10,64,93"
7130,"3,53"
7131,"0,271"
7132,"10,11,205"
7133,"0,271"
7134,"64,10,338"
7135,"23,26,313"
7136,"169,170,260"
7137,"0,265"
7138,"3,111,472"
7139,"3,267"
7140,"21,3"
7141,"40,128,195"
7142,"105,23,318"
7143,"220,10,221"
7144,"169,199"
7145,"169,337,296"
7146,"23,74,165"
7147,"0,271,456"
7148,40
7149,40
7150,"3,169"
7151,"3,169"
7152,"199,169,356"
7153,"169,199,281"
7154,"206,0,8"
7155,"44,40,145"
7156,"3,111,40"
7157,"3,4"
7158,"169,199"
7159,23
7160,"40,160"
7161,23
7162,"169,171,199"
7163,"53,3,287"
7164,"111,3"
7165,"169,170,260"
7166,"169,311"
7167,"23,74"
7168,3
7169,"3,21,127"
7170,"95,54"
7171,"40,160"
7172,40
7173,"3,4,435"
7174,"0,8"
7175,"15,3,16"
7176,0
7177,"3,30,66"
7178,"255,463,0"
7179,"0,271"
7180,"138,135,40"
7181,"131,241,40"
7182,40
7183,"26,231,23"
7184,"169,296,411"
7185,"54,10,40"
7186,"10,145,54"
7187,3
7188,"64,10,442"
7189,"220,10,242"
7190,"3,53"
7191,"3,30,66"
7192,"10,64,93"
7193,"40,131,406"
7194,"40,128,129"
7195,"0,271,456"
7196,"40,160,315"
7197,"10,11,109"
7198,"40,41,42"
7199,"44,145,40"
7200,"0,8,285"
7201,"40,135"
7202,"10,64"
7203,"0,249,279"
7204,"199,169,343"
7205,"54,10,95"
7206,"40,145,402"
7207,"0,216"
7208,"3,21,164"
7209,59
7210,"3,126"
7211,"15,3,16"
7212,"4,3,238"
7213,"40,129,128"
7214,"23,24,43"
7215,"10,64,80"
7216,"3,53,287"
7217,"169,199,170"
7218,"169,199,281"
7219,"10,64,93"
7220,"220,10,221"
7221,"105,23,318"
7222,"44,45,40"
7223,"199,169,343"
7224,"220,10,242"
7225,"169,199,374"
7226,"3,21"
7227,"3,53"
7228,3
7229,"40,131,406"
7230,"3,85"
7231,"40,131,241"
7232,"23,89,26"
7233,"23,74,303"
7234,"3,447,17"
7235,"23,32,31"
7236,"220,10,242"
7237,"40,145,44"
7238,"21,3,108"
7239,"3,105"
7240,"3,17,168"
7241,"169,199,343"
7242,"3,147"
7243,"169,199,356"
7244,"13,3,150"
7245,"3,21"
7246,"160,40"
7247,"3,30,66"
7248,"40,145,135"
7249,"23,118,38"
7250,169
7251,"3,156,147"
7252,"3,21"
7253,"31,23,258"
7254,"40,129,128"
7255,"40,145,44"
7256,"139,40,140"
7257,3
7258,199
7259,"0,265,490"
7260,"23,24,43"
7261,3
7262,"31,23"
7263,"40,162,163"
7264,"0,366"
7265,169
7266,"23,38,91"
7267,"0,271,456"
7268,"3,66,30"
7269,"169,199,343"
7270,"105,23,318"
7271,"3,21,187"
7272,"3,170"
7273,"40,41"
7274,"3,34"
7275,"0,456,271"
7276,257
7277,"23,43,24"
7278,"131,406,40"
7279,"40,152,160"
7280,"3,17,168"
7281,"4,3,238"
7282,"40,395"
7283,"44,40,45"
7284,"0,522,271"
7285,"3,147,156"
7286,"0,265,340"
7287,"169,337,339"
7288,"3,53"
7289,"169,199,323"
7290,"3,375,70"
7291,"40,145,146"
7292,"32,23,31"
7293,"3,127,21"
7294,"131,40,406"
7295,"3,53,287"
7296,"0,206,8"
7297,"23,24,49"
7298,"0,522,271"
7299,"23,26,350"
7300,"11,10,109"
7301,"64,10,93"
7302,"169,339,337"
7303,"11,10,109"
7304,"169,337,339"
7305,"44,40,145"
7306,"3,17,320"
7307,"23,24,74"
7308,"10,60"
7309,"3,28,29"
7310,"3,30"
7311,"4,3,435"
7312,"11,10,205"
7313,"60,10,43"
7314,"0,265,349"
7315,"0,271"
7316,"131,406,40"
7317,"3,147"
7318,"23,74"
7319,"169,296"
7320,"23,74,118"
7321,"111,112,40"
7322,"40,131,406"
7323,"3,34,187"
7324,"0,216"
7325,"23,26"
7326,"26,23,231"
7327,"21,3,124"
7328,"199,40,169"
7329,"0,271,456"
7330,"3,17,168"
7331,"32,23,31"
7332,"40,41,224"
7333,"40,128,129"
7334,"0,271,444"
7335,"169,199,281"
7336,"169,199,281"
7337,"23,74,303"
7338,"10,60,239"
7339,"40,129,128"
7340,"3,15,16"
7341,"23,318,105"
7342,"40,324,128"
7343,"3,164,21"
7344,"169,199,171"
7345,"127,3,21"
7346,"111,40"
7347,"3,34"
7348,"26,231,23"
7349,"3,21,48"
7350,40
7351,"0,265"
7352,"23,40,72"
7353,"40,131,142"
7354,"0,340,265"
7355,"10,64"
7356,"13,3,150"
7357,"169,199,343"
7358,3
7359,169
7360,"129,128,40"
7361,"3,100,222"
7362,"131,40,226"
7363,"3,4,19"
7364,"36,3,35"
7365,"64,10"
7366,"169,436"
7367,"23,74,118"
7368,"3,286,126"
7369,"23,38,137"
7370,"220,10,242"
7371,"0,216,212"
7372,"15,16,3"
7373,"3,111,53"
7374,"3,13"
7375,"23,137,38"
7376,"44,145,40"
7377,"10,11"
7378,"40,128,129"
7379,"3,4,238"
7380,"169,23,26"
7381,"3,21,127"
7382,"220,10,242"
7383,"3,53,287"
7384,0
7385,"0,319,211"
7386,"4,19,3"
7387,"11,10,12"
7388,"23,31"
7389,"3,147,148"
7390,"3,21"
7391,"40,129,128"
7392,"10,54,95"
7393,"31,23,77"
7394,"23,31"
7395,"23,31,96"
7396,169
7397,"3,4,28"
7398,"10,220,221"
7399,"89,23,26"
7400,"45,10,44"
7401,"105,23,318"
7402,"64,10,448"
7403,145
7404,"40,395"
7405,"64,10,448"
7406,"40,139"
7407,"0,249,279"
7408,"169,199,343"
7409,"23,24,43"
7410,"21,3,187"
7411,"40,162,163"
7412,"40,135"
7413,"3,53,287"
7414,"3,147,156"
7415,"40,44,145"
7416,"10,54,95"
7417,"259,169,199"
7418,"40,131,142"
7419,"395,3,40"
7420,"218,0,509"
7421,"3,21,187"
7422,0
7423,"64,10,65"
7424,"23,38"
7425,"3,21,379"
7426,"10,11,109"
7427,"0,265,349"
7428,"3,85"
7429,"11,10,109"
7430,"224,40,41"
7431,"26,23,350"
7432,"169,199,374"
7433,"74,23"
7434,"169,296,199"
7435,"40,131,128"
7436,3
7437,10
7438,"0,456,271"
7439,23
7440,"26,23,350"
7441,"11,10,12"
7442,"169,199,281"
7443,"10,11,12"
7444,"199,169,374"
7445,3
7446,"23,74,26"
7447,"23,31,96"
7448,"3,21,127"
7449,"49,24,23"
7450,"3,21,108"
7451,"3,21"
7452,"44,145,40"
7453,"3,21,124"
7454,"23,89,26"
7455,3
7456,"169,296"
7457,"64,10,65"
7458,"23,74,118"
7459,"10,54,95"
7460,"23,26,350"
7461,"17,168,3"
7462,"23,10,24"
7463,"3,21,187"
7464,"199,169,374"
7465,"3,21,379"
7466,"40,23,145"
7467,"0,206,8"
7468,"303,74,23"
7469,"3,4,51"
7470,"23,31,96"
7471,"23,63,38"
7472,"169,199,323"
7473,"199,169,171"
7474,"0,271,522"
7475,"17,3,168"
7476,"40,160,315"
7477,"169,135,138"
7478,"10,23"
7479,"0,363,271"
7480,"3,21,127"
7481,"10,11,12"
7482,"169,170,260"
7483,"3,53,287"
7484,"0,291"
7485,"64,10,80"
7486,"0,216,370"
7487,"40,131,134"
7488,"0,255,463"
7489,"40,131,406"
7490,3
7491,"40,41,201"
7492,"40,128,152"
7493,"220,242,10"
7494,0
7495,"23,345,24"
7496,"40,41,224"
7497,"220,10,242"
7498,"26,23,350"
7499,"169,199,343"
7500,"3,4,19"
7501,"0,271,444"
7502,"11,10,109"
7503,"0,271,355"
7504,"169,31,454"
7505,"24,323,169"
7506,"23,74,118"
7507,"3,53,68"
7508,"40,169,131"
7509,"23,74,303"
7510,"3,147"
7511,"23,71,38"
7512,"0,271"
7513,"10,239"
7514,"23,74,118"
7515,"41,40,126"
7516,"3,21,48"
7517,"169,199,311"
7518,"40,131,486"
7519,139
7520,"220,10,242"
7521,"23,26,89"
7522,"25,24,23"
7523,"169,170"
7524,"0,271"
7525,"131,40,406"
7526,"3,147,148"
7527,"40,131,406"
7528,"3,111,4"
7529,"185,169,170"
7530,"23,43,24"
7531,"11,10,109"
7532,"40,145,437"
7533,"3,17"
7534,"3,15,16"
7535,"25,24,23"
7536,"65,64,10"
7537,"41,40,201"
7538,3
7539,"23,26,0"
7540,"135,3,40"
7541,"169,199,281"
7542,"40,127,21"
7543,"23,31,32"
7544,"0,366,271"
7545,"3,68,53"
7546,"8,23,308"
7547,"10,313"
7548,"0,255"
7549,"40,145,44"
7550,"401,13,3"
7551,"0,271"
7552,"3,187,21"
7553,"3,15,16"
7554,"64,90,10"
7555,"220,10,242"
7556,"23,31,290"
7557,"4,3,238"
7558,"40,139"
7559,"169,199,459"
7560,"71,38"
7561,3
7562,"199,169"
7563,"43,23,10"
7564,"3,15,16"
7565,"10,11,234"
7566,"220,10,242"
7567,"206,8,0"
7568,"220,10,242"
7569,"3,85,86"
7570,"10,64,93"
7571,"40,41,42"
7572,"145,44,40"
7573,"220,10,242"
7574,"40,131,3"
7575,"23,26,350"
7576,"3,4,19"
7577,"40,131,241"
7578,"169,170,260"
7579,"60,10,61"
7580,"23,74,31"
7581,"44,145,40"
7582,"0,216"
7583,"3,15,16"
7584,"40,131,142"
7585,"3,21"
7586,3
7587,"23,24,43"
7588,"3,30,66"
7589,"10,40,45"
7590,"3,66,30"
7591,"40,139,153"
7592,"3,147,148"
7593,"4,3,238"
7594,"15,16,3"
7595,0
7596,"43,24,23"
7597,"40,145,402"
7598,"23,74,40"
7599,"169,199,23"
7600,"169,199,281"
7601,"23,24,43"
7602,"23,74,165"
7603,"40,131,406"
7604,"23,74"
7605,"0,363,271"
7606,"23,26,350"
7607,"3,147"
7608,"220,10,242"
7609,"23,49,10"
7610,"0,357"
7611,3
7612,"10,64,80"
7613,0
7614,"11,10,12"
7615,"0,271,456"
7616,"220,10,242"
7617,"44,40,145"
7618,"3,51,52"
7619,"105,23,326"
7620,"43,23,10"
7621,"10,11,109"
7622,"10,239,60"
7623,3
7624,"169,171,199"
7625,"0,8"
7626,"3,15,16"
7627,"3,17,168"
7628,"21,3"
7629,"40,152,151"
7630,"40,23"
7631,"3,53"
7632,"43,23,24"
7633,"220,10,242"
7634,"23,26,89"
7635,"3,21,187"
7636,"10,60,239"
7637,"31,23,454"
7638,"40,152,151"
7639,"3,21"
7640,"49,10,24"
7641,"23,31,290"
7642,0
7643,"0,31"
7644,"3,21,187"
7645,"74,23,41"
7646,"3,5,228"
7647,"255,463,462"
7648,"23,105"
7649,"0,265"
7650,"296,169,300"
7651,"220,10,242"
7652,"160,40,315"
7653,"115,3,21"
7654,"10,64"
7655,"26,23,89"
7656,"10,43,24"
7657,"3,15"
7658,"23,137,38"
7659,"3,21,108"
7660,"3,51,52"
7661,"40,131,406"
7662,"220,10,242"
7663,"23,71,72"
7664,"169,170,199"
7665,"40,131,406"
7666,169
7667,"3,17,168"
7668,"3,147,148"
7669,"169,337"
7670,"0,271,280"
7671,"169,199,171"
7672,"10,220,242"
7673,"10,220,221"
7674,"169,459,170"
7675,"10,60,64"
7676,"128,40"
7677,"31,23,258"
7678,"43,23,24"
7679,"3,21"
7680,"3,21"
7681,"169,171,199"
7682,"40,131,132"
7683,"23,26,89"
7684,"3,21"
7685,"31,10,454"
7686,"0,265,349"
7687,"3,4,111"
7688,"40,135,138"
7689,"3,53"
7690,"3,111"
7691,"40,138,135"
7692,"40,241,131"
7693,"64,10,448"
7694,"3,17,168"
7695,"0,11,10"
7696,"0,208"
7697,"28,3,330"
7698,"40,135,141"
7699,"49,23,173"
7700,"169,343,199"
7701,"23,31,40"
7702,"169,199"
7703,"10,64,93"
7704,"23,89,26"
7705,"40,128,195"
7706,"3,53,275"
7707,"3,85"
7708,"40,145,44"
7709,"40,128,129"
7710,"40,160,152"
7711,"23,26,38"
7712,"0,3"
7713,"74,23,165"
7714,"0,350,26"
7715,"40,145,44"
7716,"169,426,199"
7717,"40,111"
7718,"10,64"
7719,"3,13"
7720,"40,131,406"
7721,"10,64"
7722,"3,126,21"
7723,"23,118,74"
7724,"3,40,53"
7725,"10,54"
7726,"3,21,40"
7727,"10,64,448"
7728,"40,145,146"
7729,"40,139"
7730,139
7731,"169,171,199"
7732,"3,21,379"
7733,"23,26,89"
7734,"64,10,448"
7735,"10,60,61"
7736,3
7737,"3,147"
7738,"40,160,152"
7739,"17,3,168"
7740,23
7741,"31,23,290"
7742,"3,4,147"
7743,3
7744,"3,21"
7745,"3,21"
7746,"40,41,324"
7747,3
7748,"26,231,23"
7749,"40,41"
7750,"10,54,322"
7751,"4,3,19"
7752,"0,271,291"
7753,"40,139,153"
7754,"0,265"
7755,"17,3,168"
7756,"3,21,115"
7757,"23,31,258"
7758,"23,32,31"
7759,"31,454,23"
7760,"23,145,40"
7761,"0,265,349"
7762,"145,40,402"
7763,"23,26,89"
7764,"23,26,231"
7765,"15,16,3"
7766,"10,64,93"
7767,3
7768,"15,16,3"
7769,"40,135,236"
7770,"147,148,3"
7771,"3,85"
7772,"3,30,66"
7773,"169,323,199"
7774,"0,1,2"
7775,"8,0"
7776,"3,147,148"
7777,"23,26"
7778,"40,131,134"
7779,"493,326,40"
7780,"10,11,205"
7781,"3,147,127"
7782,"74,23,165"
7783,"199,169,0"
7784,3
7785,"220,10,242"
7786,"3,111,267"
7787,"23,91"
7788,"0,313,346"
7789,"23,26"
7790,"23,26"
7791,"11,10,109"
7792,"21,3,40"
7793,"40,395"
7794,"220,10,242"
7795,"3,111,119"
7796,"220,10,242"
7797,"169,10,64"
7798,"169,296"
7799,"23,38,39"
7800,"40,131,241"
7801,"23,24,10"
7802,"74,23,303"
7803,"23,62"
7804,"17,3,168"
7805,"3,53"
7806,"40,131"
7807,"3,53"
7808,"105,23,318"
7809,"10,11,419"
7810,0
7811,"3,21,108"
7812,"10,11,12"
7813,"0,304,216"
7814,"169,199,171"
7815,"40,41,224"
7816,"139,40,153"
7817,"64,10,90"
7818,3
7819,"3,21"
7820,"10,64,43"
7821,"145,40,10"
7822,"0,271"
7823,"23,11,24"
7824,"3,15,16"
7825,"3,53,287"
7826,"40,135,431"
7827,"0,208,265"
7828,"23,89,26"
7829,"0,456,271"
7830,"23,231,26"
7831,"169,199"
7832,0
7833,"40,145,11"
7834,"3,30"
7835,"199,169,64"
7836,"169,251,337"
7837,"169,170,260"
7838,"11,10,205"
7839,"44,40,145"
7840,"3,182,68"
7841,"23,26,89"
7842,40
7843,"28,3,190"
7844,"265,0,490"
7845,"43,23,24"
7846,"40,131,226"
7847,"40,160,423"
7848,"4,3,238"
7849,"3,17,168"
7850,"3,21,108"
7851,"3,147"
7852,"40,128,129"
7853,"8,0,206"
7854,"23,10,64"
7855,"169,170,251"
7856,"44,145,40"
7857,"40,145"
7858,"40,160"
7859,"0,208,209"
7860,"0,8,235"
7861,"3,4"
7862,"23,74,118"
7863,"40,145,146"
7864,"105,318,23"
7865,"3,53,287"
7866,"54,10,95"
7867,"49,23,24"
7868,0
7869,"3,53,111"
7870,"64,10,93"
7871,"23,24,49"
7872,3
7873,169
7874,"23,26,89"
7875,"23,74"
7876,"131,23"
7877,"10,64,90"
7878,"40,41"
7879,"169,199,0"
7880,"40,41"
7881,"3,53,0"
7882,"10,64"
7883,"10,24,43"
7884,"40,135,138"
7885,"0,271"
7886,"17,168,3"
7887,"147,3,148"
7888,"0,265,418"
7889,"23,118,32"
7890,"17,3,168"
7891,"0,249,279"
7892,"10,60,234"
7893,"0,8,235"
7894,"147,148,3"
7895,"13,3,14"
7896,"40,41"
7897,"169,199,171"
7898,"40,160,41"
7899,"3,168,21"
7900,"10,220"
7901,"23,31,454"
7902,"0,271"
7903,"26,231,350"
7904,"3,21,108"
7905,"3,53,68"
7906,"169,199,171"
7907,3
7908,"169,281,199"
7909,"23,31"
7910,"169,199,171"
7911,"45,44,145"
7912,"23,74,165"
7913,"0,169,199"
7914,"64,10,93"
7915,"3,238,4"
7916,"3,53,111"
7917,"23,24,43"
7918,"44,145,40"
7919,"169,170,260"
7920,"169,260,170"
7921,"220,10,242"
7922,"169,296"
7923,"64,448,79"
7924,"3,169"
7925,"23,74,94"
7926,"10,64,65"
7927,"23,106"
7928,"74,23,303"
7929,"40,131,406"
7930,"0,456,271"
7931,"3,13"
7932,"0,265,349"
7933,"3,85"
7934,3
7935,"169,426,223"
7936,"3,53,467"
7937,"8,0,308"
7938,"44,40,11"
7939,"15,16,3"
7940,"135,40,141"
7941,"23,118,74"
7942,"11,10,12"
7943,"135,40,431"
7944,"40,128,129"
7945,"31,23"
7946,"169,170"
7947,"24,23,43"
7948,"135,40,138"
7949,"10,54,95"
7950,"23,74,26"
7951,"3,168,17"
7952,"4,3,19"
7953,"40,131,406"
7954,0
7955,"160,40,315"
7956,"3,85"
7957,"40,145,44"
7958,40
7959,"0,265,349"
7960,"169,199,259"
7961,0
7962,"44,10,45"
7963,"4,3,19"
7964,3
7965,"3,13"
7966,"3,15,16"
7967,"3,28"
7968,"23,45,44"
7969,"169,337,339"
7970,"40,41,127"
7971,"40,139,153"
7972,"40,131,241"
7973,"3,21,164"
7974,"0,271,456"
7975,"26,23,231"
7976,"23,45,24"
7977,"23,45,44"
7978,"0,271"
7979,"40,128"
7980,"23,24,43"
7981,23
7982,"40,131,406"
7983,"23,111"
7984,"3,21,33"
7985,"40,131,134"
7986,"10,220"
7987,"40,129,128"
7988,168
7989,"220,10,242"
7990,"23,26,89"
7991,"24,23,43"
7992,"3,15,16"
7993,"11,10,205"
7994,"10,64,60"
7995,"281,169,199"
7996,"0,271,272"
7997,"3,21"
7998,3
7999,"26,23,231"
8000,"169,296"
8001,"3,74,303"
8002,"40,131,142"
8003,"3,111,119"
8004,"23,89,26"
8005,"139,140,40"
8006,"64,10,80"
8007,"3,15,16"
8008,3
8009,"26,23,231"
8010,"26,23,350"
8011,"3,111,147"
8012,"23,26,8"
8013,"23,24,49"
8014,"0,271"
8015,"8,26,350"
8016,"199,169,343"
8017,"3,21,127"
8018,"21,3,127"
8019,"145,44,40"
8020,"234,10,60"
8021,"3,21,127"
8022,"38,23,87"
8023,"155,40,139"
8024,"10,60,61"
8025,"40,111"
8026,"3,111"
8027,"10,11,12"
8028,"0,366,271"
8029,"3,4,238"
8030,"3,34,143"
8031,"169,170"
8032,"23,26,89"
8033,"17,168,3"
8034,"23,31,258"
8035,"3,21,301"
8036,"23,74,40"
8037,"40,145,146"
8038,"40,152,151"
8039,"64,10,65"
8040,"3,21,263"
8041,"23,31"
8042,"139,40,153"
8043,"0,271,291"
8044,"169,199"
8045,"220,10,242"
8046,3
8047,"3,13,28"
8048,"13,3,204"
8049,38
8050,"3,17,168"
8051,"23,26,350"
8052,"206,8,0"
8053,3
8054,"3,17,320"
8055,"54,95,44"
8056,"23,40,145"
8057,"23,89,26"
8058,"3,30"
8059,"23,118,74"
8060,"220,10,242"
8061,"10,220,221"
8062,"40,23"
8063,"40,128,129"
8064,"10,60,43"
8065,"169,417,296"
8066,"3,111"
8067,"3,85"
8068,"3,85"
8069,"40,145,44"
8070,3
8071,"11,10,12"
8072,"145,40,44"
8073,"135,40,138"
8074,"31,23,258"
8075,"23,71,38"
8076,"40,184,185"
8077,"14,13,3"
8078,"10,54,322"
8079,"3,21,108"
8080,"40,395,131"
8081,"43,23,24"
8082,"26,23,89"
8083,"40,131,406"
8084,"40,395"
8085,"128,40,129"
8086,"3,34"
8087,"0,249,279"
8088,"0,265,349"
8089,"8,0,308"
8090,"0,313"
8091,3
8092,"45,44,40"
8093,"220,10,242"
8094,"23,169,199"
8095,"169,199,426"
8096,"40,131,226"
8097,3
8098,"220,10,242"
8099,"40,145,44"
8100,23
8101,"169,170,199"
8102,"23,26,89"
8103,"3,4"
8104,3
8105,3
8106,"40,145,44"
8107,"3,21,127"
8108,"3,53,523"
8109,"0,271,456"
8110,"3,147,148"
8111,"23,24,43"
8112,"31,23,258"
8113,"3,4"
8114,"40,128"
8115,"23,105,74"
8116,"3,147,148"
8117,"220,10,242"
8118,3
8119,"23,38,105"
8120,"23,26,231"
8121,"23,24,43"
8122,"3,15,16"
8123,"23,74"
8124,"296,169,306"
8125,"169,199,323"
8126,"11,10,109"
8127,"44,40,145"
8128,"10,23,60"
8129,"40,184,185"
8130,"23,74,118"
8131,"0,265,208"
8132,"32,23,31"
8133,"152,151,40"
8134,"220,10,242"
8135,"0,218"
8136,"296,169,306"
8137,"3,15,16"
8138,"3,21,108"
8139,"220,10,242"
8140,"23,74,303"
8141,"3,21"
8142,"44,45,40"
8143,"10,169,199"
8144,"296,169,526"
8145,"40,41,149"
8146,"3,17,168"
8147,"3,447,53"
8148,"3,4"
8149,"26,23,89"
8150,"296,169"
8151,"0,8,235"
8152,"40,160,302"
8153,"10,23,60"
8154,"0,271,291"
8155,"3,21"
8156,"0,313,346"
8157,"23,74,303"
8158,"8,0,308"
8159,"40,250,135"
8160,"40,324,41"
8161,"185,184,40"
8162,"169,199,3"
8163,"3,85"
8164,"44,40,145"
8165,"40,184,152"
8166,"64,10,23"
8167,"3,21,127"
8168,"3,4"
8169,"3,21,127"
8170,0
8171,"23,44,24"
8172,"169,199,343"
8173,"23,26,89"
8174,"0,216,254"
8175,"0,271"
8176,"40,131,406"
8177,"23,10"
8178,"0,265,349"
8179,"3,4,238"
8180,"169,170"
8181,"40,131,406"
8182,"40,139,241"
8183,"23,24"
8184,"40,131,159"
8185,"10,220,54"
8186,"68,182,3"
8187,"3,68,53"
8188,"3,21"
8189,"169,199,323"
8190,"23,31,131"
8191,"40,324,41"
8192,"3,15,16"
8193,"10,64,23"
8194,"3,30"
8195,"23,137,38"
8196,"40,44,145"
8197,"3,85,86"
8198,"23,74"
8199,"10,64,93"
8200,"220,10,242"
8201,"0,319,211"
8202,"3,17"
8203,3
8204,"23,26,350"
8205,"8,0,206"
8206,"23,26,89"
8207,"0,271"
8208,"40,131,241"
8209,"145,40"
8210,"0,8,308"
8211,"24,59,11"
8212,"23,307"
8213,"0,257,235"
8214,"11,23,309"
8215,"0,271,456"
8216,"220,10,242"
8217,"3,17,168"
8218,"4,3,19"
8219,"23,49,24"
8220,3
8221,"23,24,49"
8222,"105,23,326"
8223,3
8224,"23,24,49"
8225,"169,24,49"
8226,"23,74,303"
8227,"17,320"
8228,"23,26,89"
8229,"131,40,406"
8230,"3,21,127"
8231,"0,271,456"
8232,"74,23,165"
8233,"43,23,24"
8234,"3,53,287"
8235,"23,38,440"
8236,"23,74,63"
8237,3
8238,3
8239,"0,357"
8240,"0,271"
8241,"43,23,24"
8242,"3,4,19"
8243,"40,131,406"
8244,"40,160,152"
8245,"40,145,44"
8246,"234,10,60"
8247,"44,23,24"
8248,"3,4,435"
8249,"0,319"
8250,"74,23,118"
8251,"169,199,281"
8252,"0,255"
8253,"0,8,206"
8254,"64,10,80"
8255,"10,64,442"
8256,"10,64,442"
8257,3
8258,"10,49,239"
8259,"40,131,134"
8260,"60,10,23"
8261,"64,10,93"
8262,"25,23,24"
8263,"3,187,21"
8264,"0,23,370"
8265,"199,169,343"
8266,3
8267,"10,60"
8268,"169,199,281"
8269,"74,23,303"
8270,"0,319,211"
8271,"170,459,3"
8272,"169,199,296"
8273,"0,8,23"
8274,"3,4"
8275,"24,23,43"
8276,"23,74,137"
8277,"17,3"
8278,"3,53,523"
8279,"23,31,32"
8280,"220,10,221"
8281,"131,40,406"
8282,"3,15,16"
8283,"169,296"
8284,0
8285,"40,131,134"
8286,"160,40"
8287,"3,111"
8288,"3,30,66"
8289,"4,3,19"
8290,"23,43,24"
8291,402
8292,"10,64,80"
8293,"40,184,185"
8294,"23,24,49"
8295,"206,369,0"
8296,"199,169,343"
8297,3
8298,"40,131,134"
8299,"3,4"
8300,0
8301,"169,337,339"
8302,"3,66,30"
8303,"118,430,3"
8304,"23,26,89"
8305,"3,53,523"
8306,"3,51,52"
8307,"0,206,369"
8308,"5,3,228"
8309,"40,41,42"
8310,"21,3,108"
8311,"0,313,346"
8312,"10,64"
8313,"23,74,303"
8314,"44,23,145"
8315,"3,21"
8316,"0,213,271"
8317,"21,3"
8318,"199,169,356"
8319,"23,49,24"
8320,"169,170,337"
8321,"3,111,161"
8322,"23,24,43"
8323,"64,10"
8324,"64,10,448"
8325,"64,10,65"
8326,"169,260,170"
8327,"129,40,128"
8328,"23,74,303"
8329,"169,508,426"
8330,"220,10,221"
8331,3
8332,"10,54,95"
8333,"11,10,205"
8334,"3,147,148"
8335,"3,17,168"
8336,3
8337,"40,135,250"
8338,"21,3,102"
8339,"160,40,334"
8340,"3,17,168"
8341,3
8342,"3,4"
8343,"0,8,235"
8344,"10,64,93"
8345,"23,26"
8346,"3,21,127"
8347,"40,41,286"
8348,"23,31"
8349,"23,74,118"
8350,"23,62,24"
8351,"11,10,109"
8352,10
8353,"23,26,231"
8354,"10,40,145"
8355,3
8356,"10,64,93"
8357,3
8358,"23,74,317"
8359,"10,220,11"
8360,"23,105"
8361,"169,199,281"
8362,"169,199,171"
8363,313
8364,"40,184,74"
8365,"0,271,272"
8366,"3,4,19"
8367,"3,30,66"
8368,"11,10,109"
8369,"15,3,16"
8370,"23,38,63"
8371,"26,23,89"
8372,"169,199"
8373,"23,31,328"
8374,"40,152,151"
8375,"17,168,3"
8376,"11,205,10"
8377,"0,313,346"
8378,"15,16,3"
8379,"10,11,109"
8380,"23,71,38"
8381,"3,40"
8382,"379,222,21"
8383,"74,23,303"
8384,"44,145,40"
8385,"0,8"
8386,"187,3,169"
8387,"10,54,173"
8388,"3,53"
8389,"220,10,242"
8390,"3,111,119"
8391,"40,160,315"
8392,"3,34"
8393,"3,21,127"
8394,"3,32"
8395,"3,68,21"
8396,"0,265,340"
8397,"10,11,44"
8398,"169,199,171"
8399,"31,23,258"
8400,"10,11,109"
8401,"23,40,131"
8402,"3,147,167"
8403,"169,281,199"
8404,"169,199,343"
8405,"23,169,38"
8406,"23,89,26"
8407,"23,24"
8408,"3,168,17"
8409,"3,111"
8410,"74,23,303"
8411,"23,26,89"
8412,"31,23"
8413,"23,38"
8414,"10,64,473"
8415,"11,10,109"
8416,10
8417,"10,64"
8418,"3,15"
8419,"74,23,303"
8420,"0,271,456"
8421,"10,64,80"
8422,"23,26,89"
8423,"169,199,138"
8424,"40,131,134"
8425,"40,131,226"
8426,"23,105,106"
8427,"26,231,23"
8428,"23,43,24"
8429,"40,10,54"
8430,"139,40"
8431,"169,199,281"
8432,"0,271"
8433,"64,10,448"
8434,"11,10,205"
8435,"3,21,115"
8436,3
8437,"0,265,340"
8438,"23,345,24"
8439,"3,85"
8440,40
8441,"3,17,168"
8442,"8,0,206"
8443,"3,17,320"
8444,"23,74,71"
8445,23
8446,"169,199,281"
8447,"11,10,109"
8448,"0,429,271"
8449,"3,5"
8450,"0,8"
8451,"23,38,345"
8452,"3,53,523"
8453,"0,8"
8454,"128,129,40"
8455,"23,24"
8456,"23,197,10"
8457,115
8458,"145,169,40"
8459,"0,265,271"
8460,0
8461,"26,23,350"
8462,"23,38,91"
8463,"40,44,145"
8464,3
8465,"40,160"
8466,"26,23,89"
8467,"40,41,224"
8468,"23,31,96"
8469,"23,44,40"
8470,"3,17,168"
8471,"1,0,2"
8472,"169,199,281"
8473,"10,64,93"
8474,"169,170,60"
8475,"8,206,308"
8476,0
8477,"64,10,43"
8478,"220,10,221"
8479,"258,31"
8480,"15,3,16"
8481,"220,10,242"
8482,"0,8,405"
8483,"10,220,242"
8484,"169,199,281"
8485,"220,10,221"
8486,"3,21,127"
8487,"199,169,356"
8488,"74,303,23"
8489,"10,65,64"
8490,"169,199,343"
8491,"40,128,186"
8492,"229,0,230"
8493,"3,53"
8494,105
8495,"23,31,74"
8496,"0,271,272"
8497,"10,64,338"
8498,"10,64,80"
8499,169
8500,"169,199"
8501,"3,28"
8502,"8,0,206"
8503,"40,145"
8504,"169,312,426"
8505,"10,60,239"
8506,"3,40"
8507,"169,199,343"
8508,"10,11,12"
8509,"40,160,315"
8510,"105,23,10"
8511,"169,199,323"
8512,"40,34"
8513,"3,523,53"
8514,"8,0,199"
8515,"17,3,168"
8516,"169,426,312"
8517,"169,199,337"
8518,"0,291"
8519,"44,40,145"
8520,"169,199,356"
8521,"147,3,148"
8522,"23,26,350"
8523,0
8524,"40,135"
8525,"10,60,234"
8526,"23,26,231"
8527,"10,12,11"
8528,"3,111,112"
8529,"40,131,241"
8530,"199,169"
8531,"105,3,318"
8532,"3,53"
8533,"3,4"
8534,"220,10,221"
8535,"3,21"
8536,"44,145,40"
8537,"23,26,231"
8538,"23,24"
8539,"0,8"
8540,"3,21"
8541,"169,199,170"
8542,"111,31,3"
8543,"40,3,34"
8544,"220,10,221"
8545,"3,30,66"
8546,"255,0,463"
8547,"3,34,263"
8548,"40,145,146"
8549,"8,0,26"
8550,"40,152,151"
8551,"0,216,208"
8552,0
8553,"3,17,168"
8554,"3,21"
8555,"3,21"
8556,"3,111,267"
8557,0
8558,23
8559,"220,10,242"
8560,"64,10,65"
8561,"11,10,109"
8562,"64,10,338"
8563,"26,231,23"
8564,"23,24,45"
8565,"8,0,308"
8566,"40,145,402"
8567,"169,170,459"
8568,"169,170,260"
8569,"40,131,142"
8570,"3,21,124"
8571,"3,21"
8572,"10,220,221"
8573,"169,199,281"
8574,"0,271,291"
8575,"3,111,119"
8576,"220,10,242"
8577,"3,156,85"
8578,"40,135,431"
8579,"43,24,23"
8580,"3,53,523"
8581,"23,38,39"
8582,"23,74,303"
8583,"3,111,119"
8584,"26,23,350"
8585,"128,129,40"
8586,"3,30,66"
8587,23
8588,"10,109,11"
8589,"23,105,326"
8590,"139,140,40"
8591,"31,23,454"
8592,"23,43,24"
8593,169
8594,"23,220,10"
8595,"169,311,343"
8596,"64,10,80"
8597,"213,214,0"
8598,"169,199,281"
8599,"15,16,3"
8600,"40,128,195"
8601,"64,10,80"
8602,"459,170,169"
8603,"3,21,127"
8604,"40,334,41"
8605,"34,169,263"
8606,"3,111,112"
8607,"11,10,109"
8608,"169,170,296"
8609,"169,170"
8610,"3,21,187"
8611,"23,74,118"
8612,"23,24,25"
8613,"11,10,109"
8614,"0,271,362"
8615,"23,38,309"
8616,"0,271,456"
8617,"10,239,60"
8618,"3,34"
8619,"60,61,10"
8620,"3,127,21"
8621,"3,85"
8622,379
8623,"169,199,259"
8624,"17,3,168"
8625,"40,131,406"
8626,"220,10,242"
8627,"23,71"
8628,"40,152,151"
8629,"23,105,318"
8630,"3,5"
8631,"21,3,124"
8632,"26,23,350"
8633,"169,296,428"
8634,"40,139,153"
8635,"3,111"
8636,"23,43,24"
8637,"3,85"
8638,"241,40,131"
8639,"3,147,156"
8640,"23,25"
8641,"40,41,324"
8642,"40,131,134"
8643,"23,26,350"
8644,"40,23,24"
8645,"100,0,222"
8646,"3,21"
8647,"23,77,74"
8648,"40,152,151"
8649,"3,147,53"
8650,"3,21,48"
8651,"23,265,0"
8652,0
8653,"128,129,40"
8654,"160,40"
8655,"23,10,25"
8656,"3,28,190"
8657,"40,131,159"
8658,"23,49,24"
8659,"23,24,49"
8660,"129,128,40"
8661,"0,271,456"
8662,"11,10,205"
8663,"40,131,226"
8664,"44,40,145"
8665,"40,131,226"
8666,"0,366,271"
8667,"169,426,427"
8668,"4,3,19"
8669,"23,26,350"
8670,"3,15,16"
8671,"23,319,211"
8672,"220,10,242"
8673,"0,279,249"
8674,"40,135"
8675,3
8676,"64,10,90"
8677,"3,21,127"
8678,"169,199,281"
8679,"23,24,49"
8680,"169,199,260"
8681,"8,0,206"
8682,"3,21"
8683,3
8684,"169,199,281"
8685,"3,53,523"
8686,"169,199,426"
8687,"23,24,43"
8688,"10,64,442"
8689,"8,0,206"
8690,"169,199,281"
8691,"3,34,447"
8692,"40,41,21"
8693,"3,21"
8694,"10,64,80"
8695,"135,40,138"
8696,"64,10,448"
8697,"10,64,93"
8698,"220,10,242"
8699,"0,8"
8700,"0,216,304"
8701,"10,64,80"
8702,"3,40"
8703,"3,147,148"
8704,"2,1,0"
8705,"23,24,43"
8706,"40,139,153"
8707,"23,74,38"
8708,"23,26,231"
8709,"44,145,40"
8710,"23,31,454"
8711,"40,10,128"
8712,"26,23,350"
8713,"23,40,74"
8714,"10,145,40"
8715,"169,199,171"
8716,"126,40,41"
8717,"21,3,41"
8718,"10,64,93"
8719,"3,21,0"
8720,"272,0,361"
8721,"3,53,287"
8722,"3,30,66"
8723,"32,23,31"
8724,"135,138,40"
8725,"40,44,145"
8726,"64,65,10"
8727,"23,24,49"
8728,"23,74,118"
8729,"3,17,168"
8730,"40,131,134"
8731,"0,271"
8732,"44,40,45"
8733,"199,169,135"
8734,"74,165"
8735,"40,152,151"
8736,"3,48,21"
8737,"24,23,43"
8738,"10,40,45"
8739,"251,337,39"
8740,"23,24,49"
8741,"23,26,89"
8742,"3,53,287"
8743,"169,199,323"
8744,"220,10,242"
8745,"0,213,214"
8746,"40,145,44"
8747,"3,17"
8748,"169,296,277"
8749,"26,0"
8750,"0,255,218"
8751,"0,271,456"
8752,"145,40,437"
8753,"0,8,346"
8754,"11,10,12"
8755,"40,140,139"
8756,"0,265,340"
8757,"220,10,242"
8758,"0,208"
8759,"60,10,61"
8760,"3,111,119"
8761,23
8762,"199,169,281"
8763,"138,135,40"
8764,3
8765,"0,271"
8766,"32,23,31"
8767,"23,38,74"
8768,"11,10,109"
8769,"131,40,406"
8770,"0,456,271"
8771,"220,10,242"
8772,"23,26,89"
8773,"10,220,242"
8774,"40,131,406"
8775,"10,64,93"
8776,"41,40,201"
8777,340
8778,"23,43,24"
8779,"3,21,108"
8780,"135,40,295"
8781,"265,0,266"
8782,"40,145,146"
8783,"169,281,199"
8784,"169,281,170"
8785,"64,10,448"
8786,"44,40,145"
8787,"43,23,24"
8788,"3,127,21"
8789,"74,23,303"
8790,"220,10,242"
8791,"220,10,242"
8792,"23,26"
8793,"23,74"
8794,"3,21"
8795,"3,28,30"
8796,0
8797,"3,13,204"
8798,"64,10,65"
8799,"3,21"
8800,"40,324,41"
8801,"26,23,231"
8802,"3,23"
8803,220
8804,"23,24"
8805,"0,413,277"
8806,"11,10,12"
8807,"23,49,24"
8808,"3,111,267"
8809,"23,32,31"
8810,"26,23,350"
8811,"3,28"
8812,"10,64"
8813,"0,2,1"
8814,"23,74,118"
8815,"3,21,30"
8816,"3,379,21"
8817,"3,21,108"
8818,"0,216"
8819,"23,26,89"
8820,"74,23,303"
8821,"0,271"
8822,"169,260,170"
8823,0
8824,"0,429,265"
8825,"23,38,71"
8826,"3,15,16"
8827,"199,169,356"
8828,"3,148"
8829,"8,0,308"
8830,"0,271,8"
8831,"3,17,168"
8832,"40,145,44"
8833,"3,13,14"
8834,"3,85"
8835,"8,0,235"
8836,23
8837,"131,169,171"
8838,"23,74,118"
8839,"313,0,346"
8840,"3,21,85"
8841,"40,128,129"
8842,"23,74,84"
8843,"3,126,21"
8844,"23,49,24"
8845,"118,74,3"
8846,"169,337,251"
8847,"3,21"
8848,"40,145,146"
8849,"40,146,145"
8850,"10,64,80"
8851,40
8852,"220,10,242"
8853,"169,281,199"
8854,"169,199,281"
8855,"40,131,406"
8856,"10,220,242"
8857,"40,145,44"
8858,"220,10,242"
8859,"23,26,231"
8860,"23,105,318"
8861,169
8862,"4,3,435"
8863,"10,64,65"
8864,"23,74,118"
8865,"10,60,61"
8866,"169,199,170"
8867,"339,169,337"
8868,"169,23"
8869,"3,34"
8870,"23,74"
8871,"169,199,10"
8872,"11,10,205"
8873,"4,3,19"
8874,"40,145,44"
8875,"40,131,486"
8876,"3,30,66"
8877,"23,26,231"
8878,"8,206,0"
8879,"169,199,131"
8880,"3,127,21"
8881,"11,10,205"
8882,"0,271"
8883,"64,40,10"
8884,"4,3,19"
8885,"40,395,131"
8886,3
8887,"220,10,242"
8888,23
8889,"3,4"
8890,"145,40,402"
8891,"169,199,170"
8892,23
8893,1
8894,"24,23,59"
8895,3
8896,"0,272,271"
8897,"3,15,16"
8898,"220,10,242"
8899,"3,147,148"
8900,"206,369,0"
8901,"169,199,323"
8902,"40,139,153"
8903,23
8904,"10,45,44"
8905,"3,147,148"
8906,"4,3,7"
8907,"40,131,134"
8908,"3,40,100"
8909,"40,41,324"
8910,"23,32,31"
8911,"23,71,74"
8912,"3,219,30"
8913,"169,337"
8914,"3,147,148"
8915,"40,162,163"
8916,"152,151,40"
8917,"40,131"
8918,"24,44,45"
8919,3
8920,"74,23,118"
8921,"169,199,343"
8922,"25,23,24"
8923,"5,3,228"
8924,"0,235,8"
8925,"31,23,258"
8926,"40,129,128"
8927,"10,64,93"
8928,"3,21,126"
8929,"3,15,16"
8930,"23,24,59"
8931,"169,296,428"
8932,"10,60,61"
8933,"10,43,338"
8934,"367,100,40"
8935,"26,231,23"
8936,"3,147,148"
8937,"23,49,24"
8938,"0,8,249"
8939,"26,23,350"
8940,"105,23"
8941,3
8942,"169,199,281"
8943,"220,242,10"
8944,"0,218"
8945,"26,231,23"
8946,"235,0,8"
8947,"23,26,89"
8948,"10,60,93"
8949,"220,10,242"
8950,"3,21"
8951,"131,40,406"
8952,"3,143,34"
8953,"31,23,258"
8954,"10,64,93"
8955,"169,199,138"
8956,"40,145,44"
8957,"131,171,169"
8958,"3,21"
8959,"40,129,128"
8960,"220,10,242"
8961,"23,74,165"
8962,"40,224,41"
8963,23
8964,"40,145,44"
8965,"23,95,38"
8966,3
8967,3
8968,"4,3,238"
8969,"3,21,108"
8970,"3,15,16"
8971,"40,135,250"
8972,"3,17,379"
8973,"0,216,380"
8974,"40,160,315"
8975,3
8976,"3,53,68"
8977,"40,131,134"
8978,"44,45,40"
8979,"64,10,80"
8980,"220,10,242"
8981,"3,53"
8982,"40,145,44"
8983,"3,156,147"
8984,"169,417,296"
8985,10
8986,"0,370,216"
8987,"23,26,89"
8988,"23,26,89"
8989,"171,199,169"
8990,"147,3,148"
8991,"40,160,152"
8992,"40,145,44"
8993,"23,74"
8994,"23,38,91"
8995,"44,45,40"
8996,"10,64,338"
8997,"40,152,324"
8998,"10,60,61"
8999,"3,4,238"
9000,"3,111"
9001,"169,199"
9002,"220,10,221"
9003,"40,145,44"
9004,"10,220,242"
9005,"40,135,138"
9006,"64,10,65"
9007,"3,30,66"
9008,"23,40,145"
9009,"3,4"
9010,"0,265,271"
9011,"23,26,350"
9012,"11,10,109"
9013,"220,10,242"
9014,"10,220,242"
9015,10
9016,3
9017,"3,5,22"
9018,"10,11,205"
9019,"11,205,10"
9020,"23,38"
9021,"40,286,41"
9022,"3,228,5"
9023,"169,199"
9024,"0,216"
9025,"0,255,348"
9026,"3,17,168"
9027,"3,21,124"
9028,"23,24,43"
9029,"10,60,61"
9030,"40,11"
9031,"23,309,345"
9032,"3,40,21"
9033,"220,10,221"
9034,"3,36,35"
9035,"0,229,230"
9036,"3,21,17"
9037,"10,64,93"
9038,"169,296"
9039,"147,3,148"
9040,"0,271,456"
9041,"23,24,49"
9042,"40,160"
9043,"23,26,89"
9044,"3,5,228"
9045,"0,271"
9046,"3,34,263"
9047,"10,64,54"
9048,"10,64,80"
9049,"3,21"
9050,"220,10,242"
9051,"0,366,271"
9052,"3,21,108"
9053,3
9054,"220,10,242"
9055,"3,21"
9056,"3,111,112"
9057,"54,23,43"
9058,"40,41,42"
9059,"32,31,23"
9060,"8,0,235"
9061,"11,10,109"
9062,"40,128,186"
9063,"11,23,109"
9064,"3,21,22"
9065,"40,162,163"
9066,"169,199,356"
9067,"23,74,118"
9068,"17,3,168"
9069,"3,13,14"
9070,"220,10,242"
9071,"23,118,74"
9072,"44,40,23"
9073,"169,199"
9074,"169,199,323"
9075,"0,271,456"
9076,"10,64"
9077,169
9078,"40,138,135"
9079,"3,15,16"
9080,"0,265,340"
9081,"40,152,151"
9082,"64,10,448"
9083,"23,38,26"
9084,"40,199,160"
9085,"3,111"
9086,"169,199,281"
9087,"0,8,249"
9088,"0,271"
9089,"15,16,3"
9090,"31,402,40"
9091,"169,199,281"
9092,"169,281,199"
9093,"8,206,0"
9094,"169,170,260"
9095,"3,15,16"
9096,"169,199,343"
9097,"64,10,24"
9098,"3,21"
9099,"4,3,238"
9100,"23,24,49"
9101,"23,54,10"
9102,"10,60,61"
9103,3
9104,"23,74,303"
9105,"40,41,139"
9106,"220,10,242"
9107,"10,11,205"
9108,"24,23,59"
9109,"54,95,10"
9110,"139,153,40"
9111,3
9112,"152,151,40"
9113,"10,220,242"
9114,"169,260,170"
9115,"11,10,109"
9116,"3,113,28"
9117,10
9118,"74,23,165"
9119,"74,23,303"
9120,"40,128,129"
9121,"3,330,4"
9122,"3,21,263"
9123,"0,249,279"
9124,"10,220,242"
9125,"199,169"
9126,3
9127,"11,10,109"
9128,"0,271"
9129,"23,74,118"
9130,"3,111,119"
9131,"10,11,205"
9132,"3,48,30"
9133,23
9134,"23,38,309"
9135,"40,145,10"
9136,"10,60,43"
9137,"199,169"
9138,"23,32,3"
9139,"10,11,234"
9140,"44,40,145"
9141,"40,129,128"
9142,"220,10,242"
9143,"3,147,148"
9144,"169,426,427"
9145,"32,3,30"
9146,"40,128,129"
9147,"3,53,124"
9148,"0,229,100"
9149,"26,23,89"
9150,"169,199,23"
9151,"10,64"
9152,3
9153,10
9154,"296,169,300"
9155,"3,21,187"
9156,"3,4,19"
9157,"23,137,38"
9158,"220,10,242"
9159,"0,512,218"
9160,"169,296"
9161,"40,41,324"
9162,"23,26,89"
9163,"169,199,171"
9164,"10,64,93"
9165,"64,10,448"
9166,"0,213,214"
9167,"3,127,21"
9168,"4,3,19"
9169,"64,10,23"
9170,"0,271"
9171,"23,118,231"
9172,"169,199,323"
9173,"26,23,89"
9174,"11,10,12"
9175,"3,21,108"
9176,"8,0,206"
9177,"64,10,80"
9178,"40,135,431"
9179,"23,43,24"
9180,"64,10,448"
9181,"40,127"
9182,"220,10,242"
9183,3
9184,"11,10,205"
9185,145
9186,"128,129,40"
9187,"206,8,0"
9188,"3,17,168"
9189,"23,74"
9190,"169,199,323"
9191,"64,10,80"
9192,"54,10,95"
9193,23
9194,"40,135,152"
9195,"23,38"
9196,"3,53,287"
9197,"169,223,199"
9198,"0,216,304"
9199,"0,8,327"
9200,"3,126,21"
9201,"220,10,242"
9202,"3,17,168"
9203,"40,23,145"
9204,"53,467,3"
9205,"199,169,248"
9206,"3,21,127"
9207,"40,131,142"
9208,"0,271,456"
9209,"40,129,128"
9210,"169,199,343"
9211,"23,26,89"
9212,"10,54,95"
9213,"3,5,228"
9214,"145,40,401"
9215,"25,23,24"
9216,3
9217,0
9218,"3,111,119"
9219,"220,10,242"
9220,"45,44,10"
9221,"23,24,43"
9222,23
9223,"64,10"
9224,3
9225,"53,3,287"
9226,"64,10,448"
9227,0
9228,"10,64,93"
9229,105
9230,"169,170,459"
9231,"23,24,10"
9232,"3,21,187"
9233,"24,23,10"
9234,"160,40,334"
9235,"40,160,152"
9236,"0,8"
9237,"53,287,3"
9238,"8,206,0"
9239,"296,169"
9240,"147,148,3"
9241,"40,3,21"
9242,"23,220"
9243,"8,0,308"
9244,"3,21,85"
9245,"40,135"
9246,"128,129,130"
9247,"0,249"
9248,"111,3"
9249,"0,8"
9250,40
9251,"64,10,80"
9252,"64,10,448"
9253,"3,30,48"
9254,"0,271"
9255,"169,199,337"
9256,"23,74,303"
9257,"350,0,26"
9258,"147,3,148"
9259,"169,199,281"
9260,"169,199,323"
9261,"23,74,118"
9262,"40,135,236"
9263,"220,40,145"
9264,"3,169"
9265,"23,74,303"
9266,"3,4"
9267,"0,313"
9268,"28,3,330"
9269,"169,199,171"
9270,"0,214,213"
9271,"40,128,129"
9272,"11,10,205"
9273,"3,467,53"
9274,"3,53"
9275,"23,38,94"
9276,"23,74,165"
9277,"74,23,303"
9278,"3,85,86"
9279,"3,147,148"
9280,"10,64,93"
9281,"3,21"
9282,"3,21"
9283,"11,44,145"
9284,"169,170,459"
9285,"220,10,242"
9286,"23,74"
9287,"23,89,26"
9288,"3,68,182"
9289,"23,105,318"
9290,"23,26,89"
9291,"220,10,242"
9292,"10,60,61"
9293,"3,228,21"
9294,"23,24,0"
9295,"0,255"
9296,"3,21,85"
9297,"40,128,324"
9298,0
9299,"23,38,137"
9300,"3,53"
9301,"23,74,303"
9302,"44,40,45"
9303,"0,265,340"
9304,"3,21"
9305,"169,199,343"
9306,"40,162,163"
9307,"0,23"
9308,"11,10,205"
9309,"4,3,19"
9310,"10,64,93"
9311,"10,64"
9312,"3,21"
9313,"23,26,89"
9314,"64,10,448"
9315,"23,74,317"
9316,"3,13,204"
9317,"3,5,228"
9318,"3,4,435"
9319,"3,53"
9320,"23,26,89"
9321,"74,23,118"
9322,"23,49,74"
9323,"169,199,323"
9324,"41,286,40"
9325,"272,0,361"
9326,"169,199"
9327,"40,41,215"
9328,"220,10,242"
9329,"26,23,231"
9330,"3,187,287"
9331,"3,147,148"
9332,"139,40,153"
9333,"23,38,94"
9334,3
9335,"23,49,24"
9336,"3,4,435"
9337,"3,111,119"
9338,"40,41"
9339,"64,10"
9340,"10,239,199"
9341,"169,199,281"
9342,"64,10,80"
9343,"23,118,74"
9344,"23,74,317"
9345,"3,21"
9346,"74,23,165"
9347,"0,271,291"
9348,"23,25"
9349,"0,213,214"
9350,455
9351,169
9352,"3,147,148"
9353,"10,64"
9354,"23,26,231"
9355,"4,3,238"
9356,"169,199,171"
9357,"3,21,124"
9358,"40,135,199"
9359,"169,199,281"
9360,"3,21,379"
9361,"0,206"
9362,"169,199,171"
9363,"3,111,182"
9364,"169,199,343"
9365,"3,21"
9366,"43,24,10"
9367,"199,169,248"
9368,"23,26,89"
9369,"3,13,14"
9370,"3,30,66"
9371,"4,3,19"
9372,"3,53,147"
9373,"3,53"
9374,"40,160"
9375,"220,10,242"
9376,"0,8,308"
9377,"64,10,448"
9378,"10,64,43"
9379,"0,257,216"
9380,"40,153,139"
9381,"8,0,308"
9382,"40,3,502"
9383,"23,118,74"
9384,"206,8,0"
9385,"10,64"
9386,"0,216,304"
9387,"8,206,0"
9388,"40,160,315"
9389,"40,184"
9390,"0,8,206"
9391,"23,40"
9392,"3,147,148"
9393,"0,8,285"
9394,"0,218,512"
9395,"169,296,428"
9396,"3,21"
9397,0
9398,"43,23,24"
9399,"3,147,148"
9400,"105,23,495"
9401,"40,128,129"
9402,0
9403,"40,151,152"
9404,"169,199,323"
9405,"40,131,241"
9406,"322,10,93"
9407,"3,21"
9408,"3,147,148"
9409,"10,60,54"
9410,"128,40,129"
9411,40
9412,"234,10,322"
9413,"231,26,23"
9414,"145,40,44"
9415,"23,31,49"
9416,23
9417,"4,3"
9418,"31,23,40"
9419,"23,49,24"
9420,"3,85"
9421,0
9422,"169,199,343"
9423,"40,3"
9424,"3,13,14"
9425,"3,17,168"
9426,"3,4"
9427,"10,54"
9428,"17,3,168"
9429,"169,260,170"
9430,"11,10,12"
9431,0
9432,"3,4"
9433,"3,21,108"
9434,"23,350,26"
9435,"3,15,16"
9436,"220,10,221"
9437,"3,21"
9438,"10,64,169"
9439,"40,160,431"
9440,"40,131,406"
9441,"40,41,127"
9442,"3,127,21"
9443,"0,271"
9444,"23,74,118"
9445,"26,23,231"
9446,"23,26,231"
9447,"199,169"
9448,"40,145,44"
9449,"3,21,127"
9450,"3,85"
9451,"0,216"
9452,"0,8,206"
9453,"23,40,74"
9454,"10,64,93"
9455,"26,23,231"
9456,"0,257,216"
9457,"3,40"
9458,"23,26,89"
9459,"169,508,199"
9460,"23,74"
9461,"8,0,391"
9462,"3,21,187"
9463,"3,66,30"
9464,"8,0,235"
9465,"138,40,135"
9466,"109,11,10"
9467,"26,23,231"
9468,"40,153,139"
9469,"10,60,93"
9470,"131,406,40"
9471,"3,21,379"
9472,"145,40,31"
9473,"40,45,145"
9474,0
9475,"40,131,142"
9476,"3,6,5"
9477,"220,242,10"
9478,"64,10,448"
9479,"23,74,118"
9480,10
9481,"169,170,199"
9482,"64,10,65"
9483,"0,249,279"
9484,"23,38,137"
9485,"3,147,148"
9486,"40,41,191"
9487,"131,40,23"
9488,0
9489,"3,17,168"
9490,"3,21,124"
9491,"206,369,8"
9492,"15,16,3"
9493,"0,319,211"
9494,"0,206,208"
9495,"23,26,231"
9496,"3,147,148"
9497,"10,64,80"
9498,"40,128,129"
9499,3
9500,"296,169,526"
9501,"40,160,315"
9502,"74,23,303"
9503,"10,220,221"
9504,"220,10,242"
9505,"40,139,131"
9506,"0,249,206"
9507,"0,208,8"
9508,"40,41,324"
9509,"169,199,281"
9510,"11,109,10"
9511,"0,271,456"
9512,"3,85,158"
9513,"11,10,109"
9514,"0,169"
9515,3
9516,"169,199"
9517,"3,111,21"
9518,"23,454,31"
9519,"3,21"
9520,"3,147,148"
9521,"199,169,281"
9522,"40,131,241"
9523,"169,170,260"
9524,3
9525,"40,145,44"
9526,"23,26"
9527,0
9528,"201,40,41"
9529,"21,3,127"
9530,"4,3,19"
9531,"89,23,26"
9532,"64,10,65"
9533,"0,249,279"
9534,"3,17,168"
9535,"0,257,216"
9536,"23,26,89"
9537,"3,53"
9538,"10,11,109"
9539,"208,0,369"
9540,3
9541,"24,23,49"
9542,"0,271,456"
9543,"31,23,454"
9544,"220,10,221"
9545,"3,48,21"
9546,"40,129,128"
9547,"23,24,43"
9548,"74,23,303"
9549,"129,40,128"
9550,"3,21"
9551,"0,216"
9552,"0,413,277"
9553,"3,147,148"
9554,"40,162,163"
9555,"4,238,3"
9556,"64,10,448"
9557,"10,11,205"
9558,"24,44,40"
9559,"10,64,442"
9560,"220,10,242"
9561,"169,199,171"
9562,"220,10,242"
9563,"169,170,260"
9564,"40,145,146"
9565,0
9566,"11,10,12"
9567,"23,10,55"
9568,"23,24,43"
9569,"31,23,258"
9570,3
9571,"74,23,71"
9572,23
9573,23
9574,"169,337,339"
9575,"220,10,242"
9576,"0,313,346"
9577,3
9578,"64,10,448"
9579,"8,0,405"
9580,"0,2,271"
9581,"3,21,127"
9582,"43,24,23"
9583,"74,23,118"
9584,"33,3"
9585,"89,26,23"
9586,"40,54,402"
9587,0
9588,"4,3"
9589,"169,170,459"
9590,"3,111,21"
9591,"11,10,109"
9592,"40,131,159"
9593,"169,199,170"
9594,"23,31,32"
9595,"131,32,23"
9596,"3,66,30"
9597,"40,131,142"
9598,"60,61"
9599,0
9600,"128,129,40"
9601,"23,74,118"
9602,"3,17,168"
9603,0
9604,"23,38,91"
9605,"23,38"
9606,"169,170,199"
9607,"40,131,241"
9608,"170,169,459"
9609,"3,28,13"
9610,"10,54,145"
9611,"3,111,119"
9612,"206,8,0"
9613,"23,74,38"
9614,"3,33"
9615,"3,4,19"
9616,"169,199,281"
9617,3
9618,10
9619,"23,24,49"
9620,"40,131,241"
9621,"23,31,40"
9622,"3,5,228"
9623,"0,271"
9624,"10,64,448"
9625,"170,169,260"
9626,"3,34"
9627,"169,296,411"
9628,"169,199,323"
9629,395
9630,0
9631,"43,23,24"
9632,"3,21,127"
9633,"23,24,49"
9634,"206,8,0"
9635,"169,199,171"
9636,"23,24,49"
9637,"0,257,216"
9638,"169,170,260"
9639,"40,23,152"
9640,"3,21"
9641,"23,24,43"
9642,"169,296,274"
9643,"23,24,49"
9644,"169,199"
9645,"23,26,89"
9646,"3,147,148"
9647,"40,324,41"
9648,"54,10,95"
9649,"3,53"
9650,"169,199,171"
9651,"40,41,224"
9652,"40,131,226"
9653,"0,49"
9654,0
9655,"40,145,146"
9656,"10,64,24"
9657,23
9658,"68,182,3"
9659,"10,64,93"
9660,"23,43,24"
9661,"60,10,61"
9662,"23,165,74"
9663,"26,23,89"
9664,"169,199,281"
9665,"220,10,242"
9666,"169,199,281"
9667,"3,182,68"
9668,"3,111,164"
9669,"43,24,23"
9670,"169,199,281"
9671,"169,199,323"
9672,"40,131,134"
9673,"3,30,104"
9674,"3,169,199"
9675,"10,64"
9676,"11,10,205"
9677,"23,32,31"
9678,"23,26,350"
9679,"23,74,118"
9680,"3,156,147"
9681,"3,21"
9682,3
9683,"23,326"
9684,"220,10,242"
9685,"220,10,242"
9686,"169,170,10"
9687,"199,169,382"
9688,"199,169,343"
9689,"40,138,135"
9690,"3,111,119"
9691,"3,219,30"
9692,"139,40,153"
9693,"169,199,356"
9694,"3,147,148"
9695,"11,10,109"
9696,"195,128,0"
9697,"220,10,221"
9698,"40,131,406"
9699,"0,255,475"
9700,"220,10,221"
9701,"255,0,463"
9702,"11,10,205"
9703,"169,170,337"
9704,"23,74,118"
9705,23
9706,"44,40,145"
9707,"40,145,54"
9708,21
9709,"169,323,10"
9710,"64,10,93"
9711,"40,131,159"
9712,"40,3"
9713,"3,28,190"
9714,"170,169,459"
9715,"10,64"
9716,40
9717,"169,426,259"
9718,"169,199,323"
9719,"23,40,24"
9720,"0,208,255"
9721,"0,313,346"
9722,"3,21,53"
9723,"3,147,148"
9724,"3,21,22"
9725,"3,108,21"
9726,"3,4"
9727,"40,131,241"
9728,"40,44,145"
9729,"64,10,65"
9730,"74,23,84"
9731,"3,111"
9732,"3,147,148"
9733,"0,271,456"
9734,"17,3,168"
9735,"23,38,309"
9736,"3,34,263"
9737,"10,64,93"
9738,"4,3,19"
9739,"40,135"
9740,"3,21"
9741,"220,10,242"
9742,"11,59,24"
9743,"64,10,169"
9744,"74,23,303"
9745,"44,40,145"
9746,"40,160,41"
9747,3
9748,"25,10,23"
9749,23
9750,0
9751,"169,199"
9752,"26,23,231"
9753,"0,350,8"
9754,"60,10,74"
9755,"220,10,242"
9756,"40,145,44"
9757,"40,131,406"
9758,"3,30,66"
9759,"40,44,145"
9760,"40,395"
9761,"74,23,71"
9762,"3,111,21"
9763,"220,10,242"
9764,"3,21"
9765,"40,131"
9766,"3,21,127"
9767,"23,24,10"
9768,"169,199,323"
9769,"3,21"
9770,"220,10,242"
9771,"4,3,19"
9772,"40,184,185"
9773,"10,64,60"
9774,23
9775,"40,145,146"
9776,"64,65,90"
9777,"3,21"
9778,"169,260,170"
9779,"3,53,287"
9780,3
9781,"169,170,459"
9782,"23,24,64"
9783,"26,23,89"
9784,"169,199,170"
9785,"3,4"
9786,"0,277,413"
9787,"0,265,349"
9788,"3,34"
9789,"40,128,129"
9790,23
9791,"169,10,64"
9792,"10,64"
9793,"40,241,131"
9794,"44,45,145"
9795,"23,43,24"
9796,"10,43,24"
9797,"40,149,159"
9798,"40,128,129"
9799,"10,220,242"
9800,"23,43,24"
9801,"169,311"
9802,"135,40,386"
9803,"3,30"
9804,"0,216"
9805,"3,17,168"
9806,"23,3,105"
9807,"3,21,22"
9808,13
9809,3
9810,"3,21"
9811,"199,169,323"
9812,"3,127,21"
9813,"23,24,43"
9814,"10,54,95"
9815,"40,139,153"
9816,"3,48,21"
9817,"0,208,206"
9818,"17,3,168"
9819,"64,10,80"
9820,"40,208"
9821,105
9822,"0,319,211"
9823,"40,131,406"
9824,"17,3,168"
9825,"23,38,137"
9826,"10,64,79"
9827,"31,23,328"
9828,40
9829,"169,199"
9830,3
9831,"3,28"
9832,"3,17,168"
9833,3
9834,"11,10,12"
9835,"0,456,271"
9836,"15,16,3"
9837,"220,10,242"
9838,"23,24,43"
9839,"199,169,374"
9840,3
9841,"4,3,183"
9842,"23,38,26"
9843,"10,54,95"
9844,"43,23,24"
9845,"40,152,151"
9846,"40,145,44"
9847,"0,271,291"
9848,10
9849,"64,10,65"
9850,"23,105"
9851,"3,85,158"
9852,"26,23,350"
9853,"10,43,64"
9854,"8,0,308"
9855,"3,21,127"
9856,"40,41,224"
9857,"220,10,221"
9858,"23,38,74"
9859,"3,147,148"
9860,"40,31,23"
9861,"199,281,169"
9862,3
9863,"10,220,242"
9864,"31,328,23"
9865,"0,272,361"
9866,"3,21,187"
9867,"21,3,187"
9868,"169,199,281"
9869,"74,23,40"
9870,"10,11,109"
9871,"3,147,148"
9872,"8,0,206"
9873,"169,199,281"
9874,"169,171,199"
9875,"3,53"
9876,0
9877,"3,28"
9878,"0,271"
9879,"40,41,42"
9880,"0,271,456"
9881,"169,199,281"
9882,"3,21,187"
9883,"199,169,343"
9884,"10,220,221"
9885,"129,128,40"
9886,"147,3,148"
9887,"118,74,23"
9888,"105,23,318"
9889,"0,271"
9890,"25,220,24"
9891,"3,4,53"
9892,"10,64,80"
9893,"169,199,171"
9894,"40,151,41"
9895,"3,156"
9896,169
9897,3
9898,"105,23,318"
9899,"3,21,127"
9900,"23,26,350"
9901,"40,145,31"
9902,"26,89,23"
9903,"10,64,90"
9904,"10,64"
9905,3
9906,0
9907,"23,31,96"
9908,"156,3,147"
9909,3
9910,"40,135,250"
9911,"40,145,54"
9912,"10,11,109"
9913,169
9914,"0,319,211"
9915,"0,229,230"
9916,"3,21,263"
9917,"23,38"
9918,"40,41"
9919,"10,23,43"
9920,"17,3,320"
9921,"40,160,423"
9922,"3,21,301"
9923,"3,21"
9924,"40,152,151"
9925,"40,324,128"
9926,0
9927,"11,10,109"
9928,"105,23,326"
9929,"3,17,168"
9930,"3,156,85"
9931,"169,0"
9932,"10,54,95"
9933,"169,296,274"
9934,"40,41,224"
9935,"3,15"
9936,"13,3,14"
9937,"0,257,271"
9938,"0,271,291"
9939,"169,337,251"
9940,"3,68,53"
9941,"10,64,338"
9942,"23,40,74"
9943,"10,442,239"
9944,"64,10,338"
9945,0
9946,"0,8,208"
9947,"23,26,89"
9948,"3,523,53"
9949,"23,31,96"
9950,"220,10,242"
9951,"8,0,206"
9952,"199,169,343"
9953,"10,220,221"
9954,"3,21,108"
9955,"3,28"
9956,"3,53,325"
9957,"13,401,3"
9958,"40,131,241"
9959,"15,3,16"
9960,"3,4"
9961,"220,10,242"
9962,"40,162,163"
9963,"131,40,406"
9964,"3,34,187"
9965,"3,21,85"
9966,"169,251,337"
9967,"10,54,95"
9968,0
9969,"23,74,31"
9970,"3,15,16"
9971,"3,187,21"
9972,"40,131,406"
9973,"3,144,15"
9974,"40,128,129"
9975,"169,171,199"
9976,"17,168,3"
9977,"0,265,340"
9978,"10,64,322"
9979,"24,23,43"
9980,"3,53,523"
9981,"10,173,54"
9982,"220,10,242"
9983,"0,354,216"
9984,"3,15,16"
9985,"3,21"
9986,"26,23,231"
9987,"23,105"
9988,0
9989,"3,4"
9990,"40,139,153"
9991,"40,184,131"
9992,10
9993,23
9994,"3,53,325"
9995,"220,10,221"
9996,"40,145,44"
9997,"23,38,71"
9998,"169,199,171"
9999,"0,313,346"
10000,"0,23"
10001,"3,147"
10002,"0,216,254"
10003,"169,199"
10004,"3,4,19"
10005,"0,229,421"
10006,"220,10,242"
10007,"10,60,0"
10008,"40,131"
10009,"23,31"
10010,"220,10,242"
10011,"170,169,459"
10012,"23,74,165"
10013,"3,21"
10014,"40,135"
10015,"3,108,21"
10016,"40,131,486"
10017,"10,64"
10018,"40,146,324"
10019,"0,272,271"
10020,"3,379"
10021,"34,237,40"
10022,"40,41,324"
10023,"145,40,54"
10024,"3,111"
10025,"43,23,24"
10026,"0,8"
10027,"8,0,26"
10028,23
10029,40
10030,"40,111"
10031,0
10032,"220,10,242"
10033,"3,21"
10034,"3,169"
10035,3
10036,"135,40,236"
10037,"3,53,523"
10038,"10,43,24"
10039,"40,160,3"
10040,"64,10,93"
10041,"23,26,89"
10042,"40,145,146"
10043,"40,131,142"
10044,"74,23,303"
10045,"169,199,170"
10046,"23,71,38"
10047,"220,10,242"
10048,"40,152,151"
10049,"11,10,109"
10050,"40,3,160"
10051,"169,199,323"
10052,"0,271,456"
10053,"206,0,369"
10054,"3,21,127"
10055,"3,17,168"
10056,"3,147,148"
10057,"169,259,199"
10058,"13,3,150"
10059,"17,3,168"
10060,"10,54,145"
10061,"40,3,292"
10062,"0,265,340"
10063,"31,23"
10064,"426,223,169"
10065,"10,64"
10066,"40,184,494"
10067,"199,40,281"
10068,"64,10,448"
10069,"220,10,221"
10070,"3,4"
10071,3
10072,"220,10,242"
10073,"23,26,89"
10074,"40,41,42"
10075,"40,128"
10076,"4,3,19"
10077,"64,10,338"
10078,"206,8,0"
10079,"131,134,40"
10080,"40,145,131"
10081,"10,64,93"
10082,"15,3,16"
10083,"478,23,40"
10084,"23,26,89"
10085,"3,21,108"
10086,"23,74,303"
10087,"10,54,55"
10088,"128,40,129"
10089,"3,85"
10090,"0,271"
10091,"3,21,48"
10092,"11,10,205"
10093,"40,152,151"
10094,"3,15,147"
10095,"11,10,205"
10096,"10,61,23"
10097,"3,53,287"
10098,"3,111,119"
10099,"3,21,379"
10100,"40,139"
10101,"3,364,4"
10102,"3,147,148"
10103,"0,265,271"
10104,"3,21,108"
10105,"23,25,24"
10106,"3,447,116"
10107,3
10108,"64,10,338"
10109,"169,260,170"
10110,"169,170,199"
10111,"0,249,279"
10112,"169,3"
10113,3
10114,"44,54,95"
10115,"40,241,131"
10116,"0,2,1"
10117,"220,10,221"
10118,"0,214,213"
10119,3
10120,"3,21,164"
10121,"220,10,221"
10122,"169,260,170"
10123,"0,216,255"
10124,"169,199,281"
10125,"10,60,61"
10126,"220,10,221"
10127,"40,44,145"
10128,"0,271,456"
10129,"40,145,54"
10130,"138,135,40"
10131,"0,271"
10132,"0,249,279"
10133,"3,85,158"
10134,3
10135,"23,26,350"
10136,"10,64,199"
10137,"3,111,112"
10138,"10,54,322"
10139,"3,53,111"
10140,"26,350,23"
10141,"10,11,12"
10142,"169,274,296"
10143,"169,199,281"
10144,"0,271,213"
10145,"40,145,44"
10146,"138,169,199"
10147,"0,216,304"
10148,"169,199,23"
10149,"3,15,16"
10150,"10,64"
10151,"40,41,224"
10152,"220,10,221"
10153,"129,40,128"
10154,"3,13,14"
10155,"3,148,21"
10156,"40,41,149"
10157,"3,0,28"
10158,"169,199,343"
10159,"23,49,24"
10160,"23,26,89"
10161,"64,10,338"
10162,"40,131,159"
10163,"23,24,49"
10164,"3,17,168"
10165,"169,199,296"
10166,"23,24,49"
10167,"0,271"
10168,"10,54"
10169,"10,64,80"
10170,"40,145,25"
10171,3
10172,"3,21,108"
10173,"3,147"
10174,"40,139,153"
10175,"3,30,66"
10176,"3,21"
10177,"40,185,184"
10178,"3,21,148"
10179,"3,21,187"
10180,"10,60,61"
10181,"139,40,153"
10182,"169,199,281"
10183,"11,10,12"
10184,"169,271,199"
10185,"40,135"
10186,"74,23,40"
10187,"3,147"
10188,"10,64,93"
10189,"220,10,242"
10190,"3,21,108"
10191,"40,139,41"
10192,"44,145,40"
10193,"145,44,40"
10194,"10,64,65"
10195,"40,131,241"
10196,"64,10,65"
10197,"3,147,148"
10198,"64,10,80"
10199,"23,74,118"
10200,"131,199,40"
10201,"3,30,66"
10202,"0,265,266"
10203,"220,10,242"
10204,"220,10,242"
10205,"10,54,11"
10206,"10,60,239"
10207,0
10208,"0,216"
10209,"10,54,95"
10210,"3,21,379"
10211,"10,60,11"
10212,"23,26,350"
10213,"31,23,402"
10214,"23,26,89"
10215,"11,10,109"
10216,10
10217,0
10218,"3,21,127"
10219,"3,147"
10220,"23,10,55"
10221,0
10222,"169,170"
10223,3
10224,"23,91,74"
10225,89
10226,"129,40,128"
10227,"40,41,153"
10228,"3,169"
10229,"23,31,454"
10230,"3,85"
10231,"3,5,228"
10232,"135,40,244"
10233,"3,111,267"
10234,"0,271,456"
10235,"40,145"
10236,"220,10,242"
10237,"169,199,138"
10238,173
10239,"40,160"
10240,"3,21,68"
10241,"23,38,91"
10242,"23,26,350"
10243,"169,260,170"
10244,"23,26,271"
10245,"23,44,145"
10246,"40,145,44"
10247,"3,15,53"
10248,"199,169,281"
10249,"3,4"
10250,"206,0,8"
10251,"74,23,322"
10252,"23,38"
10253,23
10254,"64,10,80"
10255,3
10256,"23,26,89"
10257,"0,271"
10258,"128,195,40"
10259,"8,0,391"
10260,"23,105"
10261,"3,21,108"
10262,"64,10,448"
10263,"10,220,54"
10264,3
10265,"40,41,149"
10266,"3,53"
10267,"0,271,456"
10268,"10,60,23"
10269,"169,199,323"
10270,"15,16,3"
10271,"32,23,31"
10272,"40,201,41"
10273,"3,21"
10274,"3,53,287"
10275,"40,131,406"
10276,"0,313,346"
10277,"40,41"
10278,"15,3,16"
10279,"10,64,90"
10280,"23,105"
10281,"23,24,43"
10282,"3,21,33"
10283,23
10284,"23,24,25"
10285,"3,147,33"
10286,"220,10,242"
10287,"23,74,303"
10288,"43,23,24"
10289,169
10290,"3,13,21"
10291,"3,21"
10292,"24,23,43"
10293,"3,111,119"
10294,"220,10,221"
10295,"145,10,40"
10296,"3,53"
10297,"10,11,60"
10298,"54,10,44"
10299,"40,135,138"
10300,"23,26"
10301,"0,271,456"
10302,"40,139,131"
10303,"3,21"
10304,"3,21,126"
10305,"0,8"
10306,"3,147,148"
10307,"3,21,48"
10308,"40,145,146"
10309,"11,10,12"
10310,"3,53"
10311,"3,147,156"
10312,"40,41"
10313,"40,145,10"
10314,"40,135,386"
10315,"3,523,53"
10316,"169,23,145"
10317,"3,21,108"
10318,23
10319,"169,170,459"
10320,"8,129,0"
10321,"0,216,249"
10322,"17,3"
10323,"220,10"
10324,"8,0,308"
10325,"40,41,126"
10326,"23,49,24"
10327,"10,23,64"
10328,"3,21"
10329,3
10330,"26,413,89"
10331,"3,48,21"
10332,169
10333,"40,128"
10334,"23,43,24"
10335,3
10336,"0,279,249"
10337,"0,271,280"
10338,"169,170,260"
10339,"17,3,168"
10340,"31,23,258"
10341,"3,21"
10342,23
10343,"40,145,146"
10344,"23,74,303"
10345,"23,74,118"
10346,"8,0,308"
10347,"0,218"
10348,"131,23,241"
10349,"31,23,96"
10350,"40,127,41"
10351,"64,10"
10352,"3,21"
10353,"10,60,239"
10354,"0,271,280"
10355,"296,169,460"
10356,"3,21,30"
10357,"40,152,151"
10358,"23,74,118"
10359,"199,169,281"
10360,"40,162"
10361,"23,74,118"
10362,"11,10,109"
10363,"3,147,148"
10364,"0,350,23"
10365,"169,260,170"
10366,"10,54"
10367,"255,463,462"
10368,"23,105,74"
10369,"10,11,109"
10370,"0,212,319"
10371,"44,145,40"
10372,"0,319,211"
10373,"3,111,267"
10374,"23,31,96"
10375,"40,324,41"
10376,"23,74,118"
10377,"169,199,34"
10378,"64,10,338"
10379,"40,131,406"
10380,"24,23,59"
10381,169
10382,"0,23"
10383,"10,220"
10384,"40,131,486"
10385,"40,145,10"
10386,"3,188,4"
10387,"40,3,21"
10388,"10,64,442"
10389,"45,44,24"
10390,"0,8"
10391,"23,71,38"
10392,"0,216"
10393,"4,3,435"
10394,3
10395,"23,105,326"
10396,"3,4"
10397,"31,23,245"
10398,"0,265"
10399,"131,40,241"
10400,"26,23"
10401,"10,234,11"
10402,"169,31,454"
10403,"169,199"
10404,"44,10,145"
10405,"44,40,145"
10406,"3,68,53"
10407,"3,147,148"
10408,"10,64,169"
10409,"43,23,24"
10410,23
10411,"3,21"
10412,"0,8"
10413,"23,26,231"
10414,"3,21,17"
10415,"3,15,16"
10416,"40,131,226"
10417,"3,4"
10418,"0,265,340"
10419,"11,10,12"
10420,10
10421,"64,10,80"
10422,"10,64,93"
10423,64
10424,"3,111,40"
10425,"74,23,303"
10426,"23,43,24"
10427,"3,21,124"
10428,"169,199,323"
10429,"40,145,10"
10430,"169,199,40"
10431,"11,10,205"
10432,"40,145,10"
10433,"32,30,66"
10434,"3,28,21"
10435,"23,26,231"
10436,"4,19,3"
10437,"169,199"
10438,"3,21"
10439,"31,23,40"
10440,"3,53,523"
10441,"169,296,8"
10442,"3,234,10"
10443,"10,54,95"
10444,"3,21,187"
10445,"241,131,40"
10446,3
10447,"199,169,343"
10448,"169,171,199"
10449,"199,169,343"
10450,"40,145,44"
10451,"40,41"
10452,"169,199,281"
10453,"3,4"
10454,"169,199,281"
10455,"10,64,60"
10456,"40,145,146"
10457,"8,0,206"
10458,"10,220,242"
10459,"0,208"
10460,"23,118,74"
10461,"11,10,12"
10462,"0,271,272"
10463,"3,4,19"
10464,"40,162,163"
10465,"10,54,83"
10466,"10,11,205"
10467,"0,271"
10468,"8,0,308"
10469,"0,213,255"
10470,"220,10,242"
10471,"23,38"
10472,"220,10,242"
10473,"4,19,3"
10474,"169,199,260"
10475,"3,40"
10476,"169,296"
10477,3
10478,74
10479,"40,152,151"
10480,"3,4"
10481,"40,160,159"
10482,"40,41,42"
10483,"23,31,96"
10484,"220,10,221"
10485,"24,23,43"
10486,"64,10,169"
10487,"169,199"
10488,"3,85"
10489,"296,169,460"
10490,"3,21"
10491,"169,199,281"
10492,"64,10"
10493,"40,131,134"
10494,"169,171,199"
10495,"3,17,168"
10496,"10,11,12"
10497,"3,147,148"
10498,"169,199,374"
10499,"199,0,169"
10500,413
10501,"64,10,93"
10502,"40,139,131"
10503,"0,229,208"
10504,"40,23,175"
10505,"4,3,435"
10506,"23,89,26"
10507,"3,21"
10508,"23,31"
10509,"64,10,448"
10510,40
10511,"131,40,406"
10512,"23,26,89"
10513,"23,26,231"
10514,"23,43,24"
10515,"40,131,142"
10516,206
10517,"11,10,12"
10518,"0,21"
10519,"23,26,89"
10520,"10,64"
10521,"64,10,448"
10522,"40,41"
10523,3
10524,3
10525,"169,382,199"
10526,"44,145,40"
10527,"40,145,44"
10528,60
10529,"220,10,242"
10530,"8,0,391"
10531,"40,41,160"
10532,"10,40,145"
10533,"3,21"
10534,"0,8"
10535,"4,3,19"
10536,"23,26,89"
10537,"3,21"
10538,"23,74,303"
10539,"40,160,315"
10540,"3,21,108"
10541,"10,64,442"
10542,"199,169,323"
10543,"3,147,160"
10544,"3,111"
10545,"23,26,89"
10546,"40,160,247"
10547,"11,10,109"
10548,"147,3,148"
10549,"0,291,271"
10550,"23,31,32"
10551,"10,54,220"
10552,3
10553,"296,169,411"
10554,"3,111,41"
10555,"10,64,80"
10556,"3,111,119"
10557,"23,24,49"
10558,"40,41"
10559,"40,131,134"
10560,"23,8,0"
10561,"23,38,71"
10562,"10,199,169"
10563,"44,45,40"
10564,"145,44,40"
10565,"111,3,119"
10566,10
10567,"64,10,338"
10568,"23,43,24"
10569,"3,5,228"
10570,"3,21"
10571,3
10572,"23,26,89"
10573,"105,23"
10574,"11,10,12"
10575,40
10576,"0,271,456"
10577,"23,24,38"
10578,"3,34"
10579,"40,131,406"
10580,"220,10,242"
10581,"0,216"
10582,"169,3,34"
10583,0
10584,"169,199,281"
10585,"0,265,266"
10586,"23,24,59"
10587,"40,131,134"
10588,"11,10,109"
10589,"23,74"
10590,"3,21"
10591,"169,170,260"
10592,"44,145,40"
10593,"105,23,318"
10594,"40,131,241"
10595,"3,21"
10596,"44,45,40"
10597,"0,265"
10598,"23,74,118"
10599,"23,38,24"
10600,0
10601,"3,17,320"
10602,"10,54,322"
10603,"128,40,129"
10604,"169,296,411"
10605,"40,3"
10606,"64,10,448"
10607,"111,3,119"
10608,"3,147,148"
10609,"17,3,320"
10610,"131,40,241"
10611,"3,21"
10612,"10,64,93"
10613,"169,199,64"
10614,"3,21,126"
10615,"3,85"
10616,"3,21,126"
10617,"40,145,44"
10618,"3,21,164"
10619,"10,64"
10620,"21,3,127"
10621,"129,128,40"
10622,"169,199,170"
10623,"23,137,38"
10624,"129,23,128"
10625,"23,26,89"
10626,"10,220"
10627,"413,0,277"
10628,"169,199,260"
10629,3
10630,"3,21"
10631,"26,23,350"
10632,"220,10,242"
10633,"0,208,209"
10634,"10,64,80"
10635,"0,271"
10636,"3,21,164"
10637,"3,147,148"
10638,"3,17"
10639,"40,41,224"
10640,"8,0,308"
10641,0
10642,0
10643,"5,3,228"
10644,"43,23,24"
10645,"40,145,44"
10646,"160,40"
10647,"0,363,271"
10648,"23,26,38"
10649,"64,10,448"
10650,"44,40,145"
10651,"44,45,40"
10652,"23,38"
10653,"3,21"
10654,"40,129,128"
10655,"11,10,109"
10656,"40,131,406"
10657,"271,0,456"
10658,"26,23,231"
10659,"8,0,350"
10660,"15,16,3"
10661,"40,139,153"
10662,"10,60"
10663,"25,23,24"
10664,"169,417,296"
10665,"0,271"
10666,"40,41,324"
10667,"3,156"
10668,"23,26,89"
10669,"169,426"
10670,"220,10,242"
10671,"0,216,257"
10672,40
10673,"23,24,25"
10674,"0,313,346"
10675,"3,21,127"
10676,"54,10,322"
10677,0
10678,"24,23,49"
10679,"31,23,96"
10680,0
10681,3
10682,"40,21,3"
10683,"40,131,226"
10684,"40,135"
10685,"3,21,127"
10686,"0,271,456"
10687,"169,170,508"
10688,"23,118,74"
10689,"40,152,151"
10690,"169,199,281"
10691,"169,281,199"
10692,"53,3,430"
10693,"147,3,148"
10694,"0,8"
10695,"40,128,195"
10696,"3,5,228"
10697,"3,4"
10698,"3,53"
10699,0
10700,"90,64,65"
10701,"44,145,40"
10702,"3,21"
10703,"64,448,10"
10704,"10,220"
10705,"23,38,0"
10706,"40,131,486"
10707,"3,4"
10708,"3,48,21"
10709,"3,34"
10710,"169,199"
10711,"0,8,235"
10712,"23,43,24"
10713,"169,199,323"
10714,"10,64,93"
10715,"0,265,271"
10716,"10,64,93"
10717,"23,43,10"
10718,"3,4"
10719,"23,31,96"
10720,"170,169,459"
10721,"10,60"
10722,"296,169,300"
10723,"4,3,19"
10724,"3,111,112"
10725,"23,24,49"
10726,"10,220,221"
10727,"169,170"
10728,"11,109,10"
10729,"0,265,273"
10730,"216,304,0"
10731,"43,23,24"
10732,"0,271,272"
10733,"3,17,168"
10734,"3,21"
10735,"0,271,456"
10736,"10,64,80"
10737,"3,30,66"
10738,"3,115,21"
10739,"147,148,3"
10740,"3,21"
10741,"23,38,137"
10742,"11,10,109"
10743,"3,111"
10744,"199,169"
10745,"169,312,112"
10746,"0,255,463"
10747,"44,40,145"
10748,"64,10,338"
10749,"3,5,228"
10750,"3,17,168"
10751,"23,24"
10752,"169,199"
10753,"10,220,242"
10754,40
10755,"44,40,145"
10756,0
10757,"45,44,40"
10758,"3,4,238"
10759,"23,8,26"
10760,"17,168,3"
10761,"23,118,74"
10762,"3,13"
10763,"3,53"
10764,"8,0,129"
10765,"3,4"
10766,"0,313,346"
10767,"3,168,17"
10768,169
10769,"3,147,148"
10770,"43,10,93"
10771,"169,281,199"
10772,"40,160,149"
10773,"169,199,281"
10774,"10,11,109"
10775,"40,3"
10776,"3,68,21"
10777,"220,10,242"
10778,"3,21"
10779,"0,265,266"
10780,"3,4"
10781,"220,10,242"
10782,"0,257,216"
10783,"3,53"
10784,"3,111"
10785,"3,34"
10786,"3,21,127"
10787,"24,23,59"
10788,"0,169,271"
10789,0
10790,"0,313"
10791,"10,43,23"
10792,"0,213,214"
10793,"3,15"
10794,"199,169,281"
10795,"40,41,324"
10796,"4,3,238"
10797,"169,199"
10798,"3,379,21"
10799,"10,60,61"
10800,"10,419"
10801,"40,145,135"
10802,"74,23,303"
10803,"23,24"
10804,"0,255,235"
10805,"64,448,10"
10806,"11,10,205"
10807,"3,21,108"
10808,"10,64"
10809,"23,89,26"
10810,"40,135,138"
10811,"3,148"
10812,"10,64"
10813,"0,229,421"
10814,"3,10"
10815,"199,169"
10816,"44,40,145"
10817,"26,231,23"
10818,"23,26,231"
10819,"64,10,93"
10820,"0,271"
10821,"3,66,30"
10822,"220,10,242"
10823,"169,199,96"
10824,"10,64,80"
10825,"23,24,43"
10826,"220,10,242"
10827,23
10828,"169,296,306"
10829,"40,41,215"
10830,"11,10,205"
10831,3
10832,"0,354"
10833,"34,3,263"
10834,"4,3,19"
10835,"3,21,379"
10836,"23,38,74"
10837,"23,74,303"
10838,"3,21,187"
10839,0
10840,"40,131,406"
10841,"74,23,3"
10842,0
10843,0
10844,"0,216"
10845,"3,53,287"
10846,"169,337,339"
10847,"3,21,182"
10848,"23,26,350"
10849,3
10850,"64,10,93"
10851,"0,257,216"
10852,"44,45,145"
10853,"23,231,26"
10854,"3,21"
10855,"23,26,231"
10856,"40,162,163"
10857,"0,271,456"
10858,"25,145,40"
10859,169
10860,"23,26,89"
10861,"23,74,118"
10862,"169,3"
10863,"220,10,242"
10864,"40,41,3"
10865,"10,64,23"
10866,"23,31,454"
10867,"10,220,242"
10868,"10,220,11"
10869,"10,60"
10870,"17,3,168"
10871,"220,10,242"
10872,"0,271,213"
10873,"40,135,244"
10874,"40,131,406"
10875,"0,366"
10876,"255,463,462"
10877,"74,23,165"
10878,"128,40,129"
10879,"23,118,74"
10880,"206,8,0"
10881,"23,74"
10882,"3,15,16"
10883,"147,3,148"
10884,"23,31,328"
10885,"23,74,317"
10886,"220,10,221"
10887,10
10888,"64,10,80"
10889,"44,40,145"
10890,"3,111,53"
10891,"3,21"
10892,"169,199,356"
10893,"3,15,16"
10894,"0,271"
10895,"4,3"
10896,"3,5,228"
10897,"3,111"
10898,"3,30,66"
10899,"23,31"
10900,"3,30,66"
10901,"3,21,22"
10902,"40,139"
10903,"40,164,21"
10904,"40,131,406"
10905,"10,54,55"
10906,"3,53,287"
10907,"281,199,169"
10908,"296,169"
10909,"138,135,3"
10910,"3,4"
10911,3
10912,"64,10,90"
10913,"26,231,23"
10914,"3,21"
10915,"44,145,40"
10916,"10,64,93"
10917,"0,271,311"
10918,"26,23,89"
10919,"4,3,238"
10920,"4,3,19"
10921,"64,23"
10922,"40,145"
10923,"10,64"
10924,"0,8"
10925,"40,41,149"
10926,206
10927,"296,169"
10928,"3,17,168"
10929,"40,128,41"
10930,"3,28"
10931,"10,64,448"
10932,"24,23,43"
10933,"265,0,349"
10934,"23,24,59"
10935,"10,54,40"
10936,"23,26,350"
10937,"64,10"
10938,"3,40,139"
10939,"3,13,14"
10940,"10,239,60"
10941,"3,21,127"
10942,"0,8,271"
10943,"23,24,49"
10944,"4,19,3"
10945,"21,3,127"
10946,"0,218,509"
10947,"138,40,135"
10948,"10,64,80"
10949,"23,26,89"
10950,"0,8,206"
10951,"0,229,230"
10952,"3,30,147"
10953,"11,10,205"
10954,"402,40,145"
10955,"23,38,26"
10956,"220,10,242"
10957,"4,3,19"
10958,"3,21"
10959,"23,49,24"
10960,0
10961,"3,30,66"
10962,"3,169"
10963,"44,45,145"
10964,"43,24,23"
10965,"23,43,24"
10966,"40,324,41"
10967,"169,199,281"
10968,"3,21"
10969,"169,508,426"
10970,"48,3,81"
10971,"429,0,456"
10972,"3,147,148"
10973,"40,138,135"
10974,"31,23,10"
10975,"3,53,523"
10976,"23,43,24"
10977,"3,85,21"
10978,"3,21,53"
10979,"0,249,216"
10980,"40,135,189"
10981,"3,15,16"
10982,"169,187,311"
10983,"44,145,23"
10984,"23,43,24"
10985,"3,112,111"
10986,"350,26,23"
10987,"128,129,40"
10988,"3,21,126"
10989,"220,10,242"
10990,"0,354,216"
10991,"128,195,0"
10992,"40,128,129"
10993,"3,111,472"
10994,"3,17,168"
10995,"3,21,115"
10996,"112,111,3"
10997,"23,74,94"
10998,"40,131,134"
10999,"3,21,108"
11000,"169,296,411"
11001,"169,170,199"
11002,23
11003,"23,89,26"
11004,"40,149,41"
11005,3
11006,"11,10,12"
11007,"162,163,40"
11008,"23,26,350"
11009,"64,10,448"
11010,"10,60,239"
11011,"220,10,242"
11012,"10,220,145"
11013,"40,131,134"
11014,"10,95,54"
11015,"40,145,44"
11016,0
11017,"169,170"
11018,"402,40,145"
11019,"169,170,260"
11020,"40,324,41"
11021,"8,0,405"
11022,"44,145,40"
11023,"40,145"
11024,"169,260,281"
11025,"23,43,24"
11026,"40,128,129"
11027,"296,169,333"
11028,"3,85"
11029,"10,60,64"
11030,"23,137,38"
11031,"169,199,171"
11032,"31,23,96"
11033,"0,271"
11034,"313,0,346"
11035,"23,24,169"
11036,"3,4"
11037,"40,145,44"
11038,"23,38,87"
11039,"23,118,74"
11040,169
11041,"169,199,170"
11042,"3,28,190"
11043,"0,265,349"
11044,"0,8,308"
11045,"0,313"
11046,"3,126,111"
11047,"23,31"
11048,"0,271"
11049,"0,249,279"
11050,"0,271"
11051,"296,169,411"
11052,3
11053,"220,10,221"
11054,"23,118,231"
11055,"23,24"
11056,"40,131"
11057,"74,23,303"
11058,"10,64,93"
11059,"31,23,96"
11060,"169,170,323"
11061,220
11062,"3,34,263"
11063,"40,73,496"
11064,"40,128,129"
11065,"64,10,448"
11066,"0,271"
11067,"44,45,145"
11068,"64,10,80"
11069,"8,0,308"
11070,"24,23,43"
11071,169
11072,"3,21"
11073,"220,10,242"
11074,"3,48,21"
11075,3
11076,"40,128,129"
11077,"3,169"
11078,"169,199,323"
11079,"64,10,65"
11080,"0,456,271"
11081,"40,128,129"
11082,"3,17,168"
11083,"3,15"
11084,"44,145,10"
11085,"23,24,49"
11086,"169,199,23"
11087,"145,40"
11088,"11,10,109"
11089,0
11090,"40,145,402"
11091,"3,30,66"
11092,"105,23,318"
11093,"206,8,0"
11094,"23,26,350"
11095,"160,40"
11096,"0,271,456"
11097,"23,74,63"
11098,"23,31,454"
11099,"131,40,406"
11100,"23,24"
11101,"23,105"
11102,"31,23,96"
11103,"3,21"
11104,"3,4,238"
11105,"169,170"
11106,"44,45,145"
11107,"139,153,40"
11108,"0,255,348"
11109,"40,131,406"
11110,"44,40,145"
11111,"64,10,448"
11112,"23,74,165"
11113,"395,40,396"
11114,"3,21,53"
11115,"169,199,323"
11116,"8,206,0"
11117,"220,10,242"
11118,"64,90,10"
11119,"40,152,151"
11120,"23,31,96"
11121,"3,66,30"
11122,"0,218"
11123,"3,21,379"
11124,"4,3,19"
11125,"3,85,158"
11126,"40,131,406"
11127,"23,31,3"
11128,"0,213,214"
11129,"0,8,26"
11130,"10,61,60"
11131,"40,145,402"
11132,"23,74,165"
11133,"0,271,366"
11134,"23,74,118"
11135,"0,8,285"
11136,0
11137,"169,339,337"
11138,0
11139,"17,3,168"
11140,"40,160,315"
11141,"0,208,249"
11142,"0,444"
11143,"3,152,151"
11144,"40,131,241"
11145,"220,10,221"
11146,"3,15,16"
11147,"23,26,89"
11148,"40,160,41"
11149,"40,135,139"
11150,"26,231,23"
11151,"111,3"
11152,"23,24,43"
11153,"64,10"
11154,3
11155,"40,41,224"
11156,"40,131,134"
11157,"10,64"
11158,23
11159,"169,199"
11160,"21,3,127"
11161,"220,10,242"
11162,"40,145,402"
11163,"3,10,115"
11164,"3,21,102"
11165,"10,43,23"
11166,"10,220,221"
11167,"40,145,44"
11168,"220,10,242"
11169,"220,10"
11170,"64,10,448"
11171,"3,5,228"
11172,"0,271,366"
11173,"40,162,163"
11174,"23,105"
11175,"26,23,350"
11176,"10,11"
11177,"3,147,148"
11178,"40,41,131"
11179,169
11180,"44,45,10"
11181,"3,34,263"
11182,"40,152,151"
11183,"23,74"
11184,"199,169,343"
11185,"23,24"
11186,"3,68,182"
11187,"199,169,323"
11188,"3,13"
11189,"0,8,206"
11190,"402,145,40"
11191,"23,26,231"
11192,"8,0,285"
11193,"3,53"
11194,"3,435,4"
11195,"23,38"
11196,"23,24,31"
11197,"169,199"
11198,"169,260,199"
11199,"169,199"
11200,"10,64"
11201,"23,309,38"
11202,"0,206,249"
11203,"0,271,280"
11204,"3,21"
11205,"64,10,93"
11206,"23,74,317"
11207,"3,36,35"
11208,"40,145"
11209,10
11210,"43,23,24"
11211,"0,304"
11212,"0,8"
11213,3
11214,"40,131,142"
11215,"10,64,448"
11216,"199,169,343"
11217,"11,10,109"
11218,"40,135,459"
11219,"3,34,263"
11220,"44,40,145"
11221,"23,26,89"
11222,"23,24,49"
11223,"0,271"
11224,"40,131,406"
11225,"199,169,281"
11226,"220,10,242"
11227,"3,21,124"
11228,"15,3,16"
11229,"23,26,89"
11230,169
11231,"23,24,49"
11232,0
11233,"25,23,24"
11234,"23,26,89"
11235,"23,105,106"
11236,"131,40,406"
11237,"3,21"
11238,"3,17,320"
11239,"54,10,43"
11240,3
11241,"40,131,486"
11242,"23,309"
11243,"0,271"
11244,"64,10,65"
11245,"0,319,211"
11246,"3,30,66"
11247,"220,10,242"
11248,"3,48,21"
11249,"15,16,3"
11250,"169,337,251"
11251,"199,169,343"
11252,"0,271,291"
11253,"3,21,187"
11254,"23,31,328"
11255,23
11256,"10,11,205"
11257,"10,64,80"
11258,"3,15,16"
11259,"10,64,448"
11260,"64,10,448"
11261,"10,221"
11262,"199,169,356"
11263,"44,40,145"
11264,"3,156,147"
11265,"169,199,281"
11266,"40,241,131"
11267,"11,10,205"
11268,"40,152,151"
11269,"40,139,155"
11270,"0,265,349"
11271,"21,3,108"
11272,"208,369,379"
11273,"23,43,24"
11274,"0,8,26"
11275,"10,54,95"
11276,"40,145,146"
11277,"40,135,244"
11278,"0,271,456"
11279,"23,26"
11280,"169,339,337"
11281,"23,38"
11282,"40,44,145"
11283,"3,34,263"
11284,"0,216,212"
11285,"131,40,406"
11286,"10,54,44"
11287,"169,199,170"
11288,"54,10,95"
11289,"169,459,170"
11290,"145,40,44"
11291,"40,145,44"
11292,"3,4,188"
11293,"23,26,89"
11294,"23,32,31"
11295,"3,17,168"
11296,"64,10,65"
11297,"169,199,343"
11298,"3,112"
11299,"64,10,448"
11300,"23,10,60"
11301,"135,40,138"
11302,"3,21,124"
11303,0
11304,"10,64"
11305,"3,21"
11306,"3,53,287"
11307,"40,61,60"
11308,"23,137,38"
11309,"0,265,418"
11310,"3,15,16"
11311,"40,201,41"
11312,"265,0,349"
11313,"10,239,64"
11314,"138,169,135"
11315,"23,74,84"
11316,"3,66,30"
11317,"220,242,10"
11318,"169,281,199"
11319,"169,170,260"
11320,"4,3,238"
11321,"40,145,54"
11322,"0,216,304"
11323,"10,220,242"
11324,"10,60,61"
11325,"64,10,448"
11326,10
11327,"3,13,204"
11328,"89,23,26"
11329,"23,32,43"
11330,"169,296,428"
11331,"23,40,74"
11332,"23,74,118"
11333,"3,15,16"
11334,"169,170,260"
11335,"220,10,242"
11336,"3,111,119"
11337,"128,129,40"
11338,218
11339,"10,64,43"
11340,"169,199,343"
11341,"0,8"
11342,"131,134,40"
11343,"220,10,242"
11344,"3,13,401"
11345,"10,93,64"
11346,"3,21"
11347,"40,131,406"
11348,"10,60,239"
11349,"169,170"
11350,"40,127,41"
11351,"3,111,284"
11352,"31,23,328"
11353,"10,64,93"
11354,"169,170"
11355,"3,30"
11356,"3,5,228"
11357,"169,199,281"
11358,"0,8,235"
11359,"3,21"
11360,"0,135"
11361,"10,64"
11362,"145,40,493"
11363,"3,17,168"
11364,"44,145,40"
11365,"3,48,21"
11366,"220,10,242"
11367,3
11368,"10,11,109"
11369,3
11370,"0,271"
11371,"40,395"
11372,"3,21"
11373,"40,145,54"
11374,"135,40,138"
11375,"0,271"
11376,"3,21,102"
11377,"220,10,221"
11378,"0,271"
11379,"220,10,242"
11380,"40,131,134"
11381,"17,3,168"
11382,"0,8"
11383,"23,8,26"
11384,"10,54,55"
11385,23
11386,"23,89,26"
11387,"21,3,108"
11388,3
11389,"3,147,85"
11390,"10,11,205"
11391,"3,53"
11392,"40,131,406"
11393,"40,152,151"
11394,"145,40,402"
11395,"220,10,242"
11396,"131,406,40"
11397,"26,23,231"
11398,"23,26,231"
11399,"0,199,169"
11400,"169,170,260"
11401,"0,271,456"
11402,"40,395,41"
11403,"0,249,8"
11404,"40,145,402"
11405,"40,162,163"
11406,"3,156,147"
11407,"8,0,405"
11408,"220,10,242"
11409,"3,5,228"
11410,"23,74,303"
11411,"135,40,138"
11412,"3,21,127"
11413,"3,21,108"
11414,"23,74,63"
11415,40
11416,"3,113,430"
11417,"23,74,40"
11418,"281,199,169"
11419,"10,54,95"
11420,"169,323,199"
11421,296
11422,"53,287,3"
11423,"8,0,206"
11424,"23,105,326"
11425,"40,145"
11426,3
11427,"128,40,129"
11428,"23,49,24"
11429,0
11430,"220,10,242"
11431,"128,40,129"
11432,"3,30"
11433,"11,10,205"
11434,"220,10,242"
11435,"11,109,44"
11436,"40,128"
11437,"23,31,40"
11438,"3,4,238"
11439,"40,145,146"
11440,"40,185,184"
11441,"40,145,44"
11442,"3,156,85"
11443,"147,3,148"
11444,"145,40,402"
11445,"3,21,127"
11446,"40,135,236"
11447,"40,41,160"
11448,"169,199"
11449,"3,15,16"
11450,"10,64,442"
11451,"40,131"
11452,3
11453,"0,369,208"
11454,"23,24"
11455,"3,147,148"
11456,"11,10,205"
11457,"220,10,242"
11458,"3,85"
11459,"44,40,145"
11460,"8,0,308"
11461,"24,23,25"
11462,"3,147"
11463,"220,10,242"
11464,"105,23,318"
11465,"3,156,147"
11466,"220,10,221"
11467,"3,30,66"
11468,3
11469,"23,74,165"
11470,"169,199,281"
11471,"23,31"
11472,"3,4"
11473,"10,11,44"
11474,"23,24,59"
11475,"3,4"
11476,"13,3"
11477,"0,271,456"
11478,"3,53,111"
11479,"64,10"
11480,"23,38,40"
11481,"11,10,109"
11482,3
11483,"10,54,322"
11484,"199,169,323"
11485,"0,271,456"
11486,"220,10,242"
11487,"169,199,382"
11488,"26,23,231"
11489,"3,4"
11490,"3,287,53"
11491,"40,131,406"
11492,"23,24,49"
11493,"169,199,171"
11494,"0,216"
11495,"0,212"
11496,"23,74,118"
11497,3
11498,"169,199,356"
11499,"23,31,96"
11500,"0,255,235"
11501,3
11502,"3,147,148"
11503,"23,26,89"
11504,"3,17,168"
11505,"3,147,167"
11506,"74,23,303"
11507,"3,5,228"
11508,"3,85,158"
11509,"169,170,459"
11510,"3,15,16"
11511,"10,64,80"
11512,"3,111"
11513,"3,34"
11514,"220,10,242"
11515,"169,296"
11516,"0,271"
11517,"3,34"
11518,"40,41,324"
11519,"169,323,199"
11520,"3,111"
11521,"40,152,151"
11522,"0,128"
11523,"23,24"
11524,"23,38"
11525,"170,169,260"
11526,"220,10,242"
11527,"64,10"
11528,40
11529,"199,169,343"
11530,"169,199,323"
11531,"3,147,148"
11532,"0,218"
11533,"4,3,238"
11534,"10,11"
11535,3
11536,"23,26,89"
11537,"11,109,10"
11538,"73,44,40"
11539,"10,11,64"
11540,"53,3,287"
11541,"40,44,45"
11542,"0,169"
11543,"10,64,93"
11544,"40,41,139"
11545,"11,109,44"
11546,"3,68,53"
11547,"3,30,66"
11548,"31,40,23"
11549,"40,131"
11550,"40,131,159"
11551,"40,145,402"
11552,"40,128,129"
11553,"138,135,40"
11554,"40,131,406"
11555,"231,26,23"
11556,"3,21,187"
11557,"10,64"
11558,"23,38,26"
11559,"3,21"
11560,"3,21,182"
11561,"220,10,242"
11562,"40,3"
11563,"0,271"
11564,"3,17,320"
11565,40
11566,"10,54"
11567,"40,128,129"
11568,"0,265"
11569,3
11570,"23,199,169"
11571,"23,49,24"
11572,"10,11,109"
11573,"40,162,23"
11574,"8,206,0"
11575,"0,265,340"
11576,"23,105,318"
11577,"64,79,10"
11578,"3,34,143"
11579,"3,147,148"
11580,"0,350,26"
11581,"0,249"
11582,"23,24,25"
11583,"3,147"
11584,"3,21,22"
11585,"3,30,66"
11586,"23,118,74"
11587,"3,15,16"
11588,"0,8,308"
11589,"3,21"
11590,"64,10"
11591,"152,40,151"
11592,"169,199,323"
11593,"95,45,54"
11594,"0,8,220"
11595,"169,199,281"
11596,"199,10,169"
11597,"10,64,80"
11598,"3,21"
11599,"10,60,239"
11600,"23,74,118"
11601,"169,199,356"
11602,"34,3,263"
11603,"23,74,303"
11604,"64,10,65"
11605,"0,265"
11606,"40,160,152"
11607,"234,10,60"
11608,"0,271,456"
11609,"131,40"
11610,"40,153,139"
11611,"10,64,93"
11612,"3,85"
11613,"10,64,93"
11614,"3,168,21"
11615,"0,465,218"
11616,"3,17,320"
11617,"40,131,23"
11618,"23,38,71"
11619,"40,131"
11620,"40,145,146"
11621,"169,199,260"
11622,"3,21,126"
11623,"74,23,303"
11624,"3,17"
11625,"40,145,44"
11626,"23,38,39"
11627,"0,265,266"
11628,"3,21,127"
11629,"169,199,23"
11630,"40,159,131"
11631,"23,24"
11632,3
11633,"220,10,242"
11634,"23,74,118"
11635,"54,10,95"
11636,"3,21,108"
11637,"11,10,205"
11638,"23,25"
11639,"23,74,303"
11640,"10,60,239"
11641,"10,64,93"
11642,"23,24,49"
11643,"23,38,71"
11644,"3,147,148"
11645,"145,40,44"
11646,"40,131,406"
11647,10
11648,"3,53,99"
11649,"40,131,159"
11650,"11,109,10"
11651,"3,21,108"
11652,"0,8,271"
11653,"0,319,211"
11654,"23,43,24"
11655,"10,11,109"
11656,"40,131,406"
11657,"3,21"
11658,"3,4"
11659,"23,26,89"
11660,"3,111,472"
11661,"220,10,242"
11662,"23,24,43"
11663,"220,10,221"
11664,"3,34,263"
11665,"3,21"
11666,"10,220,242"
11667,"40,138,135"
11668,"10,11,109"
11669,"169,199"
11670,"3,17,168"
11671,"23,137,105"
11672,"23,350,26"
11673,"23,74,303"
11674,"23,118,74"
11675,"169,170,508"
11676,"169,459,170"
11677,"199,169,343"
11678,"0,271,456"
11679,"0,8,308"
11680,"10,64,338"
11681,"23,24,43"
11682,"220,10,242"
11683,"10,64"
11684,"169,199,323"
11685,"169,199"
11686,"3,111,267"
11687,"40,128,395"
11688,"23,25,24"
11689,"3,85"
11690,"23,118,74"
11691,"40,145,54"
11692,"10,64,60"
11693,"4,3,19"
11694,"0,213"
11695,"5,3,228"
11696,"271,169,0"
11697,"0,319,211"
11698,"0,313,346"
11699,"3,21"
11700,"169,170,260"
11701,"3,147,148"
11702,"0,8"
11703,"40,145,402"
11704,"10,64,54"
11705,"3,30,66"
11706,"3,147,148"
11707,"3,17,168"
11708,"10,239,64"
11709,0
11710,"40,135,138"
11711,"4,3,183"
11712,"23,31"
11713,"10,64"
11714,"10,64,93"
11715,"40,3,53"
11716,"10,199,169"
11717,"40,149,41"
11718,"169,199,259"
11719,"23,26,89"
11720,"3,21,126"
11721,3
11722,"3,53,111"
11723,"10,60"
11724,"40,139,153"
11725,3
11726,"169,339,296"
11727,"11,10,109"
11728,"111,3,123"
11729,"25,23,24"
11730,"4,3,19"
11731,"249,0,23"
11732,"40,41"
11733,"40,131,406"
11734,3
11735,"31,23,55"
11736,"3,111"
11737,"74,23,303"
11738,"8,0,206"
11739,"44,40,145"
11740,"220,10,242"
11741,"3,147"
11742,"3,21"
11743,"169,296,306"
11744,"3,21,301"
11745,"3,523,53"
11746,"3,30,104"
11747,"3,17,13"
11748,"3,15,16"
11749,"169,199,281"
11750,"40,41,324"
11751,"0,169"
11752,"3,21,48"
11753,"11,10,109"
11754,"23,96"
11755,"10,43,64"
11756,"10,11,205"
11757,"23,31,328"
11758,"64,10"
11759,"10,64,93"
11760,"23,38,94"
11761,"118,74,23"
11762,"3,21,126"
11763,"3,111"
11764,"3,147,148"
11765,"3,17"
11766,"0,216,319"
11767,"3,85,158"
11768,"3,15,16"
11769,"169,199,281"
11770,"3,21,108"
11771,"3,21"
11772,"15,16,3"
11773,"169,337,339"
11774,"169,329,199"
11775,"131,40,241"
11776,"64,10,80"
11777,"3,21,53"
11778,"64,10,448"
11779,"10,11,109"
11780,"64,10,80"
11781,"170,459,169"
11782,"169,170,260"
11783,"23,49,24"
11784,"43,23,24"
11785,"23,24,49"
11786,"169,199"
11787,"3,4,19"
11788,"10,93,64"
11789,"40,131,226"
11790,"3,147,156"
11791,"129,40,128"
11792,"23,105"
11793,"23,26,24"
11794,"23,31"
11795,"8,128,129"
11796,"23,74,38"
11797,"10,11,205"
11798,"38,23,137"
11799,"3,237"
11800,"0,257,235"
11801,"3,21"
11802,"21,3"
11803,3
11804,"3,147,53"
11805,3
11806,"3,21,187"
11807,"23,74"
11808,"23,74"
11809,"64,10,65"
11810,40
11811,"40,145,402"
11812,"3,111"
11813,"3,17,320"
11814,"40,44,145"
11815,"40,406,185"
11816,"40,162,163"
11817,"4,19,3"
11818,"10,11,205"
11819,"199,2,169"
11820,"3,30,66"
11821,"152,151,40"
11822,"23,26"
11823,"220,10,242"
11824,"0,271,456"
11825,3
11826,"10,54,95"
11827,0
11828,"40,139,153"
11829,10
11830,"11,3,10"
11831,"199,169"
11832,"10,220,242"
11833,"3,147"
11834,"0,8"
11835,"128,40,195"
11836,"0,8,346"
11837,"0,26,350"
11838,"40,131,134"
11839,"3,21,48"
11840,"40,162,163"
11841,"4,3,19"
11842,10
11843,0
11844,"8,308,23"
11845,"10,64"
11846,"23,38"
11847,"199,169,323"
11848,"0,216"
11849,"40,54,145"
11850,"23,118,74"
11851,"0,313,346"
11852,0
11853,0
11854,"3,21,187"
11855,"220,10,242"
11856,"10,11,60"
11857,"64,10,80"
11858,"3,111"
11859,"3,53,23"
11860,"0,8,285"
11861,"11,10,109"
11862,"23,74,118"
11863,"220,10,221"
11864,"182,68,3"
11865,"40,160,152"
11866,"54,10,95"
11867,"169,199,281"
11868,"64,10,90"
11869,"3,17,168"
11870,"3,85,158"
11871,"23,24,59"
11872,"3,4,238"
11873,"44,40,45"
11874,"17,3,320"
11875,"0,265,208"
11876,"23,74,118"
11877,"3,15,16"
11878,"206,0,369"
11879,"160,40,315"
11880,"478,64,40"
11881,"40,128"
11882,"169,138,199"
11883,"170,169,459"
11884,"0,8,235"
11885,"26,89,23"
11886,"3,21,124"
11887,"8,0,206"
11888,"3,4"
11889,"3,21,127"
11890,"0,8"
11891,"220,10,221"
11892,"3,17,320"
11893,"296,169,526"
11894,"24,49,23"
11895,"23,89"
11896,"220,10,242"
11897,"10,220,221"
11898,"10,11"
11899,"3,13"
11900,"169,199,343"
11901,"3,21,187"
11902,"169,171,131"
11903,"169,199,426"
11904,3
11905,"11,10,205"
11906,"10,145,44"
11907,"10,64,80"
11908,"3,17,168"
11909,"40,135,138"
11910,"169,170,459"
11911,"3,15,16"
11912,"4,3,19"
11913,"11,10,205"
11914,"10,55,54"
11915,"23,26,231"
11916,"23,74,317"
11917,"64,10,93"
11918,"23,24,62"
11919,"10,64,80"
11920,"23,24,74"
11921,"3,21,127"
11922,"3,85,21"
11923,"23,74,63"
11924,"169,170,459"
11925,"13,3,14"
11926,"135,40,244"
11927,"40,23"
11928,"0,265"
11929,"3,4"
11930,"23,74,303"
11931,"23,24,26"
11932,"296,169,411"
11933,"0,319,211"
11934,"3,28,113"
11935,"3,147,148"
11936,"23,24,74"
11937,"135,40,431"
11938,"40,131,226"
11939,3
11940,"3,85,158"
11941,"40,184,185"
11942,"147,148,3"
11943,"40,135,41"
11944,"10,64"
11945,"11,10,205"
11946,"3,4"
11947,"169,199,382"
11948,"44,40,145"
11949,"40,135,41"
11950,"11,10,205"
11951,"10,54,95"
11952,"23,105,326"
11953,"220,10,242"
11954,"3,85,86"
11955,"0,271"
11956,"23,131,406"
11957,"10,64,93"
11958,"40,41,149"
11959,"3,53,523"
11960,"23,24"
11961,"169,311"
11962,"23,38,71"
11963,"0,229,230"
11964,"0,216,319"
11965,"3,156,33"
11966,"118,296,169"
11967,"3,111"
11968,"23,38,71"
11969,"64,10,338"
11970,"169,199,281"
11971,"64,10,80"
11972,"145,40,44"
11973,"206,8,0"
11974,"169,199,281"
11975,"40,128,41"
11976,"23,24"
11977,"170,169,459"
11978,"169,199,343"
11979,"24,23,43"
11980,"3,34,263"
11981,"23,38"
11982,"169,426,312"
11983,"0,271,456"
11984,"23,26,89"
11985,"3,21,187"
11986,"135,138,169"
11987,"10,54,95"
11988,"40,131,134"
11989,"8,0,206"
11990,3
11991,3
11992,3
11993,"13,3,14"
11994,"169,199,248"
11995,"0,8,429"
11996,"10,220,11"
11997,"40,131,159"
11998,"220,10,242"
11999,"3,21"
12000,"10,64,90"
12001,"40,145,402"
12002,"3,66,30"
12003,"40,145,146"
12004,"3,127,21"
12005,"129,128,40"
12006,"3,21,182"
12007,"169,170,53"
12008,"147,3,148"
12009,"10,60"
12010,"40,131,406"
12011,"40,145,395"
12012,3
12013,"3,500,21"
12014,"169,199,374"
12015,"0,26,23"
12016,"184,185,40"
12017,"3,17,320"
12018,"64,10,338"
12019,3
12020,"40,41,224"
12021,"131,241,40"
12022,"40,185,184"
12023,"3,17,168"
12024,"3,21,30"
12025,"4,3,19"
12026,"23,26,350"
12027,"44,145,40"
12028,"169,417,296"
12029,"23,31,258"
12030,"40,23,74"
12031,"40,128"
12032,"3,34"
12033,"40,131,406"
12034,"0,257,216"
12035,"3,68,21"
12036,"0,8,308"
12037,"23,24,45"
12038,"23,74,3"
12039,"3,68,182"
12040,"3,5,228"
12041,"23,309,24"
12042,"23,26,89"
12043,"23,24,25"
12044,"0,355,26"
12045,"23,74,38"
12046,"3,4,238"
12047,"169,260,281"
12048,"44,145,24"
12049,"64,10,93"
12050,"169,199,171"
12051,"0,265"
12052,"10,64,23"
12053,"3,34"
12054,"3,17,168"
12055,"26,23,89"
12056,"169,199,171"
12057,"23,74,118"
12058,"220,242,10"
12059,3
12060,"54,40,145"
12061,"40,131,142"
12062,"3,34,263"
12063,"23,105,318"
12064,3
12065,"64,10,90"
12066,"44,45,40"
12067,"43,23,24"
12068,"3,30,66"
12069,"11,10,109"
12070,"23,26,89"
12071,"0,216"
12072,"40,41,149"
12073,"44,40,145"
12074,"10,64,80"
12075,"17,168,3"
12076,"199,169,323"
12077,"11,10,109"
12078,3
12079,"40,131,226"
12080,"23,31,96"
12081,"64,10,93"
12082,"145,40,402"
12083,"10,11,109"
12084,"3,21,156"
12085,"40,146,145"
12086,"64,10,65"
12087,"10,64,90"
12088,"3,53"
12089,"169,170,459"
12090,"3,147,203"
12091,"40,160"
12092,"3,379,21"
12093,"220,10,242"
12094,"3,85,13"
12095,"23,43,24"
12096,"23,105,309"
12097,"0,8,410"
12098,"26,23,350"
12099,"0,456,271"
12100,"3,53,287"
12101,"23,49,24"
12102,"145,44,40"
12103,"21,3,127"
12104,"8,0,405"
12105,"64,10,448"
12106,"3,21,127"
12107,"3,21"
12108,"3,168,17"
12109,"23,24,25"
12110,"3,30,66"
12111,"64,10"
12112,"296,169,411"
12113,"3,21"
12114,0
12115,"10,64,93"
12116,"44,40,145"
12117,"10,54,83"
12118,"0,271"
12119,"10,64,93"
12120,"23,43,24"
12121,"2,0,1"
12122,"24,23,43"
12123,"0,2,1"
12124,"43,23,24"
12125,"8,0,235"
12126,"23,26,89"
12127,3
12128,"23,49,24"
12129,"3,21,108"
12130,"3,13,204"
12131,"13,3,40"
12132,"234,60,10"
12133,"40,41,149"
12134,"40,145,146"
12135,"13,40,131"
12136,"23,24,43"
12137,"0,279,249"
12138,"64,10"
12139,"3,21,34"
12140,"0,271,456"
12141,"10,220,242"
12142,0
12143,"145,44,40"
12144,"169,199,281"
12145,"169,3,199"
12146,"64,10,80"
12147,"23,145,24"
12148,0
12149,"220,10,242"
12150,"0,271"
12151,"43,23,24"
12152,"40,145,10"
12153,"23,43,24"
12154,"39,23,38"
12155,"23,43,24"
12156,"40,135,138"
12157,"54,40,10"
12158,"10,60,61"
12159,"40,324,41"
12160,"40,131,486"
12161,"169,199,171"
12162,"0,271,456"
12163,"220,10,242"
12164,"0,271,456"
12165,"199,281,169"
12166,"40,224,41"
12167,"138,135,40"
12168,"40,131,406"
12169,"3,32,23"
12170,"64,10"
12171,"40,41,224"
12172,"40,128"
12173,"10,64,60"
12174,"49,24,23"
12175,"23,74,118"
12176,"23,74,303"
12177,"3,34"
12178,"40,160,152"
12179,"3,48,105"
12180,"169,199,356"
12181,"0,265,271"
12182,"40,131"
12183,"139,155,40"
12184,"23,26,89"
12185,"26,23,231"
12186,"0,271"
12187,"28,330,3"
12188,"40,131,226"
12189,"0,249,216"
12190,"15,16,3"
12191,"23,26,350"
12192,"3,17,168"
12193,"23,40,309"
12194,"169,296"
12195,23
12196,"3,21,127"
12197,"23,26,89"
12198,10
12199,"40,131,241"
12200,"8,0,206"
12201,"3,28,190"
12202,"40,128,129"
12203,"44,40,45"
12204,3
12205,"3,68,182"
12206,169
12207,"15,16,3"
12208,"23,26,89"
12209,"0,249,279"
12210,"3,15,16"
12211,"44,10,45"
12212,"3,4,238"
12213,"40,41,151"
12214,"0,8"
12215,"3,17"
12216,3
12217,169
12218,"40,131,406"
12219,"15,16,3"
12220,"3,21,182"
12221,"0,2,1"
12222,"23,26,89"
12223,"0,271,291"
12224,"4,3,19"
12225,"23,26,231"
12226,"0,216,304"
12227,"3,5,228"
12228,"40,145,44"
12229,"40,41,224"
12230,"3,15,16"
12231,"147,3,148"
12232,"3,21,187"
12233,"23,40"
12234,"3,21,126"
12235,"234,10,3"
12236,"3,21,48"
12237,"3,34,263"
12238,"64,10,65"
12239,"21,3,102"
12240,"0,271,456"
12241,"3,21,379"
12242,"199,169,23"
12243,"17,3,168"
12244,"64,10,65"
12245,23
12246,"40,149,41"
12247,"0,271,362"
12248,"40,184,185"
12249,0
12250,"3,21,164"
12251,"23,49,74"
12252,40
12253,"3,111,267"
12254,"220,10,242"
12255,"0,348,280"
12256,10
12257,"40,494,184"
12258,"31,258,23"
12259,0
12260,"23,38,63"
12261,"23,24"
12262,"118,74,23"
12263,"40,135,386"
12264,"272,0,361"
12265,0
12266,"44,40,145"
12267,"21,3,127"
12268,"43,23,24"
12269,"54,145,40"
12270,"40,145"
12271,"40,135,431"
12272,"23,74,118"
12273,"0,291,271"
12274,"40,184,185"
12275,"11,10,109"
12276,"3,4"
12277,"23,10,24"
12278,"49,24,23"
12279,"3,21,33"
12280,229
12281,"40,160,334"
12282,"0,216"
12283,"3,85"
12284,"10,23"
12285,"0,271"
12286,"138,169,40"
12287,"220,10"
12288,"40,131"
12289,"145,40,44"
12290,"10,64,338"
12291,"3,13,111"
12292,"220,10,221"
12293,"40,131"
12294,"23,38,137"
12295,"40,131,406"
12296,"3,85,158"
12297,"23,32,118"
12298,"40,21"
12299,"10,60,11"
12300,0
12301,"10,64,65"
12302,"44,45,23"
12303,"184,185,243"
12304,"64,10,93"
12305,"0,271,291"
12306,"10,64,93"
12307,"44,40,145"
12308,"0,271"
12309,"8,23"
12310,"128,129,40"
12311,"23,3,48"
12312,"3,4"
12313,"13,3,28"
12314,"11,10,205"
12315,"40,131,142"
12316,"169,199,343"
12317,"0,265,266"
12318,"11,10,205"
12319,"40,131,134"
12320,"3,36,35"
12321,"3,111"
12322,"23,26,89"
12323,"23,26,350"
12324,"3,147,203"
12325,"23,24,74"
12326,53
12327,"40,224,41"
12328,"3,21,168"
12329,"26,231,23"
12330,"40,135"
12331,"0,2,1"
12332,"169,199,374"
12333,"145,40,44"
12334,"10,11,205"
12335,"23,8"
12336,3
12337,"40,131,406"
12338,"100,222"
12339,0
12340,"3,111"
12341,"23,31,508"
12342,"169,170"
12343,0
12344,"128,40"
12345,"128,40,129"
12346,"21,3,124"
12347,"10,220,221"
12348,"3,4,238"
12349,"10,54,322"
12350,"128,40,195"
12351,"23,74"
12352,"3,30"
12353,"3,160"
12354,"10,11,109"
12355,"0,265,349"
12356,"0,8,206"
12357,"169,170,459"
12358,"23,24,38"
12359,"220,10,221"
12360,"169,199,323"
12361,"40,131,406"
12362,"3,111,21"
12363,"0,8,206"
12364,"40,395"
12365,"23,49,24"
12366,"3,147"
12367,"11,10,12"
12368,"3,13,204"
12369,"41,40,286"
12370,"10,64,93"
12371,"169,199,343"
12372,"40,131,241"
12373,"0,8,457"
12374,"3,147,148"
12375,"40,145,44"
12376,"4,3,19"
12377,"40,237,241"
12378,"220,10,242"
12379,"5,3,228"
12380,"0,265,340"
12381,"40,41,42"
12382,"0,218,475"
12383,"169,171,199"
12384,"169,296,306"
12385,"40,128,186"
12386,"54,10,95"
12387,"3,21,182"
12388,3
12389,"23,74,31"
12390,"169,199,323"
12391,"64,10,65"
12392,"169,337,339"
12393,"169,199,259"
12394,"40,128,129"
12395,"44,45,40"
12396,"11,10,12"
12397,"169,417,296"
12398,"0,8,220"
12399,"169,199,281"
12400,"23,105"
12401,"40,44,145"
12402,"40,324,186"
12403,"3,21,124"
12404,"44,40,145"
12405,"23,32,31"
12406,"23,105"
12407,"169,199,281"
12408,"10,54,95"
12409,"169,199,296"
12410,"40,41,224"
12411,"0,271,456"
12412,"10,54,40"
12413,"3,111,53"
12414,"40,11"
12415,"10,64,60"
12416,"3,53"
12417,"3,85"
12418,"40,160,151"
12419,"169,199,170"
12420,"0,216,212"
12421,169
12422,"23,74"
12423,23
12424,"40,145,44"
12425,"4,3,188"
12426,"402,40,145"
12427,"0,8"
12428,"40,131,406"
12429,"23,24,43"
12430,"74,23,303"
12431,3
12432,"220,10,242"
12433,"40,184,185"
12434,"0,1,2"
12435,"3,21,40"
12436,"23,26,89"
12437,"3,21,187"
12438,"40,160,149"
12439,"23,74"
12440,"40,41,42"
12441,"3,115"
12442,"169,199,281"
12443,"11,10,109"
12444,"3,53"
12445,"220,10,242"
12446,"3,28"
12447,"3,28"
12448,"10,11,109"
12449,"74,23,303"
12450,"3,4,183"
12451,"10,60,61"
12452,"23,24,0"
12453,"40,145,44"
12454,"10,220,242"
12455,"64,10,448"
12456,"40,131,406"
12457,"220,10,242"
12458,"3,21"
12459,"0,216"
12460,"169,199,281"
12461,"23,38,39"
12462,"40,195,128"
12463,"169,426"
12464,"3,53,523"
12465,"3,147,156"
12466,"0,340,265"
12467,"3,111"
12468,"3,147,148"
12469,3
12470,"0,271"
12471,"0,26,271"
12472,"169,199,343"
12473,"128,129,0"
12474,"26,23,231"
12475,"40,184,131"
12476,"23,74,118"
12477,3
12478,"11,10,109"
12479,"10,60,23"
12480,"23,43,24"
12481,"40,131,159"
12482,"128,40,129"
12483,"23,105"
12484,"3,111,119"
12485,"169,337,251"
12486,"0,271,456"
12487,"23,38,309"
12488,"169,199"
12489,"3,34"
12490,"23,26,89"
12491,"3,147,148"
12492,"169,199,374"
12493,"169,199"
12494,"10,64,93"
12495,"10,64,442"
12496,"220,10,242"
12497,3
12498,"10,11,12"
12499,"3,4"
12500,"64,10,448"
12501,"23,74,165"
12502,"8,0,308"
12503,"23,74,118"
12504,"34,3,263"
12505,"3,169,281"
12506,"145,40,44"
12507,"40,185,184"
12508,"3,15,16"
12509,"0,350,23"
12510,"0,265,266"
12511,"169,199"
12512,"3,147,148"
12513,"21,3"
12514,"40,128,129"
12515,"23,89,26"
12516,"40,3,127"
12517,"3,21,127"
12518,169
12519,"3,21"
12520,"64,10,90"
12521,"3,53"
12522,"0,319,211"
12523,"23,24,62"
12524,"54,10,95"
12525,"10,64,448"
12526,"0,8,235"
12527,"255,0,463"
12528,"40,160,423"
12529,"3,15,16"
12530,"38,23"
12531,"23,32,31"
12532,"23,24,49"
12533,"10,220"
12534,"3,111,21"
12535,"10,60,23"
12536,"11,10,205"
12537,"40,41,286"
12538,"3,21"
12539,"0,213,214"
12540,"40,128,129"
12541,"169,337,339"
12542,"10,11,109"
12543,"206,0,8"
12544,"23,74,303"
12545,"74,23,118"
12546,"44,145,40"
12547,"3,28,30"
12548,"3,147,15"
12549,"4,3,238"
12550,"10,54,322"
12551,"3,4"
12552,"40,145,402"
12553,"296,169"
12554,"3,21"
12555,"3,21"
12556,"169,170,436"
12557,"199,169,281"
12558,"145,40,44"
12559,"145,40"
12560,"0,313,346"
12561,"128,40,129"
12562,"23,32,31"
12563,"0,208,209"
12564,"23,49,24"
12565,"0,208,209"
12566,"40,135,169"
12567,"0,271,366"
12568,0
12569,"0,216,319"
12570,"3,21,309"
12571,"11,10,109"
12572,"3,21,182"
12573,"24,23,25"
12574,"40,139,153"
12575,"3,36,148"
12576,"3,21,48"
12577,"3,21"
12578,"23,24,49"
12579,"23,26,89"
12580,"44,40,145"
12581,"11,10,109"
12582,"3,66,30"
12583,"23,74"
12584,"3,147,148"
12585,"40,131,142"
12586,"3,85"
12587,"4,3,238"
12588,"3,66,30"
12589,"0,319,211"
12590,"3,53"
12591,"128,40,3"
12592,"26,23,350"
12593,3
12594,"40,131,241"
12595,"23,74,118"
12596,"131,40,406"
12597,"169,199,281"
12598,"15,3,16"
12599,"3,85"
12600,"3,17,21"
12601,"26,23,89"
12602,"23,24,49"
12603,"0,265,266"
12604,"23,24,309"
12605,"0,271"
12606,"10,64,65"
12607,"0,265,349"
12608,"40,395,128"
12609,"0,271"
12610,"10,60,54"
12611,"3,21,108"
12612,"26,23,350"
12613,"3,111,474"
12614,"3,523,53"
12615,40
12616,0
12617,3
12618,"0,2,1"
12619,"147,3,148"
12620,"3,5,57"
12621,"402,40,145"
12622,23
12623,"366,0,271"
12624,"10,11"
12625,"11,10,12"
12626,"10,54"
12627,"169,23"
12628,"21,3,124"
12629,"0,208,505"
12630,3
12631,"10,60"
12632,"0,249,279"
12633,"0,271,456"
12634,"3,15,16"
12635,"21,3,108"
12636,3
12637,"40,139"
12638,"0,265,266"
12639,"3,15,16"
12640,"53,3,287"
12641,"3,15,16"
12642,"40,41"
12643,"23,309,38"
12644,"23,74,118"
12645,"24,49,23"
12646,23
12647,"3,28,190"
12648,"10,64,93"
12649,40
12650,"0,23,26"
12651,3
12652,"54,10,402"
12653,"3,21,108"
12654,3
12655,"169,339,337"
12656,"0,265,349"
12657,"3,34,263"
12658,"0,355,313"
12659,"23,74,118"
12660,"40,145,10"
12661,"3,147,148"
12662,"10,54,322"
12663,"3,4,188"
12664,"23,24,40"
12665,"10,64,448"
12666,"3,60"
12667,"220,10,221"
12668,"40,139,131"
12669,"40,131,406"
12670,"0,271,272"
12671,"54,10,95"
12672,"3,287,53"
12673,"234,10,60"
12674,"10,11,205"
12675,"23,162,74"
12676,"40,139,153"
12677,"3,21"
12678,"64,10"
12679,"127,3,21"
12680,"40,131,134"
12681,"43,24,23"
12682,"0,8,308"
12683,"23,406,131"
12684,"23,24,59"
12685,"169,199,343"
12686,"169,199,281"
12687,"0,11,218"
12688,"23,26,89"
12689,"169,296,306"
12690,"169,281"
12691,"10,220,242"
12692,"3,4"
12693,"64,10,448"
12694,"169,199,343"
12695,"10,220"
12696,"3,21"
12697,"3,21"
12698,"0,8,308"
12699,"169,199,281"
12700,"40,41,201"
12701,"23,31,49"
12702,"3,111"
12703,"40,160,315"
12704,"0,271,291"
12705,"131,406,40"
12706,"145,40"
12707,"3,53,467"
12708,"23,26,89"
12709,"23,231,26"
12710,"64,10"
12711,"23,43,24"
12712,"10,11,109"
12713,"10,220,11"
12714,"3,21"
12715,0
12716,"40,152,151"
12717,3
12718,"169,339,337"
12719,"220,10,242"
12720,"40,160,149"
12721,"169,426,427"
12722,"3,21,127"
12723,"3,17,320"
12724,"40,160,41"
12725,"23,74,303"
12726,"44,40,145"
12727,"3,128,34"
12728,"21,3,48"
12729,"44,38,40"
12730,"23,26,350"
12731,"24,23,370"
12732,"0,8"
12733,"199,169"
12734,"3,21,187"
12735,"3,111,224"
12736,"23,24,40"
12737,"23,74,118"
12738,"8,26,350"
12739,3
12740,"3,66,30"
12741,"40,145"
12742,"0,271,456"
12743,"23,31,96"
12744,"17,320,3"
12745,"10,64,90"
12746,"40,131,159"
12747,"0,271"
12748,"0,418,265"
12749,"40,131,406"
12750,0
12751,"10,11"
12752,"0,363,271"
12753,"23,31,96"
12754,"0,456,271"
12755,23
12756,"43,23,64"
12757,"10,54,55"
12758,"169,170"
12759,"40,128"
12760,"26,23,231"
12761,"3,111,4"
12762,"17,3,168"
12763,"0,8,235"
12764,"169,199"
12765,"0,8,206"
12766,"24,23,43"
12767,"4,3,19"
12768,"220,10,242"
12769,"64,10,80"
12770,"23,74,165"
12771,"95,44"
12772,"0,8,235"
12773,"118,23,74"
12774,"3,148,147"
12775,"21,169,3"
12776,"220,10,242"
12777,"3,53,68"
12778,"23,43,24"
12779,"3,21,164"
12780,"23,26,89"
12781,"147,3,148"
12782,"64,10,93"
12783,"10,64,65"
12784,"15,16,3"
12785,"23,43,24"
12786,"3,147"
12787,"199,169"
12788,"0,271,456"
12789,"169,199,170"
12790,"170,169,260"
12791,"64,10"
12792,"23,26,231"
12793,"3,523,53"
12794,"3,4,111"
12795,"23,74,303"
12796,"10,23,239"
12797,"10,54,55"
12798,"169,323,10"
12799,"3,4"
12800,"31,40,402"
12801,"3,15,16"
12802,"3,68,182"
12803,"10,64"
12804,"10,61,60"
12805,"3,147,148"
12806,"0,8"
12807,"64,10,90"
12808,"3,15,16"
12809,"169,170,459"
12810,"0,279,249"
12811,"169,199,23"
12812,"64,10,473"
12813,"0,265,266"
12814,"64,10,448"
12815,"40,127,41"
12816,"3,53,467"
12817,3
12818,"169,170,199"
12819,"0,208,369"
12820,"169,170,199"
12821,"3,34,263"
12822,169
12823,"21,3,124"
12824,"169,170,459"
12825,"23,24,49"
12826,"40,131"
12827,"169,281,260"
12828,"169,260,170"
12829,"3,13"
12830,"64,10,448"
12831,"17,168,3"
12832,"10,11,12"
12833,"3,111"
12834,"3,85"
12835,"26,23,0"
12836,"64,10,93"
12837,"3,15,16"
12838,"40,139,153"
12839,"220,10,242"
12840,"3,15,16"
12841,0
12842,"74,23,165"
12843,"131,241,23"
12844,"3,17"
12845,"23,26,89"
12846,"40,145"
12847,3
12848,"3,28,190"
12849,"220,10,242"
12850,"8,0,128"
12851,"3,53,48"
12852,"4,3,375"
12853,"40,127,21"
12854,"54,10,95"
12855,"169,170,260"
12856,"11,10,12"
12857,"0,265,340"
12858,"3,21"
12859,"220,10,242"
12860,"169,199,426"
12861,"3,4"
12862,"3,15,16"
12863,"0,265,266"
12864,"3,21"
12865,"3,21"
12866,"220,10,242"
12867,"10,64,90"
12868,"3,21,115"
12869,"0,8,206"
12870,"17,168,3"
12871,"31,23"
12872,"3,169,281"
12873,"64,10,65"
12874,"23,309,38"
12875,"0,214"
12876,"44,45,10"
12877,"3,4,435"
12878,"220,10,242"
12879,"3,17,320"
12880,"206,8,0"
12881,"3,147,148"
12882,"30,3,66"
12883,"40,131,241"
12884,"0,229,421"
12885,"169,199,171"
12886,"3,15,144"
12887,"40,162,163"
12888,3
12889,3
12890,"23,26,89"
12891,"3,147,148"
12892,169
12893,"23,118,74"
12894,"0,355,271"
12895,"40,41,42"
12896,"23,89,26"
12897,"169,199,343"
12898,"8,0"
12899,"169,31"
12900,"40,128"
12901,"3,21,187"
12902,"169,199,281"
12903,"0,271,366"
12904,"40,41"
12905,"43,23,24"
12906,"10,54,40"
12907,"169,199,281"
12908,"40,131,406"
12909,"44,40,45"
12910,"40,145"
12911,"26,23,89"
12912,"3,34,263"
12913,"3,147,148"
12914,"23,24,43"
12915,"3,34,263"
12916,"43,64,24"
12917,"23,26,8"
12918,"3,48,23"
12919,"10,43,23"
12920,"31,23"
12921,"10,54,95"
12922,"3,147,148"
12923,"169,199,281"
12924,"138,40,135"
12925,"220,10,221"
12926,"23,74,38"
12927,"169,152,151"
12928,"3,147,148"
12929,"40,127,160"
12930,"40,145,44"
12931,"23,89,216"
12932,"8,0,206"
12933,"0,271,280"
12934,"3,28,30"
12935,"220,10,242"
12936,"23,74,317"
12937,"0,206,8"
12938,"4,3,238"
12939,"145,40,44"
12940,"0,271,280"
12941,"169,199,40"
12942,"11,109,10"
12943,"0,265,340"
12944,"10,64,90"
12945,"220,10,242"
12946,"10,64,93"
12947,"23,137,105"
12948,"3,111,119"
12949,"199,169"
12950,"3,4,238"
12951,"10,220"
12952,"3,21,127"
12953,"3,147,148"
12954,"11,109,10"
12955,"3,4,238"
12956,"169,171,199"
12957,"23,49,24"
12958,"40,128,129"
12959,"0,8"
12960,"40,74,23"
12961,"169,199,343"
12962,"0,218"
12963,"74,23,165"
12964,"23,89,26"
12965,"3,168,17"
12966,"10,43,64"
12967,"3,147,148"
12968,"40,152,151"
12969,"3,33,21"
12970,"23,74,165"
12971,"40,145,146"
12972,"169,199,260"
12973,"10,220,11"
12974,"23,26,231"
12975,"169,296,411"
12976,"0,271,456"
12977,"40,129,128"
12978,3
12979,"3,4"
12980,"3,21,108"
12981,"40,131,241"
12982,"23,74,165"
12983,"10,64,93"
12984,"169,170"
12985,"0,2,1"
12986,"40,162,163"
12987,"3,30,66"
12988,"23,49,24"
12989,"23,24,8"
12990,"169,199,356"
12991,"40,145,402"
12992,"10,95,54"
12993,0
12994,"0,8,220"
12995,"11,10,40"
12996,"3,21"
12997,"43,23,24"
12998,"40,145,54"
12999,"10,54,43"
13000,"3,21,379"
13001,"169,199,170"
13002,"3,21"
13003,"3,375,4"
13004,"23,24,43"
13005,"40,3"
13006,"64,10,448"
13007,"3,21,187"
13008,"0,522,271"
13009,"44,45,40"
13010,23
13011,"17,3,168"
13012,"54,10,95"
13013,"74,23,303"
13014,3
13015,"44,40,145"
13016,"313,346,350"
13017,"147,148,3"
13018,"3,4"
13019,"0,271"
13020,"11,40,109"
13021,"40,135,131"
13022,3
13023,"10,64,24"
13024,"23,26,89"
13025,"23,32,31"
13026,"3,34,17"
13027,"40,160,152"
13028,"169,10,199"
13029,"0,213,214"
13030,"26,23,89"
13031,"169,170,199"
13032,23
13033,"23,26,89"
13034,"74,23,71"
13035,"0,271"
13036,"23,31,454"
13037,"169,199,281"
13038,"40,414,159"
13039,"169,426,223"
13040,"3,147,148"
13041,"199,169,343"
13042,"220,10,242"
13043,"0,218,512"
13044,"3,21,85"
13045,"0,26,89"
13046,"3,68,53"
13047,"169,3"
13048,"3,147,148"
13049,"10,220,242"
13050,"3,21,108"
13051,"40,41,324"
13052,"23,74,118"
13053,"23,74"
13054,"64,10,338"
13055,"23,137,38"
13056,"3,21,108"
13057,"23,26,350"
13058,"89,26,40"
13059,"169,199,281"
13060,"145,40,402"
13061,"23,313,26"
13062,"131,40,406"
13063,"296,169,306"
13064,"10,64"
13065,"3,17,320"
13066,"0,279,249"
13067,"23,74,303"
13068,3
13069,"3,74,303"
13070,"23,40"
13071,"220,10,242"
13072,"220,10,221"
13073,23
13074,"40,131,406"
13075,"40,160,149"
13076,"40,3,102"
13077,"152,151,40"
13078,"23,32,31"
13079,"43,23,24"
13080,"10,64,80"
13081,"0,213,214"
13082,"169,170,260"
13083,"10,44,54"
13084,"169,170,199"
13085,"169,199"
13086,"10,60,239"
13087,"3,85,86"
13088,"40,128,129"
13089,"4,3,19"
13090,0
13091,"131,241,40"
13092,"3,28"
13093,"0,213,214"
13094,"169,199,135"
13095,"23,38"
13096,"0,89"
13097,"28,3,190"
13098,"0,249,279"
13099,"40,3"
13100,"206,8,0"
13101,"220,10,242"
13102,"10,49,23"
13103,"40,41,135"
13104,"40,41,224"
13105,"40,131,142"
13106,"23,74,118"
13107,"23,10,55"
13108,"3,15,16"
13109,"23,62,24"
13110,"23,118,231"
13111,"40,131,486"
13112,"11,10,109"
13113,"23,74"
13114,"3,21,108"
13115,"118,23,74"
13116,"54,10,322"
13117,"3,147,148"
13118,"85,3,86"
13119,"208,0,369"
13120,"40,160"
13121,"3,4,19"
13122,"199,169,248"
13123,"0,271,456"
13124,"40,128,129"
13125,0
13126,"3,5,228"
13127,"40,145,402"
13128,"23,74,118"
13129,"26,23,231"
13130,3
13131,"0,229,208"
13132,"128,40,129"
13133,"40,185,184"
13134,"10,11,109"
13135,"23,31,258"
13136,"0,208,369"
13137,"10,64,93"
13138,"44,40,145"
13139,"23,24,309"
13140,"10,220"
13141,3
13142,"10,64"
13143,"0,313,346"
13144,"3,4,375"
13145,"11,10,109"
13146,"175,40,128"
13147,"3,17"
13148,"255,463,0"
13149,"40,135,138"
13150,"10,220,11"
13151,"3,147,156"
13152,"40,128,129"
13153,"0,8,285"
13154,"11,10,109"
13155,"3,15,16"
13156,"40,131,142"
13157,"23,309,38"
13158,"21,3,108"
13159,"0,8"
13160,"44,145,10"
13161,"3,53,287"
13162,"3,4"
13163,"3,48,111"
13164,"8,206,0"
13165,"10,11,60"
13166,"10,60,239"
13167,"10,11,234"
13168,"17,168,3"
13169,"3,4"
13170,"3,53,147"
13171,"3,21"
13172,"169,199,343"
13173,"169,199"
13174,"0,265,100"
13175,"3,53,523"
13176,"3,60"
13177,"169,170,260"
13178,"64,10,448"
13179,"23,24,25"
13180,23
13181,"10,64,93"
13182,"64,10,448"
13183,"43,23,24"
13184,"3,147,148"
13185,"8,0,308"
13186,"40,162,163"
13187,"220,10,242"
13188,"43,23,24"
13189,"40,131"
13190,"131,40,134"
13191,"3,53,523"
13192,"10,54"
13193,23
13194,"0,8,308"
13195,"0,271,291"
13196,"169,199,343"
13197,"0,271"
13198,3
13199,"169,339,337"
13200,3
13201,"40,145,146"
13202,3
13203,3
13204,"17,168,3"
13205,"220,10,242"
13206,"11,10,205"
13207,"10,239,60"
13208,"11,10,12"
13209,"23,31,32"
13210,3
13211,"40,129,128"
13212,"3,21"
13213,"10,54"
13214,"43,23,24"
13215,"3,85,293"
13216,"169,274,426"
13217,"10,55,258"
13218,"10,234,60"
13219,"3,147,219"
13220,"169,23"
13221,"40,44,145"
13222,"31,23,328"
13223,"0,255"
13224,"3,13,204"
13225,"3,17,15"
13226,"40,131,134"
13227,"3,4,375"
13228,"23,24"
13229,"109,11,10"
13230,"169,281,199"
13231,"169,170,260"
13232,"152,151,40"
13233,10
13234,"10,64,93"
13235,"286,41,40"
13236,"10,60,23"
13237,"3,30"
13238,"3,21"
13239,"3,111,119"
13240,"145,40,402"
13241,"40,145,44"
13242,"10,64,93"
13243,"220,10,242"
13244,"111,3,119"
13245,"40,131"
13246,"40,145,44"
13247,"64,10"
13248,"3,21,85"
13249,"199,169,374"
13250,0
13251,"23,62,24"
13252,"10,54,322"
13253,"44,145,40"
13254,"44,40,145"
13255,"10,64,79"
13256,"3,21"
13257,"0,208"
13258,"135,169,40"
13259,3
13260,"40,129,128"
13261,"0,271,213"
13262,"40,10,322"
13263,"169,199,337"
13264,"64,10,448"
13265,"74,23,84"
13266,"10,64,60"
13267,"10,54,95"
13268,"3,147,36"
13269,"11,10,109"
13270,"169,199,281"
13271,"64,10,80"
13272,"26,23,350"
13273,"40,152,151"
13274,"34,3,263"
13275,"131,40,406"
13276,"23,137"
13277,"23,74,317"
13278,"64,10,80"
13279,197
13280,"3,53,100"
13281,"169,426,223"
13282,"10,54,145"
13283,"23,26,231"
13284,"10,54,95"
13285,"23,74,165"
13286,"40,324,41"
13287,169
13288,"23,24"
13289,"53,3,287"
13290,"17,3,168"
13291,"10,220,221"
13292,"40,131"
13293,"0,271"
13294,"23,38"
13295,3
13296,3
13297,"8,206,0"
13298,"3,148"
13299,"10,60,93"
13300,3
13301,"8,0,391"
13302,"3,51,52"
13303,"0,8,285"
13304,"169,170,260"
13305,"220,10,221"
13306,"0,216"
13307,"40,129,128"
13308,"0,213,214"
13309,"40,152,151"
13310,"145,40,10"
13311,"3,17,168"
13312,"40,128,129"
13313,"3,147,148"
13314,"169,131,171"
13315,"40,145,10"
13316,"40,41,201"
13317,"24,23,43"
13318,"11,10,109"
13319,"169,199,311"
13320,"0,265,490"
13321,"8,0,235"
13322,"23,10,160"
13323,"402,40,23"
13324,"10,60,239"
13325,"40,324,128"
13326,"241,40,131"
13327,"199,169,248"
13328,"0,271,456"
13329,"169,199,281"
13330,"3,21,187"
13331,"0,249,279"
13332,"0,271,362"
13333,"40,145,402"
13334,"11,10,205"
13335,"13,3"
13336,"44,40,45"
13337,"64,10,93"
13338,"40,160,315"
13339,"23,10,24"
13340,"23,38,91"
13341,"3,53"
13342,"169,199,171"
13343,"64,10,80"
13344,"169,199"
13345,"23,24,105"
13346,"26,23,350"
13347,"169,426,274"
13348,"10,11,12"
13349,"3,111,115"
13350,"23,74,118"
13351,"8,0,235"
13352,"3,53,21"
13353,"26,23,350"
13354,"40,145,44"
13355,"0,229,230"
13356,"3,21,187"
13357,"24,49,23"
13358,"11,10,109"
13359,"23,24,59"
13360,"44,145,40"
13361,"11,10,109"
13362,"3,21,182"
13363,"44,40,45"
13364,"23,105"
13365,"11,10,109"
13366,"199,169,343"
13367,"4,3,238"
13368,"40,131,406"
13369,40
13370,"160,40,315"
13371,"0,350,26"
13372,"0,8"
13373,"3,523,53"
13374,"26,23,350"
13375,"23,31,96"
13376,"131,40,226"
13377,"40,139,131"
13378,"169,199,343"
13379,169
13380,"3,33,21"
13381,"3,21"
13382,"296,169,428"
13383,"220,10,242"
13384,"3,21"
13385,"128,129,40"
13386,"105,23"
13387,"3,21"
13388,"17,168,3"
13389,"23,26,89"
13390,"169,199,281"
13391,"40,145"
13392,"24,43,23"
13393,"23,31,258"
13394,"40,128,129"
13395,"23,74"
13396,"3,21,126"
13397,"131,40,406"
13398,"40,41,286"
13399,"44,145,11"
13400,"220,10,242"
13401,"147,3,156"
13402,"23,8,26"
13403,"3,4,435"
13404,"17,168,3"
13405,"220,10,242"
13406,"40,145,146"
13407,"10,64,54"
13408,"199,169,281"
13409,"3,15,16"
13410,"3,147,148"
13411,"0,213,214"
13412,"23,54"
13413,"111,3,284"
13414,"3,85"
13415,"40,128,129"
13416,"11,10,205"
13417,"23,38"
13418,"74,23,165"
13419,"23,32,74"
13420,"3,21"
13421,"44,40,145"
13422,"24,23,49"
13423,3
13424,"3,15,16"
13425,"40,128,195"
13426,"169,296"
13427,"44,45,24"
13428,"26,23,231"
13429,"23,38,137"
13430,"26,23,89"
13431,"17,3,168"
13432,"10,64,43"
13433,"4,3,19"
13434,"45,44,40"
13435,"3,15"
13436,"0,23,350"
13437,"11,265,205"
13438,"24,23"
13439,"10,64"
13440,"8,0,308"
13441,"23,24"
13442,"10,220,221"
13443,"40,44,145"
13444,3
13445,"23,10,60"
13446,"23,74"
13447,23
13448,"147,3,32"
13449,"40,131,241"
13450,"3,147,15"
13451,"3,34"
13452,"24,23,49"
13453,"3,4"
13454,"11,10,205"
13455,"26,23,231"
13456,"3,5,228"
13457,"43,23,24"
13458,"10,199,323"
13459,"74,118"
13460,"85,3,158"
13461,"23,26,89"
13462,"23,24,25"
13463,"3,34"
13464,"0,8,285"
13465,"10,60,239"
13466,"10,64,43"
13467,"23,24,43"
13468,"26,89,249"
13469,"0,265,418"
13470,"17,320,3"
13471,"169,281,199"
13472,"8,0,206"
13473,"3,4"
13474,"3,21"
13475,"10,64,338"
13476,"40,185"
13477,"40,41,149"
13478,"23,94,74"
13479,"23,26,89"
13480,"74,199,23"
13481,"3,147,167"
13482,"26,350,0"
13483,"23,74"
13484,"170,169,260"
13485,"64,10,43"
13486,"169,199,281"
13487,"0,216"
13488,"3,4,183"
13489,3
13490,"10,54,55"
13491,"169,199,248"
13492,"74,23,118"
13493,"3,21"
13494,"26,23,231"
13495,"74,23,165"
13496,"3,21,102"
13497,"10,54,95"
13498,"10,64,93"
13499,"3,21"
13500,"40,128,129"
13501,"3,119,21"
13502,"169,170"
13503,"3,4,238"
13504,"26,23,89"
13505,"40,152,151"
13506,"160,40"
13507,"23,26,89"
13508,"169,343,170"
13509,"3,21,48"
13510,3
13511,"3,21,33"
13512,"40,131"
13513,"43,10,24"
13514,"169,199,281"
13515,"3,53"
13516,"23,74"
13517,"4,3,238"
13518,"169,3,170"
13519,"3,168,17"
13520,"8,0,23"
13521,"23,38,39"
13522,"3,143"
13523,"23,24,11"
13524,"23,31"
13525,0
13526,10
13527,"23,24,49"
13528,"38,23,71"
13529,"3,53"
13530,"0,8,206"
13531,"23,26,231"
13532,"23,105,318"
13533,"220,10,221"
13534,"64,65,10"
13535,"23,74,118"
13536,"21,3,40"
13537,"131,40,241"
13538,"64,10,448"
13539,"44,40,23"
13540,3
13541,"40,131,142"
13542,"23,199,169"
13543,"311,169,426"
13544,"64,10,448"
13545,"40,131,406"
13546,"23,31,32"
13547,"23,26,231"
13548,"24,43,23"
13549,"3,28,190"
13550,"0,271"
13551,"40,131,406"
13552,"0,313,346"
13553,"40,139"
13554,"40,131,159"
13555,"10,60,61"
13556,"3,5,228"
13557,"3,13,85"
13558,"23,105"
13559,"8,206,0"
13560,"3,21,379"
13561,"3,34,263"
13562,"3,147,148"
13563,"10,43,24"
13564,10
13565,"220,10,242"
13566,"40,160,423"
13567,"3,53,147"
13568,"0,216"
13569,"40,145,146"
13570,"64,10,93"
13571,"0,271"
13572,3
13573,"100,0,222"
13574,3
13575,"3,15"
13576,"3,21"
13577,"64,10,65"
13578,"40,145,44"
13579,"160,169"
13580,"0,271"
13581,"118,500,3"
13582,"3,21"
13583,"21,3"
13584,"11,10,109"
13585,"208,0,453"
13586,"131,40,241"
13587,"64,10,93"
13588,"169,199,260"
13589,"3,21,126"
13590,"0,265,349"
13591,"3,111,53"
13592,"23,26,38"
13593,"10,64,93"
13594,"3,15"
13595,"10,64"
13596,0
13597,"3,127,21"
13598,"206,0,8"
13599,"3,99"
13600,"0,265,271"
13601,"23,31,32"
13602,"23,38,26"
13603,"3,13"
13604,"169,199,281"
13605,"23,24,43"
13606,"40,185,184"
13607,"3,34,263"
13608,"64,23,10"
13609,"0,265"
13610,"3,15,16"
13611,"43,24,23"
13612,"169,170,459"
13613,"3,21"
13614,"3,320"
13615,"0,265,349"
13616,"152,151,40"
13617,"169,170,459"
13618,"3,147,148"
13619,"3,21,127"
13620,"23,24,49"
13621,"21,3,201"
13622,"26,0,23"
13623,"3,5,6"
13624,"23,26,350"
13625,"10,64,93"
13626,"23,24"
13627,"64,65,10"
13628,"0,8,206"
13629,"3,292,367"
13630,"3,111,267"
13631,"0,271,456"
13632,74
13633,"10,43"
13634,"3,21,127"
13635,"64,10,448"
13636,"13,3,204"
13637,"10,60,23"
13638,40
13639,"169,296,306"
13640,"3,21,34"
13641,"43,10,23"
13642,"23,26,89"
13643,"23,26,89"
13644,"3,169"
13645,"40,131,406"
13646,10
13647,"23,24,49"
13648,"40,131,406"
13649,"0,206,249"
13650,"3,21,17"
13651,0
13652,"3,15,16"
13653,"23,74,118"
13654,"220,10,221"
13655,"220,221,242"
13656,"43,10,23"
13657,"3,21,108"
13658,"169,199"
13659,"135,40,236"
13660,"3,15,16"
13661,"3,15,16"
13662,"145,40,54"
13663,3
13664,"0,271"
13665,"199,169,356"
13666,"10,54,95"
13667,"10,145,40"
13668,"0,212,216"
13669,"3,139,153"
13670,40
13671,"23,74,303"
13672,"169,296,306"
13673,"23,26,231"
13674,"23,118,74"
13675,"23,74,317"
13676,0
13677,"220,10,221"
13678,"23,24,0"
13679,"3,379,21"
13680,"169,199,10"
13681,"10,11,31"
13682,"3,17"
13683,"0,8,206"
13684,"131,241,406"
13685,"10,11"
13686,"3,13,100"
13687,"220,10,242"
13688,"3,21"
13689,"23,26,89"
13690,"40,131,134"
13691,"23,24,40"
13692,"23,74"
13693,"3,53"
13694,"23,309,38"
13695,"3,53"
13696,"23,24,26"
13697,"3,199,169"
13698,"128,40,186"
13699,"3,4,435"
13700,"3,13"
13701,"23,24,43"
13702,"64,10,93"
13703,"220,10,242"
13704,"40,145,44"
13705,"64,10,448"
13706,"13,3,14"
13707,"3,40,41"
13708,"3,21,111"
13709,"10,64,90"
13710,"40,128,129"
13711,"10,60"
13712,"3,53,21"
13713,"0,265,349"
13714,"4,3,188"
13715,"313,0,346"
13716,"2,1"
13717,"23,74,118"
13718,"170,169,260"
13719,"21,40,124"
13720,"169,199,323"
13721,"23,74"
13722,"3,21,33"
13723,169
13724,"296,169,526"
13725,"3,68,53"
13726,"3,5"
13727,"13,3,14"
13728,3
13729,131
13730,"313,0,346"
13731,"3,21"
13732,"3,111,472"
13733,"3,111,21"
13734,"3,111,112"
13735,"11,10,205"
13736,"169,199,343"
13737,"23,74,303"
13738,"402,145,40"
13739,"0,363,271"
13740,"3,53,467"
13741,"3,21"
13742,"3,21,111"
13743,"23,26,231"
13744,"10,64,43"
13745,"44,54,145"
13746,"127,3,21"
13747,"23,24,345"
13748,0
13749,"74,368,23"
13750,"169,296,300"
13751,"21,3,127"
13752,"3,111,53"
13753,"3,5,228"
13754,"10,239,60"
13755,"10,64"
13756,"169,199,281"
13757,"40,160,149"
13758,"40,131,159"
13759,"40,145"
13760,"40,395"
13761,"0,249,279"
13762,"10,220,221"
13763,"10,64"
13764,"10,64,93"
13765,"3,15,16"
13766,"169,199,171"
13767,"271,0,355"
13768,"169,199,281"
13769,"44,40,45"
13770,"0,265,349"
13771,"169,260,170"
13772,"3,111"
13773,"40,131,486"
13774,"64,10,93"
13775,"44,145,40"
13776,3
13777,"11,10,205"
13778,"23,71,38"
13779,0
13780,"31,0"
13781,"0,271,456"
13782,"3,34,263"
13783,"4,3,238"
13784,"23,24"
13785,"3,188"
13786,"145,44,40"
13787,"0,218,465"
13788,"25,23,24"
13789,"4,3,238"
13790,"40,129,128"
13791,"3,34,263"
13792,"10,60"
13793,"3,30,66"
13794,"23,24,45"
13795,"220,10,242"
13796,"64,10,448"
13797,"138,135,40"
13798,"23,24"
13799,"169,199"
13800,"3,147,148"
13801,"74,23,118"
13802,"40,152,151"
13803,"3,17,168"
13804,"3,126,21"
13805,"23,89,26"
13806,"23,26,89"
13807,220
13808,169
13809,"131,40,406"
13810,"23,24,49"
13811,"220,10,242"
13812,"220,10"
13813,"23,24,59"
13814,"3,21,126"
13815,"145,40"
13816,"11,10,205"
13817,"4,19,3"
13818,"23,454,24"
13819,"23,26,89"
13820,"43,10,64"
13821,"3,30,66"
13822,"0,265,271"
13823,"23,24"
13824,"74,23,303"
13825,"10,44,145"
13826,3
13827,"40,23,74"
13828,"3,4,238"
13829,"32,23,31"
13830,"0,271"
13831,"17,168,3"
13832,"3,53,21"
13833,"169,296,411"
13834,"195,128,40"
13835,"169,199"
13836,"0,8,206"
13837,"64,10,80"
13838,"3,30,66"
13839,"0,319,211"
13840,40
13841,3
13842,"10,40,54"
13843,"3,4"
13844,"40,131,128"
13845,"23,43,24"
13846,"64,10,448"
13847,"0,265,349"
13848,"10,64,93"
13849,"3,21,187"
13850,"13,3,150"
13851,40
13852,"3,147,148"
13853,"23,26,89"
13854,"3,21,187"
13855,"0,271,456"
13856,"21,124,3"
13857,"10,43,24"
13858,"10,64"
13859,"147,3,148"
13860,"0,271,456"
13861,"220,10,242"
13862,"40,146,145"
13863,"23,96,31"
13864,"0,265,8"
13865,"220,10,242"
13866,"3,21,53"
13867,"23,26,89"
13868,"23,40,309"
13869,"3,21,53"
13870,"3,111"
13871,"23,31,32"
13872,"23,77,74"
13873,"3,13"
13874,"23,118,74"
13875,"26,23"
13876,"3,17,34"
13877,"23,26,89"
13878,"40,128,129"
13879,"64,10"
13880,"220,10,242"
13881,"64,10,90"
13882,"147,3,148"
13883,"3,30,28"
13884,40
13885,"3,21,85"
13886,"0,265,340"
13887,"220,10,242"
13888,"40,128,129"
13889,"40,145,402"
13890,"3,111"
13891,3
13892,"64,10,65"
13893,"44,45,40"
13894,"40,89,23"
13895,"10,239,54"
13896,"40,128,195"
13897,"169,0,229"
13898,"40,41,324"
13899,"10,61,60"
13900,"199,169,343"
13901,"0,271,456"
13902,"3,21,187"
13903,"64,10,93"
13904,"169,170,459"
13905,"3,21,108"
13906,"3,15,16"
13907,"44,40,45"
13908,"23,74,165"
13909,"40,160,334"
13910,"41,40,224"
13911,"3,21,187"
13912,"23,26,350"
13913,"40,131,486"
13914,"169,296,274"
13915,"220,10,242"
13916,"26,23,231"
13917,"8,0"
13918,"10,64,93"
13919,169
13920,"3,147,148"
13921,"40,324,152"
13922,"231,26,23"
13923,"3,21"
13924,"3,53,523"
13925,"10,64,93"
13926,"40,128,324"
13927,"169,143"
13928,"184,185,40"
13929,"23,71,38"
13930,"3,4"
13931,"131,241,40"
13932,"3,17,115"
13933,"40,145,24"
13934,"23,26,350"
13935,"3,224,111"
13936,"152,151,40"
13937,"169,339,337"
13938,3
13939,"11,10,205"
13940,"10,145,40"
13941,"40,162,163"
13942,"296,169,411"
13943,"23,25,24"
13944,"220,10,242"
13945,"10,64,65"
13946,"220,10,242"
13947,"10,44,11"
13948,"23,74"
13949,"3,5,57"
13950,"8,0,405"
13951,"3,17,168"
13952,"11,10,205"
13953,"169,199"
13954,"169,199,374"
13955,"4,3,238"
13956,"3,4,19"
13957,"169,199"
13958,"296,169,428"
13959,"10,93,64"
13960,"3,21,48"
13961,"296,169"
13962,"23,74,118"
13963,"169,296,274"
13964,"0,271,291"
13965,"40,131"
13966,"3,53,467"
13967,"0,216,212"
13968,"0,235,257"
13969,"0,313,346"
13970,3
13971,"3,15,16"
13972,"199,169,281"
13973,"138,40,135"
13974,"23,74,118"
13975,"0,271,456"
13976,"3,68,182"
13977,"0,216"
13978,"44,40,145"
13979,"0,271,2"
13980,"23,40"
13981,"40,152,151"
13982,"23,26,231"
13983,3
13984,"3,111,119"
13985,"3,111"
13986,"64,10,338"
13987,"220,10,242"
13988,"15,16,3"
13989,3
13990,"10,64,93"
13991,"23,31,96"
13992,"10,64,65"
13993,"3,147"
13994,"40,128,195"
13995,"3,17"
13996,"93,64,10"
13997,"3,447,17"
13998,"40,131"
13999,"3,53,287"
14000,"23,24,26"
14001,"0,255"
14002,"4,3,19"
14003,"0,366,271"
14004,"44,40,145"
14005,"3,21,48"
14006,"10,54,173"
14007,3
14008,"11,10,12"
14009,"220,10,221"
14010,"64,10,448"
14011,"10,60,23"
14012,"21,3"
14013,3
14014,"169,170"
14015,"0,213,214"
14016,40
14017,"3,34"
14018,"40,131,159"
14019,"3,147,148"
14020,"3,21,108"
14021,"199,169,281"
14022,"3,53,100"
14023,"11,109,10"
14024,"169,426"
14025,"3,85"
14026,"40,145,146"
14027,"40,129,128"
14028,"0,216,504"
14029,"34,3,143"
14030,"23,74,303"
14031,"3,21,22"
14032,"3,147,148"
14033,"131,40,226"
14034,"31,23,96"
14035,"23,26,89"
14036,"40,131,142"
14037,"40,41,224"
14038,"23,26,89"
14039,"23,38,137"
14040,"40,241,494"
14041,"0,216,255"
14042,3
14043,"64,10,448"
14044,"3,21,187"
14045,"3,13,14"
14046,"3,5,228"
14047,"10,64"
14048,"8,0,206"
14049,"169,199,171"
14050,3
14051,"23,74,303"
14052,"10,64,93"
14053,"169,171,199"
14054,"138,40,135"
14055,"40,41,21"
14056,"0,271,522"
14057,"23,26,89"
14058,"3,53"
14059,"23,74,303"
14060,"0,271"
14061,"23,26,89"
14062,"23,74"
14063,"40,128,129"
14064,"3,4"
14065,"44,145,40"
14066,"3,21,108"
14067,"40,145,146"
14068,"3,21,187"
14069,"129,128,40"
14070,"23,26"
14071,"40,23"
14072,"3,23,290"
14073,"350,23,26"
14074,"0,366,271"
14075,"10,64,60"
14076,"199,169,356"
14077,"199,169,343"
14078,"15,16,3"
14079,"23,26,89"
14080,"0,354,216"
14081,3
14082,"40,128,41"
14083,"169,170"
14084,"64,10,93"
14085,"40,184,185"
14086,"40,128,186"
14087,3
14088,"11,10,109"
14089,"40,128,129"
14090,"40,406,131"
14091,"10,173,60"
14092,"224,40,41"
14093,"0,337,339"
14094,"23,74,118"
14095,"31,23,96"
14096,"23,74,71"
14097,"23,74,303"
14098,"3,85,158"
14099,"3,147"
14100,"4,3,19"
14101,"145,40,44"
14102,"3,13,401"
14103,"8,0,26"
14104,"40,324,41"
14105,"4,3,238"
14106,"0,265,349"
14107,"3,21"
14108,"3,100"
14109,"23,49,31"
14110,"40,131,134"
14111,23
14112,"105,23,318"
14113,"40,131,406"
14114,"131,40,406"
14115,"3,21,108"
14116,"169,199,281"
14117,"231,26,23"
14118,"10,64,93"
14119,0
14120,"220,10,242"
14121,"23,231,38"
14122,"64,10,448"
14123,"4,3,5"
14124,"23,40"
14125,"3,156,85"
14126,"40,128"
14127,"169,170,260"
14128,"40,131,226"
14129,"23,74,118"
14130,"23,74,118"
14131,"3,10"
14132,"40,160,334"
14133,"40,131,134"
14134,"10,49,24"
14135,"40,41,286"
14136,"0,216,304"
14137,"40,131"
14138,"11,109,10"
14139,"0,271"
14140,"169,199"
14141,0
14142,"23,24,43"
14143,"3,21"
14144,"23,31,49"
14145,"0,271,366"
14146,"40,185,184"
14147,"40,184,185"
14148,"23,24,62"
14149,"3,147,148"
14150,"0,348,255"
14151,0
14152,"220,10,221"
14153,"0,319,211"
14154,"0,8,206"
14155,3
14156,"10,64,93"
14157,"3,5,133"
14158,"0,249,279"
14159,"3,156,147"
14160,"43,23,24"
14161,"64,10,338"
14162,"24,23,59"
14163,"40,131,142"
14164,"64,10,93"
14165,"199,169"
14166,"8,206,0"
14167,"10,11,109"
14168,"3,34,263"
14169,"23,24,10"
14170,"220,10,221"
14171,"15,16,3"
14172,"131,40,406"
14173,"169,199,323"
14174,"220,10,242"
14175,"3,17"
14176,"169,199,170"
14177,"3,28,30"
14178,"199,169,343"
14179,"138,40,135"
14180,40
14181,"23,32,31"
14182,"44,45,54"
14183,"3,23"
14184,"3,13,5"
14185,"169,199,323"
14186,"13,3,204"
14187,"23,43,24"
14188,"3,156,147"
14189,"3,188,4"
14190,"21,3"
14191,"26,23,231"
14192,"0,265"
14193,"26,23,89"
14194,"0,271,456"
14195,"32,3,31"
14196,"3,168,17"
14197,23
14198,"26,23,89"
14199,"169,199"
14200,"3,13,14"
14201,"8,0,391"
14202,"3,53"
14203,"3,40"
14204,"31,23,258"
14205,"169,170"
14206,"265,0,340"
14207,"11,10,109"
14208,"206,369,0"
14209,"0,271"
14210,"0,8,220"
14211,"40,160,152"
14212,"169,199,323"
14213,"40,222,100"
14214,"128,40,129"
14215,"10,64,65"
14216,"0,265,340"
14217,"74,303,23"
14218,0
14219,3
14220,"3,379,21"
14221,"0,271,456"
14222,"40,139,140"
14223,"169,199,343"
14224,"0,8,235"
14225,"23,26,89"
14226,"40,41,224"
14227,"40,139"
14228,"23,43,60"
14229,"23,24,43"
14230,"23,24,43"
14231,"10,11,109"
14232,"40,131,406"
14233,0
14234,"0,213,214"
14235,"23,74"
14236,"100,3,222"
14237,"64,90,10"
14238,"23,38,82"
14239,13
14240,"3,17,168"
14241,"3,147,148"
14242,"8,308,0"
14243,"10,54,145"
14244,23
14245,"23,135,40"
14246,"0,271,456"
14247,"40,74,23"
14248,"3,34,263"
14249,"169,260,170"
14250,"23,26,89"
14251,"8,128,129"
14252,"3,21,127"
14253,"54,10,31"
14254,"0,218,475"
14255,"3,147"
14256,"3,15,16"
14257,"220,10,242"
14258,"40,145,44"
14259,"3,53,287"
14260,"23,26"
14261,"10,11,12"
14262,3
14263,"11,10,205"
14264,"3,21"
14265,"3,111,48"
14266,"40,135"
14267,"11,10,109"
14268,"64,10,448"
14269,"0,8"
14270,"169,199,281"
14271,"3,21,115"
14272,"220,10,242"
14273,"3,15,16"
14274,"169,260,170"
14275,"3,21,127"
14276,23
14277,"17,3,168"
14278,"0,31"
14279,"3,21,115"
14280,"40,131,406"
14281,"40,41,324"
14282,"23,24,43"
14283,"220,242,25"
14284,"3,111"
14285,"23,105"
14286,"10,64,338"
14287,"23,32,31"
14288,"4,3,19"
14289,"128,129,40"
14290,"4,3,19"
14291,"74,23,303"
14292,"0,271"
14293,"23,89,26"
14294,"64,10,80"
14295,"40,100,222"
14296,"40,145,395"
14297,"0,271"
14298,"0,265,271"
14299,"3,85,13"
14300,"23,0,26"
14301,"169,199,356"
14302,"10,60,61"
14303,"4,3,238"
14304,"402,40,145"
14305,"3,53"
14306,"26,23,231"
14307,"40,44,145"
14308,"40,145,44"
14309,"4,19,3"
14310,"64,10,93"
14311,"169,296,306"
14312,"0,280,348"
14313,"54,10"
14314,"249,279,0"
14315,"169,296"
14316,"3,4"
14317,0
14318,"43,23,24"
14319,"3,4,238"
14320,"3,21,126"
14321,"3,53,68"
14322,3
14323,"0,265,349"
14324,"0,265,340"
14325,"23,24,10"
14326,23
14327,"3,15,16"
14328,"23,313,26"
14329,"206,0,8"
14330,"10,64,80"
14331,"169,199,281"
14332,"3,147,148"
14333,"3,21,228"
14334,"10,64"
14335,"40,160,334"
14336,"296,169,428"
14337,169
14338,0
14339,"44,40,145"
14340,"10,234"
14341,"3,21,379"
14342,"3,5,228"
14343,"23,26,350"
14344,"169,199,260"
14345,"4,19,3"
14346,"199,169,281"
14347,"128,129,40"
14348,"3,21,85"
14349,"169,199,281"
14350,"296,169"
14351,"23,24,43"
14352,"0,279,249"
14353,"169,170,459"
14354,"3,126,21"
14355,"40,395,131"
14356,"220,10,242"
14357,"40,131,241"
14358,"296,169,333"
14359,"24,23,25"
14360,"64,10"
14361,"0,265,271"
14362,"4,3,19"
14363,169
14364,0
14365,"40,41,423"
14366,"3,21,48"
14367,"40,131,134"
14368,"4,3,238"
14369,"10,60,61"
14370,"23,26,89"
14371,"44,145,40"
14372,"10,23,93"
14373,"3,28"
14374,"13,3,401"
14375,"23,60,10"
14376,"45,44,40"
14377,"53,3,60"
14378,"220,10,242"
14379,"23,74,118"
14380,"40,324,128"
14381,"3,36,35"
14382,"265,0,349"
14383,"3,48,21"
14384,"74,23,303"
14385,"3,127,21"
14386,"0,271,280"
14387,"3,15,16"
14388,"169,199,171"
14389,"44,40,145"
14390,"3,21,301"
14391,"169,231"
14392,"40,131,406"
14393,"10,64,93"
14394,"3,34,263"
14395,"11,10,12"
14396,0
14397,"4,3,238"
14398,"169,199,343"
14399,"40,128,129"
14400,"3,4,435"
14401,"11,10,109"
14402,"10,93,64"
14403,"168,419,17"
14404,"11,10,109"
14405,"3,21,22"
14406,"169,170"
14407,"23,24,43"
14408,"3,30"
14409,"40,152,160"
14410,"40,152,151"
14411,"3,111,112"
14412,"40,128"
14413,"220,10,221"
14414,"44,45,40"
14415,"0,218,271"
14416,"23,105"
14417,"23,454,31"
14418,"111,3,112"
14419,"40,131,142"
14420,"23,345,60"
14421,"169,171,199"
14422,"31,23,32"
14423,"10,11,419"
14424,"40,131"
14425,"40,129,128"
14426,"234,10,60"
14427,"220,10,242"
14428,0
14429,"64,10,448"
14430,"21,3,40"
14431,"23,32,31"
14432,"135,40,138"
14433,"11,10,109"
14434,"3,21"
14435,"3,111,68"
14436,3
14437,"3,15,16"
14438,23
14439,"23,38,71"
14440,"44,45,11"
14441,"23,26,89"
14442,"0,313"
14443,"10,23"
14444,"3,34"
14445,"26,89,23"
14446,"23,74,38"
14447,"3,21,147"
14448,"3,15,144"
14449,"40,129,128"
14450,"10,64"
14451,"25,24,23"
14452,"40,128,129"
14453,23
14454,"160,40"
14455,"3,147,15"
14456,"40,131,134"
14457,"23,38,309"
14458,"145,40,44"
14459,"4,3,19"
14460,"10,64,93"
14461,"0,271"
14462,"220,10,221"
14463,"10,54"
14464,"145,40,402"
14465,"40,3,115"
14466,"17,3,168"
14467,"40,135,138"
14468,"0,271,265"
14469,"23,10,25"
14470,"40,129,128"
14471,"23,31,10"
14472,"64,10,93"
14473,"10,60"
14474,"26,23,350"
14475,"11,10,109"
14476,"23,38,137"
14477,"54,10,95"
14478,"23,32,31"
14479,"3,147,148"
14480,"23,26,89"
14481,3
14482,3
14483,194
14484,"3,147,148"
14485,"3,182,68"
14486,"3,4"
14487,"111,112,3"
14488,"4,19,3"
14489,"40,74,23"
14490,"3,21,187"
14491,"43,23,24"
14492,"296,169,460"
14493,"3,13,204"
14494,"23,31,328"
14495,"10,54,95"
14496,"169,170"
14497,"3,287,17"
14498,"40,131,406"
14499,"206,369,208"
14500,"40,152,151"
14501,"3,147,148"
14502,"23,63"
14503,"145,40,44"
14504,"3,158,85"
14505,"10,64"
14506,"40,41,286"
14507,"23,118,74"
14508,"10,64,54"
14509,"3,147,148"
14510,"3,85,158"
14511,"10,11,109"
14512,"220,10,242"
14513,"23,24"
14514,"23,74"
14515,23
14516,"23,402,328"
14517,"44,145,40"
14518,"23,31,32"
14519,"40,145,146"
14520,"3,147,53"
14521,"11,10,205"
14522,"220,10,242"
14523,"169,199,323"
14524,"3,53,523"
14525,"17,3,168"
14526,40
14527,"3,28,364"
14528,"0,280,255"
14529,"169,199"
14530,3
14531,"11,10,109"
14532,"3,111"
14533,"23,26,231"
14534,"0,272,361"
14535,"40,222,139"
14536,"10,64,93"
14537,"0,257,216"
14538,"3,187,21"
14539,"3,147"
14540,"17,3,168"
14541,"0,271,456"
14542,"11,10,109"
14543,"3,30"
14544,"145,40,54"
14545,"199,169,343"
14546,"10,64,93"
14547,"23,38,137"
14548,"23,74,406"
14549,"10,54,95"
14550,"40,152,151"
14551,"23,74"
14552,"40,160"
14553,"0,313,346"
14554,40
14555,"171,199,169"
14556,"26,231,23"
14557,"40,41,215"
14558,"3,15"
14559,"3,21,108"
14560,"3,4"
14561,"10,220,221"
14562,"40,131,406"
14563,"3,53,287"
14564,"3,17,168"
14565,"17,168,3"
14566,"23,24,43"
14567,"0,271,291"
14568,"23,32,31"
14569,"3,147,148"
14570,"64,10,93"
14571,"3,15"
14572,"40,31,23"
14573,"3,85,158"
14574,"23,26"
14575,"40,160"
14576,"220,10,242"
14577,"10,64"
14578,"40,41,146"
14579,3
14580,"220,10,242"
14581,"10,64,93"
14582,"43,10,23"
14583,"4,3,238"
14584,"220,10,221"
14585,"129,128,40"
14586,"23,31,454"
14587,"139,40,153"
14588,"3,111,474"
14589,"3,111,4"
14590,"23,38,26"
14591,"23,24,49"
14592,"3,111,21"
14593,"169,199,281"
14594,"23,74,303"
14595,"23,43,24"
14596,"3,53,68"
14597,"10,64,93"
14598,"44,11,40"
14599,"23,24,49"
14600,"3,21,108"
14601,"3,13"
14602,"139,153,40"
14603,"23,32,31"
14604,"40,44,145"
14605,"0,271,456"
14606,"169,199,281"
14607,"3,34,263"
14608,"3,4,238"
14609,"0,271,456"
14610,"40,129,128"
14611,"4,3,238"
14612,"23,74,118"
14613,"40,145,44"
14614,"10,64,93"
14615,"10,64,448"
14616,"10,64,80"
14617,"40,145,146"
14618,"10,11,109"
14619,"74,23,303"
14620,0
14621,"23,74"
14622,"10,11,205"
14623,"169,199,343"
14624,"199,169,171"
14625,"64,10,80"
14626,"3,21,108"
14627,"395,21,3"
14628,"8,0,308"
14629,"3,21,127"
14630,"11,10"
14631,"11,10,205"
14632,"169,296,306"
14633,"220,10,242"
14634,"40,324,41"
14635,"10,60,43"
14636,"3,13"
14637,"220,10,242"
14638,"44,45,40"
14639,"105,23,318"
14640,"169,0"
14641,"3,21"
14642,"3,21,111"
14643,"220,10,242"
14644,"40,41,324"
14645,"8,0,308"
14646,"3,53"
14647,"23,71,38"
14648,"3,147,148"
14649,"169,508,260"
14650,199
14651,"3,111,112"
14652,"0,8"
14653,"0,229,230"
14654,"40,41,324"
14655,"3,111"
14656,"3,21,115"
14657,"3,13,14"
14658,"74,23,118"
14659,"40,160"
14660,"40,128"
14661,"40,160,315"
14662,"10,54,95"
14663,"23,38"
14664,"40,146,145"
14665,"74,23,303"
14666,"0,206,8"
14667,"40,131"
14668,"10,239,64"
14669,"3,5,228"
14670,"23,74,118"
14671,"3,127"
14672,"3,147,156"
14673,0
14674,"0,216,380"
14675,40
14676,"40,131,129"
14677,"15,16,3"
14678,"169,199,248"
14679,"169,199,343"
14680,"0,271,456"
14681,"23,74"
14682,"40,153,139"
14683,"40,131,406"
14684,"3,85"
14685,"10,64"
14686,"43,24,23"
14687,"224,41,40"
14688,"3,34,263"
14689,"3,53"
14690,"10,64,65"
14691,"74,23,317"
14692,"71,23,38"
14693,"296,169"
14694,"40,160"
14695,"43,24,23"
14696,"160,40,315"
14697,"44,40,145"
14698,"0,265,340"
14699,"3,30,147"
14700,"23,31,160"
14701,"40,135,244"
14702,"40,41"
14703,"3,21,108"
14704,"3,85"
14705,"40,128,41"
14706,"3,147,156"
14707,"17,3,320"
14708,"3,21,127"
14709,"23,49,24"
14710,"169,0"
14711,"169,259,426"
14712,"169,170"
14713,"8,0,206"
14714,"169,8,405"
14715,"32,31,23"
14716,"54,95,44"
14717,"3,111"
14718,"23,74,118"
14719,"64,90,10"
14720,"139,153,40"
14721,"40,131,406"
14722,"44,40,145"
14723,"147,3,148"
14724,"0,265,11"
14725,"220,10,242"
14726,"44,40,145"
14727,"23,26,89"
14728,"23,145"
14729,40
14730,"64,10"
14731,"0,8,220"
14732,"3,21,187"
14733,"3,21,126"
14734,"220,10,242"
14735,"3,111"
14736,"10,239,60"
14737,"23,74"
14738,"3,4,19"
14739,"0,319,211"
14740,"220,10,242"
14741,"220,10,221"
14742,"10,43,64"
14743,"40,145,146"
14744,"40,131,406"
14745,"64,10,448"
14746,"23,74,303"
14747,"0,271,456"
14748,"23,31,145"
14749,"74,23,303"
14750,"23,74,118"
14751,"145,40,169"
14752,"131,40,134"
14753,"10,64,79"
14754,"0,216,304"
14755,"40,41"
14756,"271,0,456"
14757,"3,15,16"
14758,"40,131"
14759,"40,131,241"
14760,"3,85,86"
14761,"169,170"
14762,"3,147,156"
14763,"44,72,10"
14764,"169,199,356"
14765,"21,3"
14766,"169,199,343"
14767,"48,21,3"
14768,"40,131,226"
14769,"23,118,74"
14770,"0,272,361"
14771,"24,23,49"
14772,"0,291,271"
14773,"21,3,124"
14774,"17,168,3"
14775,"3,21,108"
14776,"3,34,263"
14777,"169,199,259"
14778,"3,53"
14779,"3,30,66"
14780,"260,23,279"
14781,"40,145"
14782,"8,0"
14783,"3,147,148"
14784,"23,24,49"
14785,"23,38,74"
14786,"3,147,148"
14787,"10,220"
14788,"31,23,40"
14789,"10,64,448"
14790,"26,23,350"
14791,"40,160"
14792,"10,49,23"
14793,"44,45,40"
14794,"64,10,90"
14795,"40,145,146"
14796,"3,30,66"
14797,"74,23,40"
14798,"40,145,146"
14799,169
14800,"23,38"
14801,"169,170,459"
14802,"169,260,170"
14803,"3,228,5"
14804,"23,26,89"
14805,"0,319,211"
14806,3
14807,"40,184,494"
14808,"23,24,43"
14809,"3,17,168"
14810,"4,3,238"
14811,"3,53"
14812,"0,216"
14813,"3,21"
14814,"23,24,10"
14815,"23,24"
14816,"3,13,204"
14817,"11,10,12"
14818,"220,10,221"
14819,"23,26,89"
14820,"23,74"
14821,"3,85,86"
14822,"40,135,138"
14823,"0,208,265"
14824,"169,199,281"
14825,"3,53"
14826,"5,3,228"
14827,"0,265,271"
14828,"3,183,4"
14829,"40,128,129"
14830,"23,74,303"
14831,"3,17,168"
14832,"220,242,10"
14833,"11,10,109"
14834,0
14835,"23,231,26"
14836,"100,222,40"
14837,"40,324,41"
14838,"23,74,165"
14839,"220,10,221"
14840,"0,271,355"
14841,"3,30,66"
14842,"26,23,350"
14843,"32,23,31"
14844,"3,147,148"
14845,"169,296"
14846,"40,129,128"
14847,"21,3,127"
14848,"40,160"
14849,"3,111"
14850,"220,10,242"
14851,"3,147,148"
14852,"23,74,317"
14853,0
14854,"11,10,12"
14855,"26,23,350"
14856,"40,129,128"
14857,"0,8,206"
14858,"40,41,224"
14859,"23,24,49"
14860,"40,131,159"
14861,"3,21,127"
14862,"3,21,187"
14863,"40,201,160"
14864,"40,41,224"
14865,"40,145,146"
14866,"3,21"
14867,"3,30,21"
14868,"44,45,40"
14869,"40,160,152"
14870,"23,24"
14871,"11,10,109"
14872,"4,3,183"
14873,"3,15,16"
14874,"220,10,242"
14875,"169,199,281"
14876,"3,17,168"
14877,"3,147,148"
14878,"220,10,242"
14879,"3,34"
14880,"3,111,112"
14881,"0,199"
14882,"21,3"
14883,"23,49,10"
14884,"44,145,40"
14885,"4,3,238"
14886,"23,26,89"
14887,"23,89,26"
14888,"26,23,350"
14889,"3,13,14"
14890,"147,3,148"
14891,"10,64,80"
14892,"21,3,33"
14893,"3,34,263"
14894,"23,31,96"
14895,"0,265,340"
14896,"169,199,281"
14897,"40,145,44"
14898,"23,105,318"
14899,"0,265,349"
14900,"10,54,95"
14901,"74,23,303"
14902,"40,131,134"
14903,"10,40,145"
14904,"169,170"
14905,"40,199,152"
14906,"44,45,40"
14907,"135,40,138"
14908,"40,151,152"
14909,"23,26,231"
14910,"3,13"
14911,"40,395"
14912,0
14913,"40,131,241"
14914,"23,24,0"
14915,"64,10,80"
14916,"23,24,38"
14917,"281,169,199"
14918,"3,17,168"
14919,"199,169,356"
14920,"23,24,49"
14921,"296,169,411"
14922,"40,41,224"
14923,"43,23,24"
14924,"23,26,456"
14925,"0,213,271"
14926,3
14927,"11,10,109"
14928,"40,131,406"
14929,"3,21"
14930,"169,339,337"
14931,"23,26,89"
14932,"23,44,40"
14933,"220,10,242"
14934,"169,199"
14935,"169,417,296"
14936,"0,214,213"
14937,"40,131,241"
14938,"23,118,74"
14939,"3,53"
14940,"0,271"
14941,"220,10,242"
14942,"169,3"
14943,"3,168"
14944,"3,21"
14945,"40,160,149"
14946,"3,4,435"
14947,"23,74,317"
14948,"169,296,306"
14949,"3,111"
14950,40
14951,3
14952,"54,10,95"
14953,"0,313"
14954,"23,309,38"
14955,"31,23"
14956,"128,40,195"
14957,"131,40,406"
14958,10
14959,"40,131,406"
14960,"139,153,40"
14961,"23,26,38"
14962,"23,26,231"
14963,"0,271,272"
14964,"40,145,131"
14965,"23,89,26"
14966,"169,170,199"
14967,"147,3,148"
14968,"23,105"
14969,"4,3,19"
14970,"40,129,128"
14971,21
14972,"23,24,49"
14973,"23,38"
14974,"64,10,65"
14975,"169,199,171"
14976,"23,26,89"
14977,"0,271,456"
14978,"169,199,281"
14979,"10,64"
14980,0
14981,"40,131,406"
14982,"3,21,126"
14983,"40,324,128"
14984,"0,271"
14985,"23,313,350"
14986,"0,8,410"
14987,"89,26,23"
14988,"24,10,23"
14989,"23,31"
14990,"3,17"
14991,"44,40,145"
14992,0
14993,"3,4,435"
14994,"3,4,7"
14995,"3,48"
14996,"64,10,93"
14997,"169,199,323"
14998,"23,24,43"
14999,"10,64,93"
15000,"40,160,152"
15001,"3,85"
15002,"169,199"
15003,"11,10,109"
15004,"169,199,170"
15005,"23,118,74"
15006,"40,131,134"
15007,"23,49,24"
15008,"10,23,49"
15009,169
15010,"3,17,34"
15011,"131,40,406"
15012,"40,128,195"
15013,"3,21"
15014,"11,10,205"
15015,"3,147,15"
15016,"169,199,171"
15017,"3,21"
15018,"54,10,95"
15019,"171,199,131"
15020,"23,74,118"
15021,"169,199,231"
15022,"40,149,41"
15023,"64,10,80"
15024,"3,85,158"
15025,"8,0,23"
15026,"3,168,127"
15027,"3,21,127"
15028,40
15029,"40,131,406"
15030,"74,23,303"
15031,"26,231"
15032,"139,40"
15033,"3,147,148"
15034,"3,85,158"
15035,"3,147"
15036,3
15037,"3,21,379"
15038,"0,271,456"
15039,"0,216,254"
15040,"220,10,221"
15041,"169,23"
15042,"10,64,65"
15043,"8,206,0"
15044,"3,21,127"
15045,40
15046,"3,53,111"
15047,"23,26,89"
15048,"40,23,152"
15049,"64,10,93"
15050,"135,40,236"
15051,"4,3,238"
15052,"3,34,263"
15053,"169,170,260"
15054,"0,212,211"
15055,"23,38,309"
15056,"0,89"
15057,"40,145"
15058,"3,21"
15059,"23,26,89"
15060,"10,64,93"
15061,"169,199,323"
15062,"147,3,148"
15063,"169,199,323"
15064,"11,10,109"
15065,"169,296,274"
15066,"40,131"
15067,"3,21"
15068,"3,21,115"
15069,"3,21,68"
15070,"3,111"
15071,"3,4"
15072,"3,85,21"
15073,"3,111,112"
15074,"40,135"
15075,"169,428,296"
15076,"3,21"
15077,"43,24,23"
15078,"220,10,242"
15079,"3,147,148"
15080,"10,60,43"
15081,"0,8,271"
15082,"10,23,49"
15083,"23,74,40"
15084,"40,131,406"
15085,"10,11,109"
15086,"220,10,221"
15087,"0,265,349"
15088,"23,118,74"
15089,"23,26,313"
15090,"271,169"
15091,"4,19,3"
15092,"3,21,127"
15093,"40,145,402"
15094,"3,21,108"
15095,169
15096,"40,41,149"
15097,"11,10,109"
15098,0
15099,0
15100,40
15101,"40,41,127"
15102,"3,53,111"
15103,"17,3,168"
15104,"3,85,86"
15105,"0,265,418"
15106,"23,43,24"
15107,"0,169"
15108,"10,220,24"
15109,"23,38,74"
15110,"169,337,339"
15111,"3,13,204"
15112,"23,74,165"
15113,"23,24,25"
15114,"40,146,145"
15115,"40,131,486"
15116,"3,156,147"
15117,"10,11,205"
15118,"11,10,109"
15119,"0,271"
15120,"3,147,148"
15121,"3,15,16"
15122,"40,145,402"
15123,"44,40,145"
15124,"23,24"
15125,40
15126,"4,3,19"
15127,"220,10,242"
15128,0
15129,"26,23,231"
15130,"40,131,159"
15131,24
15132,"10,64,338"
15133,"4,3,19"
15134,"3,21"
15135,"3,4,183"
15136,"152,151,40"
15137,"135,138,169"
15138,"40,160"
15139,"23,38"
15140,"26,23,350"
15141,"74,23,84"
15142,3
15143,"23,24,43"
15144,"10,220,242"
15145,"23,118,74"
15146,"3,21,34"
15147,"0,216"
15148,"0,313,346"
15149,"43,24,23"
15150,"40,145,44"
15151,"10,64,54"
15152,"220,10,242"
15153,"3,28,190"
15154,"3,53"
15155,"23,31,96"
15156,"169,281,199"
15157,0
15158,"23,43,24"
15159,"3,147,148"
15160,"23,24,49"
15161,"169,199,171"
15162,3
15163,"23,26,89"
15164,"220,10,242"
15165,"169,199,323"
15166,53
15167,"169,296"
15168,"3,147"
15169,"40,152,151"
15170,"23,38,91"
15171,"3,4,435"
15172,"3,4,238"
15173,"43,10,24"
15174,"169,199,343"
15175,"3,17,320"
15176,"10,60,64"
15177,"169,199,281"
15178,"3,21,379"
15179,"10,54,197"
15180,"21,3,127"
15181,"3,21"
15182,"10,220,145"
15183,"220,10,242"
15184,"3,15,16"
15185,"169,296"
15186,"23,74,303"
15187,"3,30,66"
15188,"0,271"
15189,"40,145"
15190,"3,4,238"
15191,"0,206,249"
15192,"3,21,48"
15193,"23,91,26"
15194,"3,21"
15195,"40,44,145"
15196,"0,271"
15197,"3,147,148"
15198,"3,5"
15199,"131,40,226"
15200,"131,241,169"
15201,"40,128,131"
15202,"3,68,182"
15203,"23,49,24"
15204,"40,145,44"
15205,"0,265,271"
15206,"105,318,23"
15207,"3,21,124"
15208,"3,21"
15209,0
15210,"220,10,242"
15211,"220,10,242"
15212,"3,34,263"
15213,"3,21,182"
15214,"44,145,40"
15215,"3,21,127"
15216,"0,456,271"
15217,"23,105,74"
15218,"10,11,205"
15219,"40,41,324"
15220,"44,45,40"
15221,"0,319,211"
15222,"43,23,24"
15223,"169,199,323"
15224,"26,23,350"
15225,"40,131,406"
15226,"40,131,241"
15227,"11,10,12"
15228,"169,170,23"
15229,"40,131"
15230,"10,64,93"
15231,"23,26,89"
15232,"0,249,279"
15233,"3,13,14"
15234,"169,296,306"
15235,"54,10,402"
15236,"3,21,108"
15237,"135,40,431"
15238,"169,199,281"
15239,"220,10,242"
15240,"10,95,54"
15241,"45,23,44"
15242,169
15243,"11,10,205"
15244,"64,10,448"
15245,"3,21,127"
15246,"10,64,80"
15247,0
15248,"23,32,31"
15249,"23,32,31"
15250,"3,147,148"
15251,"169,199,281"
15252,"44,40,45"
15253,23
15254,"23,40,74"
15255,"0,216,304"
15256,"0,271,280"
15257,"169,199,281"
15258,"40,131,406"
15259,"40,131,226"
15260,"3,111,119"
15261,"3,21,379"
15262,"131,406,40"
15263,"44,40,145"
15264,"220,10,242"
15265,"74,23,303"
15266,"40,131,406"
15267,"74,23,303"
15268,"138,135,40"
15269,"21,3,124"
15270,"265,340,0"
15271,"3,34,263"
15272,"3,187,21"
15273,"11,10,205"
15274,"220,10,221"
15275,"0,271,456"
15276,"131,40,134"
15277,"3,30"
15278,"169,199,343"
15279,"64,10,65"
15280,"3,4,53"
15281,"3,53,21"
15282,"23,38,137"
15283,"23,74,40"
15284,"44,23,72"
15285,"23,26,89"
15286,"3,21,126"
15287,"169,170"
15288,"169,199"
15289,"3,147,148"
15290,"10,220,221"
15291,"3,21,68"
15292,3
15293,"3,17"
15294,"64,10,93"
15295,"64,10,448"
15296,"10,54,220"
15297,"11,10,205"
15298,"0,265"
15299,"169,339,337"
15300,"3,21"
15301,"3,28,190"
15302,3
15303,"31,23,258"
15304,"296,169,460"
15305,"40,131,139"
15306,"131,40,406"
15307,"199,169,281"
15308,"10,54,95"
15309,"44,40,145"
15310,"3,21,40"
15311,"169,199"
15312,"3,21,182"
15313,"169,199,281"
15314,"40,131,241"
15315,"169,199,323"
15316,"0,265,349"
15317,"40,41,149"
15318,"3,4,238"
15319,"44,145,40"
15320,"169,260,170"
15321,"0,271,456"
15322,"23,118,74"
15323,0
15324,0
15325,"0,271"
15326,"169,199,356"
15327,"0,255,280"
15328,3
15329,"11,10,109"
15330,"26,89,23"
15331,"17,168,3"
15332,"0,8,235"
15333,"169,170,260"
15334,"220,10,242"
15335,"3,21"
15336,"74,23,303"
15337,"3,34,21"
15338,"3,21"
15339,"40,145,44"
15340,"0,265,418"
15341,"23,26"
15342,"3,21"
15343,"23,74"
15344,"0,206,8"
15345,"3,15,147"
15346,"10,11,205"
15347,"3,53,523"
15348,"3,53"
15349,"199,169,343"
15350,3
15351,"0,271,355"
15352,"169,170,459"
15353,"64,10,80"
15354,"74,129,128"
15355,"44,145,40"
15356,"23,31,0"
15357,"23,26,89"
15358,"44,40,145"
15359,"40,131,406"
15360,"11,10,205"
15361,"379,21,3"
15362,"3,111,112"
15363,"3,21,85"
15364,"24,23,40"
15365,"10,64,93"
15366,"40,131,406"
15367,"23,118,74"
15368,"40,131,134"
15369,"44,145,40"
15370,"40,131,241"
15371,"3,21"
15372,"169,323,199"
15373,"40,135,141"
15374,"3,66,30"
15375,"145,44,40"
15376,"23,24,49"
15377,"40,131"
15378,"0,8,220"
15379,"23,26,89"
15380,"0,8"
15381,"0,208"
15382,"0,271,291"
15383,61
15384,"3,33,21"
15385,"3,147,148"
15386,"169,199,281"
15387,"64,10,93"
15388,"40,128,129"
15389,"40,152,151"
15390,"3,15,16"
15391,"23,26,89"
15392,"3,28,190"
15393,3
15394,"23,77,74"
15395,"3,111,119"
15396,"31,23,328"
15397,"160,40,334"
15398,"220,10,242"
15399,"220,10,242"
15400,"10,60,61"
15401,"0,272,361"
15402,"10,239,64"
15403,"0,216"
15404,"40,145,468"
15405,"10,64"
15406,"3,17,168"
15407,"23,31,96"
15408,"26,23,0"
15409,23
15410,"3,147,148"
15411,"3,15,16"
15412,"0,271,456"
15413,"15,3,16"
15414,"13,204"
15415,"0,255"
15416,"10,54,234"
15417,"40,185,184"
15418,"220,10,242"
15419,"53,3,523"
15420,0
15421,"23,38,309"
15422,"23,38"
15423,"0,265,8"
15424,"31,23,454"
15425,"0,265,266"
15426,"0,271"
15427,"169,199,343"
15428,"40,131,406"
15429,0
15430,"23,24,43"
15431,"43,23,24"
15432,"3,21,126"
15433,"23,31,32"
15434,"64,10,93"
15435,"10,40,145"
15436,"40,395"
15437,"3,21,111"
15438,"220,10,221"
15439,"3,21"
15440,"23,26,89"
15441,"10,11,109"
15442,"145,44,40"
15443,"145,44,40"
15444,"10,64,43"
15445,"3,21,127"
15446,"162,40,23"
15447,"21,3,124"
15448,"139,153,40"
15449,"23,38,82"
15450,"169,199,343"
15451,"40,41"
15452,"40,160,315"
15453,"169,31,454"
15454,"0,512"
15455,"3,21"
15456,"3,148,147"
15457,"23,26,40"
15458,"3,85,158"
15459,"40,135,138"
15460,"44,40,45"
15461,"0,235,255"
15462,"3,21"
15463,"3,30"
15464,"11,109,73"
15465,"3,164,21"
15466,"8,0,405"
15467,0
15468,"23,10,220"
15469,"3,30,66"
15470,"44,11,40"
15471,"0,319,211"
15472,"313,0,346"
15473,"23,74,40"
15474,"10,220,221"
15475,"3,111,112"
15476,"40,139,153"
15477,"10,11,205"
15478,"169,199,170"
15479,"40,145,44"
15480,"17,3,168"
15481,"169,199,259"
15482,"40,44,145"
15483,"169,199,343"
15484,"3,68,182"
15485,"23,26,231"
15486,"74,23,303"
15487,"0,319,211"
15488,"3,34,263"
15489,3
15490,0
15491,"23,44,24"
15492,"169,199,0"
15493,"3,21"
15494,"3,4"
15495,"10,60"
15496,"169,199,170"
15497,"169,199,248"
15498,"0,255,271"
15499,"3,339,337"
15500,"0,265"
15501,"147,3,148"
15502,"10,64,93"
15503,"40,131"
15504,"44,24,40"
15505,"40,41,224"
15506,"169,216,257"
15507,"138,135,40"
15508,"3,111,119"
15509,"23,62,40"
15510,"23,105,38"
15511,"0,271,456"
15512,"64,10,80"
15513,"3,5,228"
15514,"169,296,274"
15515,"296,169,131"
15516,"40,131,406"
15517,"23,32,31"
15518,"11,10,205"
15519,"169,199,356"
15520,"10,61,23"
15521,"40,185,184"
15522,"10,60,61"
15523,"3,17,15"
15524,"0,216"
15525,"40,41,224"
15526,"152,151,40"
15527,"3,228,5"
15528,"31,23,169"
15529,"0,271"
15530,"3,21,108"
15531,"40,134,131"
15532,3
15533,"8,0,405"
15534,"10,64,93"
15535,"3,4,435"
15536,"40,131,406"
15537,40
15538,"23,454,345"
15539,"11,10,205"
15540,"170,169,459"
15541,"26,231,23"
15542,"23,105,47"
15543,"231,26,23"
15544,3
15545,"64,10,65"
15546,"3,21"
15547,"10,43,24"
15548,"3,21,108"
15549,"13,204,3"
15550,"10,60,64"
15551,3
15552,"23,10,60"
15553,"23,24"
15554,10
15555,"8,0,405"
15556,"10,64,93"
15557,"3,21"
15558,"4,3,19"
15559,23
15560,"3,21,48"
15561,"220,10,242"
15562,"3,21"
15563,"40,131,226"
15564,"3,53,99"
15565,"4,3,19"
15566,"3,147,21"
15567,"23,43,24"
15568,"10,60,43"
15569,"43,24,23"
15570,"131,406,40"
15571,"34,3,46"
15572,"64,10,65"
15573,"3,126"
15574,"169,170,417"
15575,"0,206,8"
15576,"17,3,168"
15577,"23,24,43"
15578,"64,10,93"
15579,"169,199,323"
15580,"0,8,308"
15581,"0,271"
15582,"118,23,74"
15583,"0,8,206"
15584,"0,265,340"
15585,"220,10,242"
15586,"3,375,4"
15587,"10,64"
15588,"169,170,459"
15589,"169,199,170"
15590,"23,74,165"
15591,"23,24,74"
15592,"10,64,93"
15593,"23,31"
15594,"3,13,14"
15595,"220,10,242"
15596,"54,10,95"
15597,"3,21,111"
15598,"40,145,146"
15599,"0,271,444"
15600,"3,111,267"
15601,"3,21"
15602,"23,74,303"
15603,"31,23,258"
15604,169
15605,"40,145,44"
15606,"3,21,379"
15607,"169,199,170"
15608,"0,8,285"
15609,"40,131"
15610,"3,21,158"
15611,"3,21,187"
15612,"23,74,303"
15613,"3,147"
15614,"13,14,10"
15615,"10,54,40"
15616,"23,74,118"
15617,"128,40,129"
15618,"64,10,448"
15619,"64,10,65"
15620,"64,10,448"
15621,"3,21,127"
15622,"40,131"
15623,"40,185,184"
15624,"199,169,343"
15625,"128,129,40"
15626,"3,21"
15627,"8,0,285"
15628,"169,199,281"
15629,"3,4,183"
15630,"3,53,21"
15631,"40,128,195"
15632,"0,249,279"
15633,"169,170,459"
15634,"3,15,16"
15635,0
15636,"64,10,448"
15637,"40,160,152"
15638,"10,54,322"
15639,"40,128,131"
15640,"0,271,213"
15641,"11,10,109"
15642,"0,249,279"
15643,"40,41,324"
15644,"40,145,146"
15645,"23,11,309"
15646,"26,346,313"
15647,"0,8,235"
15648,"3,147,148"
15649,"3,34,263"
15650,"0,216"
15651,"3,15,16"
15652,"169,8,0"
15653,"10,64"
15654,"3,21,187"
15655,"3,21"
15656,"3,53"
15657,"40,131,406"
15658,"10,64,93"
15659,"145,40,44"
15660,"0,271,456"
15661,3
15662,"23,38,91"
15663,"23,38"
15664,"0,265,349"
15665,"169,199,281"
15666,"3,147,156"
15667,"13,14,204"
15668,"129,40,128"
15669,"169,170,231"
15670,"135,40,118"
15671,"272,0,271"
15672,"40,145,44"
15673,"220,10,242"
15674,"10,11,109"
15675,"3,168,17"
15676,"0,271"
15677,"0,8"
15678,"135,40,244"
15679,"23,105,106"
15680,"40,135,281"
15681,"171,169,131"
15682,"0,271,456"
15683,"255,0,463"
15684,"3,21"
15685,"3,21"
15686,"43,23,24"
15687,"169,199"
15688,"3,21,34"
15689,"24,49,23"
15690,"257,23,216"
15691,"40,184,185"
15692,"40,129,128"
15693,"10,11,109"
15694,"169,199,323"
15695,"0,265,208"
15696,"4,3"
15697,"11,10,109"
15698,"10,239,60"
15699,"23,74"
15700,"10,239,60"
15701,"23,74,303"
15702,"0,249,279"
15703,"169,199,343"
15704,"4,3,19"
15705,"3,21"
15706,"3,30,48"
15707,"3,15,16"
15708,"3,111,119"
15709,"0,313,346"
15710,"85,158,3"
15711,"3,4,183"
15712,"40,145"
15713,"4,3,19"
15714,"40,131"
15715,"169,170,459"
15716,"40,131,406"
15717,"23,43,24"
15718,"26,169,231"
15719,"40,406,131"
15720,"10,220,221"
15721,"4,3,238"
15722,"131,40,134"
15723,"3,13,204"
15724,40
15725,"31,23,258"
15726,"31,23,258"
15727,"3,10,4"
15728,"169,199,170"
15729,"40,131,406"
15730,169
15731,3
15732,0
15733,"350,26,23"
15734,"3,21"
15735,"3,5,228"
15736,"23,303,74"
15737,"0,271,291"
15738,"23,49,24"
15739,40
15740,"23,24,49"
15741,"313,346,0"
15742,"0,319,211"
15743,"0,209,208"
15744,"23,105,326"
15745,"23,105"
15746,"11,10,12"
15747,"11,10,109"
15748,"23,43,24"
15749,"255,0,463"
15750,"3,17,168"
15751,"3,21,187"
15752,"296,169,306"
15753,"0,208,206"
15754,"3,17,168"
15755,"4,3"
15756,"3,111,4"
15757,"23,11"
15758,"131,40,406"
15759,"10,60,61"
15760,"44,145,40"
15761,"23,38"
15762,"26,23,350"
15763,"40,128,129"
15764,"3,41,40"
15765,"169,199,281"
15766,"3,111,224"
15767,"31,23,96"
15768,"23,32,31"
15769,"21,3,102"
15770,"3,21,48"
15771,"169,296,199"
15772,"23,309,38"
15773,"169,199,343"
15774,"0,265,349"
15775,"0,271"
15776,"206,0,8"
15777,"40,152,151"
15778,"44,145,40"
15779,"24,23,43"
15780,"171,199,169"
15781,"13,3,14"
15782,"0,313,346"
15783,"10,64"
15784,"3,5"
15785,"402,145,40"
15786,"23,26,89"
15787,"54,10,95"
15788,"3,85"
15789,"10,11,109"
15790,"64,10,80"
15791,"169,199,171"
15792,"3,85,86"
15793,"10,64"
15794,"0,8,220"
15795,"220,10,242"
15796,"3,5,228"
15797,"3,21,28"
15798,"4,3"
15799,"0,218,465"
15800,"220,10,242"
15801,"139,40,153"
15802,"3,126,21"
15803,"169,171,199"
15804,"3,147,148"
15805,"4,3,238"
15806,"0,208,505"
15807,"0,271"
15808,3
15809,"169,296,526"
15810,"54,10,145"
15811,"23,74,303"
15812,"40,41,324"
15813,"220,10,242"
15814,"40,41,224"
15815,"3,21"
15816,"169,199,343"
15817,"23,118,74"
15818,"31,23,454"
15819,"0,218,465"
15820,"11,10,12"
15821,"3,108,21"
15822,"10,64"
15823,"11,44,40"
15824,"169,199,281"
15825,"40,131,406"
15826,"23,24,25"
15827,23
15828,"26,89,23"
15829,"0,340,265"
15830,"3,147,148"
15831,"17,3,168"
15832,"3,21"
15833,"40,145,10"
15834,"25,24,23"
15835,"3,34"
15836,"23,74,84"
15837,"23,38,74"
15838,"40,184,185"
15839,"10,93,64"
15840,"169,281,199"
15841,"169,199"
15842,"339,337,169"
15843,"64,10"
15844,"15,16,3"
15845,"64,10,338"
15846,"11,10,205"
15847,"23,24,49"
15848,"10,64,448"
15849,"23,26,89"
15850,"23,345,24"
15851,"23,137,38"
15852,"3,21,48"
15853,"23,43,24"
15854,"169,199,171"
15855,"23,74,31"
15856,"146,145"
15857,"3,4,19"
15858,3
15859,"8,0,308"
15860,"23,26,231"
15861,"8,0,308"
15862,"23,24,49"
15863,"4,3,435"
15864,"220,10,242"
15865,"23,74,165"
15866,"0,265,340"
15867,"3,34"
15868,0
15869,"10,11,205"
15870,"40,152,151"
15871,"10,43,24"
15872,"23,24,49"
15873,"3,21,127"
15874,0
15875,"40,152,151"
15876,"0,313,346"
15877,"64,10,93"
15878,"131,40,23"
15879,"21,3,102"
15880,"40,41,135"
15881,"3,147,148"
15882,"265,0,349"
15883,"10,60,61"
15884,"23,24,49"
15885,"3,21,187"
15886,"23,26,89"
15887,40
15888,"10,60,239"
15889,"0,271,366"
15890,3
15891,"40,324,128"
15892,"4,3,238"
15893,"3,68,53"
15894,"319,0,211"
15895,"4,3,19"
15896,"139,153,40"
15897,"40,162,163"
15898,"0,255"
15899,"31,23,258"
15900,"26,23,350"
15901,"0,218,255"
15902,"44,40,145"
15903,"220,10,242"
15904,"0,265,340"
15905,"3,21,108"
15906,"23,24,25"
15907,"169,199,171"
15908,"3,13"
15909,"3,21,164"
15910,"23,26,231"
15911,"162,163,23"
15912,"0,279,249"
15913,"169,199,281"
15914,3
15915,"3,21"
15916,"40,135,141"
15917,"40,131,226"
15918,"0,280,255"
15919,"135,138,40"
15920,"206,8,0"
15921,"3,15,16"
15922,"10,64"
15923,"220,10,221"
15924,"220,10,242"
15925,"10,64"
15926,"40,131,142"
15927,"8,0,206"
15928,"3,21"
15929,"169,199,281"
15930,"10,64,93"
15931,"8,0,285"
15932,"3,21,127"
15933,"3,34,263"
15934,"23,49,24"
15935,"199,169,323"
15936,"11,109,10"
15937,"3,5,13"
15938,"10,145,402"
15939,3
15940,"8,169,405"
15941,"23,74,118"
15942,"131,40,406"
15943,"54,10,40"
15944,"26,23,350"
15945,23
15946,"3,147,148"
15947,"23,24,43"
15948,"23,74,31"
15949,"3,34,263"
15950,0
15951,"10,220,221"
15952,"40,41,324"
15953,"220,10,242"
15954,"402,40,145"
15955,"10,44,54"
15956,"3,66,30"
15957,"0,271,362"
15958,"40,152,151"
15959,"4,3,19"
15960,"40,131,3"
15961,"135,40,3"
15962,"0,265,340"
15963,"3,17,320"
15964,"3,15,16"
15965,"40,131"
15966,"3,21"
15967,"10,64,93"
15968,"208,0,369"
15969,"0,249,216"
15970,"74,23,165"
15971,"3,30,66"
15972,"3,169"
15973,"40,145,402"
15974,"220,10,221"
15975,"10,60,64"
15976,"43,23,24"
15977,"10,220,11"
15978,"3,85"
15979,"3,34"
15980,"44,145,45"
15981,"220,10,242"
15982,"0,456,271"
15983,"10,12,11"
15984,"0,271,456"
15985,"3,30,66"
15986,"220,10,242"
15987,"23,74,303"
15988,"100,0,222"
15989,"23,454,31"
15990,"3,21,126"
15991,"220,10,242"
15992,10
15993,"23,26,89"
15994,"44,40,145"
15995,"170,169,459"
15996,"11,10,109"
15997,"23,89,26"
15998,"3,21"
15999,"169,199,281"
16000,"40,152,324"
16001,"40,128,129"
16002,"64,10,448"
16003,"3,4"
16004,"40,145,54"
16005,"3,169"
16006,"23,43,24"
16007,"40,152,151"
16008,"169,170,171"
16009,"3,147,148"
16010,0
16011,"23,74,10"
16012,"40,41,224"
16013,3
16014,3
16015,"165,74,23"
16016,"0,271"
16017,"24,23,25"
16018,"40,145,146"
16019,"40,139,153"
16020,"169,199,281"
16021,"3,111,119"
16022,"3,85,158"
16023,"60,74,430"
16024,"169,199,281"
16025,"44,45,145"
16026,"220,10,242"
16027,150
16028,"127,21,40"
16029,"3,21,30"
16030,"10,54,322"
16031,"21,3,127"
16032,"10,64,448"
16033,3
16034,"0,265,349"
16035,"220,10,242"
16036,"0,277"
16037,"23,38"
16038,448
16039,"40,41"
16040,"0,8"
16041,0
16042,"3,53,287"
16043,"206,8,0"
16044,"3,15,16"
16045,"296,169,526"
16046,"3,21,187"
16047,"10,220,54"
16048,"3,85"
16049,"40,131,241"
16050,"54,10,95"
16051,"23,74"
16052,"138,40,135"
16053,"131,40,226"
16054,"32,3,30"
16055,"3,53"
16056,"169,199,281"
16057,"23,26,89"
16058,"40,41"
16059,"8,0,206"
16060,"31,454,23"
16061,"26,8,23"
16062,"3,4,238"
16063,"10,64,93"
16064,"3,21"
16065,209
16066,"3,40"
16067,"0,271,456"
16068,"3,21"
16069,"40,128,129"
16070,"0,304,216"
16071,"3,13,53"
16072,"17,3,168"
16073,"169,170,508"
16074,"118,23,107"
16075,"23,74"
16076,"160,40,315"
16077,"40,160,423"
16078,"0,214"
16079,"199,169"
16080,"0,218"
16081,"3,4"
16082,"26,23,89"
16083,"3,21"
16084,"64,10,80"
16085,"3,127,21"
16086,"3,17,168"
16087,"199,169,248"
16088,"40,131,406"
16089,"23,309,135"
16090,"135,250,40"
16091,"10,64"
16092,"3,4"
16093,"10,220"
16094,"23,26,231"
16095,"3,30,66"
16096,"206,0,369"
16097,"169,199,10"
16098,"23,26,89"
16099,"3,4,238"
16100,"0,271,456"
16101,"23,63,38"
16102,"0,8,235"
16103,"64,10"
16104,"3,147,148"
16105,"3,21"
16106,"23,31,454"
16107,0
16108,"220,10,221"
16109,"3,147,156"
16110,"23,38,91"
16111,"3,30"
16112,"0,271,456"
16113,"10,54,95"
16114,"3,21,115"
16115,"8,206,0"
16116,"220,10,242"
16117,"64,10,448"
16118,"11,10,109"
16119,"23,74"
16120,"40,131,134"
16121,"3,13,147"
16122,"145,40,146"
16123,"13,14,3"
16124,"0,366,271"
16125,"3,187,21"
16126,"0,271"
16127,"169,199,259"
16128,"23,74,118"
16129,"169,199,171"
16130,0
16131,"23,43,24"
16132,"0,23,319"
16133,"3,4,5"
16134,"0,265,490"
16135,"169,3,248"
16136,"40,128,195"
16137,"220,10,242"
16138,"127,21,3"
16139,"10,11,109"
16140,"3,34,447"
16141,"10,23,49"
16142,"23,26,350"
16143,"31,23,77"
16144,"0,271,456"
16145,"40,131,406"
16146,"10,220,221"
16147,23
16148,"10,64,43"
16149,"220,10,242"
16150,"23,24,43"
16151,"3,21"
16152,"43,23,24"
16153,"169,170,260"
16154,"89,23,26"
16155,"3,4"
16156,"3,148,147"
16157,"17,3,168"
16158,"44,145,11"
16159,"3,21,395"
16160,"3,147,21"
16161,"220,10,221"
16162,"3,156"
16163,"23,24,25"
16164,"3,85,158"
16165,"0,206,8"
16166,"64,10,90"
16167,"3,17,320"
16168,"3,4,238"
16169,"64,10,448"
16170,"44,40,145"
16171,"26,23,350"
16172,"3,156"
16173,0
16174,"3,148,147"
16175,"199,169,135"
16176,"0,272,361"
16177,"3,34"
16178,0
16179,"0,8,285"
16180,169
16181,"187,3,21"
16182,"3,147"
16183,"169,199"
16184,"23,43,24"
16185,"64,90,65"
16186,"3,4"
16187,"199,281,23"
16188,10
16189,"3,66"
16190,"23,118,74"
16191,"10,64,90"
16192,"10,11,109"
16193,10
16194,0
16195,3
16196,40
16197,"28,3,0"
16198,"3,21,127"
16199,"23,24,43"
16200,"23,74,24"
16201,"10,64,80"
16202,"169,199"
16203,"3,21"
16204,"3,48,21"
16205,"0,271,456"
16206,"129,128,74"
16207,"3,13"
16208,"11,10,12"
16209,"3,21"
16210,"15,16,3"
16211,"3,15,16"
16212,"3,4"
16213,"169,417,296"
16214,"169,259,426"
16215,"10,11,64"
16216,"23,118,74"
16217,"3,147,148"
16218,"40,145,402"
16219,3
16220,"257,0,235"
16221,"3,85,21"
16222,"54,10"
16223,"3,85,86"
16224,"145,40,524"
16225,"3,21,102"
16226,"40,131"
16227,"0,206,8"
16228,"3,147,148"
16229,"23,74,165"
16230,"3,115"
16231,23
16232,"3,15,16"
16233,"64,10,338"
16234,"10,11"
16235,"152,151,40"
16236,"23,43,24"
16237,"64,10,448"
16238,"3,10,17"
16239,"169,199,343"
16240,"10,169,323"
16241,"3,4,111"
16242,"10,64,169"
16243,"0,257,216"
16244,"169,199,323"
16245,"3,111,125"
16246,"40,44,145"
16247,"21,3,115"
16248,"169,199,170"
16249,"23,74,303"
16250,"220,10,242"
16251,"0,257,216"
16252,"40,160,152"
16253,3
16254,"3,147,148"
16255,"199,169,323"
16256,3
16257,"220,25,242"
16258,"171,199,169"
16259,"3,21,48"
16260,0
16261,"17,3,168"
16262,"218,0,10"
16263,"224,3,41"
16264,"169,171,199"
16265,"64,10,448"
16266,"0,265,349"
16267,"3,68,182"
16268,0
16269,"10,64,169"
16270,"23,31,258"
16271,"40,131,241"
16272,"23,24,25"
16273,"10,64,93"
16274,"3,4"
16275,"169,281,426"
16276,3
16277,"3,4,183"
16278,0
16279,"40,160,423"
16280,"44,40,145"
16281,"3,85,86"
16282,"23,31,32"
16283,"0,216"
16284,"3,111,472"
16285,"23,10,145"
16286,"40,160"
16287,"40,128,186"
16288,3
16289,"23,24,43"
16290,"10,64"
16291,"10,64,338"
16292,"10,64"
16293,"40,139,131"
16294,"64,10,338"
16295,"23,26,89"
16296,"220,10,242"
16297,"145,40,402"
16298,"40,23,131"
16299,"131,40,406"
16300,"40,153,139"
16301,"40,135,244"
16302,"10,64"
16303,"10,220,11"
16304,"0,208,8"
16305,"40,160,152"
16306,"0,208,369"
16307,"3,21,34"
16308,"11,109,10"
16309,"3,127,21"
16310,"3,147,148"
16311,"44,40,145"
16312,"3,21"
16313,"145,40,23"
16314,"3,85"
16315,"64,10,80"
16316,"3,17,168"
16317,"11,10,109"
16318,"10,11,44"
16319,"64,10,473"
16320,"23,40,44"
16321,"129,128,40"
16322,"43,23,24"
16323,"0,280,271"
16324,"3,34,263"
16325,3
16326,"0,208"
16327,"23,26,89"
16328,"3,21,48"
16329,"3,4"
16330,"23,26,350"
16331,"40,138,135"
16332,"40,41,151"
16333,"23,24,59"
16334,"169,170,260"
16335,"23,8"
16336,3
16337,"0,216"
16338,"8,0,206"
16339,"3,30,66"
16340,"3,85,158"
16341,"10,40,145"
16342,"0,216"
16343,"8,0"
16344,"40,160,152"
16345,"40,41,324"
16346,40
16347,"54,10,40"
16348,"40,131,134"
16349,"10,64,80"
16350,"0,319,211"
16351,"23,74,303"
16352,"23,258,109"
16353,"128,195,21"
16354,"64,10,93"
16355,"31,23,77"
16356,"220,10,242"
16357,"0,271"
16358,"40,131,406"
16359,"199,169,281"
16360,"4,3,435"
16361,"64,10,338"
16362,"40,131"
16363,"3,111"
16364,"220,10,242"
16365,"220,10,242"
16366,"21,3,124"
16367,"0,249,279"
16368,3
16369,"10,23,49"
16370,"40,160"
16371,3
16372,"169,199"
16373,"0,213"
16374,"169,170"
16375,"169,199,171"
16376,23
16377,"147,3,148"
16378,"23,74,63"
16379,0
16380,"40,41,224"
16381,"23,26,89"
16382,"3,30,66"
16383,"3,21,22"
16384,0
16385,"64,10,442"
16386,23
16387,"23,38"
16388,"169,199"
16389,"169,311,426"
16390,10
16391,"64,10,448"
16392,"64,24,93"
16393,"40,160,152"
16394,"3,111"
16395,"40,145,146"
16396,"4,3,19"
16397,"40,145,44"
16398,"24,23,49"
16399,"0,271,456"
16400,"53,287"
16401,"10,64,80"
16402,"40,145,44"
16403,"169,259,426"
16404,"3,21"
16405,"40,139,41"
16406,"23,74,84"
16407,"10,64,80"
16408,"206,0,8"
16409,"26,23,350"
16410,"0,8,206"
16411,"21,3,124"
16412,"220,10,221"
16413,"23,26,89"
16414,"23,24,49"
16415,"0,249,279"
16416,"169,199,337"
16417,"3,21,126"
16418,"3,15,16"
16419,"8,231,26"
16420,"11,10"
16421,"40,131,159"
16422,"3,17,168"
16423,"23,32,31"
16424,"3,21,115"
16425,"220,10,221"
16426,0
16427,"3,4,238"
16428,"3,379,21"
16429,23
16430,"3,30"
16431,"40,44,145"
16432,"138,40,135"
16433,"145,40,54"
16434,"40,160,152"
16435,"3,147"
16436,"0,319,211"
16437,"54,10,145"
16438,"3,85"
16439,"10,220,242"
16440,"23,118,74"
16441,"24,23,49"
16442,"23,26,231"
16443,"10,220,242"
16444,"3,85,21"
16445,"199,169,323"
16446,"3,4,19"
16447,"44,40,145"
16448,"10,11,109"
16449,"23,74,84"
16450,"11,10,205"
16451,"17,3,168"
16452,"3,4,19"
16453,"40,160,152"
16454,"74,23,303"
16455,"3,111,119"
16456,3
16457,"40,128,129"
16458,"23,24,43"
16459,3
16460,"10,12,11"
16461,"3,156,147"
16462,"21,3,187"
16463,"44,40,45"
16464,"10,64,80"
16465,"296,169"
16466,"40,128,129"
16467,"40,131,406"
16468,"145,10,40"
16469,"40,145,146"
16470,0
16471,"26,23,231"
16472,"3,28"
16473,"23,26"
16474,"4,3,19"
16475,"152,151,40"
16476,0
16477,"38,23,94"
16478,"40,145,402"
16479,"169,199,343"
16480,"4,3,375"
16481,"23,24,43"
16482,40
16483,"40,41"
16484,"3,21,187"
16485,"199,169,281"
16486,"3,68,182"
16487,"169,296,428"
16488,"23,74,31"
16489,"296,169"
16490,"8,206,0"
16491,"10,64"
16492,"3,28"
16493,"169,337,251"
16494,"169,199,281"
16495,"199,169,281"
16496,"3,21,127"
16497,"3,21"
16498,"3,21,127"
16499,"40,128,129"
16500,"0,291,271"
16501,"23,24,43"
16502,"111,3,112"
16503,"10,54,322"
16504,"23,24"
16505,3
16506,"11,10,109"
16507,"53,3,287"
16508,3
16509,"3,48,21"
16510,"0,271"
16511,"23,24,43"
16512,"220,10,242"
16513,"169,281,199"
16514,"3,34,263"
16515,"10,60,239"
16516,"40,145,402"
16517,"3,164,21"
16518,"11,10,12"
16519,"40,131,406"
16520,"185,40,184"
16521,"40,21,3"
16522,"17,3,168"
16523,"3,53"
16524,"169,199"
16525,"11,10,205"
16526,"169,281,3"
16527,0
16528,"0,319,211"
16529,"23,43,24"
16530,"11,10,12"
16531,0
16532,"3,15,16"
16533,"44,45,145"
16534,"220,10,242"
16535,"0,271,456"
16536,"3,17,168"
16537,"139,40"
16538,"4,3,183"
16539,"23,3"
16540,"40,131,406"
16541,"11,10,205"
16542,"3,34,263"
16543,"313,0,346"
16544,"3,15"
16545,"8,23,308"
16546,"10,11"
16547,"169,199,171"
16548,31
16549,0
16550,"40,128,129"
16551,"3,53"
16552,40
16553,"169,170,171"
16554,"3,21,187"
16555,"131,40,241"
16556,"0,271,456"
16557,"10,11,205"
16558,"23,49,24"
16559,"115,3"
16560,"40,131,406"
16561,"23,24,49"
16562,"169,199"
16563,"0,265,418"
16564,"3,21,34"
16565,"135,138,40"
16566,"17,3,168"
16567,"169,199,281"
16568,"32,23,31"
16569,0
16570,"220,10,221"
16571,"220,10,242"
16572,"3,147,156"
16573,"296,526"
16574,0
16575,"220,10,242"
16576,"44,40,45"
16577,"169,170,459"
16578,"24,23,45"
16579,"169,199,171"
16580,"220,10,242"
16581,"23,26,350"
16582,"0,208"
16583,"40,145,23"
16584,3
16585,"74,23,165"
16586,"23,24,49"
16587,"10,54,322"
16588,"45,44,40"
16589,"0,456,271"
16590,0
16591,"220,10,242"
16592,"3,111"
16593,"23,105,318"
16594,"169,199,337"
16595,"3,187"
16596,"0,265,340"
16597,"23,24,49"
16598,"3,21"
16599,"24,23,59"
16600,"40,395"
16601,"23,38,71"
16602,"40,145,44"
16603,"131,406,40"
16604,"3,147,85"
16605,"185,40,184"
16606,"131,40,406"
16607,"43,23,24"
16608,23
16609,"10,64,93"
16610,"169,199,343"
16611,"265,0,340"
16612,"3,126,40"
16613,"23,31,258"
16614,"3,4"
16615,"40,162,163"
16616,"23,74,303"
16617,"64,10,93"
16618,"8,0,26"
16619,0
16620,"40,41,160"
16621,"10,64"
16622,"107,40,118"
16623,"23,24,49"
16624,"169,199,323"
16625,"23,26,89"
16626,"296,169,460"
16627,"3,21"
16628,"220,10,242"
16629,"3,10,13"
16630,"40,145,146"
16631,"43,10,23"
16632,"23,89,26"
16633,"0,271"
16634,"68,23"
16635,"127,3,21"
16636,"23,74,38"
16637,"26,23,350"
16638,"40,152,151"
16639,"0,208"
16640,"40,152,151"
16641,"3,111,267"
16642,"40,152,151"
16643,"3,147,148"
16644,"220,10,242"
16645,"199,169,374"
16646,"0,265,266"
16647,"23,38,309"
16648,"23,26,89"
16649,"40,131,406"
16650,"139,40,153"
16651,"40,41,128"
16652,"0,213,214"
16653,"23,31,454"
16654,"0,249,279"
16655,"23,74,118"
16656,"3,53,523"
16657,"3,48,21"
16658,"0,206"
16659,"3,4,238"
16660,"40,215,159"
16661,"0,265,271"
16662,"40,131,142"
16663,"0,271"
16664,"169,199,171"
16665,"23,137,38"
16666,"40,185,184"
16667,"40,128,129"
16668,"74,23,303"
16669,"3,115,21"
16670,"8,0,206"
16671,"40,131,142"
16672,"26,23,231"
16673,"11,109,10"
16674,"23,38,91"
16675,"64,10,338"
16676,"0,216,380"
16677,"3,21,48"
16678,23
16679,0
16680,"64,10,93"
16681,"135,250,23"
16682,"3,17,168"
16683,0
16684,"0,257,216"
16685,40
16686,"0,208,212"
16687,"3,4"
16688,"23,118,74"
16689,"105,23,318"
16690,"129,128,40"
16691,"64,10,448"
16692,"23,105,106"
16693,"3,21,108"
16694,"40,145,402"
16695,"44,145,40"
16696,"23,265,11"
16697,"23,31,96"
16698,"3,85"
16699,"10,64,338"
16700,"23,26,231"
16701,"23,105,38"
16702,"3,34,263"
16703,"3,100,13"
16704,"220,10,242"
16705,"40,131"
16706,"199,169,343"
16707,"3,111"
16708,"40,128,129"
16709,"145,40,199"
16710,"3,17,168"
16711,128
16712,"3,21"
16713,"170,169,459"
16714,"23,49,24"
16715,"10,64,93"
16716,"40,145,44"
16717,"4,3"
16718,"23,26,89"
16719,"10,64,93"
16720,"10,64"
16721,"426,169,427"
16722,"169,296,274"
16723,"40,160,41"
16724,"0,255,235"
16725,"169,170,171"
16726,105
16727,"169,339,337"
16728,"169,296"
16729,"313,346,0"
16730,"11,10,12"
16731,"169,199,281"
16732,"3,15,4"
16733,"44,45,23"
16734,40
16735,"3,4,28"
16736,"40,41,224"
16737,"3,112,111"
16738,"169,199"
16739,"169,296"
16740,"40,145,54"
16741,"23,38,26"
16742,"206,8,0"
16743,"40,3"
16744,"3,4"
16745,"3,21"
16746,"11,10,109"
16747,"26,23,231"
16748,"0,8,235"
16749,"10,54,95"
16750,"169,170,199"
16751,"40,139,153"
16752,"169,260,170"
16753,"26,23,350"
16754,"23,26,89"
16755,"3,4"
16756,"3,111,112"
16757,"169,199,281"
16758,"10,44,54"
16759,"3,158,85"
16760,"4,3,19"
16761,"23,31"
16762,"23,26,350"
16763,"169,311"
16764,"3,4"
16765,"40,128,129"
16766,"3,4"
16767,"169,199,323"
16768,3
16769,"11,10,205"
16770,"23,74,118"
16771,"169,171,199"
16772,"3,34,263"
16773,"169,199,170"
16774,"40,160"
16775,"0,272,361"
16776,"10,64"
16777,23
16778,"23,38"
16779,"23,74,303"
16780,"3,523,53"
16781,"23,118,74"
16782,"23,24,59"
16783,"3,147,148"
16784,"74,303,23"
16785,40
16786,"169,199"
16787,"3,53,523"
16788,"3,147,148"
16789,"169,170,296"
16790,"135,40,236"
16791,"3,13,14"
16792,"40,131"
16793,"220,10,221"
16794,"17,168,3"
16795,3
16796,"40,131,159"
16797,"169,199,281"
16798,"23,26,231"
16799,"10,64,80"
16800,"8,0,26"
16801,"10,220,221"
16802,"3,147,148"
16803,3
16804,"3,34,4"
16805,"3,21,85"
16806,"40,41,324"
16807,3
16808,"3,13"
16809,"10,64,65"
16810,"40,131,406"
16811,"169,199,259"
16812,"23,24,43"
16813,"309,23,38"
16814,"23,24,45"
16815,"40,131"
16816,"0,271"
16817,169
16818,"40,128,129"
16819,"11,10,12"
16820,169
16821,"40,241,494"
16822,"3,53"
16823,"3,13"
16824,"3,21"
16825,"40,152,151"
16826,"40,162,163"
16827,"3,293,85"
16828,"3,21"
16829,"31,23,454"
16830,"169,199,281"
16831,0
16832,"23,105,106"
16833,"23,38"
16834,"8,26,23"
16835,"111,3,123"
16836,"131,40,169"
16837,"135,138,40"
16838,"3,21"
16839,"199,169,281"
16840,"3,28"
16841,"23,74,94"
16842,"23,24,43"
16843,"199,281,169"
16844,"3,21"
16845,"3,15"
16846,"169,323,251"
16847,"131,40,241"
16848,"40,131,406"
16849,"8,0,206"
16850,"0,271,456"
16851,"26,231"
16852,"0,271"
16853,"220,10,242"
16854,"11,10,12"
16855,"3,147"
16856,3
16857,"10,64"
16858,"10,43,24"
16859,"3,17"
16860,"40,131,406"
16861,"40,131,226"
16862,"40,145,44"
16863,"23,24,59"
16864,0
16865,"26,23,231"
16866,"11,10,109"
16867,"3,4"
16868,"0,208,369"
16869,"64,10,448"
16870,3
16871,"3,111"
16872,"10,64"
16873,"3,17,320"
16874,"11,10,12"
16875,"25,23,24"
16876,"3,53"
16877,"23,345,24"
16878,"0,208"
16879,3
16880,"23,24,10"
16881,"11,10,109"
16882,"3,28,190"
16883,"4,3,19"
16884,"10,11,3"
16885,"0,216"
16886,3
16887,"15,16,3"
16888,"3,15,16"
16889,"0,291"
16890,"3,148,21"
16891,"23,74"
16892,"169,296"
16893,"0,218,465"
16894,"40,41"
16895,"0,271,456"
16896,"3,147,148"
16897,"23,169"
16898,"220,10,242"
16899,"131,40,406"
16900,"3,182,68"
16901,"40,145,44"
16902,"135,40"
16903,"0,216,208"
16904,"0,288,21"
16905,"4,3,238"
16906,"3,21,108"
16907,"220,10,221"
16908,"3,147,148"
16909,"10,24,23"
16910,"21,3,127"
16911,"64,10,93"
16912,"44,40,145"
16913,"0,265"
16914,"4,3,19"
16915,"0,475"
16916,"169,337,296"
16917,"23,24,59"
16918,"3,53,287"
16919,"23,74,303"
16920,"10,54,145"
16921,"23,74,118"
16922,"3,34,263"
16923,"169,199,259"
16924,"11,10,109"
16925,"26,231,23"
16926,"0,271,291"
16927,"0,271,291"
16928,"64,10,448"
16929,"171,169,131"
16930,23
16931,"220,10,25"
16932,"0,257,216"
16933,"40,184,185"
16934,3
16935,"105,23,318"
16936,"169,8,274"
16937,"23,24,43"
16938,"3,13,204"
16939,"0,255,208"
16940,"169,260,170"
16941,"44,40,145"
16942,"220,242,10"
16943,"23,26,89"
16944,"23,43,24"
16945,"220,10,242"
16946,"129,40,128"
16947,"3,17,320"
16948,3
16949,"0,346,313"
16950,"169,199,356"
16951,"31,23,40"
16952,"74,118,23"
16953,0
16954,"23,24,43"
16955,"0,265"
16956,"0,271,456"
16957,"3,17,168"
16958,"169,199"
16959,"220,10,242"
16960,3
16961,"3,53"
16962,"220,10,221"
16963,"3,30,66"
16964,"23,26,89"
16965,"43,23,24"
16966,"23,38"
16967,"31,23,328"
16968,"169,199,343"
16969,"3,53,287"
16970,"11,205,10"
16971,"286,41,40"
16972,"10,60,61"
16973,"111,40"
16974,"23,49,24"
16975,"8,0"
16976,"3,21,30"
16977,"220,242,10"
16978,"40,131,134"
16979,"23,49,24"
16980,"3,13"
16981,"40,145,44"
16982,"10,64,448"
16983,23
16984,"23,74"
16985,"169,199,281"
16986,"64,10,448"
16987,"3,4,238"
16988,"40,41"
16989,"40,129,128"
16990,"0,255"
16991,3
16992,"3,53,68"
16993,"131,40,406"
16994,"43,24,23"
16995,"10,60,23"
16996,"3,13,14"
16997,3
16998,"220,10,242"
16999,"31,328"
17000,"0,213,214"
17001,"3,265,0"
17002,"169,199,343"
17003,"3,13"
17004,40
17005,"169,199,128"
17006,"23,74"
17007,"3,66,30"
17008,3
17009,"220,10,242"
17010,"23,31,96"
17011,"169,170"
17012,3
17013,"10,64,54"
17014,"3,53,523"
17015,"23,169,350"
17016,"3,53"
17017,"10,64,93"
17018,"23,24,43"
17019,"105,3,326"
17020,"3,147,156"
17021,"44,40,45"
17022,"3,21"
17023,"23,26,89"
17024,"0,8"
17025,"23,10"
17026,"3,66,30"
17027,"23,24,43"
17028,40
17029,"3,21"
17030,"169,199"
17031,"40,128,129"
17032,"23,24,43"
17033,"40,131,406"
17034,"23,26,89"
17035,"10,23,24"
17036,"40,184,185"
17037,"3,164,293"
17038,"3,4"
17039,"10,220,64"
17040,"11,10,419"
17041,"4,3,183"
17042,"15,16,3"
17043,"3,53,325"
17044,"0,249,279"
17045,"3,111,523"
17046,"169,170"
17047,"64,10,93"
17048,"0,8,271"
17049,"3,21"
17050,"23,32,31"
17051,0
17052,"26,23,8"
17053,"10,64"
17054,169
17055,145
17056,"64,10,448"
17057,"3,21,127"
17058,"199,169,281"
17059,"0,271,456"
17060,3
17061,"10,64,93"
17062,"0,2,1"
17063,"3,4"
17064,"0,313,271"
17065,"3,21,187"
17066,"3,21"
17067,"131,40,406"
17068,"3,21"
17069,"3,34,263"
17070,"0,271,366"
17071,"43,23,10"
17072,"10,60,61"
17073,"10,11"
17074,"23,118,107"
17075,"3,111,112"
17076,"64,10"
17077,"11,10,205"
17078,"23,74,118"
17079,"4,3,238"
17080,"169,199,343"
17081,"10,64,65"
17082,"10,54,40"
17083,"23,74"
17084,"40,131,241"
17085,"3,111,472"
17086,"64,10,448"
17087,"23,32,118"
17088,"126,40,41"
17089,"111,3,40"
17090,"40,145,146"
17091,"3,13,204"
17092,3
17093,"23,105,326"
17094,"296,169"
17095,"4,3,7"
17096,"40,128,129"
17097,"3,21,108"
17098,"220,10,242"
17099,169
17100,"3,21"
17101,"169,199,171"
17102,"0,271"
17103,"0,216,304"
17104,3
17105,"169,199,260"
17106,"145,40,10"
17107,"0,271,456"
17108,"54,95,10"
17109,"40,131,226"
17110,"3,4,238"
17111,"23,74,118"
17112,"3,21,182"
17113,"3,85"
17114,"4,3,19"
17115,"40,131,241"
17116,23
17117,"21,3,108"
17118,"265,0,349"
17119,"0,280,271"
17120,"23,26,89"
17121,"44,40,45"
17122,"160,40,302"
17123,"40,160,423"
17124,"10,220,221"
17125,"3,15,16"
17126,"169,199,281"
17127,"169,199,171"
17128,"23,74,118"
17129,0
17130,"23,345,24"
17131,"3,188"
17132,"23,39,38"
17133,"43,24,23"
17134,"23,24,43"
17135,"0,8,457"
17136,"0,265,266"
17137,"11,10,109"
17138,"0,271,355"
17139,"3,21"
17140,"3,34,104"
17141,"4,3,238"
17142,"23,26,89"
17143,"3,34,447"
17144,"40,131"
17145,"40,139,153"
17146,"3,21"
17147,"0,319,211"
17148,"3,375,4"
17149,"40,129,128"
17150,"220,10,242"
17151,"64,10,43"
17152,"3,379,21"
17153,0
17154,"3,13"
17155,"11,10,109"
17156,"43,24,23"
17157,"169,170,260"
17158,0
17159,"40,160"
17160,"40,145,402"
17161,3
17162,"0,8,285"
17163,"10,64"
17164,"11,10,109"
17165,"23,26,89"
17166,"3,4,111"
17167,"43,23,24"
17168,"3,17,168"
17169,"23,24,43"
17170,"3,4"
17171,"229,0,421"
17172,"23,49,10"
17173,23
17174,"23,326"
17175,"128,40,129"
17176,"64,10,80"
17177,"3,21,127"
17178,"169,199,323"
17179,"40,160,152"
17180,"40,152,151"
17181,"220,10,242"
17182,"44,40,145"
17183,"169,199,281"
17184,"10,64,80"
17185,"169,199,281"
17186,"3,168,17"
17187,"0,8,271"
17188,"40,135,244"
17189,"169,339,337"
17190,"10,11,205"
17191,"135,40,138"
17192,"0,8"
17193,"23,74,84"
17194,"220,10,242"
17195,"169,199,356"
17196,"74,23,118"
17197,"10,11,109"
17198,"3,21,187"
17199,"0,208,369"
17200,"40,44,145"
17201,"3,147,148"
17202,"199,169,3"
17203,"220,10,221"
17204,"0,8"
17205,"10,11,109"
17206,"0,271"
17207,"169,170,459"
17208,"3,147,148"
17209,"40,139,153"
17210,"3,13"
17211,"26,23,350"
17212,"169,199,248"
17213,"220,10,242"
17214,"54,44,40"
17215,"23,74,118"
17216,"131,40,406"
17217,"8,0,206"
17218,"3,21"
17219,"3,4,238"
17220,"23,454,31"
17221,"21,3,126"
17222,"11,10,109"
17223,3
17224,"3,17,168"
17225,3
17226,"40,23,145"
17227,"10,64,80"
17228,"23,31"
17229,"3,21,127"
17230,"43,24,23"
17231,"23,105"
17232,"23,199,26"
17233,"3,13"
17234,"40,160"
17235,"3,147,148"
17236,"3,21,22"
17237,169
17238,"23,118,74"
17239,"64,10,448"
17240,"3,5,228"
17241,"3,21"
17242,"169,426"
17243,"4,3,238"
17244,"43,23,24"
17245,"220,10,242"
17246,"10,60,54"
17247,"54,40,145"
17248,"3,21,187"
17249,"3,21"
17250,"10,54,173"
17251,"10,64"
17252,"40,41,224"
17253,"23,24"
17254,"23,26,350"
17255,"74,303,23"
17256,"139,153,40"
17257,"74,23,38"
17258,"23,169,26"
17259,"3,53"
17260,"170,169,459"
17261,40
17262,"10,54,95"
17263,"3,21,164"
17264,"23,10"
17265,"26,23,350"
17266,"10,93,64"
17267,"169,171,199"
17268,"0,257,216"
17269,"40,41,324"
17270,"4,3,19"
17271,"10,43,64"
17272,"169,199,281"
17273,"3,21,48"
17274,40
17275,"231,26,23"
17276,"23,26"
17277,"8,0,391"
17278,"169,296,417"
17279,"169,296,428"
17280,"3,147,148"
17281,"23,74"
17282,"23,26,231"
17283,"3,147,148"
17284,"0,271,363"
17285,"8,23,26"
17286,"0,8,206"
17287,"44,45,40"
17288,"3,30,66"
17289,"40,324,41"
17290,"199,169,343"
17291,"3,21"
17292,"3,21,379"
17293,"220,10,242"
17294,"3,147,148"
17295,"3,111"
17296,"220,10,242"
17297,"169,170,337"
17298,"0,265"
17299,"11,10,205"
17300,"74,23,303"
17301,"23,74,303"
17302,"169,21,3"
17303,"169,337,339"
17304,"169,337"
17305,"10,64,90"
17306,34
17307,"23,31,454"
17308,"40,160,149"
17309,"199,169,281"
17310,"3,17,168"
17311,"3,66,30"
17312,"220,10,242"
17313,"3,15,16"
17314,"4,3,238"
17315,41
17316,"64,10,93"
17317,"23,105"
17318,"220,10,242"
17319,"3,4,19"
17320,"3,147,148"
17321,"0,265,340"
17322,"3,34,447"
17323,"10,54,60"
17324,"3,34,263"
17325,"10,54,95"
17326,"3,21,127"
17327,"3,5,228"
17328,"40,160"
17329,0
17330,"23,31"
17331,"23,74,118"
17332,"17,3,168"
17333,"23,24,43"
17334,"23,38,26"
17335,"220,10,242"
17336,"3,13,204"
17337,"10,64"
17338,"0,271,272"
17339,"10,64,448"
17340,"40,152,151"
17341,"74,23,303"
17342,"40,145,44"
17343,"23,31,24"
17344,169
17345,"10,23,239"
17346,"40,131,226"
17347,"26,89"
17348,"40,145,402"
17349,"145,44,40"
17350,23
17351,"3,147,148"
17352,"40,135"
17353,"23,74,303"
17354,"0,206,8"
17355,"0,271,456"
17356,"10,64,93"
17357,"10,64"
17358,"74,23,317"
17359,"23,74,25"
17360,"23,60,74"
17361,"23,24,49"
17362,"43,24,10"
17363,"0,257,216"
17364,"3,21,187"
17365,"3,30,66"
17366,"23,26,231"
17367,"40,184,135"
17368,"43,10,23"
17369,"40,128,129"
17370,"138,40,135"
17371,"10,220,242"
17372,"64,10"
17373,"23,26,350"
17374,"23,105,106"
17375,"220,10,242"
17376,"0,271,522"
17377,"40,152,151"
17378,"0,216"
17379,"40,131,406"
17380,"0,208"
17381,0
17382,"169,199,323"
17383,"74,23,303"
17384,"24,23,49"
17385,3
17386,"0,49"
17387,"220,10,242"
17388,"40,324,41"
17389,3
17390,"10,234"
17391,"40,160,23"
17392,"40,145,146"
17393,"220,10,242"
17394,"220,10,242"
17395,"169,199,323"
17396,"3,111,119"
17397,"3,53,467"
17398,"11,10,109"
17399,"40,131,142"
17400,"3,21,127"
17401,"40,41,224"
17402,"43,24,23"
17403,"23,105"
17404,"10,64,43"
17405,"26,23,231"
17406,"40,187"
17407,"26,23,231"
17408,"3,147,148"
17409,"64,10,338"
17410,"49,24,23"
17411,"3,21,48"
17412,"220,10,242"
17413,"23,24,43"
17414,"23,74,118"
17415,"40,139,153"
17416,"249,0,279"
17417,"8,0,308"
17418,"31,23,258"
17419,"4,3,238"
17420,"160,40,334"
17421,"10,60,239"
17422,"40,131,406"
17423,"64,10,65"
17424,"3,21,115"
17425,"64,10,80"
17426,"145,40,402"
17427,"23,43,24"
17428,"138,135,40"
17429,"23,43,24"
17430,"10,54,95"
17431,0
17432,"169,170,199"
17433,"23,31,32"
17434,"21,3"
17435,"3,21,187"
17436,"3,21,108"
17437,"169,199,323"
17438,"54,145,10"
17439,"169,170,199"
17440,"145,44,40"
17441,"0,271,366"
17442,"40,395"
17443,"3,30"
17444,"0,208,235"
17445,"111,3,267"
17446,"0,255"
17447,"3,21"
17448,"23,26,89"
17449,"3,4,70"
17450,"0,271,456"
17451,"23,74,118"
17452,"40,145,54"
17453,"169,199,281"
17454,"3,164,21"
17455,"23,26,89"
17456,"3,147,148"
17457,"0,271,456"
17458,"10,60,61"
17459,"23,265,0"
17460,"220,10,242"
17461,"128,129,40"
17462,"40,185,184"
17463,"220,10,242"
17464,"3,21,22"
17465,"169,281,199"
17466,"23,26,89"
17467,"3,4"
17468,"3,112,111"
17469,"23,26,38"
17470,40
17471,"73,44,145"
17472,"131,40,406"
17473,"64,10,80"
17474,"11,10,109"
17475,"118,74,107"
17476,"23,74"
17477,"169,508,260"
17478,"23,74,118"
17479,"10,220"
17480,"220,10,221"
17481,"21,3,108"
17482,"44,145,45"
17483,"220,10,221"
17484,"64,10,80"
17485,"220,10,242"
17486,"135,40,295"
17487,"23,74,118"
17488,3
17489,0
17490,"23,74,317"
17491,"234,3,60"
17492,"40,152,151"
17493,"4,3,19"
17494,"40,3,21"
17495,"169,199"
17496,"10,64"
17497,"23,74,303"
17498,"3,379,21"
17499,40
17500,"3,4,188"
17501,"40,41,324"
17502,"0,218"
17503,"10,64,93"
17504,"3,21"
17505,"0,271,291"
17506,"0,235,255"
17507,0
17508,"10,220,242"
17509,"3,13,204"
17510,"11,10,205"
17511,"40,23"
17512,"296,169"
17513,"10,64"
17514,"3,85,5"
17515,"40,152,151"
17516,"31,23,96"
17517,"3,21,22"
17518,0
17519,"23,105"
17520,"138,40,135"
17521,3
17522,"53,3,287"
17523,"40,145"
17524,"0,265,208"
17525,"40,145"
17526,"220,10,242"
17527,"3,4,238"
17528,"0,271"
17529,"40,131,132"
17530,"0,89"
17531,"169,199,323"
17532,"23,26,350"
17533,"0,265"
17534,"169,337,339"
17535,"23,24,345"
17536,"199,169,343"
17537,"0,8,285"
17538,"169,199,356"
17539,"0,265"
17540,"53,3,287"
17541,"3,147,148"
17542,"23,74,84"
17543,"15,3,16"
17544,"3,34,263"
17545,"169,296,417"
17546,"169,199,323"
17547,"3,21"
17548,"40,41,324"
17549,"10,11"
17550,"21,3,127"
17551,"169,199,281"
17552,"0,216"
17553,"169,199,281"
17554,"40,131"
17555,"3,147,148"
17556,"10,60,93"
17557,"0,279,249"
17558,"23,49,24"
17559,"369,0,208"
17560,"89,26,23"
17561,"10,11,220"
17562,"23,31,96"
17563,"3,28,21"
17564,"206,8,0"
17565,"3,21"
17566,"64,10,338"
17567,"3,21,127"
17568,0
17569,"0,271,265"
17570,"3,21,48"
17571,"3,4,183"
17572,"3,30"
17573,"40,152,151"
17574,"3,147,21"
17575,"23,38,24"
17576,"3,21"
17577,"10,64,90"
17578,"23,10,49"
17579,"64,10,448"
17580,"40,128,129"
17581,64
17582,"26,23,350"
17583,"3,21,187"
17584,"169,426,274"
17585,"11,109,10"
17586,"3,4,238"
17587,"89,26,23"
17588,"23,24,49"
17589,"3,85,86"
17590,"10,64,93"
17591,"220,10,242"
17592,"169,199,281"
17593,"11,10,109"
17594,"199,169,281"
17595,"3,147,148"
17596,"3,21,115"
17597,"23,26,89"
17598,"40,129,128"
17599,"40,129,128"
17600,"3,5,21"
17601,"11,10,12"
17602,"3,28,330"
17603,"220,10,242"
17604,"220,10,242"
17605,"0,456,271"
17606,"40,23,74"
17607,"3,21"
17608,"0,218,475"
17609,"220,10,221"
17610,"15,16,3"
17611,"170,169,459"
17612,"3,4"
17613,"105,23"
17614,"3,339,34"
17615,"3,34,263"
17616,"32,31,23"
17617,"5,228,3"
17618,"23,74"
17619,"3,21,182"
17620,"3,30,66"
17621,0
17622,"74,23,303"
17623,"169,170,260"
17624,"169,170,199"
17625,"10,11,54"
17626,"0,249"
17627,"40,131,241"
17628,"220,10,242"
17629,"3,21,187"
17630,"23,74,165"
17631,"54,10,95"
17632,"220,10,221"
17633,"15,16,3"
17634,"8,206,0"
17635,"23,49,24"
17636,"3,21,187"
17637,"3,21,187"
17638,"43,23,24"
17639,"54,10,95"
17640,"23,24"
17641,"40,131,486"
17642,"10,64,80"
17643,"169,170,260"
17644,"3,34"
17645,"23,24,43"
17646,"10,11,109"
17647,"26,8,231"
17648,"40,131,406"
17649,"40,41,160"
17650,"3,111,472"
17651,"23,31,32"
17652,"3,21"
17653,"11,10,109"
17654,"287,53,3"
17655,"23,31,258"
17656,"170,169,21"
17657,"8,0,405"
17658,"131,40,406"
17659,"23,74"
17660,"0,271,355"
17661,"26,23,231"
17662,"43,23,24"
17663,"23,38"
17664,"3,21"
17665,"3,85"
17666,"3,21,126"
17667,"10,64,90"
17668,"11,10,109"
17669,"0,265,271"
17670,"3,21"
17671,"105,23,318"
17672,"169,170"
17673,"4,3,19"
17674,"220,10,242"
17675,"40,241,131"
17676,"220,10,221"
17677,"23,74,118"
17678,"23,231,74"
17679,"23,32,74"
17680,"220,10,242"
17681,"199,169"
17682,"3,4"
17683,"8,0,235"
17684,"249,23,279"
17685,"169,296,274"
17686,"3,15,16"
17687,"23,74,303"
17688,"64,10,93"
17689,"3,320"
17690,"3,21,263"
17691,"3,85,86"
17692,"23,38,26"
17693,"169,31,23"
17694,"0,265,349"
17695,"40,41,149"
17696,"10,199"
17697,"3,147,15"
17698,"23,26,89"
17699,"169,281,426"
17700,"44,40,145"
17701,"0,265,11"
17702,"169,199,323"
17703,"40,128,129"
17704,"169,199,248"
17705,"23,24,43"
17706,3
17707,"10,93,64"
17708,"0,8,235"
17709,"169,199,281"
17710,"41,40,286"
17711,"23,26,231"
17712,"40,184,185"
17713,"4,3,19"
17714,"74,23,303"
17715,"10,220,145"
17716,"17,168,3"
17717,"40,145,146"
17718,"169,199,343"
17719,"11,10,205"
17720,"54,40,10"
17721,3
17722,"3,147,148"
17723,"40,135"
17724,169
17725,"0,271"
17726,139
17727,"169,170,459"
17728,"54,10,55"
17729,"3,30,66"
17730,"10,43,23"
17731,0
17732,"23,309,24"
17733,"3,15,16"
17734,"3,4,183"
17735,"220,10,221"
17736,"21,3,395"
17737,"23,43,24"
17738,"220,10,221"
17739,"64,10,80"
17740,"169,323,251"
17741,"296,169,526"
17742,"3,66,30"
17743,"40,146,145"
17744,"4,3,19"
17745,"40,131,241"
17746,"40,128,195"
17747,"4,3,19"
17748,"64,10,448"
17749,"3,53"
17750,"23,71,38"
17751,"169,199,281"
17752,"220,10,242"
17753,"3,17,168"
17754,"169,296,526"
17755,"0,23"
17756,"10,64"
17757,"169,199,171"
17758,"10,23,24"
17759,"64,10"
17760,"3,168"
17761,"23,44,40"
17762,"23,26,89"
17763,"43,23,24"
17764,"23,26"
17765,"40,131,134"
17766,"0,456,271"
17767,3
17768,"23,91,38"
17769,"3,21"
17770,"23,3,237"
17771,"3,21,124"
17772,"40,324,41"
17773,"40,100,222"
17774,"3,15,16"
17775,"3,85,158"
17776,"0,271,456"
17777,"169,296,460"
17778,"0,319,211"
17779,"220,10,242"
17780,0
17781,"23,74,303"
17782,"0,271"
17783,"0,271,291"
17784,"220,10,221"
17785,"0,271,456"
17786,3
17787,"3,4,176"
17788,"10,64,65"
17789,"23,31,40"
17790,"23,31,454"
17791,3
17792,"40,41,324"
17793,"220,10,221"
17794,"3,34,187"
17795,"40,131,406"
17796,"220,10,242"
17797,"3,21,108"
17798,"40,131,130"
17799,"64,10,80"
17800,"139,153,40"
17801,"3,17,168"
17802,"3,13,14"
17803,"169,199,170"
17804,"54,145,40"
17805,169
17806,"145,40,402"
17807,"3,21"
17808,3
17809,"3,111,267"
17810,"3,127,21"
17811,"10,54"
17812,"40,135"
17813,"23,71,74"
17814,"0,456,271"
17815,"23,31"
17816,"10,64,338"
17817,"40,41"
17818,3
17819,"169,170,459"
17820,"3,21,102"
17821,"169,145,402"
17822,"3,147,148"
17823,"0,380"
17824,40
17825,"40,184,494"
17826,"169,199,323"
17827,"10,64,93"
17828,"0,216,255"
17829,"74,23,303"
17830,"160,40,315"
17831,"3,21,115"
17832,"3,51,17"
17833,"0,8,350"
17834,"10,64,93"
17835,"43,54,95"
17836,"43,23,24"
17837,"44,45,40"
17838,"10,64,93"
17839,"0,8,308"
17840,"10,64"
17841,"26,23,231"
17842,"0,265,271"
17843,"10,64,338"
17844,"11,109,10"
17845,"11,10,109"
17846,"8,206,0"
17847,"15,16,3"
17848,"234,60,10"
17849,"4,3,19"
17850,"224,41,40"
17851,"128,195,40"
17852,"3,4,19"
17853,"40,131,128"
17854,"26,89,23"
17855,"0,8,456"
17856,"220,10,242"
17857,"40,41"
17858,"8,0,206"
17859,"169,281,199"
17860,"44,40,23"
17861,"220,10,11"
17862,"3,53,287"
17863,"10,64,90"
17864,"3,85"
17865,"64,10,448"
17866,"10,234,11"
17867,3
17868,"10,234,60"
17869,3
17870,"40,41,224"
17871,"169,426,312"
17872,"169,199,343"
17873,"10,220"
17874,"17,3,168"
17875,"220,221,208"
17876,"23,74,118"
17877,"40,149,41"
17878,"64,10,338"
17879,"128,40,195"
17880,"40,41,149"
17881,"0,249,279"
17882,"60,10,23"
17883,"0,456,429"
17884,"26,231,23"
17885,"0,8,308"
17886,"3,21,108"
17887,"23,105"
17888,"128,129,40"
17889,"265,0,266"
17890,"21,3,124"
17891,"3,182,21"
17892,"23,24,49"
17893,"129,40,128"
17894,"169,199,170"
17895,"40,139,395"
17896,"10,220,23"
17897,"3,21,169"
17898,"3,66"
17899,"199,169,281"
17900,"23,74,84"
17901,"3,4,183"
17902,"23,74,94"
17903,"3,13,14"
17904,"169,199,281"
17905,0
17906,"11,10,12"
17907,"10,54"
17908,"40,3,21"
17909,"3,190,28"
17910,"3,325,53"
17911,"23,74,303"
17912,"10,54,95"
17913,"23,43,24"
17914,"147,3,148"
17915,"44,145,40"
17916,"23,24,43"
17917,"10,64,65"
17918,"170,169,459"
17919,"2,1,0"
17920,0
17921,40
17922,"3,4,375"
17923,"3,147,148"
17924,"26,23,89"
17925,"0,8,235"
17926,"23,26,89"
17927,"40,131,406"
17928,"169,199"
17929,"23,26,350"
17930,"0,285,8"
17931,"169,170,417"
17932,"0,213,214"
17933,"40,131,134"
17934,"36,35,3"
17935,"3,21"
17936,"3,34,263"
17937,"3,85"
17938,"169,199,281"
17939,"8,206,0"
17940,"40,145,44"
17941,"64,10,43"
17942,0
17943,"23,24,59"
17944,"23,26,89"
17945,"23,309,24"
17946,"3,147"
17947,"40,23,74"
17948,"23,38,309"
17949,"40,41,224"
17950,"3,111,119"
17951,"23,74"
17952,"10,23,31"
17953,"3,115"
17954,"206,8,0"
17955,"40,160,41"
17956,"169,296"
17957,"10,64,90"
17958,"169,160,40"
17959,"0,271,255"
17960,"3,21"
17961,"11,10,205"
17962,"3,4,238"
17963,"74,23,165"
17964,"220,10,242"
17965,23
17966,"45,44,40"
17967,"3,40"
17968,"3,13"
17969,0
17970,"23,118,74"
17971,"169,199"
17972,3
17973,"3,17"
17974,"23,74,118"
17975,"206,0,8"
17976,"3,34,263"
17977,"40,395"
17978,"10,60,64"
17979,"0,208,235"
17980,"169,199,281"
17981,"3,147,53"
17982,"40,152,151"
17983,"128,40,129"
17984,"40,145,402"
17985,"10,220,242"
17986,"3,293,388"
17987,"24,23,43"
17988,"169,199,356"
17989,"23,105,318"
17990,"3,34,263"
17991,"4,3,19"
17992,"3,13"
17993,"28,3,113"
17994,40
17995,"10,11,109"
17996,"40,131,406"
17997,"3,21,126"
17998,"105,23,10"
17999,169
18000,"234,10,60"
18001,"10,11,258"
18002,"23,26,89"
18003,"220,10,242"
18004,"220,10,221"
18005,"40,145"
18006,"23,25,24"
18007,"3,8"
18008,"0,265,349"
18009,"3,28"
18010,"41,40,286"
18011,"3,21"
18012,"23,31,32"
18013,"169,296,428"
18014,"169,199,281"
18015,"169,199,171"
18016,"11,10,12"
18017,"0,265,271"
18018,"128,40,195"
18019,"64,10,93"
18020,"74,23,303"
18021,"220,10,242"
18022,23
18023,"74,118,23"
18024,"23,24,44"
18025,"3,147,148"
18026,"0,255,463"
18027,"40,131,406"
18028,"23,38,63"
18029,"3,21,48"
18030,"8,0,235"
18031,"3,21"
18032,"11,10,109"
18033,"23,309,38"
18034,"220,10,242"
18035,"3,21,182"
18036,"169,459,199"
18037,"169,296,306"
18038,"169,199,170"
18039,"43,23,24"
18040,"11,10,109"
18041,"23,31,169"
18042,"128,40,195"
18043,"3,111"
18044,"160,40,315"
18045,"3,15,16"
18046,"40,135,145"
18047,"64,10,65"
18048,"3,5,228"
18049,"3,111"
18050,"23,74,317"
18051,"3,115,21"
18052,"40,145,146"
18053,"23,32,31"
18054,"17,3,168"
18055,"10,54,322"
18056,"3,13,21"
18057,"40,184,185"
18058,"169,199,323"
18059,"3,21"
18060,"131,40,406"
18061,"40,162"
18062,"40,131,184"
18063,"11,10,205"
18064,"3,4"
18065,"10,220,221"
18066,"3,53"
18067,"40,145,44"
18068,"40,3,41"
18069,"23,26"
18070,"23,74"
18071,"10,60,23"
18072,"3,147,148"
18073,"40,184,185"
18074,"111,3,119"
18075,"10,64,43"
18076,"11,10,109"
18077,"40,131,159"
18078,"169,296,411"
18079,"3,5,228"
18080,"3,53,287"
18081,"74,23,40"
18082,"10,14,11"
18083,"10,11,64"
18084,463
18085,3
18086,3
18087,"3,115,145"
18088,3
18089,"40,152,151"
18090,"10,64,93"
18091,"23,32,31"
18092,"170,169,260"
18093,"23,44,145"
18094,"3,4"
18095,"10,64,93"
18096,"23,169,31"
18097,"64,10,65"
18098,"64,10,338"
18099,"206,0,8"
18100,64
18101,"40,131"
18102,"3,4,238"
18103,"0,220,229"
18104,"23,137,24"
18105,"23,26"
18106,"40,160,423"
18107,"23,74,31"
18108,"40,131,406"
18109,"10,11,109"
18110,"40,41"
18111,"145,40,44"
18112,"3,21,108"
18113,"3,5,228"
18114,"3,85"
18115,"111,3,119"
18116,"3,112,111"
18117,"3,85"
18118,"3,34,263"
18119,"3,21,127"
18120,3
18121,"10,64,93"
18122,"43,23,24"
18123,"134,169,131"
18124,"3,148,147"
18125,"10,220,221"
18126,"3,4,435"
18127,"40,145,44"
18128,0
18129,"43,23,24"
18130,"0,235,255"
18131,"3,15,16"
18132,"220,10,242"
18133,"3,5,228"
18134,"0,255,348"
18135,"3,111,267"
18136,"0,216"
18137,"23,49,24"
18138,"3,13,14"
18139,"64,10,80"
18140,"105,23,3"
18141,"0,271,456"
18142,"10,64"
18143,"40,131,406"
18144,"3,4,19"
18145,"220,10,242"
18146,"23,10"
18147,3
18148,"40,152,151"
18149,"4,3,238"
18150,"169,199,170"
18151,"23,24,43"
18152,"40,145,44"
18153,"64,10,338"
18154,"44,45,145"
18155,"10,11,205"
18156,"40,160,152"
18157,"135,40,236"
18158,"74,23,303"
18159,"4,3,19"
18160,"3,21,108"
18161,"3,48,21"
18162,"17,3,168"
18163,"89,23,26"
18164,"64,10,448"
18165,"23,26,350"
18166,"3,40"
18167,"11,73,40"
18168,"145,40,44"
18169,"3,34,263"
18170,"23,105,106"
18171,"3,21"
18172,"64,10"
18173,"23,24,49"
18174,"3,21"
18175,"169,199,171"
18176,"3,30,66"
18177,"23,74"
18178,"0,271,456"
18179,3
18180,"220,10,242"
18181,"3,111,284"
18182,"3,53,523"
18183,"3,34,187"
18184,"10,64,23"
18185,"3,15,16"
18186,"3,5,228"
18187,"10,60"
18188,"40,145,402"
18189,"64,10,93"
18190,"23,74,303"
18191,"0,271,265"
18192,"3,13"
18193,3
18194,"131,40,406"
18195,"224,40,41"
18196,"23,74,118"
18197,"10,43,24"
18198,"40,128,129"
18199,"23,26,89"
18200,"23,38"
18201,"64,10,169"
18202,"44,40,145"
18203,"26,23,231"
18204,"10,54,40"
18205,"3,21,127"
18206,"23,26,350"
18207,"0,271,429"
18208,"40,44,145"
18209,"23,43,24"
18210,"3,111,112"
18211,"3,5,228"
18212,"118,23,74"
18213,"40,48,21"
18214,"40,131,406"
18215,"10,60,61"
18216,"3,15,16"
18217,3
18218,"3,21,147"
18219,"3,204,13"
18220,"40,128,129"
18221,"0,271,456"
18222,"3,320,17"
18223,"3,28,190"
18224,"26,23,89"
18225,"296,169,411"
18226,"169,199,281"
18227,"23,31,402"
18228,"64,10,448"
18229,"40,131,406"
18230,"23,24"
18231,"3,21"
18232,"8,206,0"
18233,"23,74,84"
18234,"5,3,228"
18235,3
18236,"3,15,16"
18237,"0,271"
18238,"0,366,279"
18239,"23,74,317"
18240,"3,21,127"
18241,"199,26,23"
18242,"23,24"
18243,"3,147,148"
18244,"3,21,48"
18245,"3,53"
18246,"23,38,309"
18247,"3,13,204"
18248,"169,170"
18249,"23,0"
18250,"0,216,319"
18251,"170,169,459"
18252,"220,10,242"
18253,"3,21,187"
18254,"64,10,448"
18255,"40,41,42"
18256,"3,34,143"
18257,"3,4,238"
18258,"10,220,221"
18259,"74,23,165"
18260,"23,38,137"
18261,"3,4"
18262,"169,199,171"
18263,"11,10,205"
18264,"10,220,54"
18265,"23,26"
18266,"0,271,456"
18267,169
18268,"11,10,205"
18269,"10,220"
18270,"3,34"
18271,"3,17,320"
18272,"53,287,3"
18273,"40,128,129"
18274,"3,379,17"
18275,"40,131,159"
18276,"169,199,171"
18277,"0,216,304"
18278,"0,2,1"
18279,"23,91,38"
18280,"131,40,406"
18281,"40,145,44"
18282,"40,127"
18283,"3,85"
18284,"3,4,111"
18285,0
18286,"3,147,148"
18287,"23,74,24"
18288,"3,21,127"
18289,"10,322"
18290,"40,23,24"
18291,"169,10,64"
18292,"23,43,24"
18293,"3,147,148"
18294,"3,147,148"
18295,"3,85"
18296,"3,292"
18297,"40,128,129"
18298,"0,271,291"
18299,"10,60,239"
18300,"131,406,40"
18301,"21,40"
18302,"23,26,89"
18303,"23,74,94"
18304,"3,21,126"
18305,"3,379,21"
18306,"0,271"
18307,"0,8,410"
18308,"0,26"
18309,"26,23,350"
18310,"169,339"
18311,"169,170,260"
18312,"10,220,242"
18313,"8,0,308"
18314,"0,216,199"
18315,"3,4,34"
18316,"26,231,23"
18317,"131,241,23"
18318,"64,10,90"
18319,"131,171,169"
18320,"3,34"
18321,"24,23,43"
18322,"43,23,24"
18323,"169,199"
18324,"64,10,80"
18325,"3,34"
18326,"26,23"
18327,"64,10,80"
18328,"131,406,40"
18329,"3,28,52"
18330,"40,44,145"
18331,"169,199,170"
18332,"3,28,30"
18333,"40,145,44"
18334,"3,147,148"
18335,"40,129,128"
18336,"10,220,242"
18337,"40,152,151"
18338,"11,419,10"
18339,"40,145,146"
18340,3
18341,"3,85"
18342,"40,128"
18343,"220,10,242"
18344,"3,127,21"
18345,"10,64,80"
18346,"40,139,153"
18347,"10,64,93"
18348,"3,21,108"
18349,"169,170,199"
18350,"382,169"
18351,"169,199,343"
18352,"40,160"
18353,"40,129,128"
18354,3
18355,"10,64,93"
18356,"10,199,220"
18357,"3,15,16"
18358,"169,260,170"
18359,"40,41,42"
18360,"40,139"
18361,"3,4"
18362,"3,21,108"
18363,"10,64,43"
18364,"147,3,148"
18365,"11,23,24"
18366,"3,17"
18367,"3,34,237"
18368,"0,271,280"
18369,"40,160,149"
18370,"0,8,206"
18371,"23,74,118"
18372,"3,28,190"
18373,"169,199,343"
18374,"3,28,190"
18375,23
18376,"10,220,221"
18377,"40,131,142"
18378,"0,8"
18379,"4,3,19"
18380,"28,3,190"
18381,"10,64"
18382,"3,21,187"
18383,"23,26"
18384,"3,147,148"
18385,"131,40,406"
18386,169
18387,"54,10,95"
18388,3
18389,"0,216,380"
18390,"0,456,271"
18391,"40,41,324"
18392,"8,0,308"
18393,"4,3,375"
18394,"0,265,266"
18395,"26,23,231"
18396,"8,0,206"
18397,"17,3,320"
18398,"40,131,406"
18399,"199,169"
18400,"169,199"
18401,"3,17,320"
18402,"3,40,21"
18403,"220,10,242"
18404,"23,89,26"
18405,"64,10,448"
18406,"3,228,5"
18407,0
18408,"3,48,21"
18409,"3,21,30"
18410,"138,135,40"
18411,"11,23,109"
18412,"23,24,43"
18413,"3,21,187"
18414,"44,45,145"
18415,3
18416,"10,64"
18417,"3,21,187"
18418,"3,21"
18419,"271,0,272"
18420,"40,160,423"
18421,"169,170,199"
18422,3
18423,"0,216"
18424,"40,162,163"
18425,"169,199,248"
18426,"40,129,128"
18427,3
18428,"23,26,89"
18429,"74,23,303"
18430,23
18431,"74,23,303"
18432,3
18433,"40,139"
18434,"3,21"
18435,"23,24,43"
18436,40
18437,"26,231,23"
18438,"23,74,303"
18439,"3,147,148"
18440,40
18441,"199,169,281"
18442,"3,4,238"
18443,"3,182,21"
18444,"40,145"
18445,"10,64"
18446,"3,34,263"
18447,"40,41,215"
18448,"10,54"
18449,"4,3,238"
18450,"0,319,211"
18451,"23,38,309"
18452,"131,40,226"
18453,"23,74,303"
18454,"0,456,271"
18455,"0,271,456"
18456,"40,131,406"
18457,"3,111"
18458,"0,271,456"
18459,"64,10,169"
18460,"206,8,0"
18461,"23,74,303"
18462,"23,74,165"
18463,3
18464,"26,23,89"
18465,"0,319,211"
18466,"3,53,68"
18467,"10,11"
18468,"3,4,435"
18469,"11,109,10"
18470,"10,199,169"
18471,"3,111,119"
18472,169
18473,"53,3"
18474,"3,4,183"
18475,"23,26,89"
18476,"169,199,281"
18477,"40,160,128"
18478,"3,34,263"
18479,"3,147,156"
18480,"40,139,153"
18481,"10,64,80"
18482,"23,31,77"
18483,"160,40,334"
18484,"3,53"
18485,"48,21,3"
18486,"3,4,238"
18487,"23,74,118"
18488,"10,64,448"
18489,"3,34"
18490,"44,40,145"
18491,"10,54,322"
18492,"23,43,24"
18493,"10,64,43"
18494,"4,3,19"
18495,"0,271,363"
18496,"40,41,159"
18497,"169,199,248"
18498,"40,135,138"
18499,"40,44,145"
18500,3
18501,"40,135,199"
18502,"296,169,300"
18503,"10,64"
18504,"64,10,80"
18505,"40,23,74"
18506,11
18507,"138,40,135"
18508,"10,45,44"
18509,"40,131"
18510,"40,131,406"
18511,"10,64,338"
18512,"0,313,346"
18513,"3,34,263"
18514,"3,5,4"
18515,"220,10,242"
18516,"10,64"
18517,"23,38"
18518,"17,3,168"
18519,"23,31,25"
18520,"135,40,244"
18521,"0,8,391"
18522,"23,26,89"
18523,"54,40,95"
18524,"24,23,59"
18525,"10,23,49"
18526,"10,60"
18527,"24,25,23"
18528,"40,41,224"
18529,"40,41,324"
18530,"40,145,146"
18531,"23,11,24"
18532,"3,111"
18533,"128,129,40"
18534,"0,279,249"
18535,"3,147,148"
18536,"40,21"
18537,"34,3,263"
18538,"23,74,84"
18539,"40,162,163"
18540,"128,129,40"
18541,"4,3,238"
18542,"169,199,343"
18543,"0,366,271"
18544,"24,23,49"
18545,"0,271,291"
18546,0
18547,"139,155,153"
18548,"3,145,111"
18549,0
18550,"0,208,209"
18551,"23,105"
18552,"145,40,10"
18553,"40,102,21"
18554,"3,15,16"
18555,"3,15,16"
18556,"23,231,26"
18557,"23,26,89"
18558,"169,199,323"
18559,"11,10,205"
18560,"23,74"
18561,"44,40,45"
18562,"3,147,148"
18563,"255,0,23"
18564,"169,199,281"
18565,"40,128,129"
18566,"10,54,95"
18567,"31,23,328"
18568,"3,21,127"
18569,"23,26,89"
18570,"17,168,3"
18571,"3,21,108"
18572,"169,170"
18573,"4,3,238"
18574,"38,23,309"
18575,"3,147,148"
18576,"3,21,127"
18577,"220,242,10"
18578,"40,23,250"
18579,23
18580,"296,169"
18581,"138,40,135"
18582,"169,199,343"
18583,"23,74,303"
18584,"40,131,226"
18585,"64,169,199"
18586,"64,10,93"
18587,"169,199,356"
18588,"44,40,11"
18589,"10,54"
18590,"0,249,279"
18591,"23,24,345"
18592,"3,34"
18593,"3,13,14"
18594,"3,126,21"
18595,"3,111,472"
18596,"169,296,417"
18597,"3,379"
18598,"23,26,89"
18599,"169,8,296"
18600,"10,64,93"
18601,"3,53"
18602,"23,26,89"
18603,"131,40,226"
18604,"3,111"
18605,"40,152,160"
18606,"220,10,242"
18607,"199,169,323"
18608,"23,32,40"
18609,3
18610,"138,169,199"
18611,"74,23,303"
18612,23
18613,"40,149,41"
18614,"199,169,323"
18615,0
18616,"3,111"
18617,"11,10,12"
18618,"26,23,231"
18619,"206,0,249"
18620,"127,3,21"
18621,"255,0,463"
18622,"40,145,146"
18623,"10,220,64"
18624,"3,13,204"
18625,"10,11,60"
18626,"11,10,205"
18627,"40,135,141"
18628,"169,296"
18629,23
18630,"3,4,238"
18631,"3,85,86"
18632,"5,3,6"
18633,"3,53"
18634,"0,206,8"
18635,"3,111,53"
18636,"74,23,165"
18637,"220,10,221"
18638,"40,135,138"
18639,"220,10,242"
18640,"64,23,10"
18641,"3,28"
18642,"23,74,71"
18643,"64,90,10"
18644,"3,21"
18645,"23,38"
18646,"169,199,259"
18647,"3,148,53"
18648,"40,145,402"
18649,"23,24,59"
18650,"3,15,16"
18651,"3,85,21"
18652,"3,33,21"
18653,"23,105,106"
18654,"17,168,3"
18655,"40,41,224"
18656,"0,26,456"
18657,"0,456,271"
18658,23
18659,"3,21,187"
18660,"169,199,281"
18661,"8,0,206"
18662,"3,148,147"
18663,"40,131,406"
18664,"4,3,19"
18665,"145,44,40"
18666,"10,220"
18667,"64,10,93"
18668,"0,216"
18669,"160,40,315"
18670,"40,25,145"
18671,"0,265"
18672,3
18673,"128,40,195"
18674,"0,249,279"
18675,"23,48,21"
18676,"169,170,199"
18677,"3,287,53"
18678,"64,10,448"
18679,"0,216"
18680,"8,26,231"
18681,"40,184,128"
18682,"169,199,171"
18683,"40,145,402"
18684,"34,3,263"
18685,"23,24,49"
18686,"3,21"
18687,"40,131,241"
18688,"3,21,127"
18689,"24,23,49"
18690,"3,53,287"
18691,"23,105,106"
18692,"10,40,145"
18693,"10,60,61"
18694,"10,220,221"
18695,"3,41"
18696,"23,118,74"
18697,"31,23,454"
18698,"24,23,43"
18699,"40,44,145"
18700,"0,218"
18701,"199,169,281"
18702,"3,4"
18703,"26,23,89"
18704,"23,74,24"
18705,"169,426"
18706,"64,10,448"
18707,"41,40,42"
18708,"40,145,44"
18709,"10,54,64"
18710,"169,271"
18711,"64,10,93"
18712,"169,337,339"
18713,"169,337,251"
18714,"53,287,3"
18715,"3,147,148"
18716,"296,169,306"
18717,"3,53,287"
18718,"23,95,10"
18719,"3,21"
18720,"169,296"
18721,"40,145,146"
18722,"0,319,211"
18723,"23,24,43"
18724,"10,64,93"
18725,"26,23,350"
18726,"3,17,168"
18727,"169,199,343"
18728,"23,24,231"
18729,"40,152,151"
18730,0
18731,"23,74,303"
18732,"0,271"
18733,"131,40,142"
18734,"170,169,260"
18735,"3,112,229"
18736,"40,44,45"
18737,"220,10,242"
18738,3
18739,"169,339,337"
18740,"40,129,128"
18741,"147,3,148"
18742,"3,34,168"
18743,"313,0,346"
18744,"3,5,228"
18745,"40,131,142"
18746,"169,260,170"
18747,"3,30,66"
18748,"40,135"
18749,"169,199,374"
18750,40
18751,"3,21"
18752,"23,74,38"
18753,"40,131,406"
18754,"0,8,206"
18755,"131,40,406"
18756,"64,10,80"
18757,3
18758,"23,24,49"
18759,"0,265,349"
18760,23
18761,"23,24,43"
18762,"0,8,308"
18763,"3,21"
18764,"11,10,109"
18765,"23,105,326"
18766,"131,23,31"
18767,"26,23,89"
18768,"147,3,148"
18769,"334,160"
18770,"206,0,8"
18771,"3,53"
18772,"23,26,39"
18773,"40,131,406"
18774,"10,64,93"
18775,"3,5,57"
18776,3
18777,"40,131,406"
18778,"40,145,44"
18779,"3,21"
18780,"64,10,448"
18781,"43,24,23"
18782,"23,31,258"
18783,"169,199,374"
18784,"4,3,19"
18785,"31,40,23"
18786,"10,54,95"
18787,"272,0,361"
18788,"40,145,45"
18789,"64,10,448"
18790,"3,111"
18791,"64,10,65"
18792,"206,0,8"
18793,"3,53,21"
18794,"3,147,203"
18795,"169,199,382"
18796,"0,265,266"
18797,"169,508,170"
18798,"23,31,24"
18799,"43,10,23"
18800,"3,5,228"
18801,"169,199,323"
18802,"169,199,171"
18803,"0,271,272"
18804,"220,10,242"
18805,"147,3,203"
18806,"64,10,448"
18807,23
18808,3
18809,"220,10,242"
18810,"3,13"
18811,"3,41"
18812,"129,128,40"
18813,"26,23,350"
18814,"160,40,315"
18815,"8,0,206"
18816,"11,10,12"
18817,"40,145,44"
18818,"23,231,118"
18819,"23,60,24"
18820,"147,3,148"
18821,"23,38"
18822,3
18823,"10,23"
18824,"169,199,138"
18825,"199,169,23"
18826,"3,34,263"
18827,"10,64,169"
18828,"11,10"
18829,"8,0"
18830,"3,85"
18831,"169,199,323"
18832,"23,38,74"
18833,"3,30,219"
18834,"3,34,263"
18835,"10,40,145"
18836,"0,216"
18837,"169,170,260"
18838,"3,21,127"
18839,"10,64,80"
18840,"169,199,343"
18841,"23,26,89"
18842,"0,271"
18843,"3,127,21"
18844,"32,23,31"
18845,"40,185,184"
18846,"25,23,24"
18847,"40,152,151"
18848,"54,10,95"
18849,"23,38,39"
18850,"3,53,523"
18851,3
18852,"169,171,199"
18853,"3,4,238"
18854,"13,3,401"
18855,"0,271,291"
18856,"169,199,281"
18857,"23,24,49"
18858,"131,40,406"
18859,"3,21,127"
18860,"3,21,102"
18861,"0,265"
18862,"64,10,65"
18863,"10,55,54"
18864,"169,199,343"
18865,"169,199"
18866,"8,0,89"
18867,"10,54"
18868,"28,74,330"
18869,"3,4"
18870,"23,89"
18871,"23,40,44"
18872,"40,131,226"
18873,"313,0,346"
18874,"43,23,24"
18875,"3,30,219"
18876,"23,26,89"
18877,"169,260,337"
18878,"3,21,48"
18879,"3,15,16"
18880,"3,21,108"
18881,"3,111,284"
18882,"3,4,147"
18883,"10,60,199"
18884,"23,24,43"
18885,"220,10,242"
18886,"64,10,448"
18887,"3,34,263"
18888,"3,15"
18889,"206,369,8"
18890,"10,220,242"
18891,"43,23,24"
18892,0
18893,"3,21"
18894,"0,249,279"
18895,"3,127,21"
18896,"44,10,40"
18897,"45,44,145"
18898,"74,23,165"
18899,"23,26,89"
18900,"40,41,128"
18901,169
18902,"255,463,0"
18903,"10,64,80"
18904,"135,138,40"
18905,"64,10"
18906,"23,74,38"
18907,"40,44,145"
18908,"23,43,24"
18909,"23,74,118"
18910,"3,21"
18911,"10,11,12"
18912,"3,48,21"
18913,"40,41"
18914,0
18915,"0,216"
18916,3
18917,"10,11,419"
18918,"44,40,145"
18919,"17,168,3"
18920,"3,85,293"
18921,"23,24,10"
18922,"0,271,265"
18923,"220,10,242"
18924,"169,199,311"
18925,"3,17,168"
18926,"40,41,286"
18927,"169,199,3"
18928,3
18929,"40,145,402"
18930,"3,53,281"
18931,"118,23,74"
18932,"23,26,89"
18933,"23,105"
18934,23
18935,"40,146"
18936,"64,10,93"
18937,"0,363,271"
18938,"40,243,23"
18939,"10,64"
18940,"0,235,8"
18941,"0,8"
18942,"169,170,260"
18943,"40,139,3"
18944,"0,456,271"
18945,"11,10,109"
18946,"0,280,271"
18947,"40,41,286"
18948,"220,10,242"
18949,"3,34"
18950,"17,3,168"
18951,"220,10,242"
18952,"0,271,456"
18953,"0,265,349"
18954,"168,17,3"
18955,"4,3,19"
18956,"0,319,211"
18957,"8,0,235"
18958,"40,145,146"
18959,"11,10,12"
18960,"3,112,111"
18961,"10,64,43"
18962,"350,23,26"
18963,"23,91,38"
18964,"23,49,24"
18965,"0,456,271"
18966,40
18967,3
18968,"40,139,153"
18969,"10,11,109"
18970,"40,41,149"
18971,"17,3,168"
18972,"169,339,337"
18973,"3,169"
18974,"3,379,21"
18975,"3,4,183"
18976,"23,24,43"
18977,"23,26,231"
18978,"74,23,303"
18979,"38,71,23"
18980,"3,30,66"
18981,"13,3,14"
18982,"40,149,41"
18983,"11,10,205"
18984,"3,293"
18985,"40,131,134"
18986,"3,34,263"
18987,"64,10,448"
18988,"3,21"
18989,"64,10,80"
18990,"4,3,435"
18991,"3,168,100"
18992,220
18993,"3,68"
18994,"10,64,65"
18995,"17,3,168"
18996,"169,337,260"
18997,"3,30"
18998,"3,13,204"
18999,"40,10,145"
19000,"40,135,236"
19001,"17,3,168"
19002,"3,4"
19003,"3,21,154"
19004,"3,34,263"
19005,"0,313,346"
19006,"3,4,238"
19007,"199,169,248"
19008,"169,199"
19009,"3,17"
19010,"23,265,0"
19011,40
19012,"118,23,135"
19013,"131,40,406"
19014,"169,199"
19015,"3,21,127"
19016,"17,168,3"
19017,"3,36,35"
19018,"220,10,221"
19019,"0,271"
19020,"10,64,93"
19021,"3,53,292"
19022,"23,105"
19023,"220,10,242"
19024,"4,19,3"
19025,"40,131,406"
19026,"3,147,148"
19027,"3,467,53"
19028,"3,4"
19029,"23,74,91"
19030,"40,152,151"
19031,"43,23,24"
19032,"40,152,151"
19033,"3,5,228"
19034,"64,10,80"
19035,"0,265"
19036,3
19037,"128,129,40"
19038,"23,118,231"
19039,"40,128"
19040,3
19041,"3,13,204"
19042,"145,44,40"
19043,"11,109,10"
19044,"3,21,48"
19045,"3,53,467"
19046,"0,265,271"
19047,"3,30,66"
19048,"23,26,89"
19049,"0,271,456"
19050,"152,151,40"
19051,"64,10,93"
19052,"255,463,0"
19053,0
19054,"220,10,242"
19055,0
19056,"3,53"
19057,"169,199,356"
19058,"10,419,60"
19059,"40,146,145"
19060,3
19061,10
19062,3
19063,"199,169,343"
19064,"17,320,3"
19065,"3,5,228"
19066,"3,147,148"
19067,0
19068,"17,3,168"
19069,"3,34"
19070,3
19071,"3,21,182"
19072,"3,21"
19073,"3,21,108"
19074,"3,147,148"
19075,"23,24,105"
19076,"8,169,0"
19077,"4,3,238"
19078,"11,10,109"
19079,"40,145,44"
19080,"0,8,308"
19081,"3,53,287"
19082,"93,64,10"
19083,"169,170,337"
19084,"3,147,148"
19085,"26,23"
19086,"64,145,40"
19087,"32,23,3"
19088,23
19089,0
19090,"3,17,168"
19091,"23,24,105"
19092,3
19093,"23,24,43"
19094,0
19095,"40,128,175"
19096,"31,32,23"
19097,"25,24,23"
19098,"220,10,242"
19099,"10,169,199"
19100,"23,74,118"
19101,"40,129,128"
19102,"3,30"
19103,40
19104,"3,53,40"
19105,"0,271"
19106,"3,17"
19107,"3,523,53"
19108,"296,169,306"
19109,"10,64,65"
19110,"3,68,182"
19111,"23,24,54"
19112,"64,10,448"
19113,3
19114,"64,10,169"
19115,"105,23"
19116,"0,8,271"
19117,"10,54,55"
19118,"40,160"
19119,"3,4"
19120,"54,10,95"
19121,"3,85"
19122,"23,59,24"
19123,"279,0,249"
19124,"3,147,148"
19125,"23,24,49"
19126,"3,147,148"
19127,"3,53"
19128,"74,23,165"
19129,"24,10,23"
19130,"3,48,21"
19131,"0,271"
19132,"3,147,148"
19133,"169,171,199"
19134,"0,218,512"
19135,"160,40,315"
19136,"0,213,214"
19137,"40,131"
19138,"40,131,142"
19139,"11,10,12"
19140,0
19141,"23,38,74"
19142,"169,281,199"
19143,"3,156,147"
19144,"199,169,216"
19145,"23,118,74"
19146,"40,128,129"
19147,"8,0,235"
19148,"3,147,33"
19149,"10,64,338"
19150,"0,271,456"
19151,"3,4"
19152,"169,199,281"
19153,"3,168,21"
19154,23
19155,"0,456,271"
19156,23
19157,"10,11,218"
19158,"64,10,80"
19159,"10,220,54"
19160,23
19161,10
19162,"206,0,8"
19163,"23,105,318"
19164,"234,10,60"
19165,"169,199,343"
19166,"64,10,338"
19167,"44,145,40"
19168,0
19169,"3,147,148"
19170,"23,24,49"
19171,"3,48,21"
19172,"23,74"
19173,"23,38,39"
19174,"17,3,168"
19175,"64,10"
19176,"40,478"
19177,"10,72,61"
19178,"40,131,142"
19179,"23,89,26"
19180,"220,10,242"
19181,"0,265,340"
19182,"3,13,85"
19183,"0,313,346"
19184,"23,74,38"
19185,"206,0,8"
19186,"0,255,348"
19187,"23,74,40"
19188,"3,13,150"
19189,"220,10,242"
19190,"3,28,118"
19191,"10,220,242"
19192,"146,145"
19193,"10,60,239"
19194,"64,10,65"
19195,"23,406,32"
19196,"0,346,313"
19197,"0,249,279"
19198,"3,147,148"
19199,"105,53,3"
19200,"147,3,148"
19201,"3,17,168"
19202,"0,271,456"
19203,"0,208,209"
19204,3
19205,"23,24"
19206,"23,24,59"
19207,"169,199,356"
19208,"23,26,89"
19209,"3,28,21"
19210,"40,3,34"
19211,"3,4"
19212,"281,199,169"
19213,"74,23,165"
19214,"32,23,31"
19215,3
19216,"10,220,221"
19217,"3,147,148"
19218,"10,44,45"
19219,"220,10,242"
19220,"26,23,89"
19221,"23,3,31"
19222,"3,21,108"
19223,"23,74,118"
19224,"0,206,8"
19225,"220,10,242"
19226,"64,10,448"
19227,"169,170,260"
19228,"23,74,71"
19229,10
19230,"3,115"
19231,"105,23"
19232,"3,21,379"
19233,"40,128,324"
19234,"23,24,26"
19235,"131,40,406"
19236,"169,199,343"
19237,"169,199,281"
19238,"23,91"
19239,"10,60,239"
19240,"220,10,242"
19241,"23,49,24"
19242,"0,249,279"
19243,"169,170,459"
19244,"40,131,241"
19245,"23,26,231"
19246,"0,271"
19247,"169,199,0"
19248,"296,169,300"
19249,3
19250,"74,23,303"
19251,"64,10,80"
19252,"10,54,55"
19253,"40,131"
19254,3
19255,"23,44,25"
19256,"40,160,152"
19257,"3,111,426"
19258,"10,64,93"
19259,"40,129"
19260,"3,34,46"
19261,"3,21,187"
19262,"0,271"
19263,"10,93"
19264,"40,128,195"
19265,"21,3,102"
19266,"3,53"
19267,"3,21,127"
19268,"23,105,74"
19269,"38,23"
19270,"10,64,65"
19271,"3,53,287"
19272,"3,21,164"
19273,"44,40,45"
19274,3
19275,"40,139,153"
19276,"23,24,74"
19277,"3,32,30"
19278,"169,199"
19279,"8,206,0"
19280,23
19281,"40,162,163"
19282,"3,21"
19283,"54,10,322"
19284,"3,30"
19285,"3,66,30"
19286,"10,64,448"
19287,"3,30,66"
19288,"3,85"
19289,"0,271,291"
19290,"3,4,176"
19291,"0,216"
19292,"40,145,402"
19293,"169,296"
19294,"40,131,142"
19295,"40,160"
19296,"21,3,108"
19297,"0,271"
19298,"40,145,44"
19299,"169,199"
19300,"74,23,165"
19301,"3,21,108"
19302,"40,3,102"
19303,"23,30,32"
19304,"10,64,93"
19305,"40,131,406"
19306,"40,44,145"
19307,"23,38,309"
19308,"24,23,44"
19309,"40,145,44"
19310,"3,30,28"
19311,"10,64"
19312,"74,23,303"
19313,"0,8"
19314,"95,23,54"
19315,"0,216,380"
19316,"0,271,456"
19317,"23,24,0"
19318,"111,23,31"
19319,"0,271,280"
19320,"3,147,148"
19321,"40,41,201"
19322,"220,10,242"
19323,"131,406,40"
19324,"40,145"
19325,3
19326,"169,199,170"
19327,"26,23,89"
19328,"10,54,55"
19329,"3,30,66"
19330,"3,17,168"
19331,"10,11,54"
19332,"169,339,337"
19333,"220,10,242"
19334,"0,313,346"
19335,"40,152,151"
19336,"40,41"
19337,"3,53"
19338,"375,4,3"
19339,"169,199,170"
19340,"170,169,459"
19341,"111,169"
19342,"41,286,40"
19343,"8,0,206"
19344,"3,48,30"
19345,"23,71,38"
19346,"128,129,40"
19347,"0,8,265"
19348,"169,170,337"
19349,"23,31,74"
19350,"23,137,38"
19351,"23,24,64"
19352,"169,199,171"
19353,"23,24"
19354,"220,10,242"
19355,"23,32,31"
19356,"24,23,49"
19357,"402,145,40"
19358,"138,40,135"
19359,"23,26,89"
19360,"229,230"
19361,"169,508,23"
19362,"40,131,406"
19363,"3,147,156"
19364,"3,21,23"
19365,"0,229,421"
19366,"64,10,65"
19367,"64,10,338"
19368,"10,11,109"
19369,"40,151,152"
19370,"0,255"
19371,"0,8,355"
19372,"23,74,165"
19373,"40,131,159"
19374,"147,3"
19375,"3,17,168"
19376,"169,296,306"
19377,"169,281,199"
19378,"220,10,242"
19379,"44,45,10"
19380,"0,218,465"
19381,"11,10,109"
19382,"0,216"
19383,40
19384,"3,53"
19385,"0,8"
19386,"23,26,231"
19387,"3,53"
19388,"45,44,40"
19389,"40,41,135"
19390,"11,10,109"
19391,"0,1,2"
19392,"10,54,322"
19393,"23,49,24"
19394,"0,271,291"
19395,3
19396,"169,199,281"
19397,3
19398,"3,17,168"
19399,"10,220,242"
19400,"23,59,24"
19401,0
19402,"169,170,199"
19403,"23,105,303"
19404,"21,3,127"
19405,"145,40,44"
19406,40
19407,"169,296,417"
19408,"26,23,350"
19409,"10,64"
19410,"13,3,204"
19411,"10,11"
19412,"23,74"
19413,"23,74"
19414,"23,24,31"
19415,"5,3,6"
19416,"0,257,235"
19417,"10,54,95"
19418,"3,17"
19419,"3,21,127"
19420,"64,10,93"
19421,"23,71,38"
19422,"40,128,324"
19423,"23,74,40"
19424,3
19425,"0,206,8"
19426,"11,10,109"
19427,"147,148,3"
19428,"23,74,84"
19429,"93,10,64"
19430,"10,64"
19431,"34,3,263"
19432,"147,3,148"
19433,"10,40"
19434,"169,199,68"
19435,"31,23,40"
19436,"3,21"
19437,"23,26"
19438,"4,3,183"
19439,"23,74,124"
19440,"11,10,109"
19441,"23,49,24"
19442,"160,40,315"
19443,"23,49,24"
19444,"31,23,258"
19445,"54,322,10"
19446,"23,49,24"
19447,"23,59,24"
19448,"10,60,61"
19449,"23,74"
19450,"0,313,346"
19451,"0,271,456"
19452,"3,53"
19453,"3,467,113"
19454,"0,218,512"
19455,"17,3,168"
19456,"0,271"
19457,"0,255,218"
19458,"3,21"
19459,"169,0"
19460,"0,265,418"
19461,"160,40"
19462,"160,40,302"
19463,"3,147,21"
19464,"131,40,406"
19465,"11,10,205"
19466,"3,168,17"
19467,23
19468,3
19469,"40,324,41"
19470,"11,10,109"
19471,"40,184,185"
19472,"40,24,49"
19473,"3,21,108"
19474,40
19475,"131,40,241"
19476,"3,53,111"
19477,"74,23,165"
19478,"3,4,183"
19479,"40,145,402"
19480,"40,3,21"
19481,"169,170,199"
19482,"169,199,171"
19483,"0,271"
19484,"3,5,4"
19485,"169,199,382"
19486,3
19487,"74,23,303"
19488,"169,111,112"
19489,"3,523,147"
19490,"40,131,406"
19491,"40,131,406"
19492,"169,199,281"
19493,"3,21,22"
19494,"147,3,167"
19495,"169,199,374"
19496,"11,10,205"
19497,"10,54,60"
19498,40
19499,"169,170,3"
19500,"0,249,279"
19501,"3,28,190"
19502,"40,128,129"
19503,"10,145,40"
19504,"10,64"
19505,"23,74,118"
19506,"147,3,148"
19507,"40,41,324"
19508,"40,199,151"
19509,"3,21,182"
19510,"4,3,435"
19511,"0,271,169"
19512,"220,23"
19513,"40,145,44"
19514,"3,68"
19515,"43,23,24"
19516,40
19517,"40,131,159"
19518,"40,324,41"
19519,"11,10,109"
19520,"3,53"
19521,"0,255,8"
19522,"40,131,241"
19523,"74,23,303"
19524,"23,74,175"
19525,"23,24,10"
19526,"74,23,303"
19527,"64,90,65"
19528,"10,54,64"
19529,"3,85,86"
19530,"3,53,523"
19531,53
19532,"169,170,199"
19533,"169,199"
19534,"10,220,221"
19535,"40,135,41"
19536,"40,162,163"
19537,"40,145,146"
19538,"0,319"
19539,"40,41,324"
19540,"8,0,206"
19541,"74,23,165"
19542,"74,23,303"
19543,"53,3,287"
19544,"23,24"
19545,3
19546,"220,10,242"
19547,"3,17,320"
19548,"0,212,319"
19549,"147,3,148"
19550,"23,74"
19551,"3,21"
19552,"40,131,406"
19553,"23,74,38"
19554,"169,260,170"
19555,"169,337,339"
19556,"0,249,279"
19557,"11,10,109"
19558,"4,3,19"
19559,"3,53"
19560,"131,40,406"
19561,"31,23,328"
19562,40
19563,"40,128,129"
19564,"145,40,402"
19565,"26,231,23"
19566,"131,40,406"
19567,"3,21"
19568,"128,129,40"
19569,"0,346,313"
19570,"296,169,460"
19571,"3,4,375"
19572,"3,21,127"
19573,"220,10,242"
19574,"40,131,406"
19575,"23,74"
19576,"11,10,109"
19577,"3,104,30"
19578,"296,169,411"
19579,"4,3,238"
19580,"17,168,3"
19581,"10,54,95"
19582,"31,23,290"
19583,"128,129,40"
19584,"24,23,25"
19585,"3,53,292"
19586,"0,249"
19587,"127,3,40"
19588,"10,64,448"
19589,"4,3,238"
19590,"199,169,323"
19591,"3,21,187"
19592,"40,41,324"
19593,"24,23,59"
19594,0
19595,"3,219"
19596,"3,111,472"
19597,"40,135"
19598,"169,260,170"
19599,"3,111,125"
19600,"23,49,24"
19601,169
19602,"169,281,147"
19603,"10,23,31"
19604,3
19605,"21,102,3"
19606,"23,10,49"
19607,"3,21,28"
19608,0
19609,"11,10,109"
19610,"4,3,19"
19611,"3,13,204"
19612,"128,129,40"
19613,"3,21,48"
19614,"8,0,206"
19615,"3,111,119"
19616,"44,45,40"
19617,"169,199,343"
19618,"169,296,199"
19619,"220,10,242"
19620,"0,3"
19621,"3,68,21"
19622,"105,23,318"
19623,"74,23,84"
19624,"169,199"
19625,3
19626,"147,3,148"
19627,"0,8,206"
19628,"40,131,406"
19629,"74,23,84"
19630,"64,10,448"
19631,"0,216,212"
19632,"3,4,375"
19633,"23,26,89"
19634,"296,169,526"
19635,"135,40,138"
19636,"74,23,317"
19637,3
19638,"23,38,440"
19639,"23,24,49"
19640,"10,54,55"
19641,40
19642,"23,89,26"
19643,"40,152,128"
19644,"3,66,30"
19645,"40,145,44"
19646,"169,170,260"
19647,"26,23,0"
19648,"23,26,89"
19649,"23,31,32"
19650,"23,31,454"
19651,"23,8,26"
19652,3
19653,"40,145,44"
19654,"131,40,226"
19655,"23,24"
19656,"21,3"
19657,"3,21,108"
