id,labels
0,10
1,3
2,3
3,0
4,10
5,0
6,"40,145"
7,"3,21"
8,"23,10"
9,"3,21"
10,23
11,"10,40,145"
12,169
13,0
14,23
15,23
16,10
17,3
18,10
19,10
20,10
21,"23,26"
22,3
23,40
24,3
25,40
26,"3,21"
27,10
28,3
29,3
30,"23,10,24"
31,3
32,40
33,"23,26"
34,10
35,"3,21"
36,3
37,"10,11"
38,"3,4"
39,40
40,"23,26"
41,"3,21"
42,40
43,0
44,"10,11"
45,40
46,3
47,10
48,40
49,10
50,23
51,3
52,10
53,3
54,3
55,"3,21"
56,10
57,3
58,"23,26"
59,3
60,"10,11"
61,10
62,0
63,3
64,0
65,3
66,40
67,169
68,3
69,"3,53"
70,10
71,10
72,40
73,"3,21"
74,10
75,0
76,3
77,"26,0,23"
78,23
79,10
80,10
81,3
82,"10,11"
83,169
84,"23,10,24"
85,23
86,40
87,40
88,"26,23"
89,3
90,10
91,10
92,0
93,"3,4"
94,23
95,"40,145"
96,"23,10,24"
97,40
98,"40,145"
99,"23,26"
100,"26,23"
101,23
102,23
103,3
104,23
105,0
106,10
107,"10,23,24"
108,0
109,0
110,3
111,169
112,"3,4"
113,3
114,10
115,"169,199"
116,3
117,10
118,"40,10"
119,"3,21"
120,3
121,0
122,"10,11"
123,"40,3"
124,3
125,"3,21"
126,0
127,23
128,0
129,0
130,10
131,169
132,23
133,"3,21"
134,3
135,"40,145"
136,0
137,"40,145,10"
138,0
139,40
140,40
141,3
142,"169,199"
143,3
144,"40,145"
145,"10,11"
146,"3,4"
147,0
148,10
149,40
150,40
151,23
152,"3,4"
153,0
154,"169,199"
155,"26,23"
156,40
157,"40,145"
158,40
159,0
160,23
161,23
162,40
163,3
164,0
165,40
166,10
167,10
168,"10,11,40"
169,40
170,40
171,3
172,"23,26"
173,"3,4"
174,169
175,"23,26"
176,10
177,23
178,3
179,"26,23"
180,"3,21"
181,23
182,0
183,3
184,40
185,"23,24"
186,0
187,40
188,10
189,169
190,169
191,"169,199"
192,26
193,"23,40"
194,0
195,"169,199"
196,"40,10,145"
197,3
198,40
199,0
200,"23,24"
201,"23,24"
202,3
203,"3,4"
204,"169,199"
205,"169,199"
206,"23,24,10"
207,23
208,10
209,10
210,3
211,0
212,0
213,3
214,0
215,"10,23,24"
216,23
217,23
218,"3,21"
219,40
220,23
221,0
222,"3,4"
223,"169,199"
224,40
225,3
226,10
227,10
228,3
229,3
230,"10,40,145"
231,3
232,"23,26"
233,3
234,"40,145"
235,40
236,3
237,169
238,"40,10,145"
239,"23,10,24"
240,0
241,0
242,40
243,40
244,0
245,3
246,10
247,"169,199"
248,3
249,40
250,"10,23"
251,10
252,3
253,3
254,23
255,"23,26"
256,"3,21"
257,3
258,40
259,"40,10,145"
260,10
261,"3,4"
262,10
263,3
264,"3,21"
265,"3,21"
266,23
267,23
268,10
269,40
270,"3,21"
271,40
272,"23,10,24"
273,"23,24"
274,10
275,10
276,23
277,"3,21"
278,23
279,40
280,23
281,10
282,0
283,"3,21"
284,3
285,"3,4"
286,10
287,0
288,10
289,"26,23"
290,0
291,"23,10,24"
292,10
293,23
294,"3,21"
295,40
296,40
297,40
298,169
299,3
300,3
301,"3,21"
302,23
303,3
304,169
305,0
306,40
307,"26,23"
308,10
309,40
310,0
311,3
312,"3,21"
313,23
314,3
315,0
316,23
317,3
318,23
319,169
320,0
321,40
322,"10,23"
323,3
324,40
325,40
326,3
327,"169,40,199"
328,"23,24,10"
329,0
330,"23,24,10"
331,40
332,0
333,3
334,0
335,"3,21"
336,"23,10,24"
337,3
338,"3,21"
339,3
340,10
341,3
342,40
343,3
344,40
345,"40,145"
346,169
347,10
348,3
349,169
350,"10,11"
351,23
352,169
353,"23,26"
354,3
355,40
356,"23,26"
357,23
358,0
359,10
360,23
361,"40,145"
362,"3,21"
363,169
364,169
365,0
366,0
367,0
368,23
369,"40,169,199"
370,"3,4"
371,"23,24,10"
372,23
373,40
374,0
375,"40,10,145"
376,"169,199"
377,3
378,40
379,23
380,3
381,3
382,169
383,"169,199"
384,3
385,10
386,10
387,23
388,0
389,3
390,10
391,"23,40"
392,0
393,10
394,10
395,3
396,"23,40,38"
397,"3,21"
398,169
399,169
400,"40,145"
401,169
402,3
403,0
404,3
405,0
406,"3,21"
407,40
408,3
409,"3,21"
410,"3,21"
411,3
412,"23,10,24"
413,"169,199"
414,0
415,40
416,"23,26"
417,10
418,"40,23"
419,23
420,169
421,10
422,0
423,23
424,"26,23"
425,0
426,169
427,"23,24,10"
428,40
429,169
430,40
431,"26,23"
432,"10,11"
433,10
434,10
435,"3,40"
436,0
437,10
438,40
439,169
440,3
441,10
442,3
443,169
444,0
445,"3,4"
446,0
447,0
448,10
449,40
450,0
451,0
452,169
453,40
454,23
455,169
456,"40,131"
457,10
458,3
459,"3,40"
460,0
461,169
462,23
463,40
464,0
465,0
466,"26,23"
467,"40,145,10"
468,"10,11"
469,3
470,40
471,0
472,10
473,0
474,"26,23"
475,0
476,23
477,"169,199"
478,40
479,169
480,40
481,"40,10,145"
482,40
483,0
484,"3,21"
485,0
486,10
487,0
488,23
489,40
490,10
491,"3,40"
492,10
493,0
494,"3,21"
495,0
496,40
497,10
498,0
499,10
500,"3,21"
501,3
502,23
503,10
504,3
505,40
506,10
507,"169,199,40"
508,"3,21"
509,3
510,10
511,40
512,0
513,10
514,3
515,40
516,3
517,10
518,"3,21"
519,3
520,10
521,0
522,"40,10,145"
523,40
524,23
525,"26,23"
526,23
527,40
528,169
529,23
530,10
531,10
532,"40,145"
533,0
534,169
535,"26,23"
536,3
537,0
538,40
539,3
540,0
541,23
542,"26,23"
543,3
544,3
545,40
546,10
547,40
548,3
549,10
550,40
551,0
552,40
553,10
554,"10,11"
555,10
556,10
557,"23,26"
558,10
559,40
560,10
561,0
562,10
563,10
564,"3,21"
565,10
566,0
567,"23,24"
568,23
569,"10,11"
570,10
571,40
572,3
573,10
574,10
575,"3,21"
576,10
577,10
578,3
579,"10,11"
580,"23,38"
581,"3,21"
582,0
583,3
584,169
585,0
586,10
587,3
588,"23,40"
589,"3,21"
590,"23,26"
591,10
592,169
593,"10,23"
594,10
595,40
596,23
597,0
598,3
599,23
600,23
601,40
602,3
603,0
604,3
605,0
606,40
607,3
608,0
609,23
610,"23,10,24"
611,"26,23"
612,10
613,"3,21"
614,40
615,0
616,"40,145"
617,3
618,23
619,"169,40,199"
620,"26,23"
621,"26,23"
622,3
623,3
624,3
625,0
626,"169,199"
627,3
628,"40,10,145"
629,"3,4"
630,"40,23"
631,0
632,"169,199"
633,"169,199"
634,0
635,"23,26"
636,40
637,"3,21"
638,40
639,0
640,23
641,0
642,40
643,40
644,"3,21"
645,"26,23"
646,3
647,"23,40"
648,"3,4"
649,169
650,"10,40"
651,23
652,10
653,40
654,23
655,40
656,3
657,0
658,3
659,3
660,40
661,0
662,"3,21"
663,"10,23"
664,"10,11"
665,"10,23,24"
666,10
667,23
668,"23,26"
669,40
670,23
671,"40,10,145"
672,10
673,"169,199"
674,40
675,3
676,"40,10,145"
677,3
678,3
679,10
680,0
681,40
682,10
683,23
684,23
685,3
686,"40,10,145"
687,"169,199"
688,23
689,10
690,"3,53"
691,40
692,"3,53"
693,10
694,0
695,23
696,23
697,3
698,3
699,40
700,3
701,"23,10,24"
702,23
703,23
704,23
705,40
706,40
707,40
708,0
709,"23,10"
710,3
711,40
712,3
713,0
714,3
715,"23,24,10"
716,3
717,"3,4"
718,"3,21"
719,23
720,3
721,"10,11"
722,"3,21"
723,3
724,3
725,"23,10,24"
726,"3,53"
727,0
728,169
729,40
730,169
731,169
732,3
733,"40,10,145"
734,169
735,0
736,10
737,169
738,"10,11"
739,0
740,"26,23"
741,0
742,3
743,"23,10"
744,"40,10,145"
745,"3,4"
746,23
747,23
748,3
749,"10,40,145"
750,"3,21"
751,"23,24,10"
752,3
753,169
754,169
755,10
756,"40,145,10"
757,40
758,3
759,169
760,169
761,0
762,10
763,"3,21"
764,3
765,0
766,0
767,169
768,0
769,10
770,3
771,10
772,3
773,3
774,"169,199"
775,"3,21"
776,"3,21"
777,"23,40"
778,"3,4"
779,10
780,10
781,10
782,0
783,23
784,3
785,23
786,0
787,23
788,0
789,0
790,"3,21"
791,10
792,"40,145"
793,23
794,"169,199"
795,40
796,3
797,3
798,40
799,3
800,40
801,40
802,0
803,3
804,"3,53"
805,"169,199"
806,"23,26"
807,"40,10"
808,"3,169,21"
809,169
810,"23,10,24"
811,"23,10,24"
812,"40,10,145"
813,0
814,"3,21"
815,40
816,"3,21"
817,0
818,3
819,169
820,0
821,3
822,169
823,"23,24,10"
824,3
825,"40,145"
826,0
827,"10,11"
828,169
829,40
830,10
831,0
832,"10,11"
833,"169,199"
834,3
835,"23,40"
836,"169,199"
837,40
838,3
839,3
840,"40,145"
841,3
842,3
843,"23,26"
844,10
845,23
846,169
847,40
848,0
849,"23,26"
850,3
851,"40,23"
852,23
853,23
854,3
855,40
856,"10,23,24"
857,10
858,3
859,"169,199"
860,"23,26"
861,"10,23"
862,3
863,0
864,3
865,40
866,"3,21"
867,"169,199"
868,3
869,"23,10,24"
870,40
871,23
872,3
873,169
874,0
875,"40,145"
876,3
877,40
878,"169,199"
879,23
880,3
881,0
882,"40,10,145"
883,40
884,"40,145,10"
885,"40,3"
886,169
887,10
888,3
889,"169,199"
890,"40,145"
891,3
892,23
893,10
894,"23,26"
895,3
896,40
897,"3,21"
898,40
899,0
900,0
901,"3,21"
902,"23,24,10"
903,40
904,10
905,23
906,0
907,0
908,3
909,40
910,10
911,"10,11"
912,40
913,"40,10,145"
914,10
915,10
916,"3,4"
917,0
918,3
919,3
920,3
921,10
922,3
923,10
924,40
925,23
926,10
927,40
928,3
929,3
930,"23,26"
931,0
932,23
933,23
934,10
935,169
936,"3,21"
937,3
938,3
939,169
940,"3,4"
941,"26,23"
942,3
943,"169,199"
944,"3,4"
945,"169,199"
946,0
947,"3,21"
948,23
949,40
950,0
951,10
952,169
953,40
954,"23,24"
955,"10,11"
956,"40,145"
957,"10,23,24"
958,10
959,10
960,"169,199"
961,169
962,10
963,40
964,"10,23"
965,40
966,10
967,169
968,3
969,23
970,40
971,40
972,23
973,0
974,10
975,0
976,0
977,40
978,"3,21"
979,40
980,23
981,0
982,3
983,3
984,40
985,40
986,23
987,40
988,10
989,3
990,3
991,"10,23"
992,169
993,3
994,"10,23"
995,3
996,169
997,40
998,40
999,23
1000,0
1001,"3,4"
1002,0
1003,23
1004,"3,53"
1005,"169,199"
1006,3
1007,"40,145"
1008,169
1009,"10,11"
1010,23
1011,"3,21"
1012,"3,21"
1013,10
1014,"3,21"
1015,0
1016,"23,10"
1017,"23,26"
1018,"3,21"
1019,"3,4"
1020,0
1021,10
1022,0
1023,"26,23"
1024,3
1025,40
1026,0
1027,"23,26"
1028,3
1029,"23,24"
1030,40
1031,"10,23"
1032,40
1033,"3,21"
1034,"3,53"
1035,40
1036,3
1037,3
1038,"3,21"
1039,"23,10,24"
1040,0
1041,"40,10,145"
1042,0
1043,0
1044,10
1045,23
1046,"3,21"
1047,40
1048,10
1049,0
1050,10
1051,"3,21"
1052,10
1053,10
1054,40
1055,10
1056,10
1057,3
1058,3
1059,40
1060,"23,24,10"
1061,"3,21"
1062,40
1063,0
1064,3
1065,40
1066,"40,145"
1067,23
1068,3
1069,3
1070,3
1071,0
1072,10
1073,0
1074,3
1075,"3,21"
1076,"23,26"
1077,3
1078,40
1079,40
1080,3
1081,3
1082,"23,26"
1083,"40,23"
1084,40
1085,40
1086,0
1087,10
1088,3
1089,40
1090,"3,4"
1091,40
1092,23
1093,"3,21"
1094,169
1095,0
1096,3
1097,40
1098,40
1099,"40,145"
1100,0
1101,0
1102,"3,53"
1103,"10,23,24"
1104,"3,21"
1105,23
1106,23
1107,169
1108,40
1109,"169,199"
1110,10
1111,0
1112,"23,24"
1113,3
1114,"169,199"
1115,40
1116,10
1117,0
1118,40
1119,"40,145"
1120,10
1121,3
1122,169
1123,40
1124,"3,21"
1125,"169,199"
1126,3
1127,10
1128,"23,26"
1129,0
1130,"23,24"
1131,"10,11"
1132,0
1133,10
1134,"10,11"
1135,0
1136,"3,21"
1137,169
1138,10
1139,"169,199"
1140,169
1141,3
1142,10
1143,"169,199"
1144,"10,11"
1145,23
1146,3
1147,"23,26"
1148,"26,23"
1149,3
1150,3
1151,3
1152,"10,40"
1153,40
1154,"10,40"
1155,10
1156,"40,145,10"
1157,0
1158,"26,23"
1159,3
1160,"169,199"
1161,3
1162,"26,23"
1163,23
1164,0
1165,23
1166,"3,21"
1167,3
1168,0
1169,"40,145,23"
1170,0
1171,23
1172,"3,4"
1173,"26,0,23"
1174,0
1175,23
1176,"23,24"
1177,0
1178,10
1179,40
1180,3
1181,0
1182,0
1183,23
1184,"26,23"
1185,23
1186,10
1187,3
1188,23
1189,"169,199"
1190,3
1191,40
1192,10
1193,40
1194,0
1195,"169,199"
1196,"3,4"
1197,40
1198,23
1199,10
1200,"10,11"
1201,23
1202,"3,21"
1203,23
1204,10
1205,"10,40"
1206,0
1207,0
1208,10
1209,"23,24"
1210,23
1211,169
1212,10
1213,169
1214,"26,23"
1215,10
1216,40
1217,3
1218,3
1219,10
1220,"169,199"
1221,10
1222,3
1223,3
1224,40
1225,"10,11"
1226,"23,40"
1227,40
1228,40
1229,10
1230,40
1231,3
1232,0
1233,"23,26"
1234,"40,10"
1235,"40,23"
1236,10
1237,0
1238,"40,145"
1239,3
1240,0
1241,3
1242,"40,145"
1243,40
1244,"10,11"
1245,0
1246,"40,169,199"
1247,23
1248,10
1249,169
1250,0
1251,10
1252,3
1253,40
1254,40
1255,23
1256,3
1257,0
1258,"169,199"
1259,0
1260,"3,21"
1261,3
1262,10
1263,3
1264,10
1265,3
1266,3
1267,23
1268,"26,23"
1269,"3,21"
1270,"3,21"
1271,"40,10,23"
1272,"3,21"
1273,40
1274,"169,199,40"
1275,"23,26"
1276,3
1277,3
1278,40
1279,3
1280,10
1281,3
1282,10
1283,3
1284,3
1285,3
1286,0
1287,"26,23"
1288,40
1289,0
1290,10
1291,169
1292,3
1293,"26,23"
1294,10
1295,3
1296,3
1297,3
1298,3
1299,10
1300,"23,26"
1301,23
1302,"3,21"
1303,3
1304,3
1305,"3,53"
1306,3
1307,"169,199"
1308,169
1309,3
1310,3
1311,23
1312,10
1313,"40,23"
1314,23
1315,"3,21"
1316,3
1317,0
1318,0
1319,3
1320,10
1321,10
1322,3
1323,23
1324,"23,26"
1325,"3,21"
1326,"26,23"
1327,10
1328,"3,40"
1329,"3,21"
1330,10
1331,3
1332,3
1333,169
1334,0
1335,3
1336,3
1337,10
1338,"3,40"
1339,3
1340,"3,21"
1341,"40,145"
1342,169
1343,"169,199"
1344,10
1345,40
1346,"0,26"
1347,3
1348,"40,3"
1349,10
1350,23
1351,0
1352,3
1353,0
1354,"3,53"
1355,0
1356,3
1357,3
1358,23
1359,"10,11"
1360,3
1361,40
1362,3
1363,169
1364,"3,21"
1365,169
1366,"26,23"
1367,3
1368,"3,21"
1369,23
1370,0
1371,40
1372,"40,145"
1373,"40,10,145"
1374,10
1375,"40,10,145"
1376,3
1377,169
1378,10
1379,23
1380,"40,10,145"
1381,0
1382,3
1383,3
1384,"3,21"
1385,40
1386,10
1387,"26,23"
1388,"10,11"
1389,3
1390,3
1391,0
1392,"3,21"
1393,40
1394,"3,21"
1395,40
1396,"10,11"
1397,0
1398,"23,38"
1399,169
1400,40
1401,169
1402,3
1403,3
1404,"10,40"
1405,10
1406,3
1407,3
1408,3
1409,"23,10"
1410,10
1411,"26,23"
1412,3
1413,10
1414,10
1415,3
1416,3
1417,3
1418,3
1419,0
1420,3
1421,23
1422,40
1423,"23,26"
1424,23
1425,3
1426,"40,3"
1427,"23,26"
1428,"10,11"
1429,3
1430,"40,10,145"
1431,"3,21"
1432,"23,24"
1433,10
1434,10
1435,10
1436,23
1437,"169,199"
1438,"23,24"
1439,40
1440,"3,21"
1441,3
1442,0
1443,10
1444,"10,11"
1445,10
1446,"23,26"
1447,"23,24"
1448,"40,10,145"
1449,"3,21"
1450,0
1451,3
1452,10
1453,"3,21"
1454,10
1455,40
1456,3
1457,40
1458,3
1459,"169,199"
1460,"23,24,10"
1461,"3,40"
1462,"10,11"
1463,"40,145"
1464,"23,24"
1465,40
1466,0
1467,10
1468,0
1469,23
1470,169
1471,"10,23"
1472,0
1473,3
1474,"3,4"
1475,10
1476,10
1477,"3,4"
1478,0
1479,40
1480,23
1481,"40,10"
1482,3
1483,0
1484,"10,23"
1485,3
1486,3
1487,"10,11"
1488,3
1489,40
1490,3
1491,10
1492,"23,10,24"
1493,0
1494,3
1495,23
1496,23
1497,40
1498,23
1499,40
1500,"23,24"
1501,3
1502,"169,199"
1503,10
1504,"23,38"
1505,3
1506,"169,199"
1507,"23,26"
1508,"3,21"
1509,0
1510,3
1511,169
1512,40
1513,0
1514,"169,199"
1515,3
1516,169
1517,40
1518,"40,23"
1519,3
1520,23
1521,"23,10,24"
1522,"3,21"
1523,"23,24"
1524,10
1525,"10,11"
1526,"23,24"
1527,10
1528,0
1529,23
1530,"169,199"
1531,10
1532,10
1533,"23,24"
1534,10
1535,10
1536,0
1537,169
1538,0
1539,3
1540,"23,26"
1541,3
1542,"3,21"
1543,40
1544,10
1545,40
1546,40
1547,10
1548,"40,145,10"
1549,10
1550,0
1551,"3,4"
1552,23
1553,"3,4"
1554,3
1555,23
1556,0
1557,3
1558,10
1559,10
1560,169
1561,10
1562,3
1563,23
1564,"3,21"
1565,"40,169,199"
1566,"40,145"
1567,0
1568,23
1569,0
1570,10
1571,"40,145"
1572,3
1573,169
1574,10
1575,10
1576,23
1577,3
1578,40
1579,169
1580,3
1581,3
1582,10
1583,169
1584,"3,21"
1585,40
1586,10
1587,3
1588,"10,23"
1589,23
1590,40
1591,"40,145,10"
1592,169
1593,"169,199"
1594,"10,23,24"
1595,"169,199"
1596,3
1597,3
1598,3
1599,"40,10,145"
1600,23
1601,40
1602,10
1603,"10,11"
1604,3
1605,3
1606,40
1607,169
1608,169
1609,3
1610,"23,10,24"
1611,40
1612,23
1613,3
1614,"169,199"
1615,3
1616,0
1617,"23,26"
1618,3
1619,10
1620,3
1621,"169,199"
1622,"40,169,199"
1623,169
1624,0
1625,23
1626,10
1627,23
1628,40
1629,40
1630,"10,23"
1631,40
1632,"23,26"
1633,3
1634,10
1635,0
1636,23
1637,0
1638,"3,4"
1639,40
1640,3
1641,3
1642,3
1643,"10,11"
1644,10
1645,0
1646,"10,23"
1647,3
1648,"40,10"
1649,23
1650,10
1651,0
1652,3
1653,0
1654,3
1655,3
1656,"23,24,10"
1657,169
1658,3
1659,"40,10"
1660,23
1661,3
1662,40
1663,40
1664,"3,4"
1665,"40,145,10"
1666,40
1667,10
1668,3
1669,40
1670,0
1671,"10,11"
1672,3
1673,"3,40"
1674,3
1675,"10,23"
1676,0
1677,10
1678,40
1679,3
1680,"23,24,10"
1681,0
1682,0
1683,"3,21"
1684,"3,21"
1685,0
1686,3
1687,3
1688,"3,21"
1689,40
1690,3
1691,3
1692,169
1693,3
1694,0
1695,"40,23"
1696,"10,23"
1697,40
1698,3
1699,40
1700,"10,11"
1701,3
1702,"3,21"
1703,0
1704,10
1705,3
1706,3
1707,0
1708,40
1709,40
1710,10
1711,0
1712,"40,145"
1713,169
1714,3
1715,"169,199"
1716,3
1717,0
1718,169
1719,23
1720,40
1721,"10,23"
1722,"10,11"
1723,"40,145,10"
1724,40
1725,10
1726,"26,23"
1727,23
1728,"10,11"
1729,0
1730,3
1731,"169,199"
1732,"169,199"
1733,10
1734,"3,21"
1735,0
1736,"40,145,10"
1737,3
1738,10
1739,3
1740,3
1741,"3,21"
1742,0
1743,169
1744,"3,23"
1745,"3,21"
1746,3
1747,3
1748,"26,23"
1749,10
1750,10
1751,"23,40"
1752,"23,26"
1753,0
1754,10
1755,"169,199"
1756,40
1757,23
1758,0
1759,"23,26"
1760,23
1761,3
1762,"40,145"
1763,"169,199"
1764,10
1765,"3,21"
1766,40
1767,0
1768,3
1769,"3,21"
1770,3
1771,0
1772,3
1773,"3,40"
1774,"10,11"
1775,"169,199,40"
1776,10
1777,3
1778,"3,21"
1779,"3,21"
1780,169
1781,169
1782,0
1783,23
1784,40
1785,40
1786,23
1787,"40,10"
1788,40
1789,"169,199"
1790,40
1791,10
1792,23
1793,10
1794,40
1795,0
1796,"23,26"
1797,10
1798,23
1799,"3,21"
1800,"23,40"
1801,0
1802,3
1803,10
1804,23
1805,0
1806,"3,21"
1807,"23,24"
1808,"3,40"
1809,23
1810,"23,40"
1811,3
1812,3
1813,10
1814,169
1815,"23,10,24"
1816,40
1817,"3,21"
1818,10
1819,"3,53"
1820,"40,10,145"
1821,23
1822,3
1823,"23,26"
1824,3
1825,23
1826,"10,40"
1827,10
1828,3
1829,"169,199"
1830,169
1831,0
1832,0
1833,3
1834,169
1835,0
1836,10
1837,"40,145,10"
1838,3
1839,3
1840,40
1841,3
1842,3
1843,3
1844,0
1845,"10,40"
1846,40
1847,23
1848,0
1849,3
1850,3
1851,10
1852,3
1853,40
1854,10
1855,0
1856,0
1857,40
1858,40
1859,0
1860,23
1861,40
1862,"26,23"
1863,10
1864,"3,21"
1865,40
1866,0
1867,169
1868,23
1869,0
1870,40
1871,0
1872,169
1873,0
1874,"23,24"
1875,40
1876,40
1877,"23,10,24"
1878,"3,21"
1879,0
1880,23
1881,10
1882,10
1883,23
1884,169
1885,3
1886,3
1887,10
1888,10
1889,"3,21"
1890,23
1891,3
1892,0
1893,10
1894,"23,38"
1895,0
1896,"40,145"
1897,10
1898,3
1899,"0,26"
1900,40
1901,3
1902,3
1903,3
1904,3
1905,3
1906,0
1907,3
1908,3
1909,"3,4"
1910,"10,23"
1911,10
1912,40
1913,3
1914,"169,199"
1915,0
1916,3
1917,0
1918,0
1919,"169,199"
1920,23
1921,10
1922,"23,26"
1923,"3,4"
1924,"3,40,21"
1925,"3,4"
1926,3
1927,"26,23"
1928,169
1929,3
1930,10
1931,23
1932,0
1933,3
1934,10
1935,23
1936,"169,199"
1937,40
1938,3
1939,169
1940,"23,10,24"
1941,10
1942,0
1943,"40,23"
1944,40
1945,40
1946,10
1947,23
1948,10
1949,"10,11"
1950,23
1951,10
1952,169
1953,3
1954,10
1955,"3,21"
1956,10
1957,3
1958,3
1959,0
1960,0
1961,3
1962,10
1963,10
1964,169
1965,23
1966,"10,11"
1967,23
1968,10
1969,0
1970,"23,40"
1971,10
1972,10
1973,23
1974,10
1975,0
1976,0
1977,23
1978,0
1979,0
1980,"10,23"
1981,3
1982,10
1983,3
1984,0
1985,"10,23,24"
1986,0
1987,0
1988,40
1989,10
1990,3
1991,10
1992,3
1993,3
1994,"3,21"
1995,23
1996,169
1997,"169,199"
1998,169
1999,10
2000,0
2001,10
2002,"3,21"
2003,"23,40"
2004,3
2005,169
2006,23
2007,40
2008,10
2009,10
2010,"169,199"
2011,0
2012,10
2013,0
2014,0
2015,0
2016,"169,199"
2017,40
2018,"23,3"
2019,10
2020,"169,199"
2021,"3,21"
2022,3
2023,3
2024,40
2025,169
2026,3
2027,"23,26"
2028,0
2029,"10,11"
2030,40
2031,"23,40,24"
2032,"169,199"
2033,"23,10,24"
2034,"3,40,21"
2035,169
2036,23
2037,3
2038,3
2039,10
2040,169
2041,3
2042,"169,199"
2043,0
2044,0
2045,0
2046,"40,145"
2047,40
2048,"10,11"
2049,3
2050,"10,40,145"
2051,3
2052,"3,21"
2053,"40,145"
2054,23
2055,10
2056,"169,199"
2057,0
2058,10
2059,40
2060,23
2061,"3,21"
2062,3
2063,"40,145"
2064,"10,23"
2065,169
2066,23
2067,10
2068,"3,4"
2069,"23,24,10"
2070,10
2071,3
2072,3
2073,23
2074,"3,21"
2075,"40,23"
2076,"40,23"
2077,3
2078,169
2079,"169,199"
2080,0
2081,40
2082,"23,26"
2083,0
2084,169
2085,169
2086,"169,199,40"
2087,40
2088,40
2089,0
2090,"26,23"
2091,0
2092,3
2093,0
2094,3
2095,0
2096,0
2097,3
2098,10
2099,10
2100,23
2101,"3,21"
2102,3
2103,40
2104,10
2105,40
2106,23
2107,"169,199"
2108,3
2109,10
2110,"169,199"
2111,"3,21"
2112,0
2113,10
2114,23
2115,0
2116,3
2117,0
2118,"40,10,145"
2119,23
2120,"40,10,145"
2121,"26,23"
2122,40
2123,23
2124,10
2125,"10,23,24"
2126,"10,11"
2127,3
2128,0
2129,3
2130,"10,11"
2131,23
2132,10
2133,3
2134,10
2135,3
2136,0
2137,10
2138,40
2139,"3,4"
2140,"3,21"
2141,40
2142,40
2143,3
2144,"23,24,10"
2145,"10,23"
2146,0
2147,0
2148,10
2149,23
2150,"23,26"
2151,10
2152,3
2153,40
2154,0
2155,3
2156,"23,40"
2157,10
2158,"40,3"
2159,"40,145"
2160,23
2161,3
2162,10
2163,3
2164,"40,23"
2165,"169,199"
2166,10
2167,23
2168,40
2169,10
2170,0
2171,40
2172,3
2173,40
2174,3
2175,"26,23"
2176,"23,3"
2177,"23,26"
2178,"23,24"
2179,3
2180,"23,10,24"
2181,40
2182,23
2183,0
2184,0
2185,3
2186,"3,21"
2187,40
2188,"23,24"
2189,3
2190,3
2191,"40,145,10"
2192,"10,11"
2193,3
2194,3
2195,0
2196,0
2197,40
2198,10
2199,"169,199"
2200,40
2201,0
2202,10
2203,"169,199"
2204,"23,24"
2205,169
2206,3
2207,0
2208,0
2209,"169,199"
2210,23
2211,0
2212,3
2213,3
2214,23
2215,40
2216,3
2217,40
2218,10
2219,10
2220,10
2221,40
2222,23
2223,10
2224,23
2225,3
2226,"3,21"
2227,10
2228,0
2229,0
2230,10
2231,10
2232,23
2233,"40,10,145"
2234,"10,11"
2235,"40,10,145"
2236,10
2237,0
2238,10
2239,0
2240,3
2241,23
2242,"3,4"
2243,3
2244,10
2245,"40,145"
2246,40
2247,10
2248,"10,23"
2249,"10,40"
2250,40
2251,3
2252,3
2253,10
2254,"3,21"
2255,"10,11"
2256,3
2257,0
2258,0
2259,10
2260,"23,10"
2261,23
2262,"10,11"
2263,40
2264,0
2265,40
2266,"169,199"
2267,"10,11"
2268,0
2269,10
2270,3
2271,169
2272,"40,169"
2273,"3,4"
2274,3
2275,169
2276,"10,40,145"
2277,169
2278,"3,21"
2279,0
2280,0
2281,"23,10,24"
2282,169
2283,"23,26"
2284,169
2285,0
2286,3
2287,3
2288,3
2289,10
2290,3
2291,"40,169"
2292,3
2293,23
2294,0
2295,"10,11"
2296,10
2297,3
2298,10
2299,"169,199"
2300,0
2301,23
2302,23
2303,3
2304,3
2305,3
2306,0
2307,40
2308,0
2309,3
2310,10
2311,0
2312,"3,21"
2313,169
2314,10
2315,23
2316,"26,23"
2317,23
2318,10
2319,0
2320,3
2321,169
2322,"0,26"
2323,0
2324,169
2325,0
2326,0
2327,"23,26"
2328,10
2329,40
2330,23
2331,0
2332,169
2333,"40,10,145"
2334,"26,23"
2335,"26,23"
2336,40
2337,10
2338,"3,4"
2339,"3,4"
2340,23
2341,"40,145,10"
2342,"3,21"
2343,23
2344,40
2345,3
2346,23
2347,10
2348,3
2349,"169,199"
2350,10
2351,"10,11"
2352,3
2353,10
2354,0
2355,"10,11"
2356,"3,21"
2357,169
2358,169
2359,"23,24"
2360,0
2361,"40,10,145"
2362,169
2363,40
2364,"40,3"
2365,40
2366,10
2367,40
2368,23
2369,"23,40,24"
2370,3
2371,"26,23"
2372,3
2373,10
2374,10
2375,"10,40"
2376,3
2377,"10,40"
2378,3
2379,"40,145"
2380,0
2381,0
2382,"3,21"
2383,3
2384,"10,40"
2385,3
2386,40
2387,"169,199"
2388,"40,145"
2389,169
2390,3
2391,10
2392,169
2393,3
2394,"10,11"
2395,0
2396,10
2397,10
2398,"169,199"
2399,40
2400,10
2401,"23,24,10"
2402,3
2403,0
2404,"3,21"
2405,10
2406,40
2407,"10,11"
2408,"23,24"
2409,"40,145"
2410,"10,23,24"
2411,40
2412,3
2413,"40,3"
2414,10
2415,3
2416,23
2417,10
2418,"40,145"
2419,10
2420,3
2421,"23,10,24"
2422,3
2423,"3,21"
2424,"3,4"
2425,10
2426,3
2427,0
2428,23
2429,40
2430,"23,26"
2431,40
2432,0
2433,40
2434,3
2435,"3,21"
2436,"169,199"
2437,"23,26"
2438,169
2439,3
2440,"40,10,145"
2441,0
2442,10
2443,3
2444,40
2445,40
2446,"10,23,24"
2447,"26,23"
2448,40
2449,10
2450,3
2451,0
2452,40
2453,"40,169,199"
2454,"3,21"
2455,0
2456,40
2457,"169,199"
2458,169
2459,"10,11"
2460,3
2461,"40,23,10"
2462,3
2463,3
2464,10
2465,0
2466,10
2467,169
2468,10
2469,169
2470,10
2471,10
2472,40
2473,3
2474,40
2475,3
2476,"3,21"
2477,10
2478,3
2479,3
2480,23
2481,"169,199,40"
2482,10
2483,3
2484,"23,24"
2485,"169,199"
2486,0
2487,0
2488,40
2489,3
2490,3
2491,0
2492,0
2493,"40,145,10"
2494,0
2495,10
2496,40
2497,23
2498,40
2499,"23,26"
2500,169
2501,"3,21"
2502,"23,26"
2503,3
2504,40
2505,0
2506,40
2507,3
2508,169
2509,"23,24,40"
2510,"10,23"
2511,"3,40"
2512,0
2513,40
2514,10
2515,3
2516,"10,40"
2517,"23,24,10"
2518,10
2519,40
2520,"23,24"
2521,"3,40"
2522,3
2523,169
2524,10
2525,0
2526,"10,23"
2527,23
2528,10
2529,"26,23"
2530,40
2531,23
2532,0
2533,169
2534,0
2535,40
2536,"3,21"
2537,"10,23"
2538,"3,40"
2539,3
2540,"10,11"
2541,"3,21"
2542,"26,0"
2543,40
2544,0
2545,40
2546,23
2547,40
2548,"3,21"
2549,"26,23"
2550,"169,199,40"
2551,10
2552,"40,169,199"
2553,23
2554,"10,11"
2555,"3,4"
2556,10
2557,3
2558,"169,199"
2559,40
2560,10
2561,3
2562,3
2563,0
2564,40
2565,10
2566,40
2567,3
2568,0
2569,10
2570,0
2571,3
2572,10
2573,"23,38"
2574,"3,23"
2575,"23,10"
2576,3
2577,"23,24"
2578,"3,21"
2579,10
2580,"23,40"
2581,10
2582,0
2583,40
2584,3
2585,169
2586,40
2587,3
2588,3
2589,10
2590,3
2591,0
2592,"3,21"
2593,"10,11"
2594,3
2595,"169,199"
2596,23
2597,40
2598,40
2599,10
2600,23
2601,0
2602,40
2603,40
2604,3
2605,"26,23"
2606,0
2607,23
2608,"26,23"
2609,40
2610,"10,23"
2611,0
2612,"23,10"
2613,"40,145"
2614,23
2615,40
2616,"23,10,24"
2617,10
2618,0
2619,169
2620,40
2621,0
2622,10
2623,3
2624,3
2625,0
2626,40
2627,"3,21"
2628,10
2629,0
2630,23
2631,40
2632,"3,21"
2633,"10,23"
2634,"3,21"
2635,"169,199"
2636,0
2637,"3,21"
2638,3
2639,3
2640,"23,24,10"
2641,40
2642,"40,145"
2643,3
2644,3
2645,3
2646,169
2647,3
2648,"26,0"
2649,0
2650,"40,23"
2651,3
2652,10
2653,3
2654,40
2655,10
2656,40
2657,23
2658,10
2659,10
2660,"3,4"
2661,3
2662,3
2663,"10,23"
2664,169
2665,"26,23"
2666,3
2667,3
2668,3
2669,"23,10,24"
2670,23
2671,"10,11"
2672,3
2673,23
2674,"10,11"
2675,3
2676,40
2677,3
2678,3
2679,10
2680,0
2681,0
2682,"26,23"
2683,3
2684,0
2685,10
2686,"3,4"
2687,"169,199"
2688,3
2689,3
2690,40
2691,"169,199"
2692,40
2693,"40,23"
2694,3
2695,40
2696,23
2697,10
2698,40
2699,40
2700,40
2701,3
2702,10
2703,3
2704,40
2705,"169,199"
2706,"10,23"
2707,169
2708,0
2709,169
2710,3
2711,"23,40,38"
2712,0
2713,10
2714,3
2715,169
2716,0
2717,3
2718,0
2719,"169,199"
2720,"40,145"
2721,"23,26"
2722,0
2723,169
2724,"23,10,24"
2725,0
2726,"3,21"
2727,"10,23"
2728,10
2729,26
2730,40
2731,3
2732,23
2733,"40,145"
2734,10
2735,"40,145"
2736,"10,11"
2737,3
2738,"169,199"
2739,10
2740,40
2741,40
2742,40
2743,23
2744,3
2745,23
2746,10
2747,40
2748,40
2749,23
2750,"23,10,24"
2751,40
2752,3
2753,"3,53"
2754,"10,23"
2755,10
2756,0
2757,23
2758,10
2759,10
2760,"3,21"
2761,0
2762,23
2763,10
2764,3
2765,0
2766,40
2767,3
2768,40
2769,40
2770,"169,199"
2771,"10,11"
2772,40
2773,10
2774,3
2775,"10,11"
2776,23
2777,"3,4"
2778,0
2779,"26,23,0"
2780,3
2781,0
2782,0
2783,"40,145"
2784,3
2785,10
2786,"10,23"
2787,23
2788,"169,199"
2789,23
2790,40
2791,40
2792,3
2793,"169,199"
2794,3
2795,40
2796,40
2797,0
2798,3
2799,0
2800,40
2801,"169,199"
2802,10
2803,40
2804,"26,23"
2805,"10,23"
2806,40
2807,"3,21"
2808,"10,40"
2809,10
2810,0
2811,3
2812,0
2813,10
2814,3
2815,3
2816,"169,199"
2817,23
2818,3
2819,169
2820,3
2821,3
2822,23
2823,169
2824,"169,199"
2825,10
2826,3
2827,3
2828,23
2829,0
2830,3
2831,40
2832,"23,26"
2833,40
2834,"169,199"
2835,"3,21"
2836,23
2837,"40,145"
2838,"169,199"
2839,"169,199"
2840,3
2841,40
2842,"10,11"
2843,3
2844,3
2845,3
2846,10
2847,3
2848,0
2849,10
2850,169
2851,3
2852,23
2853,40
2854,"40,23"
2855,"3,21"
2856,3
2857,23
2858,"3,53"
2859,40
2860,3
2861,"23,26"
2862,3
2863,"3,21"
2864,"3,4"
2865,40
2866,"40,23"
2867,3
2868,169
2869,23
2870,0
2871,40
2872,10
2873,0
2874,40
2875,0
2876,40
2877,10
2878,0
2879,"3,4"
2880,0
2881,"23,24,10"
2882,169
2883,3
2884,0
2885,10
2886,"3,4"
2887,0
2888,40
2889,"40,10,145"
2890,10
2891,40
2892,3
2893,"26,23"
2894,23
2895,23
2896,0
2897,10
2898,3
2899,23
2900,40
2901,3
2902,"40,145"
2903,0
2904,"10,11"
2905,3
2906,0
2907,"3,21"
2908,3
2909,"10,23"
2910,23
2911,"23,26"
2912,0
2913,40
2914,0
2915,"10,23,24"
2916,0
2917,10
2918,10
2919,0
2920,10
2921,40
2922,3
2923,40
2924,40
2925,"169,199"
2926,3
2927,3
2928,40
2929,10
2930,40
2931,"23,10,24"
2932,23
2933,"3,21"
2934,10
2935,"3,4"
2936,"3,21"
2937,3
2938,10
2939,3
2940,"40,145,10"
2941,3
2942,40
2943,"23,10,24"
2944,40
2945,40
2946,"10,11"
2947,23
2948,"26,23"
2949,40
2950,3
2951,169
2952,169
2953,40
2954,"23,24"
2955,10
2956,3
2957,"10,11"
2958,0
2959,0
2960,"3,4"
2961,"10,23"
2962,"169,199"
2963,"23,24"
2964,0
2965,"10,40"
2966,40
2967,10
2968,"23,40"
2969,23
2970,40
2971,0
2972,23
2973,0
2974,"3,21"
2975,3
2976,3
2977,10
2978,3
2979,40
2980,10
2981,"10,40"
2982,40
2983,10
2984,"23,40"
2985,40
2986,10
2987,40
2988,23
2989,10
2990,"3,21"
2991,"10,11"
2992,23
2993,"40,10,145"
2994,"23,24"
2995,10
2996,"3,21"
2997,"3,21"
2998,23
2999,40
3000,23
3001,3
3002,"10,11"
3003,"26,23"
3004,169
3005,"3,4"
3006,"23,26"
3007,"40,169,199"
3008,23
3009,40
3010,"3,53"
3011,"10,11"
3012,"3,21"
3013,10
3014,0
3015,"40,3"
3016,23
3017,"23,40"
3018,10
3019,40
3020,"3,21"
3021,3
3022,"40,145"
3023,10
3024,3
3025,40
3026,23
3027,10
3028,"169,199"
3029,3
3030,0
3031,169
3032,3
3033,0
3034,23
3035,0
3036,3
3037,3
3038,3
3039,169
3040,"26,23"
3041,40
3042,"3,21"
3043,169
3044,3
3045,3
3046,23
3047,3
3048,"3,21"
3049,3
3050,40
3051,23
3052,0
3053,23
3054,3
3055,40
3056,169
3057,10
3058,3
3059,10
3060,"10,40"
3061,0
3062,3
3063,"23,24"
3064,"40,145"
3065,"169,199"
3066,23
3067,"23,26"
3068,0
3069,23
3070,0
3071,40
3072,10
3073,"169,199"
3074,169
3075,"3,40"
3076,"3,4"
3077,3
3078,"3,53"
3079,0
3080,3
3081,"23,40"
3082,"10,11"
3083,3
3084,10
3085,"3,21"
3086,"40,169,199"
3087,3
3088,"10,11"
3089,23
3090,"3,4"
3091,"10,11"
3092,"40,145,10"
3093,23
3094,"23,26"
3095,40
3096,40
3097,0
3098,0
3099,"23,26"
3100,3
3101,"3,21"
3102,23
3103,40
3104,40
3105,10
3106,10
3107,169
3108,3
3109,"169,199"
3110,"3,21"
3111,10
3112,"169,199"
3113,3
3114,3
3115,169
3116,"3,4"
3117,40
3118,3
3119,40
3120,23
3121,10
3122,"23,26"
3123,"169,199"
3124,10
3125,"169,199"
3126,10
3127,"3,53"
3128,10
3129,3
3130,"10,11"
3131,3
3132,"3,21"
3133,"169,199"
3134,3
3135,3
3136,"40,145"
3137,3
3138,3
3139,3
3140,3
3141,40
3142,3
3143,10
3144,0
3145,23
3146,10
3147,"3,21"
3148,23
3149,"3,21"
3150,3
3151,23
3152,40
3153,3
3154,40
3155,3
3156,3
3157,10
3158,0
3159,"23,24,10"
3160,"169,199"
3161,"3,4"
3162,23
3163,40
3164,"40,145"
3165,169
3166,0
3167,169
3168,3
3169,3
3170,3
3171,"169,40,199"
3172,23
3173,40
3174,169
3175,0
3176,0
3177,"26,23"
3178,23
3179,"26,23"
3180,"10,11"
3181,"3,4"
3182,3
3183,"23,10,24"
3184,3
3185,40
3186,23
3187,10
3188,"23,24"
3189,10
3190,"169,199"
3191,169
3192,"23,24"
3193,169
3194,40
3195,3
3196,169
3197,0
3198,"23,40"
3199,0
3200,23
3201,23
3202,0
3203,40
3204,"10,11"
3205,40
3206,"3,21"
3207,40
3208,40
3209,"3,40"
3210,"3,21"
3211,10
3212,"40,23"
3213,40
3214,"169,199"
3215,3
3216,10
3217,"23,26"
3218,40
3219,3
3220,169
3221,40
3222,0
3223,0
3224,23
3225,3
3226,23
3227,"26,23"
3228,40
3229,0
3230,0
3231,"169,40,199"
3232,"10,23,24"
3233,"40,23"
3234,"23,10,24"
3235,"3,21"
3236,40
3237,23
3238,10
3239,40
3240,"23,24,10"
3241,3
3242,10
3243,"169,199"
3244,"40,145"
3245,10
3246,"23,40"
3247,"10,11"
3248,10
3249,23
3250,10
3251,"3,21"
3252,"3,53"
3253,"40,145"
3254,"3,21"
3255,0
3256,0
3257,0
3258,3
3259,3
3260,3
3261,10
3262,10
3263,23
3264,23
3265,10
3266,"40,3"
3267,0
3268,0
3269,0
3270,"10,40"
3271,23
3272,0
3273,40
3274,"3,21"
3275,40
3276,"40,145"
3277,23
3278,"169,199"
3279,"3,21"
3280,169
3281,"3,21"
3282,"3,21"
3283,40
3284,0
3285,3
3286,23
3287,0
3288,3
3289,40
3290,3
3291,40
3292,"169,199"
3293,40
3294,"3,21"
3295,40
3296,"3,21"
3297,10
3298,3
3299,"3,21"
3300,3
3301,"23,40"
3302,"40,145"
3303,10
3304,"169,199"
3305,0
3306,0
3307,10
3308,0
3309,40
3310,0
3311,10
3312,"3,21"
3313,10
3314,40
3315,"23,24,10"
3316,0
3317,0
3318,3
3319,0
3320,3
3321,"169,199"
3322,"40,10,145"
3323,40
3324,3
3325,3
3326,3
3327,23
3328,10
3329,3
3330,"3,21"
3331,10
3332,0
3333,"3,21"
3334,"169,199"
3335,10
3336,3
3337,3
3338,"169,199"
3339,0
3340,"40,23"
3341,"23,10,24"
3342,"3,21"
3343,"3,21"
3344,"169,199"
3345,10
3346,"23,26"
3347,3
3348,0
3349,10
3350,169
3351,0
3352,"40,23"
3353,40
3354,40
3355,"3,4"
3356,40
3357,3
3358,40
3359,"26,23"
3360,0
3361,"40,145"
3362,"3,4"
3363,40
3364,40
3365,3
3366,"40,3"
3367,40
3368,0
3369,0
3370,0
3371,3
3372,3
3373,10
3374,40
3375,10
3376,"10,11"
3377,"23,40"
3378,"169,199"
3379,40
3380,40
3381,0
3382,"23,40"
3383,10
3384,40
3385,23
3386,40
3387,"169,199,40"
3388,0
3389,40
3390,"40,3"
3391,23
3392,"10,11"
3393,40
3394,3
3395,40
3396,"40,145"
3397,"10,11"
3398,23
3399,40
3400,"10,40,145"
3401,3
3402,"23,10,24"
3403,"26,0"
3404,10
3405,10
3406,10
3407,"3,21"
3408,10
3409,23
3410,"40,23"
3411,"40,169"
3412,"26,23"
3413,10
3414,"23,24"
3415,"23,10,24"
3416,23
3417,"40,145"
3418,10
3419,"23,40"
3420,10
3421,10
3422,"23,24"
3423,40
3424,0
3425,23
3426,0
3427,0
3428,3
3429,"40,145"
3430,3
3431,"169,199"
3432,"40,3"
3433,40
3434,"26,23"
3435,3
3436,0
3437,23
3438,"10,23"
3439,40
3440,40
3441,"40,145"
3442,0
3443,0
3444,23
3445,3
3446,40
3447,23
3448,40
3449,3
3450,0
3451,169
3452,0
3453,3
3454,3
3455,0
3456,3
3457,3
3458,0
3459,"10,23"
3460,40
3461,"26,23"
3462,40
3463,3
3464,"26,23"
3465,40
3466,10
3467,3
3468,"3,4"
3469,3
3470,3
3471,0
3472,"3,4"
3473,"40,145,10"
3474,10
3475,"10,11"
3476,0
3477,3
3478,23
3479,"10,11"
3480,"26,23"
3481,23
3482,3
3483,3
3484,"3,4"
3485,"3,21"
3486,3
3487,"169,199"
3488,169
3489,3
3490,23
3491,23
3492,3
3493,40
3494,"3,21"
3495,23
3496,"169,199"
3497,"23,24,10"
3498,"169,199"
3499,0
3500,0
3501,"3,21"
3502,40
3503,"40,145"
3504,"169,199"
3505,3
3506,"10,11"
3507,23
3508,10
3509,0
3510,0
3511,10
3512,"23,26"
3513,23
3514,3
3515,"10,23"
3516,"169,199"
3517,"10,11"
3518,40
3519,"40,145"
3520,"3,21"
3521,"10,11"
3522,"10,40,145"
3523,40
3524,3
3525,"40,10"
3526,169
3527,3
3528,"3,21"
3529,40
3530,3
3531,10
3532,23
3533,"10,23,24"
3534,3
3535,"169,199"
3536,3
3537,3
3538,3
3539,3
3540,"23,26"
3541,"23,24,10"
3542,0
3543,3
3544,40
3545,"26,23"
3546,0
3547,40
3548,40
3549,0
3550,23
3551,40
3552,0
3553,169
3554,3
3555,0
3556,3
3557,40
3558,23
3559,3
3560,"40,169"
3561,3
3562,3
3563,40
3564,10
3565,3
3566,3
3567,"23,40"
3568,"3,21"
3569,"3,169"
3570,40
3571,23
3572,10
3573,"169,199"
3574,3
3575,"10,11"
3576,"40,23"
3577,10
3578,"23,24,40"
3579,40
3580,10
3581,0
3582,"40,145"
3583,3
3584,169
3585,3
3586,"23,10,24"
3587,"3,21"
3588,40
3589,"23,26"
3590,10
3591,0
3592,169
3593,"26,23"
3594,23
3595,"10,23"
3596,169
3597,23
3598,"3,4"
3599,40
3600,3
3601,3
3602,3
3603,3
3604,3
3605,10
3606,0
3607,40
3608,"10,23"
3609,3
3610,"3,21"
3611,3
3612,10
3613,40
3614,3
3615,0
3616,10
3617,"10,40"
3618,169
3619,3
3620,0
3621,169
3622,"23,24"
3623,"3,4"
3624,"3,21"
3625,10
3626,23
3627,"10,40"
3628,40
3629,40
3630,"23,26"
3631,10
3632,"23,26"
3633,40
3634,26
3635,"3,4"
3636,"10,11"
3637,40
3638,3
3639,"40,145"
3640,"10,40"
3641,3
3642,"40,145,10"
3643,40
3644,"3,40"
3645,3
3646,"40,10,145"
3647,"3,53"
3648,169
3649,23
3650,169
3651,3
3652,23
3653,169
3654,23
3655,3
3656,"10,40,145"
3657,"10,40"
3658,3
3659,0
3660,"169,199"
3661,"40,10,145"
3662,0
3663,"3,21"
3664,"10,40,145"
3665,10
3666,"26,23"
3667,"10,11"
3668,3
3669,40
3670,"40,145"
3671,10
3672,"3,21"
3673,"3,4"
3674,"40,145"
3675,40
3676,23
3677,3
3678,0
3679,0
3680,"40,3"
3681,"3,21"
3682,169
3683,3
3684,"3,21"
3685,3
3686,40
3687,"0,26"
3688,40
3689,40
3690,"3,21"
3691,169
3692,"23,26"
3693,40
3694,23
3695,0
3696,"40,10,145"
3697,"3,23"
3698,3
3699,3
3700,0
3701,"3,21"
3702,"169,199"
3703,3
3704,3
3705,"169,199"
3706,"3,40"
3707,40
3708,"10,23"
3709,3
3710,3
3711,10
3712,3
3713,"23,10"
3714,10
3715,10
3716,0
3717,10
3718,23
3719,"10,40,145"
3720,3
3721,10
3722,23
3723,3
3724,23
3725,3
3726,"3,4"
3727,"26,23"
3728,"26,23"
3729,"23,40"
3730,23
3731,3
3732,0
3733,"10,40,11"
3734,23
3735,10
3736,169
3737,"23,26"
3738,23
3739,"3,21"
3740,10
3741,0
3742,23
3743,23
3744,0
3745,0
3746,10
3747,"3,4"
3748,23
3749,"10,40"
3750,3
3751,"40,23"
3752,0
3753,3
3754,"26,23"
3755,"169,199"
3756,3
3757,10
3758,"40,145"
3759,23
3760,23
3761,10
3762,10
3763,"23,24"
3764,40
3765,40
3766,23
3767,10
3768,10
3769,23
3770,"169,199"
3771,"3,21"
3772,"26,23"
3773,3
3774,0
3775,0
3776,23
3777,40
3778,"3,4"
3779,40
3780,"3,4"
3781,3
3782,40
3783,40
3784,3
3785,10
3786,3
3787,0
3788,0
3789,3
3790,3
3791,0
3792,0
3793,10
3794,10
3795,40
3796,10
3797,3
3798,169
3799,"23,26"
3800,"169,199"
3801,3
3802,"40,145"
3803,3
3804,"10,11"
3805,"26,23"
3806,"40,145"
3807,"10,23"
3808,40
3809,3
3810,23
3811,"40,10,145"
3812,3
3813,40
3814,"26,23"
3815,40
3816,3
3817,10
3818,3
3819,3
3820,"40,145"
3821,0
3822,"26,23"
3823,40
3824,10
3825,3
3826,"40,10,145"
3827,23
3828,"3,4"
3829,23
3830,0
3831,3
3832,"40,10,145"
3833,40
3834,3
3835,10
3836,0
3837,"3,4"
3838,0
3839,10
3840,0
3841,"40,145"
3842,"23,24,10"
3843,3
3844,0
3845,"3,21"
3846,10
3847,"169,199"
3848,"10,11"
3849,40
3850,3
3851,"40,10"
3852,40
3853,"169,199,40"
3854,0
3855,23
3856,169
3857,3
3858,3
3859,3
3860,"3,21,40"
3861,10
3862,3
3863,40
3864,"3,169"
3865,10
3866,"40,131"
3867,169
3868,23
3869,0
3870,23
3871,"10,11"
3872,169
3873,40
3874,40
3875,23
3876,0
3877,"3,21"
3878,3
3879,0
3880,"10,11"
3881,23
3882,3
3883,"40,145"
3884,0
3885,3
3886,0
3887,23
3888,3
3889,169
3890,"10,11"
3891,23
3892,0
3893,"3,4"
3894,40
3895,3
3896,3
3897,"169,199"
3898,23
3899,"26,23"
3900,40
3901,0
3902,23
3903,0
3904,"40,23"
3905,"23,26"
3906,0
3907,0
3908,"23,26"
3909,"169,199"
3910,"40,10,145"
3911,40
3912,3
3913,10
3914,10
3915,23
3916,10
3917,"3,21"
3918,"40,10,145"
3919,40
3920,3
3921,"10,11"
3922,"23,24"
3923,40
3924,"23,24,10"
3925,"23,24,10"
3926,3
3927,23
3928,"3,21"
3929,40
3930,3
3931,"10,11"
3932,10
3933,10
3934,40
3935,0
3936,3
3937,"23,24"
3938,10
3939,40
3940,"40,10,145"
3941,"23,24"
3942,0
3943,40
3944,0
3945,169
3946,"10,40,145"
3947,10
3948,"23,40"
3949,10
3950,"26,0"
3951,3
3952,23
3953,"10,11"
3954,"40,10,145"
3955,10
3956,3
3957,0
3958,40
3959,"40,23"
3960,"23,10,24"
3961,23
3962,"3,21"
3963,"10,0"
3964,"40,23"
3965,23
3966,0
3967,10
3968,23
3969,0
3970,"3,53"
3971,23
3972,3
3973,3
3974,0
3975,0
3976,"3,4"
3977,3
3978,23
3979,0
3980,10
3981,"10,11"
3982,0
3983,0
3984,0
3985,169
3986,"40,145"
3987,"40,145"
3988,40
3989,40
3990,23
3991,40
3992,40
3993,0
3994,"40,10"
3995,10
3996,23
3997,"3,4"
3998,3
3999,169
4000,"26,0"
4001,0
4002,3
4003,3
4004,"3,4"
4005,40
4006,169
4007,40
4008,0
4009,23
4010,23
4011,23
4012,10
4013,"3,21"
4014,3
4015,3
4016,10
4017,0
4018,169
4019,3
4020,169
4021,0
4022,"23,24,10"
4023,"23,26"
4024,"3,21"
4025,"3,21"
4026,3
4027,3
4028,10
4029,3
4030,"169,199"
4031,"3,53"
4032,0
4033,"23,24"
4034,3
4035,23
4036,"3,4"
4037,23
4038,23
4039,3
4040,"10,40,145"
4041,3
4042,3
4043,40
4044,"3,21"
4045,"10,11"
4046,0
4047,3
4048,0
4049,0
4050,0
4051,"10,40"
4052,"3,21"
4053,"169,199"
4054,0
4055,"40,145,10"
4056,40
4057,"40,23"
4058,23
4059,0
4060,3
4061,169
4062,40
4063,10
4064,10
4065,3
4066,3
4067,3
4068,3
4069,10
4070,10
4071,3
4072,40
4073,40
4074,0
4075,40
4076,"40,10"
4077,0
4078,3
4079,0
4080,"40,145,10"
4081,"10,11"
4082,"23,24"
4083,169
4084,40
4085,"23,26"
4086,40
4087,3
4088,23
4089,"169,199"
4090,23
4091,23
4092,"40,3"
4093,3
4094,40
4095,23
4096,10
4097,40
4098,3
4099,23
4100,"10,11"
4101,40
4102,"23,10"
4103,0
4104,"23,40"
4105,"40,169,199"
4106,"26,23"
4107,"23,24"
4108,10
4109,3
4110,40
4111,40
4112,"10,11"
4113,"40,145"
4114,"40,145,10"
4115,"10,11"
4116,3
4117,10
4118,"23,38"
4119,40
4120,"3,4"
4121,10
4122,3
4123,0
4124,"23,26"
4125,23
4126,3
4127,40
4128,"23,26"
4129,"40,145,23"
4130,23
4131,40
4132,3
4133,40
4134,0
4135,"3,53"
4136,3
4137,3
4138,3
4139,0
4140,"3,4"
4141,40
4142,"26,23"
4143,40
4144,40
4145,"40,145"
4146,40
4147,40
4148,23
4149,"169,199,40"
4150,169
4151,3
4152,10
4153,169
4154,40
4155,40
4156,0
4157,10
4158,"3,21"
4159,"40,23"
4160,0
4161,0
4162,40
4163,3
4164,10
4165,3
4166,10
4167,"23,26"
4168,"169,199,40"
4169,3
4170,3
4171,"3,40"
4172,3
4173,0
4174,23
4175,3
4176,0
4177,"3,21"
4178,"10,23"
4179,0
4180,0
4181,40
4182,23
4183,10
4184,10
4185,10
4186,"23,24"
4187,23
4188,10
4189,10
4190,23
4191,23
4192,10
4193,0
4194,3
4195,169
4196,0
4197,40
4198,"3,4"
4199,23
4200,"3,40"
4201,10
4202,0
4203,40
4204,"40,10,145"
4205,10
4206,"23,26"
4207,23
4208,"10,11,40"
4209,"3,4"
4210,23
4211,10
4212,169
4213,23
4214,0
4215,10
4216,3
4217,0
4218,0
4219,169
4220,40
4221,23
4222,0
4223,3
4224,"3,17"
4225,3
4226,23
4227,23
4228,3
4229,40
4230,3
4231,0
4232,"40,145,10"
4233,"40,145"
4234,3
4235,40
4236,"23,10,24"
4237,3
4238,"23,24,10"
4239,"26,23"
4240,"23,24"
4241,"3,21"
4242,3
4243,10
4244,"3,21"
4245,"23,26,0"
4246,0
4247,40
4248,3
4249,23
4250,3
4251,10
4252,169
4253,"23,40"
4254,"10,40,11"
4255,3
4256,40
4257,"10,11"
4258,"3,4"
4259,3
4260,0
4261,3
4262,3
4263,40
4264,3
4265,"26,23"
4266,"3,4"
4267,10
4268,3
4269,"23,24,40"
4270,"10,11"
4271,3
4272,3
4273,0
4274,23
4275,"169,199"
4276,"169,199"
4277,169
4278,"3,21"
4279,3
4280,3
4281,169
4282,"23,10,24"
4283,"169,199"
4284,40
4285,23
4286,10
4287,40
4288,10
4289,10
4290,10
4291,23
4292,"40,145"
4293,"10,40,23"
4294,3
4295,40
4296,"23,26"
4297,0
4298,40
4299,"23,24"
4300,"10,40"
4301,169
4302,40
4303,10
4304,23
4305,0
4306,"10,11"
4307,40
4308,23
4309,"23,10,24"
4310,"10,23"
4311,"169,199"
4312,40
4313,40
4314,10
4315,3
4316,23
4317,"26,23"
4318,"23,26"
4319,23
4320,23
4321,40
4322,"10,40,145"
4323,"23,40"
4324,"169,199"
4325,"23,10,24"
4326,0
4327,"26,23"
4328,10
4329,40
4330,"26,23"
4331,3
4332,"23,10,24"
4333,"3,21"
4334,40
4335,10
4336,10
4337,3
4338,3
4339,"3,53"
4340,3
4341,23
4342,40
4343,40
4344,"40,145,10"
4345,"3,4"
4346,169
4347,"10,11"
4348,169
4349,"3,21"
4350,3
4351,10
4352,"10,23"
4353,23
4354,0
4355,169
4356,"3,21"
4357,40
4358,3
4359,40
4360,40
4361,"169,199"
4362,"10,11"
4363,0
4364,"23,26,0"
4365,40
4366,3
4367,23
4368,23
4369,0
4370,"3,21"
4371,3
4372,"10,11"
4373,23
4374,40
4375,"3,21"
4376,23
4377,40
4378,"3,21"
4379,3
4380,"3,4"
4381,10
4382,23
4383,40
4384,"3,21"
4385,3
4386,10
4387,"3,4"
4388,10
4389,"40,145"
4390,40
4391,"10,40"
4392,23
4393,23
4394,"169,199"
4395,10
4396,10
4397,3
4398,23
4399,"3,21"
4400,"26,23"
4401,23
4402,40
4403,10
4404,"40,10,145"
4405,3
4406,23
4407,"10,23"
4408,"169,199"
4409,40
4410,"23,26"
4411,23
4412,169
4413,"3,21"
4414,3
4415,3
4416,40
4417,0
4418,10
4419,"3,21"
4420,"23,10"
4421,40
4422,"3,21"
4423,"23,24"
4424,0
4425,10
4426,0
4427,"23,24"
4428,10
4429,0
4430,"3,21"
4431,3
4432,"10,11"
4433,"169,199"
4434,40
4435,40
4436,3
4437,"3,4"
4438,0
4439,"26,23"
4440,"23,26"
4441,"23,24"
4442,23
4443,3
4444,0
4445,10
4446,"40,145"
4447,"10,40"
4448,40
4449,10
4450,3
4451,23
4452,"169,199"
4453,"23,10,40"
4454,10
4455,40
4456,40
4457,10
4458,"26,23"
4459,40
4460,10
4461,40
4462,10
4463,3
4464,10
4465,"169,199"
4466,3
4467,10
4468,40
4469,23
4470,"3,21"
4471,0
4472,0
4473,"10,11"
4474,"3,21"
4475,10
4476,"169,199"
4477,169
4478,3
4479,3
4480,0
4481,40
4482,"3,40"
4483,40
4484,0
4485,"10,23"
4486,3
4487,23
4488,3
4489,40
4490,10
4491,169
4492,0
4493,0
4494,0
4495,3
4496,0
4497,40
4498,40
4499,3
4500,0
4501,40
4502,3
4503,"23,24,10"
4504,23
4505,"26,23"
4506,"23,24"
4507,10
4508,0
4509,23
4510,3
4511,"23,40"
4512,"10,11"
4513,0
4514,3
4515,3
4516,40
4517,0
4518,40
4519,40
4520,40
4521,40
4522,"23,26"
4523,"23,10"
4524,23
4525,"3,21"
4526,0
4527,40
4528,0
4529,"10,11"
4530,"3,4"
4531,3
4532,40
4533,0
4534,"10,40,11"
4535,3
4536,3
4537,10
4538,"10,40"
4539,40
4540,10
4541,3
4542,40
4543,"169,199"
4544,23
4545,3
4546,"3,21"
4547,40
4548,3
4549,40
4550,3
4551,"23,24"
4552,10
4553,23
4554,"169,199"
4555,"40,145,10"
4556,"40,145"
4557,"3,21"
4558,"3,21"
4559,"40,23"
4560,3
4561,40
4562,10
4563,3
4564,"10,11"
4565,40
4566,23
4567,169
4568,23
4569,3
4570,"10,23"
4571,"10,11"
4572,169
4573,"23,10,24"
4574,"23,10,24"
4575,40
4576,"10,11"
4577,10
4578,0
4579,3
4580,"169,199"
4581,"26,23"
4582,"169,199"
4583,23
4584,3
4585,23
4586,3
4587,"40,145,10"
4588,3
4589,0
4590,"26,23"
4591,"3,21"
4592,3
4593,40
4594,23
4595,"3,21"
4596,169
4597,"26,23"
4598,3
4599,10
4600,10
4601,"26,23"
4602,3
4603,40
4604,10
4605,40
4606,40
4607,0
4608,23
4609,10
4610,40
4611,169
4612,0
4613,3
4614,169
4615,3
4616,"3,53"
4617,40
4618,23
4619,23
4620,40
4621,10
4622,0
4623,"3,21"
4624,40
4625,3
4626,10
4627,"3,21"
4628,3
4629,"10,11"
4630,10
4631,40
4632,"23,26"
4633,23
4634,3
4635,169
4636,40
4637,40
4638,40
4639,"23,26"
4640,3
4641,"3,21"
4642,23
4643,23
4644,"3,21"
4645,10
4646,23
4647,169
4648,10
4649,"3,21"
4650,10
4651,40
4652,"169,199"
4653,"23,24"
4654,10
4655,3
4656,3
4657,"10,11"
4658,"23,26"
4659,0
4660,0
4661,"169,199"
4662,3
4663,40
4664,"40,145"
4665,"10,11"
4666,"10,40"
4667,3
4668,0
4669,"23,26"
4670,"169,199"
4671,23
4672,0
4673,23
4674,"3,21"
4675,40
4676,169
4677,169
4678,40
4679,"26,23"
4680,23
4681,3
4682,169
4683,"169,199"
4684,"3,21"
4685,10
4686,23
4687,3
4688,0
4689,40
4690,0
4691,0
4692,"3,21"
4693,3
4694,"23,26"
4695,23
4696,"3,4"
4697,3
4698,"40,145"
4699,10
4700,"169,199"
4701,169
4702,3
4703,10
4704,23
4705,0
4706,3
4707,40
4708,169
4709,40
4710,169
4711,10
4712,10
4713,23
4714,23
4715,0
4716,"10,11"
4717,0
4718,3
4719,0
4720,23
4721,"40,169,199"
4722,"23,26"
4723,40
4724,0
4725,40
4726,23
4727,"3,4"
4728,23
4729,3
4730,3
4731,3
4732,3
4733,"40,10,145"
4734,10
4735,10
4736,3
4737,3
4738,"169,199"
4739,10
4740,3
4741,"3,53"
4742,3
4743,169
4744,3
4745,3
4746,3
4747,"40,23"
4748,40
4749,"10,40,145"
4750,10
4751,0
4752,23
4753,169
4754,40
4755,0
4756,40
4757,0
4758,"3,21"
4759,3
4760,3
4761,3
4762,"3,21"
4763,23
4764,40
4765,3
4766,40
4767,0
4768,"10,11"
4769,0
4770,40
4771,3
4772,"10,40,145"
4773,3
4774,3
4775,"3,21"
4776,3
4777,"3,21"
4778,0
4779,10
4780,3
4781,"40,145"
4782,23
4783,10
4784,3
4785,3
4786,"23,26"
4787,3
4788,"3,40"
4789,"26,23"
4790,"10,40,145"
4791,"3,21"
4792,0
4793,23
4794,3
4795,23
4796,0
4797,3
4798,0
4799,"169,199"
4800,40
4801,3
4802,10
4803,40
4804,"169,199"
4805,3
4806,0
4807,3
4808,23
4809,"23,10,24"
4810,"10,11"
4811,40
4812,3
4813,10
4814,"23,24"
4815,10
4816,169
4817,0
4818,"23,10"
4819,3
4820,"169,199"
4821,0
4822,3
4823,"40,23,24"
4824,3
4825,23
4826,"40,10,145"
4827,"10,11"
4828,40
4829,3
4830,10
4831,"26,23"
4832,0
4833,40
4834,0
4835,3
4836,"40,145,10"
4837,"40,145"
4838,3
4839,"3,21"
4840,169
4841,"169,199"
4842,3
4843,"23,10"
4844,"10,11"
4845,3
4846,3
4847,10
4848,3
4849,"40,145,10"
4850,0
4851,40
4852,40
4853,"40,145"
4854,3
4855,"23,10,24"
4856,40
4857,10
4858,"23,24"
4859,10
4860,3
4861,10
4862,40
4863,169
4864,"3,40"
4865,40
4866,"23,24"
4867,3
4868,3
4869,0
4870,10
4871,"169,199"
4872,10
4873,"169,199,40"
4874,23
4875,3
4876,3
4877,0
4878,40
4879,0
4880,"40,145"
4881,23
4882,10
4883,3
4884,0
4885,"40,23"
4886,"3,21"
4887,3
4888,3
4889,"169,199"
4890,10
4891,"169,199"
4892,3
4893,0
4894,"40,145,10"
4895,0
4896,10
4897,23
4898,"3,21"
4899,"3,21"
4900,"3,21"
4901,"10,11"
4902,169
4903,"169,199"
4904,40
4905,"169,199"
4906,10
4907,0
4908,3
4909,3
4910,23
4911,10
4912,"3,21"
4913,"23,10,24"
4914,10
4915,3
4916,10
4917,0
4918,23
4919,"23,26,38"
4920,3
4921,"23,26"
4922,10
4923,0
4924,3
4925,40
4926,10
4927,"3,21"
4928,"10,11"
4929,40
4930,40
4931,3
4932,40
4933,10
4934,10
4935,23
4936,10
4937,"169,199"
4938,40
4939,0
4940,169
4941,0
4942,23
4943,"23,26"
4944,"23,24"
4945,10
4946,40
4947,10
4948,40
4949,"40,10"
4950,3
4951,"26,23"
4952,0
4953,"3,4"
4954,40
4955,"40,10,145"
4956,10
4957,"26,23"
4958,10
4959,"40,10,145"
4960,"169,199"
4961,3
4962,3
4963,3
4964,0
4965,"3,21"
4966,"10,40,145"
4967,3
4968,23
4969,10
4970,23
4971,10
4972,10
4973,"3,21"
4974,"3,4"
4975,"23,24,10"
4976,"3,21"
4977,3
4978,23
4979,0
4980,0
4981,"40,145"
4982,"169,199"
4983,40
4984,"3,21"
4985,3
4986,23
4987,40
4988,0
4989,40
4990,23
4991,"10,11"
4992,3
4993,3
4994,40
4995,10
4996,23
4997,169
4998,10
4999,10
5000,"10,40"
5001,"3,4"
5002,3
5003,"23,40"
5004,"40,3"
5005,169
5006,"23,26"
5007,"169,199"
5008,40
5009,40
5010,23
5011,0
5012,"40,10"
5013,"3,4"
5014,23
5015,10
5016,10
5017,"3,4"
5018,40
5019,169
5020,40
5021,"10,11"
5022,10
5023,169
5024,3
5025,"3,21"
5026,0
5027,40
5028,3
5029,3
5030,0
5031,"3,4"
5032,"40,169,199"
5033,"169,199"
5034,3
5035,0
5036,3
5037,169
5038,169
5039,40
5040,"23,24,10"
5041,10
5042,"23,26"
5043,10
5044,10
5045,40
5046,3
5047,"3,4"
5048,23
5049,3
5050,3
5051,40
5052,40
5053,3
5054,23
5055,3
5056,10
5057,3
5058,"40,10,145"
5059,3
5060,3
5061,"3,21"
5062,169
5063,"3,21"
5064,0
5065,3
5066,0
5067,3
5068,40
5069,"3,4"
5070,0
5071,10
5072,"40,145,10"
5073,40
5074,3
5075,3
5076,"3,21"
5077,3
5078,10
5079,40
5080,10
5081,10
5082,23
5083,169
5084,"10,40"
5085,"3,21"
5086,40
5087,"3,17"
5088,40
5089,3
5090,"169,199"
5091,"23,24,40"
5092,10
5093,10
5094,"10,11"
5095,23
5096,"10,11"
5097,10
5098,0
5099,"40,10,145"
5100,169
5101,40
5102,169
5103,40
5104,23
5105,"169,199"
5106,3
5107,3
5108,3
5109,3
5110,"3,21"
5111,40
5112,3
5113,3
5114,"3,21"
5115,10
5116,"169,199"
5117,0
5118,3
5119,3
5120,3
5121,10
5122,3
5123,3
5124,10
5125,"40,10,145"
5126,40
5127,169
5128,40
5129,40
5130,10
5131,"40,23"
5132,23
5133,10
5134,"40,10,145"
5135,0
5136,"40,3"
5137,3
5138,0
5139,0
5140,10
5141,10
5142,10
5143,"169,199"
5144,"26,23"
5145,3
5146,3
5147,"10,40"
5148,0
5149,"3,21"
5150,10
5151,3
5152,10
5153,40
5154,"10,11"
5155,"10,40,145"
5156,3
5157,"3,21"
5158,40
5159,23
5160,"3,4"
5161,3
5162,"169,199"
5163,10
5164,169
5165,0
5166,23
5167,3
5168,10
5169,23
5170,0
5171,40
5172,"3,21"
5173,3
5174,"23,40,24"
5175,"3,53"
5176,3
5177,3
5178,169
5179,"23,10,24"
5180,"10,11"
5181,3
5182,10
5183,"26,23"
5184,"10,11"
5185,23
5186,"3,21"
5187,"23,26"
5188,3
5189,40
5190,3
5191,169
5192,"10,40,145"
5193,23
5194,3
5195,"23,10"
5196,"10,11"
5197,"10,23"
5198,40
5199,0
5200,169
5201,3
5202,40
5203,"23,26"
5204,23
5205,40
5206,3
5207,3
5208,0
5209,"3,21"
5210,23
5211,"40,145"
5212,"169,199"
5213,40
5214,3
5215,"40,10,145"
5216,"40,10"
5217,40
5218,169
5219,10
5220,40
5221,"3,21"
5222,"10,23,24"
5223,23
5224,40
5225,169
5226,"23,26"
5227,10
5228,0
5229,"10,11"
5230,"26,23"
5231,0
5232,3
5233,"3,40,21"
5234,40
5235,"40,145"
5236,169
5237,"169,199"
5238,10
5239,"169,199"
5240,"10,11"
5241,3
5242,"23,26"
5243,10
5244,23
5245,"3,21"
5246,40
5247,3
5248,169
5249,40
5250,40
5251,23
5252,"3,21"
5253,3
5254,23
5255,0
5256,"169,199"
5257,"40,145"
5258,"10,40,145"
5259,0
5260,"26,23"
5261,23
5262,10
5263,"23,26"
5264,"23,24"
5265,10
5266,169
5267,169
5268,"3,4"
5269,"3,21"
5270,0
5271,40
5272,10
5273,40
5274,40
5275,"23,40"
5276,0
5277,"26,23"
5278,169
5279,"3,21"
5280,"23,26"
5281,"23,40"
5282,23
5283,23
5284,0
5285,3
5286,3
5287,"3,53"
5288,3
5289,40
5290,"3,21"
5291,3
5292,23
5293,0
5294,"23,26"
5295,169
5296,40
5297,23
5298,169
5299,10
5300,"23,24,10"
5301,40
5302,169
5303,"23,10,24"
5304,"23,24"
5305,40
5306,3
5307,40
5308,"40,145"
5309,10
5310,23
5311,"10,11"
5312,"3,40"
5313,"26,23"
5314,0
5315,"40,145,10"
5316,0
5317,3
5318,0
5319,3
5320,3
5321,40
5322,3
5323,0
5324,40
5325,40
5326,3
5327,"169,199"
5328,"3,17"
5329,23
5330,40
5331,40
5332,23
5333,3
5334,40
5335,3
5336,"169,199"
5337,23
5338,"169,199"
5339,40
5340,"169,199"
5341,169
5342,"3,21"
5343,"40,169"
5344,"10,40"
5345,23
5346,10
5347,"23,26"
5348,"0,23,26"
5349,"40,23"
5350,169
5351,"3,21"
5352,40
5353,"10,11"
5354,"10,40"
5355,40
5356,3
5357,23
5358,3
5359,23
5360,"23,26"
5361,"3,21"
5362,23
5363,3
5364,10
5365,3
5366,3
5367,"169,199"
5368,169
5369,"3,21"
5370,"3,4"
5371,10
5372,0
5373,0
5374,10
5375,40
5376,"169,199"
5377,"169,199"
5378,"3,4"
5379,10
5380,23
5381,40
5382,10
5383,0
5384,40
5385,0
5386,23
5387,"3,10"
5388,"10,11"
5389,40
5390,"40,145,10"
5391,10
5392,169
5393,3
5394,"40,145,10"
5395,"23,40"
5396,23
5397,0
5398,0
5399,"26,0"
5400,"3,21"
5401,"169,199"
5402,"10,23,24"
5403,40
5404,0
5405,40
5406,40
5407,"26,23"
5408,169
5409,3
5410,0
5411,169
5412,169
5413,10
5414,0
5415,10
5416,3
5417,3
5418,"10,11"
5419,"40,145"
5420,3
5421,"3,21"
5422,"3,21"
5423,3
5424,10
5425,169
5426,"3,40"
5427,"23,24"
5428,10
5429,10
5430,3
5431,"3,4"
5432,23
5433,3
5434,0
5435,10
5436,23
5437,0
5438,"23,26"
5439,"40,145"
5440,"23,26"
5441,23
5442,0
5443,0
5444,3
5445,"40,145"
5446,0
5447,"40,145"
5448,10
5449,40
5450,10
5451,3
5452,169
5453,3
5454,0
5455,40
5456,0
5457,3
5458,23
5459,3
5460,3
5461,"10,23,24"
5462,40
5463,"3,21"
5464,3
5465,23
5466,0
5467,169
5468,"23,10,24"
5469,0
5470,"26,0"
5471,169
5472,23
5473,0
5474,0
5475,3
5476,3
5477,10
5478,"23,40"
5479,169
5480,"169,199"
5481,3
5482,"169,199"
5483,0
5484,"3,21,53"
5485,169
5486,3
5487,"169,199"
5488,23
5489,169
5490,"3,21"
5491,10
5492,"3,21"
5493,10
5494,3
5495,0
5496,40
5497,"26,23"
5498,3
5499,3
5500,"10,11"
5501,"10,23"
5502,23
5503,10
5504,23
5505,40
5506,0
5507,0
5508,0
5509,169
5510,"3,21"
5511,"3,21"
5512,"169,199,40"
5513,3
5514,10
5515,"40,145"
5516,40
5517,10
5518,40
5519,"3,21"
5520,23
5521,"26,23"
5522,23
5523,3
5524,10
5525,3
5526,23
5527,0
5528,3
5529,"10,11"
5530,3
5531,"40,145,10"
5532,23
5533,169
5534,3
5535,0
5536,3
5537,3
5538,169
5539,"10,11"
5540,23
5541,"10,23"
5542,3
5543,0
5544,23
5545,3
5546,"23,10,24"
5547,3
5548,3
5549,"10,11"
5550,40
5551,"40,169,199"
5552,0
5553,169
5554,0
5555,"23,10,24"
5556,23
5557,23
5558,0
5559,"23,26"
5560,3
5561,3
5562,"10,11"
5563,10
5564,"23,10,24"
5565,0
5566,"40,10,145"
5567,169
5568,3
5569,40
5570,10
5571,"23,10,24"
5572,169
5573,"3,21"
5574,40
5575,23
5576,"169,199"
5577,0
5578,0
5579,10
5580,40
5581,"10,11"
5582,3
5583,40
5584,40
5585,"40,23,145"
5586,"40,169"
5587,10
5588,40
5589,"3,21"
5590,0
5591,23
5592,40
5593,40
5594,10
5595,"23,26"
5596,0
5597,169
5598,40
5599,0
5600,3
5601,"10,40"
5602,"3,21"
5603,"23,26"
5604,23
5605,10
5606,10
5607,"23,26"
5608,10
5609,"10,23"
5610,"3,4"
5611,0
5612,0
5613,"3,53"
5614,"26,23"
5615,3
5616,10
5617,0
5618,"26,0"
5619,3
5620,10
5621,10
5622,40
5623,0
5624,0
5625,3
5626,"40,145"
5627,40
5628,40
5629,3
5630,10
5631,"3,53"
5632,40
5633,169
5634,"169,199,40"
5635,10
5636,"169,199"
5637,"26,23"
5638,"10,11"
5639,3
5640,40
5641,0
5642,"169,199"
5643,40
5644,"169,199"
5645,"26,23"
5646,"10,40"
5647,10
5648,23
5649,23
5650,3
5651,169
5652,0
5653,"23,38"
5654,"3,4"
5655,"0,26"
5656,3
5657,"3,21"
5658,3
5659,3
5660,40
5661,10
5662,"40,145,10"
5663,"26,23"
5664,0
5665,0
5666,40
5667,40
5668,23
5669,"10,40"
5670,0
5671,10
5672,"40,10,23"
5673,40
5674,10
5675,3
5676,3
5677,169
5678,23
5679,"3,21"
5680,0
5681,10
5682,"3,21"
5683,"10,40,145"
5684,40
5685,3
5686,3
5687,"10,11"
5688,0
5689,"3,21,40"
5690,10
5691,40
5692,3
5693,23
5694,"23,26"
5695,"23,26"
5696,"10,23"
5697,"3,4"
5698,"23,40,24"
5699,3
5700,40
5701,169
5702,"3,21"
5703,10
5704,10
5705,"3,53"
5706,3
5707,40
5708,"169,199"
5709,40
5710,10
5711,0
5712,0
5713,10
5714,40
5715,0
5716,169
5717,"10,11"
5718,3
5719,40
5720,40
5721,"3,21"
5722,10
5723,40
5724,10
5725,3
5726,0
5727,3
5728,169
5729,"23,24,40"
5730,10
5731,0
5732,0
5733,23
5734,40
5735,3
5736,23
5737,"23,40"
5738,"3,21"
5739,10
5740,"3,4"
5741,"23,24"
5742,10
5743,"3,4"
5744,0
5745,3
5746,10
5747,40
5748,10
5749,10
5750,10
5751,40
5752,"169,199,40"
5753,"40,23,10"
5754,40
5755,"23,10,24"
5756,"169,199"
5757,3
5758,40
5759,0
5760,10
5761,40
5762,3
5763,10
5764,"3,4"
5765,3
5766,"10,11"
5767,40
5768,23
5769,"169,199"
5770,3
5771,"23,26"
5772,10
5773,10
5774,"3,21"
5775,"10,40,145"
5776,"40,145,10"
5777,3
5778,3
5779,"3,21"
5780,26
5781,"3,21"
5782,"40,10,145"
5783,3
5784,3
5785,40
5786,"169,199"
5787,10
5788,23
5789,23
5790,"23,26"
5791,"23,40"
5792,10
5793,3
5794,10
5795,0
5796,"169,199"
5797,"40,145,10"
5798,23
5799,23
5800,"10,11"
5801,40
5802,23
5803,"10,23"
5804,23
5805,0
5806,0
5807,0
5808,3
5809,23
5810,"10,11"
5811,3
5812,"169,199"
5813,"3,21"
5814,0
5815,"26,23"
5816,3
5817,40
5818,23
5819,"169,199"
5820,10
5821,0
5822,0
5823,23
5824,10
5825,"23,24"
5826,23
5827,3
5828,10
5829,"10,23"
5830,"23,10"
5831,"3,21"
5832,23
5833,"23,26"
5834,"23,26"
5835,40
5836,"3,4"
5837,10
5838,3
5839,10
5840,40
5841,40
5842,"10,11"
5843,"169,199"
5844,"3,21"
5845,0
5846,3
5847,"3,21"
5848,0
5849,169
5850,10
5851,10
5852,23
5853,3
5854,169
5855,40
5856,0
5857,40
5858,3
5859,0
5860,10
5861,"23,40"
5862,"40,145,10"
5863,"3,4"
5864,"40,10,145"
5865,40
5866,23
5867,10
5868,"10,23"
5869,3
5870,3
5871,0
5872,10
5873,"10,11"
5874,"3,21"
5875,40
5876,3
5877,3
5878,0
5879,"40,3"
5880,40
5881,3
5882,40
5883,"169,199"
5884,23
5885,0
5886,10
5887,"10,11"
5888,"23,24,10"
5889,40
5890,"23,24"
5891,3
5892,0
5893,"3,21"
5894,23
5895,0
5896,3
5897,"3,4"
5898,3
5899,"169,23"
5900,40
5901,"40,169,199"
5902,"40,3"
5903,169
5904,23
5905,3
5906,"10,11"
5907,40
5908,169
5909,10
5910,0
5911,40
5912,23
5913,40
5914,0
5915,"23,24"
5916,40
5917,40
5918,40
5919,3
5920,"40,10,145"
5921,23
5922,0
5923,"10,23,24"
5924,0
5925,3
5926,10
5927,3
5928,3
5929,"3,4"
5930,169
5931,"10,11"
5932,10
5933,"3,21"
5934,3
5935,"169,199"
5936,"10,0"
5937,40
5938,"23,26"
5939,40
5940,0
5941,10
5942,3
5943,10
5944,"3,4"
5945,40
5946,23
5947,"26,23"
5948,10
5949,0
5950,"40,145,10"
5951,0
5952,169
5953,"3,21"
5954,40
5955,40
5956,3
5957,3
5958,3
5959,0
5960,3
5961,40
5962,3
5963,"40,10,145"
5964,3
5965,"0,10"
5966,40
5967,"23,40,24"
5968,3
5969,"169,199"
5970,40
5971,169
5972,"23,10,24"
5973,0
5974,"3,21"
5975,23
5976,"40,3"
5977,10
5978,3
5979,10
5980,"23,10"
5981,0
5982,0
5983,"10,11"
5984,169
5985,"3,4"
5986,40
5987,0
5988,"26,23"
5989,"3,21"
5990,3
5991,0
5992,0
5993,10
5994,40
5995,10
5996,"3,4"
5997,10
5998,3
5999,40
6000,10
6001,3
6002,3
6003,0
6004,23
6005,10
6006,40
6007,23
6008,3
6009,"3,21"
6010,10
6011,3
6012,10
6013,10
6014,3
6015,3
6016,3
6017,40
6018,0
6019,3
6020,"10,23"
6021,0
6022,0
6023,"3,21"
6024,0
6025,10
6026,"3,21"
6027,0
6028,3
6029,40
6030,3
6031,23
6032,0
6033,"40,145"
6034,3
6035,40
6036,"40,145,10"
6037,23
6038,"26,23"
6039,3
6040,40
6041,40
6042,3
6043,"40,169,199"
6044,0
6045,40
6046,10
6047,"23,10,24"
6048,"40,10,145"
6049,"23,40"
6050,23
6051,"40,23"
6052,"3,10"
6053,40
6054,40
6055,"10,3"
6056,3
6057,0
6058,40
6059,23
6060,40
6061,40
6062,"23,40"
6063,40
6064,"3,21"
6065,23
6066,3
6067,23
6068,169
6069,"3,4"
6070,3
6071,3
6072,0
6073,169
6074,3
6075,40
6076,"40,145"
6077,0
6078,"169,40"
6079,"10,23,24"
6080,10
6081,3
6082,0
6083,0
6084,"23,26"
6085,10
6086,40
6087,23
6088,"23,10,24"
6089,"23,24,10"
6090,10
6091,10
6092,"169,199"
6093,40
6094,"23,40"
6095,"26,23"
6096,"3,21"
6097,10
6098,"3,4"
6099,10
6100,0
6101,40
6102,169
6103,0
6104,169
6105,169
6106,0
6107,40
6108,"10,11"
6109,3
6110,"10,11"
6111,23
6112,40
6113,169
6114,10
6115,169
6116,0
6117,0
6118,23
6119,"10,11"
6120,0
6121,"40,10,145"
6122,3
6123,40
6124,"3,21"
6125,0
6126,3
6127,"3,21"
6128,40
6129,"40,10,145"
6130,3
6131,3
6132,"40,3"
6133,0
6134,10
6135,3
6136,"10,11,40"
6137,3
6138,3
6139,"3,21"
6140,"3,21"
6141,"40,145"
6142,10
6143,10
6144,"40,10,145"
6145,"3,40"
6146,"40,10,145"
6147,0
6148,3
6149,10
6150,3
6151,40
6152,"169,199"
6153,"169,199"
6154,23
6155,10
6156,3
6157,"23,10,40"
6158,40
6159,40
6160,0
6161,3
6162,40
6163,169
6164,169
6165,10
6166,169
6167,10
6168,10
6169,3
6170,"3,4"
6171,169
6172,"3,21"
6173,10
6174,3
6175,3
6176,40
6177,40
6178,3
6179,"169,199"
6180,40
6181,10
6182,"23,24"
6183,23
6184,"26,23"
6185,3
6186,3
6187,23
6188,"10,23"
6189,23
6190,"0,26,23"
6191,23
6192,0
6193,40
6194,23
6195,23
6196,3
6197,3
6198,23
6199,"23,24,10"
6200,3
6201,10
6202,0
6203,"23,10"
6204,40
6205,"23,26"
6206,10
6207,40
6208,0
6209,3
6210,0
6211,"3,21"
6212,40
6213,"26,23"
6214,3
6215,"10,11"
6216,23
6217,40
6218,"23,24"
6219,40
6220,10
6221,0
6222,3
6223,40
6224,10
6225,10
6226,10
6227,10
6228,40
6229,"3,21"
6230,0
6231,0
6232,23
6233,0
6234,169
6235,"3,21"
6236,3
6237,40
6238,"40,145"
6239,"40,145,10"
6240,"169,199"
6241,40
6242,3
6243,3
6244,"169,199"
6245,"40,23"
6246,169
6247,"3,21"
6248,169
6249,"23,24"
6250,40
6251,0
6252,"3,21"
6253,3
6254,10
6255,3
6256,40
6257,0
6258,"23,40,38"
6259,0
6260,23
6261,40
6262,0
6263,40
6264,"169,199"
6265,10
6266,3
6267,3
6268,3
6269,3
6270,40
6271,"3,21"
6272,3
6273,3
6274,"10,11"
6275,3
6276,0
6277,"10,11"
6278,169
6279,3
6280,0
6281,3
6282,"3,4"
6283,40
6284,3
6285,"3,4"
6286,0
6287,10
6288,"169,199"
6289,3
6290,3
6291,40
6292,"23,10,24"
6293,3
6294,3
6295,"40,10,145"
6296,"3,53"
6297,0
6298,3
6299,"10,11"
6300,40
6301,"169,199"
6302,0
6303,"40,145"
6304,0
6305,"23,10"
6306,169
6307,23
6308,"10,11"
6309,"3,21"
6310,"23,10,24"
6311,10
6312,"23,10,24"
6313,169
6314,"40,10,145"
6315,23
6316,3
6317,"40,145"
6318,10
6319,10
6320,3
6321,"10,23"
6322,10
6323,"10,40,145"
6324,169
6325,40
6326,"169,199"
6327,"3,4"
6328,"169,199"
6329,10
6330,3
6331,"3,4"
6332,23
6333,10
6334,"10,40"
6335,23
6336,3
6337,3
6338,3
6339,"23,26"
6340,3
6341,3
6342,"40,145,10"
6343,"10,23"
6344,0
6345,0
6346,"40,145"
6347,10
6348,0
6349,"3,53"
6350,169
6351,40
6352,0
6353,0
6354,3
6355,10
6356,3
6357,23
6358,"3,4"
6359,"40,23"
6360,0
6361,169
6362,"23,24"
6363,"40,3"
6364,"3,21"
6365,40
6366,40
6367,23
6368,10
6369,3
6370,"10,11"
6371,3
6372,0
6373,3
6374,10
6375,40
6376,3
6377,"23,24"
6378,40
6379,3
6380,0
6381,0
6382,0
6383,10
6384,"3,21,40"
6385,23
6386,0
6387,"169,199"
6388,0
6389,3
6390,23
6391,10
6392,23
6393,3
6394,"40,145"
6395,0
6396,40
6397,"169,199"
6398,0
6399,10
6400,"10,11"
6401,0
6402,3
6403,3
6404,10
6405,"23,10,24"
6406,0
6407,"40,145"
6408,3
6409,0
6410,3
6411,23
6412,3
6413,"40,23"
6414,3
6415,3
6416,"3,4"
6417,23
6418,40
6419,40
6420,40
6421,3
6422,40
6423,"169,199"
6424,10
6425,3
6426,0
6427,40
6428,3
6429,40
6430,0
6431,169
6432,10
6433,"10,23"
6434,0
6435,40
6436,23
6437,23
6438,3
6439,3
6440,40
6441,"26,23"
6442,169
6443,23
6444,10
6445,3
6446,40
6447,"3,4"
6448,3
6449,3
6450,40
6451,40
6452,23
6453,"0,40"
6454,"40,145,10"
6455,"40,145,10"
6456,0
6457,3
6458,40
6459,"3,21"
6460,10
6461,0
6462,10
6463,3
6464,"23,40"
6465,3
6466,10
6467,0
6468,"10,23"
6469,40
6470,0
6471,"40,3"
6472,"23,24,10"
6473,3
6474,3
6475,40
6476,"3,21"
6477,"40,3"
6478,0
6479,3
6480,0
6481,40
6482,169
6483,40
6484,40
6485,0
6486,0
6487,3
6488,40
6489,23
6490,3
6491,0
6492,169
6493,3
6494,10
6495,169
6496,10
6497,169
6498,0
6499,"169,199"
6500,"10,40,145"
6501,3
6502,0
6503,"23,40"
6504,10
6505,10
6506,0
6507,40
6508,"10,11"
6509,40
6510,"40,145,10"
6511,"3,21"
6512,3
6513,3
6514,"10,11"
6515,10
6516,"10,11"
6517,"40,145"
6518,"10,11"
6519,23
6520,40
6521,"23,10"
6522,3
6523,"3,4"
6524,"40,145"
6525,"169,199"
6526,169
6527,40
6528,3
6529,3
6530,"3,21"
6531,23
6532,"23,26"
6533,"3,4"
6534,"169,199"
6535,23
6536,"40,3"
6537,3
6538,3
6539,40
6540,"40,145"
6541,40
6542,169
6543,10
6544,"3,21"
6545,"23,38"
6546,10
6547,3
6548,40
6549,40
6550,40
6551,"26,23"
6552,"40,145"
6553,10
6554,10
6555,3
6556,"10,11"
6557,"169,199"
6558,23
6559,23
6560,"40,169,199"
6561,10
6562,23
6563,"40,23"
6564,23
6565,23
6566,40
6567,3
6568,3
6569,"169,199"
6570,0
6571,0
6572,23
6573,"23,26"
6574,"23,24"
6575,3
6576,169
6577,"10,11"
6578,0
6579,"169,199,40"
6580,"40,145"
6581,23
6582,40
6583,"3,21"
6584,40
6585,23
6586,3
6587,"23,10,24"
6588,10
6589,0
6590,23
6591,40
6592,40
6593,10
6594,"40,145"
6595,23
6596,"10,11"
6597,3
6598,"3,4"
6599,10
6600,23
6601,"40,145"
6602,"3,21"
6603,10
6604,40
6605,"3,21"
6606,3
6607,"169,199,40"
6608,23
6609,10
6610,3
6611,0
6612,23
6613,"10,11"
6614,3
6615,40
6616,"3,4"
6617,40
6618,40
6619,3
6620,"3,21"
6621,"40,145"
6622,0
6623,0
6624,169
6625,"10,11"
6626,"40,3"
6627,"3,21"
6628,10
6629,3
6630,"26,23"
6631,0
6632,"3,21"
6633,0
6634,23
6635,23
6636,"26,23"
6637,3
6638,"23,26"
6639,10
6640,3
6641,0
6642,169
6643,23
6644,3
6645,"26,23"
6646,"40,145"
6647,"169,199,40"
6648,0
6649,"3,4"
6650,"169,199"
6651,10
6652,"40,3"
6653,23
6654,"40,23"
6655,"3,21"
6656,40
6657,23
6658,"169,199"
6659,3
6660,10
6661,"23,10,24"
6662,"40,23"
6663,40
6664,10
6665,3
6666,0
6667,3
6668,40
6669,40
6670,40
6671,"26,23"
6672,23
6673,"40,23"
6674,0
6675,23
6676,10
6677,169
6678,40
6679,0
6680,0
6681,23
6682,10
6683,10
6684,"3,21"
6685,"169,199,40"
6686,40
6687,"3,21"
6688,0
6689,0
6690,"40,10"
6691,"40,3"
6692,"169,199"
6693,"3,21"
6694,0
6695,3
6696,3
6697,3
6698,40
6699,3
6700,3
6701,"10,11"
6702,40
6703,10
6704,3
6705,"23,26"
6706,3
6707,23
6708,3
6709,10
6710,"26,23,0"
6711,10
6712,"3,21"
6713,"169,199"
6714,23
6715,169
6716,10
6717,"23,10,24"
6718,0
6719,0
6720,23
6721,"23,24"
6722,"40,145,10"
6723,23
6724,10
6725,40
6726,169
6727,0
6728,3
6729,40
6730,0
6731,"40,169,199"
6732,3
6733,3
6734,"10,40,11"
6735,"26,23"
6736,23
6737,"10,40"
6738,10
6739,3
6740,0
6741,"169,199"
6742,10
6743,10
6744,0
6745,3
6746,23
6747,23
6748,3
6749,3
6750,3
6751,0
6752,"3,40"
6753,"40,3"
6754,40
6755,169
6756,10
6757,23
6758,3
6759,3
6760,"26,23"
6761,"10,11"
6762,169
6763,"26,23"
6764,3
6765,3
6766,0
6767,"40,10,145"
6768,10
6769,169
6770,3
6771,0
6772,23
6773,40
6774,3
6775,"3,4"
6776,3
6777,169
6778,40
6779,0
6780,3
6781,40
6782,"23,26"
6783,"169,199"
6784,"40,145,10"
6785,0
6786,10
6787,40
6788,10
6789,23
6790,23
6791,10
6792,0
6793,10
6794,10
6795,0
6796,"40,169,199"
6797,23
6798,"3,21"
6799,"3,4"
6800,"3,4"
6801,23
6802,3
6803,0
6804,10
6805,23
6806,"10,40"
6807,0
6808,169
6809,"3,4"
6810,0
6811,40
6812,"3,21"
6813,3
6814,3
6815,"10,11"
6816,40
6817,"169,199"
6818,"3,21"
6819,"3,21"
6820,0
6821,0
6822,23
6823,40
6824,0
6825,10
6826,"40,169,199"
6827,40
6828,0
6829,10
6830,23
6831,"10,23"
6832,169
6833,"3,21"
6834,"3,53"
6835,40
6836,"3,4"
6837,10
6838,"23,40"
6839,23
6840,10
6841,169
6842,"23,24"
6843,"23,26"
6844,40
6845,0
6846,"40,10,145"
6847,3
6848,"10,11"
6849,"23,10,24"
6850,"3,21"
6851,10
6852,10
6853,10
6854,"40,10,145"
6855,3
6856,23
6857,3
6858,0
6859,0
6860,"169,199"
6861,"169,199"
6862,3
6863,"40,145,10"
6864,"10,11"
6865,40
6866,169
6867,10
6868,0
6869,10
6870,3
6871,40
6872,40
6873,23
6874,0
6875,"26,0"
6876,"169,199"
6877,"23,26"
6878,169
6879,"3,21"
6880,0
6881,10
6882,"169,199"
6883,"10,23"
6884,"26,23,0"
6885,169
6886,40
6887,"10,23"
6888,"3,21"
6889,"10,11"
6890,0
6891,40
6892,"26,23"
6893,0
6894,"23,26"
6895,"23,10,24"
6896,40
6897,0
6898,23
6899,40
6900,23
6901,"10,11"
6902,"26,23"
6903,10
6904,23
6905,"23,26"
6906,23
6907,3
6908,23
6909,"40,145,10"
6910,0
6911,3
6912,"169,199"
6913,40
6914,0
6915,0
6916,23
6917,23
6918,"23,40"
6919,"40,3"
6920,3
6921,10
6922,3
6923,23
6924,23
6925,0
6926,"23,26"
6927,10
6928,0
6929,23
6930,3
6931,10
6932,40
6933,169
6934,10
6935,3
6936,3
6937,"10,40"
6938,3
6939,10
6940,23
6941,0
6942,"10,40"
6943,"169,199"
6944,"3,4"
6945,23
6946,169
6947,0
6948,3
6949,3
6950,3
6951,10
6952,23
6953,3
6954,10
6955,10
6956,10
6957,3
6958,10
6959,0
6960,3
6961,"3,21"
6962,"40,145"
6963,"3,4"
6964,3
6965,"169,199"
6966,"23,26"
6967,"23,26"
6968,0
6969,"10,23"
6970,3
6971,"3,21"
6972,40
6973,"40,145"
6974,23
6975,169
6976,10
6977,"3,21"
6978,3
6979,0
6980,3
6981,10
6982,10
6983,10
6984,40
6985,40
6986,10
6987,169
6988,40
6989,"169,199"
6990,169
6991,"26,23"
6992,40
6993,169
6994,"23,38"
6995,"3,4"
6996,"3,21"
6997,40
6998,169
6999,40
7000,10
7001,10
7002,40
7003,10
7004,3
7005,40
7006,169
7007,"40,3"
7008,3
7009,"3,4"
7010,"3,4"
7011,40
7012,3
7013,23
7014,0
7015,23
7016,"40,10,145"
7017,0
7018,3
7019,3
7020,23
7021,"10,40"
7022,40
7023,"10,11"
7024,23
7025,3
7026,3
7027,"26,23"
7028,0
7029,40
7030,40
7031,3
7032,3
7033,"26,23"
7034,0
7035,"23,24"
7036,"10,40"
7037,3
7038,40
7039,"10,11"
7040,169
7041,40
7042,10
7043,10
7044,"10,23"
7045,40
7046,"10,40"
7047,10
7048,"3,21"
7049,40
7050,0
7051,0
7052,"26,23"
7053,10
7054,40
7055,169
7056,"23,40"
7057,"23,26"
7058,3
7059,23
7060,"3,21"
7061,3
7062,"23,40"
7063,169
7064,"23,26"
7065,40
7066,0
7067,10
7068,169
7069,0
7070,23
7071,169
7072,23
7073,10
7074,10
7075,10
7076,0
7077,10
7078,23
7079,169
7080,3
7081,"40,10,145"
7082,10
7083,"169,199"
7084,0
7085,3
7086,23
7087,23
7088,"23,10,24"
7089,3
7090,"3,4"
7091,10
7092,23
7093,3
7094,3
7095,"10,40"
7096,"3,21"
7097,10
7098,3
7099,"23,40"
7100,0
7101,23
7102,"23,24"
7103,23
7104,23
7105,40
7106,"40,145"
7107,"23,24"
7108,"10,11"
7109,23
7110,"10,11"
7111,23
7112,169
7113,"40,23"
7114,23
7115,"26,23"
7116,"40,23"
7117,"10,23,24"
7118,"10,40"
7119,40
7120,40
7121,"40,145,10"
7122,0
7123,"40,169,199"
7124,"3,21"
7125,23
7126,169
7127,"3,21"
7128,10
7129,10
7130,3
7131,0
7132,10
7133,0
7134,10
7135,"0,26"
7136,169
7137,0
7138,3
7139,3
7140,"3,21"
7141,40
7142,23
7143,10
7144,169
7145,169
7146,23
7147,0
7148,40
7149,40
7150,3
7151,3
7152,"169,199"
7153,"169,199"
7154,0
7155,"40,145"
7156,3
7157,3
7158,169
7159,3
7160,40
7161,23
7162,"169,199"
7163,3
7164,3
7165,"169,199"
7166,169
7167,23
7168,3
7169,"3,21"
7170,10
7171,40
7172,40
7173,"3,4"
7174,0
7175,3
7176,0
7177,3
7178,0
7179,0
7180,40
7181,40
7182,40
7183,"26,23"
7184,169
7185,"10,40"
7186,"10,40,145"
7187,3
7188,10
7189,10
7190,"3,53"
7191,3
7192,10
7193,40
7194,40
7195,0
7196,40
7197,"10,11"
7198,40
7199,"40,145,10"
7200,0
7201,40
7202,10
7203,0
7204,"169,199"
7205,10
7206,"40,145,10"
7207,0
7208,3
7209,10
7210,3
7211,3
7212,"3,4"
7213,40
7214,"23,10,24"
7215,10
7216,3
7217,"169,199,40"
7218,"169,199,40"
7219,10
7220,10
7221,23
7222,"40,145"
7223,"169,199"
7224,10
7225,"169,199"
7226,"3,21"
7227,3
7228,3
7229,40
7230,3
7231,40
7232,0
7233,23
7234,3
7235,23
7236,10
7237,"40,145"
7238,"3,21"
7239,3
7240,3
7241,"169,199"
7242,3
7243,"169,199"
7244,3
7245,"3,21"
7246,40
7247,3
7248,40
7249,23
7250,169
7251,3
7252,"3,21"
7253,23
7254,40
7255,"40,10"
7256,40
7257,3
7258,40
7259,0
7260,"23,24,10"
7261,3
7262,40
7263,40
7264,0
7265,0
7266,23
7267,0
7268,3
7269,"169,199"
7270,23
7271,3
7272,3
7273,40
7274,3
7275,0
7276,0
7277,"23,10,24"
7278,40
7279,40
7280,3
7281,"3,4"
7282,40
7283,"40,145"
7284,0
7285,3
7286,0
7287,169
7288,3
7289,169
7290,"3,4"
7291,"40,145"
7292,23
7293,"3,21"
7294,40
7295,3
7296,0
7297,"23,24,10"
7298,0
7299,"23,26"
7300,"10,11"
7301,10
7302,169
7303,"10,11"
7304,169
7305,"40,10,145"
7306,3
7307,23
7308,10
7309,3
7310,3
7311,"3,4"
7312,"10,11"
7313,"10,23"
7314,0
7315,0
7316,40
7317,3
7318,23
7319,169
7320,23
7321,"3,40"
7322,40
7323,3
7324,0
7325,"23,26"
7326,"26,23"
7327,"3,21"
7328,"40,169,199"
7329,0
7330,3
7331,23
7332,40
7333,40
7334,0
7335,169
7336,"169,199"
7337,23
7338,10
7339,40
7340,3
7341,23
7342,40
7343,"3,21"
7344,"169,199"
7345,"3,21"
7346,3
7347,3
7348,"26,23"
7349,"3,21"
7350,40
7351,0
7352,23
7353,40
7354,0
7355,10
7356,3
7357,169
7358,3
7359,3
7360,40
7361,3
7362,40
7363,"3,4"
7364,3
7365,10
7366,169
7367,23
7368,3
7369,23
7370,10
7371,0
7372,3
7373,3
7374,3
7375,23
7376,"40,145"
7377,10
7378,40
7379,"3,4"
7380,169
7381,"3,21"
7382,10
7383,3
7384,0
7385,0
7386,"3,4"
7387,"10,11"
7388,23
7389,3
7390,"3,21"
7391,40
7392,"10,40"
7393,"40,23"
7394,23
7395,3
7396,169
7397,"3,4"
7398,10
7399,"23,26"
7400,"40,10,145"
7401,23
7402,10
7403,40
7404,40
7405,10
7406,40
7407,0
7408,169
7409,"10,23"
7410,"3,21"
7411,40
7412,40
7413,3
7414,3
7415,"40,145"
7416,10
7417,"169,199"
7418,40
7419,40
7420,"0,10"
7421,"3,21"
7422,169
7423,10
7424,23
7425,"3,21"
7426,"10,11"
7427,0
7428,3
7429,"10,40,11"
7430,"3,40"
7431,"26,23"
7432,"169,199"
7433,23
7434,169
7435,40
7436,3
7437,"10,23"
7438,0
7439,3
7440,"26,23"
7441,"10,11"
7442,"169,199"
7443,"10,11"
7444,"169,199,40"
7445,3
7446,"23,26"
7447,"40,23"
7448,"3,21"
7449,"23,24"
7450,"3,21"
7451,"3,21"
7452,"40,145"
7453,"3,21"
7454,"23,26"
7455,3
7456,169
7457,10
7458,23
7459,"10,40"
7460,"26,23"
7461,3
7462,"10,23"
7463,"3,21"
7464,"169,199,40"
7465,"3,21"
7466,40
7467,0
7468,23
7469,3
7470,"23,40"
7471,23
7472,10
7473,"169,199"
7474,0
7475,3
7476,40
7477,"169,199,40"
7478,"10,23"
7479,0
7480,"3,21"
7481,"10,11"
7482,169
7483,"3,53"
7484,0
7485,10
7486,0
7487,40
7488,0
7489,40
7490,3
7491,"40,3"
7492,40
7493,10
7494,0
7495,"23,40,38"
7496,40
7497,10
7498,"26,23"
7499,169
7500,"3,4"
7501,0
7502,"10,11"
7503,0
7504,169
7505,169
7506,23
7507,3
7508,40
7509,23
7510,3
7511,23
7512,0
7513,10
7514,23
7515,"3,40"
7516,"3,21"
7517,169
7518,40
7519,169
7520,10
7521,"23,26"
7522,"23,24"
7523,169
7524,0
7525,40
7526,3
7527,40
7528,3
7529,"169,199"
7530,"10,23"
7531,"10,11"
7532,"40,145,10"
7533,3
7534,3
7535,"40,23,24"
7536,10
7537,"40,3"
7538,3
7539,"23,0"
7540,"40,3"
7541,169
7542,"3,21,40"
7543,23
7544,0
7545,3
7546,"26,23,0"
7547,10
7548,0
7549,"40,145"
7550,"40,3"
7551,0
7552,3
7553,3
7554,10
7555,10
7556,3
7557,"3,4"
7558,40
7559,"169,199"
7560,"23,40"
7561,3
7562,"169,199"
7563,"10,23,24"
7564,3
7565,10
7566,10
7567,0
7568,10
7569,3
7570,10
7571,"40,3"
7572,"40,145"
7573,10
7574,"3,40"
7575,"23,26"
7576,"3,4"
7577,40
7578,169
7579,"10,23"
7580,23
7581,"40,145,10"
7582,0
7583,3
7584,40
7585,3
7586,3
7587,"23,24,10"
7588,3
7589,"40,10,145"
7590,3
7591,40
7592,3
7593,"3,4"
7594,3
7595,0
7596,"23,10,24"
7597,10
7598,"23,40"
7599,169
7600,"169,199"
7601,"23,24,10"
7602,"23,26"
7603,40
7604,23
7605,0
7606,"26,23"
7607,3
7608,10
7609,"10,23,24"
7610,0
7611,3
7612,10
7613,0
7614,"10,11"
7615,0
7616,10
7617,"40,10,145"
7618,3
7619,23
7620,"10,23,24"
7621,"10,11"
7622,10
7623,3
7624,"169,199"
7625,0
7626,3
7627,3
7628,"3,21"
7629,40
7630,40
7631,3
7632,"23,10,24"
7633,10
7634,"23,26"
7635,3
7636,10
7637,"40,23"
7638,40
7639,"3,21"
7640,"23,10,24"
7641,23
7642,0
7643,0
7644,"3,21"
7645,40
7646,3
7647,0
7648,23
7649,0
7650,169
7651,10
7652,40
7653,"3,21,40"
7654,10
7655,"26,23"
7656,"10,23"
7657,3
7658,23
7659,"3,21"
7660,3
7661,40
7662,10
7663,"23,40"
7664,169
7665,40
7666,40
7667,3
7668,3
7669,3
7670,0
7671,"169,199"
7672,10
7673,10
7674,"169,199,40"
7675,10
7676,40
7677,23
7678,"23,10,24"
7679,"3,21"
7680,"3,21"
7681,"169,199"
7682,40
7683,"26,23"
7684,"3,21"
7685,"10,40"
7686,0
7687,3
7688,"40,3"
7689,3
7690,3
7691,"40,3"
7692,40
7693,10
7694,3
7695,0
7696,0
7697,3
7698,40
7699,"23,24"
7700,169
7701,40
7702,169
7703,10
7704,23
7705,40
7706,3
7707,3
7708,"40,145,10"
7709,40
7710,40
7711,"23,26"
7712,3
7713,23
7714,"26,23,0"
7715,"10,23,40"
7716,0
7717,40
7718,10
7719,3
7720,40
7721,10
7722,"3,21"
7723,23
7724,"3,40"
7725,10
7726,"3,21"
7727,10
7728,40
7729,40
7730,3
7731,"169,199"
7732,"3,21"
7733,"23,26"
7734,10
7735,10
7736,3
7737,3
7738,40
7739,3
7740,23
7741,3
7742,3
7743,3
7744,3
7745,"3,21"
7746,"40,3"
7747,"3,21"
7748,"26,23"
7749,"40,3"
7750,10
7751,"3,4"
7752,0
7753,"40,3"
7754,0
7755,3
7756,"3,21"
7757,23
7758,23
7759,23
7760,23
7761,0
7762,"40,145,10"
7763,"23,26"
7764,"23,26"
7765,3
7766,10
7767,3
7768,3
7769,40
7770,3
7771,3
7772,3
7773,169
7774,0
7775,0
7776,3
7777,"23,26"
7778,40
7779,"40,10"
7780,"10,11"
7781,3
7782,23
7783,0
7784,3
7785,10
7786,3
7787,"23,26"
7788,0
7789,"23,26"
7790,"23,26"
7791,"10,11"
7792,"3,21"
7793,40
7794,10
7795,3
7796,10
7797,10
7798,169
7799,23
7800,40
7801,"10,23"
7802,23
7803,23
7804,"3,17"
7805,3
7806,40
7807,"3,53"
7808,"23,3"
7809,"10,11"
7810,0
7811,"3,21"
7812,"10,11"
7813,0
7814,169
7815,40
7816,40
7817,10
7818,3
7819,"3,21"
7820,10
7821,"40,23,10"
7822,0
7823,23
7824,3
7825,"3,53"
7826,"40,169,199"
7827,0
7828,23
7829,0
7830,"23,26"
7831,"169,199"
7832,0
7833,"40,10"
7834,3
7835,10
7836,169
7837,169
7838,"10,11"
7839,"40,10,145"
7840,3
7841,"26,23"
7842,40
7843,3
7844,0
7845,"23,24,10"
7846,40
7847,40
7848,"3,4"
7849,3
7850,"3,21"
7851,3
7852,40
7853,0
7854,10
7855,169
7856,"40,145,10"
7857,"40,145"
7858,40
7859,0
7860,0
7861,"3,4"
7862,23
7863,40
7864,23
7865,"3,53"
7866,"10,40"
7867,"23,10,24"
7868,0
7869,3
7870,10
7871,23
7872,3
7873,10
7874,"26,23"
7875,23
7876,3
7877,10
7878,40
7879,0
7880,"40,3"
7881,3
7882,10
7883,10
7884,40
7885,0
7886,"3,17"
7887,3
7888,0
7889,23
7890,3
7891,0
7892,10
7893,0
7894,3
7895,3
7896,40
7897,"169,199"
7898,40
7899,3
7900,10
7901,23
7902,0
7903,"26,23"
7904,"3,21"
7905,3
7906,"169,199"
7907,3
7908,"169,199"
7909,23
7910,169
7911,"23,24,40"
7912,23
7913,0
7914,10
7915,3
7916,3
7917,"10,23"
7918,"40,145,10"
7919,169
7920,169
7921,10
7922,169
7923,10
7924,3
7925,23
7926,10
7927,23
7928,23
7929,40
7930,0
7931,3
7932,0
7933,3
7934,3
7935,169
7936,3
7937,0
7938,"10,40,145"
7939,3
7940,40
7941,23
7942,"10,11"
7943,"40,169,199"
7944,40
7945,"23,40"
7946,169
7947,"23,10,24"
7948,40
7949,10
7950,23
7951,3
7952,"3,4"
7953,40
7954,0
7955,40
7956,3
7957,"40,10,145"
7958,"40,3"
7959,0
7960,"169,199"
7961,0
7962,"40,10,145"
7963,"3,4"
7964,3
7965,3
7966,3
7967,3
7968,40
7969,3
7970,"40,3"
7971,40
7972,40
7973,3
7974,0
7975,"26,23"
7976,"23,24"
7977,40
7978,0
7979,"40,3"
7980,"10,23"
7981,23
7982,40
7983,3
7984,3
7985,40
7986,10
7987,40
7988,40
7989,10
7990,"23,26"
7991,"23,24,10"
7992,3
7993,10
7994,10
7995,"169,199"
7996,0
7997,"3,21"
7998,3
7999,"26,23"
8000,169
8001,23
8002,40
8003,3
8004,"23,26"
8005,40
8006,10
8007,3
8008,3
8009,"26,23"
8010,"26,23"
8011,3
8012,"23,26"
8013,23
8014,0
8015,"0,26"
8016,169
8017,"3,21"
8018,"3,21"
8019,"40,10,145"
8020,10
8021,"3,21"
8022,"23,26"
8023,40
8024,10
8025,40
8026,3
8027,"10,11"
8028,0
8029,3
8030,3
8031,169
8032,"23,26"
8033,3
8034,"23,10"
8035,"3,21"
8036,"23,40"
8037,"40,145"
8038,40
8039,10
8040,3
8041,23
8042,40
8043,0
8044,"169,199"
8045,10
8046,3
8047,3
8048,3
8049,23
8050,3
8051,"26,23"
8052,0
8053,3
8054,3
8055,"10,40"
8056,"40,23"
8057,23
8058,3
8059,23
8060,10
8061,10
8062,40
8063,40
8064,10
8065,169
8066,3
8067,3
8068,3
8069,"40,10,145"
8070,3
8071,"10,11"
8072,"40,23"
8073,40
8074,23
8075,23
8076,40
8077,10
8078,10
8079,"3,21"
8080,40
8081,"10,23"
8082,"26,23"
8083,40
8084,40
8085,40
8086,3
8087,0
8088,0
8089,0
8090,0
8091,3
8092,"40,10,145"
8093,10
8094,169
8095,169
8096,40
8097,3
8098,10
8099,"40,145"
8100,23
8101,"169,199"
8102,"26,23"
8103,3
8104,3
8105,3
8106,"40,10,145"
8107,"3,21"
8108,3
8109,0
8110,3
8111,"23,24"
8112,23
8113,3
8114,40
8115,23
8116,3
8117,10
8118,3
8119,23
8120,"23,26"
8121,"10,23,24"
8122,3
8123,"23,40"
8124,169
8125,"169,199"
8126,"10,11"
8127,"40,145"
8128,"23,10"
8129,40
8130,23
8131,0
8132,3
8133,"40,3"
8134,10
8135,0
8136,169
8137,3
8138,"3,21"
8139,10
8140,23
8141,"3,21"
8142,"40,145"
8143,10
8144,169
8145,40
8146,3
8147,3
8148,"3,4"
8149,"26,23"
8150,169
8151,0
8152,40
8153,10
8154,0
8155,"3,21"
8156,0
8157,23
8158,0
8159,40
8160,40
8161,40
8162,3
8163,3
8164,"23,40,24"
8165,40
8166,"10,23"
8167,"3,21"
8168,"3,4"
8169,"3,21"
8170,0
8171,"40,10,23"
8172,"169,199"
8173,"23,26"
8174,0
8175,0
8176,40
8177,"10,23"
8178,0
8179,"3,4"
8180,169
8181,40
8182,40
8183,23
8184,40
8185,10
8186,"3,21"
8187,3
8188,"3,21"
8189,"169,199"
8190,"40,23"
8191,40
8192,3
8193,"10,23"
8194,3
8195,23
8196,"40,145"
8197,3
8198,23
8199,10
8200,10
8201,0
8202,3
8203,3
8204,"23,26"
8205,0
8206,"23,26"
8207,0
8208,40
8209,"40,145,10"
8210,0
8211,40
8212,"23,40"
8213,0
8214,"10,40"
8215,0
8216,10
8217,3
8218,"3,4"
8219,"23,24"
8220,3
8221,"23,24,10"
8222,23
8223,3
8224,"23,24"
8225,169
8226,23
8227,3
8228,"23,26"
8229,40
8230,"3,21"
8231,0
8232,23
8233,"10,23,24"
8234,"3,53"
8235,23
8236,23
8237,3
8238,3
8239,0
8240,0
8241,"23,10,24"
8242,"3,4"
8243,40
8244,40
8245,"40,145"
8246,10
8247,"40,145,23"
8248,"3,4"
8249,0
8250,23
8251,169
8252,0
8253,0
8254,10
8255,10
8256,10
8257,3
8258,"10,23"
8259,40
8260,"10,23"
8261,10
8262,"10,23"
8263,3
8264,23
8265,"169,199"
8266,3
8267,10
8268,"169,199"
8269,23
8270,0
8271,3
8272,169
8273,23
8274,3
8275,"23,24,10"
8276,23
8277,3
8278,3
8279,23
8280,10
8281,40
8282,3
8283,169
8284,0
8285,40
8286,40
8287,3
8288,3
8289,"3,4"
8290,23
8291,10
8292,10
8293,40
8294,"10,23"
8295,0
8296,"169,199"
8297,3
8298,40
8299,3
8300,0
8301,0
8302,3
8303,3
8304,"23,26"
8305,3
8306,3
8307,0
8308,3
8309,40
8310,"3,21"
8311,0
8312,10
8313,23
8314,23
8315,3
8316,0
8317,"3,21"
8318,"169,199"
8319,23
8320,169
8321,3
8322,"23,24"
8323,10
8324,10
8325,10
8326,"169,199"
8327,40
8328,23
8329,169
8330,10
8331,3
8332,10
8333,"10,11"
8334,3
8335,3
8336,"3,21"
8337,40
8338,"3,21"
8339,40
8340,3
8341,"3,21"
8342,"3,4"
8343,0
8344,10
8345,"26,23"
8346,"3,21"
8347,40
8348,23
8349,23
8350,"40,145,23"
8351,"10,11"
8352,10
8353,"23,26"
8354,"40,10,145"
8355,3
8356,10
8357,3
8358,23
8359,10
8360,23
8361,"169,199"
8362,"169,199"
8363,0
8364,40
8365,0
8366,"3,4"
8367,3
8368,"10,11"
8369,3
8370,"23,26"
8371,"26,23"
8372,169
8373,"23,40"
8374,40
8375,3
8376,"10,11"
8377,0
8378,3
8379,"10,11"
8380,23
8381,3
8382,10
8383,23
8384,"40,145"
8385,0
8386,3
8387,10
8388,3
8389,10
8390,3
8391,40
8392,3
8393,"3,21"
8394,3
8395,"3,21"
8396,0
8397,"10,40"
8398,"169,199,40"
8399,23
8400,"10,11"
8401,"23,40"
8402,3
8403,169
8404,"169,199"
8405,169
8406,"23,26"
8407,"23,24"
8408,3
8409,3
8410,23
8411,"23,26"
8412,23
8413,"23,10"
8414,10
8415,"10,11"
8416,10
8417,10
8418,3
8419,23
8420,0
8421,10
8422,"26,23"
8423,"169,199,40"
8424,40
8425,40
8426,23
8427,"26,0"
8428,"23,10,24"
8429,"10,40,145"
8430,"40,3"
8431,"169,199"
8432,0
8433,10
8434,"10,11"
8435,"3,21"
8436,3
8437,0
8438,"23,40,38"
8439,3
8440,40
8441,3
8442,0
8443,3
8444,23
8445,"23,3"
8446,"169,199"
8447,"10,11,40"
8448,0
8449,3
8450,0
8451,23
8452,3
8453,0
8454,40
8455,23
8456,23
8457,3
8458,40
8459,0
8460,0
8461,"26,23"
8462,23
8463,"40,23,145"
8464,40
8465,40
8466,"26,23"
8467,"40,3"
8468,"23,40"
8469,"40,23,24"
8470,3
8471,0
8472,"169,199"
8473,10
8474,169
8475,0
8476,0
8477,10
8478,10
8479,23
8480,3
8481,10
8482,0
8483,10
8484,"169,199,3"
8485,10
8486,"3,21"
8487,"169,199"
8488,3
8489,10
8490,169
8491,40
8492,0
8493,3
8494,10
8495,23
8496,0
8497,10
8498,10
8499,169
8500,"169,199"
8501,3
8502,0
8503,40
8504,169
8505,10
8506,3
8507,169
8508,"10,11"
8509,40
8510,"23,10"
8511,10
8512,40
8513,3
8514,169
8515,3
8516,169
8517,169
8518,0
8519,"40,145"
8520,"169,199"
8521,3
8522,"23,26"
8523,0
8524,40
8525,10
8526,"26,23"
8527,"10,11"
8528,3
8529,40
8530,"169,199"
8531,23
8532,3
8533,3
8534,10
8535,"3,21"
8536,"40,145,10"
8537,"23,26"
8538,"23,24"
8539,0
8540,"3,21"
8541,"169,199,40"
8542,3
8543,3
8544,10
8545,3
8546,0
8547,3
8548,"40,145"
8549,0
8550,40
8551,0
8552,"10,11"
8553,3
8554,3
8555,"3,21"
8556,3
8557,0
8558,23
8559,10
8560,10
8561,"10,11"
8562,10
8563,"26,23"
8564,"23,24"
8565,0
8566,"40,145"
8567,169
8568,169
8569,40
8570,"3,21"
8571,"3,21"
8572,10
8573,"169,199"
8574,0
8575,3
8576,10
8577,3
8578,"40,169,199"
8579,"23,10,24"
8580,3
8581,"23,38"
8582,23
8583,3
8584,"26,23"
8585,40
8586,3
8587,23
8588,"10,40,11"
8589,23
8590,40
8591,"40,10"
8592,"23,24"
8593,169
8594,23
8595,169
8596,10
8597,0
8598,"169,199"
8599,3
8600,40
8601,10
8602,169
8603,"3,21"
8604,"40,3"
8605,3
8606,3
8607,"10,11"
8608,169
8609,169
8610,3
8611,23
8612,"23,40,24"
8613,"10,11"
8614,0
8615,"23,38"
8616,0
8617,10
8618,3
8619,10
8620,"3,21"
8621,3
8622,3
8623,"169,199"
8624,3
8625,40
8626,10
8627,23
8628,40
8629,23
8630,3
8631,"3,21"
8632,"26,23"
8633,169
8634,40
8635,3
8636,"10,23,24"
8637,3
8638,"40,23"
8639,3
8640,23
8641,40
8642,40
8643,"26,23"
8644,"40,23"
8645,0
8646,3
8647,23
8648,40
8649,3
8650,3
8651,"23,0"
8652,0
8653,40
8654,40
8655,"10,40"
8656,3
8657,40
8658,23
8659,"23,24,10"
8660,40
8661,0
8662,"10,11"
8663,40
8664,"40,145,10"
8665,40
8666,0
8667,169
8668,"3,4"
8669,"26,23"
8670,3
8671,0
8672,10
8673,0
8674,40
8675,3
8676,10
8677,"3,21"
8678,"169,199"
8679,"23,24"
8680,"169,199"
8681,0
8682,3
8683,"3,21"
8684,"169,199"
8685,3
8686,"169,199"
8687,"23,10,24"
8688,10
8689,0
8690,"169,199"
8691,3
8692,"3,40"
8693,"3,21"
8694,10
8695,40
8696,10
8697,10
8698,10
8699,0
8700,0
8701,10
8702,3
8703,3
8704,0
8705,"23,24"
8706,40
8707,23
8708,"23,26"
8709,"10,40,145"
8710,23
8711,40
8712,"26,23"
8713,"40,23"
8714,"10,40"
8715,"169,199"
8716,"3,40"
8717,"3,40,21"
8718,10
8719,3
8720,0
8721,3
8722,3
8723,23
8724,40
8725,"40,145"
8726,10
8727,23
8728,23
8729,3
8730,40
8731,0
8732,"40,10,145"
8733,"169,40,199"
8734,3
8735,40
8736,"3,21"
8737,"10,23"
8738,"10,40,145"
8739,169
8740,"23,24"
8741,"23,26"
8742,3
8743,"169,199"
8744,10
8745,0
8746,"40,145"
8747,3
8748,169
8749,"26,0,23"
8750,0
8751,0
8752,"40,145"
8753,0
8754,"10,11"
8755,40
8756,0
8757,10
8758,0
8759,10
8760,3
8761,40
8762,"169,199"
8763,40
8764,3
8765,0
8766,23
8767,23
8768,"10,11"
8769,40
8770,0
8771,10
8772,"23,26"
8773,10
8774,40
8775,10
8776,"40,3"
8777,3
8778,"23,24,10"
8779,"3,21"
8780,40
8781,0
8782,40
8783,"169,199"
8784,"169,199"
8785,10
8786,"40,10,145"
8787,"23,10,24"
8788,"3,21"
8789,23
8790,10
8791,10
8792,"23,26"
8793,23
8794,3
8795,3
8796,0
8797,3
8798,10
8799,"3,21"
8800,40
8801,"26,23"
8802,23
8803,10
8804,"23,10"
8805,0
8806,"10,11"
8807,"23,10,24"
8808,3
8809,23
8810,"26,23"
8811,3
8812,10
8813,0
8814,23
8815,"3,21"
8816,3
8817,"3,21"
8818,0
8819,"23,26"
8820,23
8821,0
8822,169
8823,0
8824,0
8825,23
8826,3
8827,"169,199"
8828,3
8829,0
8830,0
8831,3
8832,40
8833,3
8834,3
8835,0
8836,10
8837,"169,199,40"
8838,23
8839,0
8840,"3,21"
8841,40
8842,23
8843,"3,21"
8844,23
8845,"23,3"
8846,169
8847,"3,21"
8848,"40,145"
8849,40
8850,10
8851,40
8852,10
8853,"169,199"
8854,"169,199"
8855,40
8856,10
8857,"40,145,10"
8858,10
8859,"26,23"
8860,"23,26"
8861,169
8862,"3,4"
8863,10
8864,23
8865,10
8866,"169,199"
8867,3
8868,23
8869,3
8870,23
8871,169
8872,"10,11"
8873,"3,4"
8874,"40,145,10"
8875,40
8876,3
8877,"26,23"
8878,0
8879,"169,199"
8880,"3,21"
8881,10
8882,0
8883,10
8884,"3,4"
8885,40
8886,3
8887,10
8888,"23,24"
8889,3
8890,"10,40,145"
8891,"169,199"
8892,169
8893,3
8894,23
8895,3
8896,0
8897,3
8898,10
8899,3
8900,0
8901,"169,199"
8902,40
8903,23
8904,"40,10,145"
8905,3
8906,"3,4"
8907,40
8908,"3,40"
8909,40
8910,23
8911,23
8912,3
8913,169
8914,3
8915,40
8916,40
8917,40
8918,"23,24,40"
8919,3
8920,23
8921,169
8922,"23,24,10"
8923,3
8924,0
8925,23
8926,40
8927,10
8928,"3,21"
8929,3
8930,"23,24,40"
8931,169
8932,10
8933,10
8934,3
8935,"26,23"
8936,3
8937,"23,24"
8938,0
8939,"169,26"
8940,23
8941,3
8942,"169,199"
8943,10
8944,0
8945,26
8946,0
8947,"23,26"
8948,10
8949,10
8950,3
8951,40
8952,3
8953,23
8954,10
8955,"169,199,40"
8956,"40,10"
8957,"169,40"
8958,"3,21"
8959,40
8960,10
8961,23
8962,40
8963,23
8964,"40,145"
8965,"23,10,24"
8966,3
8967,3
8968,"3,4"
8969,"3,21"
8970,3
8971,40
8972,3
8973,0
8974,40
8975,3
8976,"3,53"
8977,40
8978,"40,145"
8979,10
8980,10
8981,3
8982,"40,145"
8983,3
8984,169
8985,"10,23"
8986,0
8987,"26,23"
8988,"23,26"
8989,"169,199"
8990,3
8991,40
8992,"40,145,10"
8993,23
8994,23
8995,"40,10,145"
8996,10
8997,40
8998,10
8999,"3,4"
9000,3
9001,"169,199"
9002,10
9003,"40,145"
9004,10
9005,40
9006,10
9007,3
9008,40
9009,"3,4"
9010,0
9011,"23,26"
9012,"10,11"
9013,10
9014,10
9015,10
9016,3
9017,3
9018,"10,11"
9019,"10,11"
9020,23
9021,40
9022,3
9023,0
9024,0
9025,0
9026,3
9027,"3,21"
9028,"10,23"
9029,10
9030,40
9031,23
9032,"3,21,40"
9033,10
9034,3
9035,0
9036,3
9037,10
9038,169
9039,3
9040,0
9041,"23,24"
9042,40
9043,"23,26"
9044,3
9045,0
9046,3
9047,10
9048,10
9049,"3,21"
9050,10
9051,0
9052,"3,21"
9053,3
9054,10
9055,"3,21"
9056,3
9057,"23,10,24"
9058,40
9059,"23,40"
9060,0
9061,"10,11"
9062,40
9063,10
9064,"3,21"
9065,40
9066,"169,199"
9067,23
9068,3
9069,3
9070,10
9071,23
9072,"40,145,10"
9073,"169,199"
9074,169
9075,0
9076,10
9077,0
9078,40
9079,3
9080,0
9081,40
9082,10
9083,23
9084,40
9085,3
9086,"169,3,199"
9087,0
9088,0
9089,3
9090,40
9091,"169,199"
9092,"169,199"
9093,0
9094,169
9095,3
9096,169
9097,10
9098,3
9099,"3,4"
9100,"23,24"
9101,23
9102,10
9103,3
9104,23
9105,40
9106,10
9107,"10,11"
9108,23
9109,"10,40,145"
9110,40
9111,3
9112,40
9113,10
9114,"169,199"
9115,"10,11"
9116,3
9117,10
9118,23
9119,23
9120,40
9121,3
9122,3
9123,0
9124,10
9125,"169,199"
9126,3
9127,"10,11"
9128,0
9129,23
9130,3
9131,10
9132,3
9133,23
9134,23
9135,"40,145,10"
9136,10
9137,40
9138,3
9139,"10,11"
9140,"40,145"
9141,40
9142,10
9143,3
9144,169
9145,23
9146,40
9147,"3,53"
9148,0
9149,"26,23"
9150,"169,199"
9151,10
9152,3
9153,10
9154,169
9155,3
9156,"3,4"
9157,23
9158,10
9159,0
9160,169
9161,40
9162,26
9163,"169,199"
9164,10
9165,10
9166,0
9167,"3,21"
9168,"3,4"
9169,10
9170,0
9171,"23,26"
9172,"169,199"
9173,"26,23"
9174,"10,11"
9175,"3,21"
9176,0
9177,10
9178,40
9179,"23,24,10"
9180,10
9181,40
9182,10
9183,3
9184,"10,11"
9185,40
9186,40
9187,0
9188,3
9189,23
9190,10
9191,10
9192,10
9193,40
9194,40
9195,23
9196,3
9197,169
9198,0
9199,0
9200,"3,21"
9201,10
9202,3
9203,"23,10"
9204,"3,53"
9205,169
9206,"3,21"
9207,40
9208,0
9209,40
9210,"169,199"
9211,"23,26"
9212,10
9213,3
9214,"40,145"
9215,23
9216,3
9217,0
9218,3
9219,10
9220,"10,40"
9221,23
9222,23
9223,10
9224,3
9225,"3,53"
9226,10
9227,0
9228,10
9229,3
9230,"169,199"
9231,"23,10"
9232,"3,21"
9233,"10,23"
9234,40
9235,40
9236,23
9237,"3,53"
9238,0
9239,169
9240,3
9241,"3,40,21"
9242,23
9243,0
9244,"3,21"
9245,40
9246,40
9247,0
9248,3
9249,0
9250,40
9251,10
9252,10
9253,3
9254,0
9255,"169,199"
9256,23
9257,0
9258,3
9259,"169,199"
9260,169
9261,23
9262,40
9263,10
9264,3
9265,23
9266,3
9267,0
9268,3
9269,"169,199"
9270,0
9271,40
9272,"10,11"
9273,3
9274,3
9275,23
9276,23
9277,23
9278,3
9279,3
9280,10
9281,"3,21"
9282,3
9283,"10,40"
9284,"169,199"
9285,10
9286,23
9287,"23,26"
9288,3
9289,23
9290,"23,26"
9291,10
9292,10
9293,3
9294,0
9295,0
9296,"3,21"
9297,40
9298,0
9299,23
9300,3
9301,23
9302,"40,145"
9303,0
9304,"3,21"
9305,169
9306,40
9307,23
9308,"10,11"
9309,"3,4"
9310,10
9311,10
9312,3
9313,"23,26"
9314,10
9315,"40,23"
9316,3
9317,3
9318,"3,4"
9319,3
9320,"26,23"
9321,23
9322,"23,24"
9323,10
9324,"40,3"
9325,0
9326,169
9327,40
9328,10
9329,"23,26"
9330,3
9331,3
9332,40
9333,23
9334,3
9335,"23,24"
9336,"3,4"
9337,3
9338,40
9339,10
9340,10
9341,"169,199"
9342,10
9343,23
9344,23
9345,"3,21"
9346,23
9347,0
9348,"40,23"
9349,0
9350,3
9351,169
9352,3
9353,10
9354,"26,23"
9355,"3,4"
9356,"169,199"
9357,"3,21"
9358,"40,169,199"
9359,"169,199"
9360,"3,21"
9361,"0,40"
9362,"169,199"
9363,3
9364,"169,199"
9365,"3,21"
9366,"10,23,24"
9367,169
9368,"26,23"
9369,3
9370,3
9371,"3,4"
9372,3
9373,3
9374,40
9375,10
9376,0
9377,10
9378,"10,23"
9379,0
9380,40
9381,0
9382,"40,3"
9383,23
9384,0
9385,10
9386,0
9387,0
9388,40
9389,40
9390,0
9391,40
9392,3
9393,0
9394,0
9395,169
9396,3
9397,0
9398,"23,24,10"
9399,3
9400,23
9401,40
9402,0
9403,40
9404,169
9405,40
9406,10
9407,"3,21"
9408,3
9409,10
9410,40
9411,40
9412,10
9413,"26,23"
9414,"40,10,145"
9415,"23,24"
9416,23
9417,"3,4"
9418,"40,23"
9419,"23,10,24"
9420,3
9421,0
9422,169
9423,40
9424,3
9425,3
9426,"3,4"
9427,10
9428,3
9429,"169,199"
9430,"10,11"
9431,0
9432,"3,4"
9433,"3,21"
9434,"26,23,0"
9435,3
9436,10
9437,3
9438,10
9439,40
9440,40
9441,"3,40"
9442,"3,21"
9443,0
9444,23
9445,23
9446,"26,0"
9447,169
9448,"40,145,10"
9449,"3,21"
9450,3
9451,0
9452,0
9453,"23,40"
9454,10
9455,"26,23"
9456,0
9457,"3,40"
9458,"26,23"
9459,"169,199"
9460,23
9461,0
9462,"3,21"
9463,3
9464,0
9465,40
9466,"40,10"
9467,"23,26"
9468,40
9469,"10,23"
9470,40
9471,3
9472,"23,40"
9473,"40,145"
9474,169
9475,40
9476,3
9477,10
9478,10
9479,23
9480,10
9481,"169,199"
9482,10
9483,0
9484,23
9485,3
9486,40
9487,40
9488,0
9489,3
9490,"3,21"
9491,0
9492,3
9493,0
9494,0
9495,"23,26"
9496,3
9497,10
9498,40
9499,3
9500,169
9501,40
9502,23
9503,10
9504,10
9505,40
9506,0
9507,0
9508,40
9509,"169,199"
9510,"10,11"
9511,0
9512,3
9513,"10,11"
9514,0
9515,3
9516,"169,199"
9517,"3,21"
9518,23
9519,"3,21"
9520,3
9521,"169,199"
9522,40
9523,169
9524,3
9525,"40,145"
9526,26
9527,0
9528,"3,40"
9529,"3,21"
9530,"3,4"
9531,"23,26"
9532,10
9533,0
9534,3
9535,0
9536,"26,23"
9537,3
9538,10
9539,0
9540,3
9541,"23,24"
9542,0
9543,23
9544,10
9545,"3,21"
9546,40
9547,"23,24"
9548,23
9549,40
9550,"3,21"
9551,0
9552,0
9553,3
9554,40
9555,"3,4"
9556,10
9557,10
9558,"40,145,10"
9559,10
9560,10
9561,"169,199"
9562,10
9563,169
9564,"40,145"
9565,0
9566,"10,11"
9567,"23,24,10"
9568,"23,24,10"
9569,"40,23"
9570,3
9571,23
9572,23
9573,26
9574,3
9575,10
9576,0
9577,3
9578,10
9579,0
9580,0
9581,"3,21"
9582,"23,10,24"
9583,23
9584,3
9585,"26,23"
9586,"40,10,145"
9587,0
9588,"3,4"
9589,169
9590,3
9591,"10,11"
9592,40
9593,"169,199"
9594,23
9595,40
9596,3
9597,40
9598,10
9599,0
9600,40
9601,23
9602,3
9603,0
9604,23
9605,"23,40"
9606,169
9607,40
9608,169
9609,3
9610,10
9611,3
9612,0
9613,23
9614,3
9615,"3,4"
9616,"169,199"
9617,3
9618,10
9619,"23,10"
9620,40
9621,40
9622,3
9623,0
9624,10
9625,"169,199"
9626,3
9627,169
9628,"169,199"
9629,23
9630,0
9631,"23,10,24"
9632,"3,21"
9633,23
9634,0
9635,"169,199"
9636,"23,24"
9637,0
9638,169
9639,40
9640,"3,21"
9641,"23,10,24"
9642,"169,199"
9643,"10,23"
9644,"169,199"
9645,"23,26"
9646,3
9647,40
9648,10
9649,3
9650,"169,199"
9651,40
9652,40
9653,10
9654,0
9655,"40,145"
9656,"10,23"
9657,23
9658,3
9659,10
9660,"23,24,10"
9661,10
9662,23
9663,0
9664,"169,199"
9665,10
9666,"169,199"
9667,"3,53"
9668,3
9669,"10,23"
9670,"169,199"
9671,"169,199"
9672,40
9673,3
9674,"3,21"
9675,10
9676,"10,11"
9677,23
9678,"26,23"
9679,23
9680,3
9681,3
9682,3
9683,10
9684,10
9685,10
9686,10
9687,169
9688,"169,199"
9689,40
9690,3
9691,3
9692,40
9693,"169,199"
9694,3
9695,"10,11"
9696,0
9697,10
9698,40
9699,0
9700,10
9701,0
9702,"10,11"
9703,169
9704,23
9705,23
9706,"40,145,10"
9707,"40,10,145"
9708,"3,21"
9709,169
9710,10
9711,40
9712,40
9713,3
9714,169
9715,10
9716,40
9717,"169,199"
9718,169
9719,"40,23,145"
9720,0
9721,0
9722,3
9723,3
9724,"3,21"
9725,"3,21"
9726,"3,4"
9727,40
9728,"40,10,145"
9729,10
9730,23
9731,3
9732,3
9733,0
9734,3
9735,23
9736,3
9737,10
9738,"3,4"
9739,40
9740,"3,21"
9741,10
9742,10
9743,10
9744,23
9745,"40,145"
9746,40
9747,3
9748,10
9749,23
9750,0
9751,169
9752,"26,23"
9753,"0,26"
9754,10
9755,10
9756,"40,145,10"
9757,40
9758,3
9759,"40,145"
9760,40
9761,23
9762,3
9763,10
9764,3
9765,40
9766,"3,21"
9767,"23,24,10"
9768,"169,199"
9769,3
9770,10
9771,"3,4"
9772,40
9773,10
9774,"40,23"
9775,"40,145"
9776,10
9777,3
9778,169
9779,"3,53"
9780,3
9781,169
9782,"10,23"
9783,"26,23"
9784,169
9785,3
9786,0
9787,0
9788,3
9789,40
9790,"23,26"
9791,169
9792,10
9793,40
9794,"40,10,145"
9795,"23,24,10"
9796,10
9797,40
9798,40
9799,10
9800,"23,24,10"
9801,169
9802,40
9803,3
9804,0
9805,3
9806,"3,23"
9807,"3,21"
9808,3
9809,3
9810,3
9811,3
9812,"3,21"
9813,"23,24"
9814,10
9815,40
9816,3
9817,0
9818,"3,17"
9819,10
9820,10
9821,23
9822,0
9823,40
9824,3
9825,23
9826,10
9827,"23,40"
9828,40
9829,169
9830,3
9831,3
9832,3
9833,3
9834,"10,11"
9835,0
9836,3
9837,10
9838,"23,24"
9839,"169,199"
9840,3
9841,"3,4"
9842,"23,26"
9843,"10,40"
9844,"23,10,24"
9845,40
9846,"40,145"
9847,0
9848,10
9849,10
9850,23
9851,3
9852,"26,23,350"
9853,"10,23"
9854,0
9855,"3,21"
9856,40
9857,10
9858,23
9859,3
9860,"40,23"
9861,"169,40,199"
9862,3
9863,10
9864,0
9865,0
9866,3
9867,"3,21"
9868,"169,199"
9869,"40,23"
9870,"10,11"
9871,3
9872,0
9873,3
9874,"169,199"
9875,3
9876,0
9877,3
9878,0
9879,40
9880,0
9881,"169,199"
9882,"3,21"
9883,"169,199"
9884,10
9885,40
9886,3
9887,23
9888,23
9889,0
9890,10
9891,3
9892,10
9893,"169,199"
9894,40
9895,3
9896,169
9897,3
9898,23
9899,"3,21"
9900,"26,23"
9901,40
9902,"26,0"
9903,10
9904,"10,40"
9905,3
9906,0
9907,23
9908,3
9909,3
9910,40
9911,"10,40"
9912,10
9913,169
9914,0
9915,3
9916,3
9917,23
9918,40
9919,"10,23,24"
9920,3
9921,40
9922,"3,21"
9923,"3,21"
9924,40
9925,40
9926,0
9927,"10,11"
9928,23
9929,3
9930,3
9931,0
9932,"10,40,145"
9933,169
9934,40
9935,3
9936,3
9937,0
9938,0
9939,169
9940,3
9941,10
9942,"23,40"
9943,10
9944,10
9945,0
9946,0
9947,"26,0,23"
9948,3
9949,"23,40"
9950,10
9951,0
9952,"169,199"
9953,10
9954,"3,21"
9955,3
9956,3
9957,3
9958,40
9959,3
9960,"3,4"
9961,10
9962,40
9963,40
9964,3
9965,"3,21"
9966,169
9967,"10,40"
9968,0
9969,23
9970,3
9971,3
9972,40
9973,3
9974,40
9975,"169,199"
9976,3
9977,0
9978,10
9979,"10,23"
9980,"3,53"
9981,10
9982,10
9983,0
9984,3
9985,"3,21"
9986,"26,23"
9987,23
9988,0
9989,"3,4"
9990,40
9991,40
9992,10
9993,0
9994,3
9995,10
9996,"40,145"
9997,23
9998,"169,199"
9999,0
10000,23
10001,3
10002,0
10003,169
10004,"3,4"
10005,0
10006,10
10007,10
10008,40
10009,23
10010,10
10011,"169,199"
10012,23
10013,"3,21"
10014,40
10015,3
10016,40
10017,10
10018,40
10019,0
10020,3
10021,3
10022,40
10023,"40,10,145"
10024,3
10025,"23,10,24"
10026,0
10027,0
10028,3
10029,40
10030,40
10031,0
10032,10
10033,"3,21"
10034,3
10035,3
10036,40
10037,"3,53"
10038,"10,23"
10039,"3,40,21"
10040,10
10041,"26,23"
10042,40
10043,40
10044,23
10045,"169,199"
10046,23
10047,10
10048,40
10049,"10,11"
10050,"40,3"
10051,40
10052,0
10053,0
10054,"3,40"
10055,3
10056,3
10057,169
10058,3
10059,3
10060,"10,40,145"
10061,3
10062,0
10063,"23,40"
10064,169
10065,10
10066,40
10067,"40,169,199"
10068,10
10069,10
10070,3
10071,3
10072,10
10073,"23,26"
10074,"3,21"
10075,40
10076,"3,4"
10077,10
10078,0
10079,"40,169"
10080,40
10081,10
10082,3
10083,"40,23"
10084,"23,26"
10085,"3,21"
10086,23
10087,"10,40"
10088,40
10089,3
10090,0
10091,"3,21"
10092,"10,11"
10093,40
10094,3
10095,"10,11"
10096,"23,24"
10097,"3,53"
10098,3
10099,"3,21"
10100,40
10101,3
10102,3
10103,0
10104,"3,21"
10105,"23,24"
10106,3
10107,3
10108,10
10109,169
10110,"169,199"
10111,0
10112,169
10113,3
10114,"40,10,145"
10115,40
10116,0
10117,10
10118,0
10119,3
10120,"3,21"
10121,10
10122,"169,199"
10123,0
10124,"169,199"
10125,10
10126,10
10127,"40,10,145"
10128,0
10129,"40,10,145"
10130,40
10131,0
10132,0
10133,3
10134,3
10135,"26,23"
10136,10
10137,3
10138,10
10139,3
10140,"26,23"
10141,"10,11"
10142,169
10143,"169,199"
10144,0
10145,"40,145"
10146,"169,40,199"
10147,0
10148,169
10149,3
10150,10
10151,"40,3"
10152,10
10153,40
10154,3
10155,3
10156,40
10157,3
10158,169
10159,"23,24,10"
10160,"23,26"
10161,10
10162,40
10163,"23,24"
10164,3
10165,169
10166,"23,24,40"
10167,0
10168,"10,40"
10169,10
10170,"40,23,145"
10171,3
10172,"3,21"
10173,3
10174,40
10175,3
10176,"3,21"
10177,40
10178,3
10179,"3,21"
10180,10
10181,40
10182,"169,199"
10183,"10,11"
10184,0
10185,40
10186,40
10187,3
10188,10
10189,10
10190,"3,21"
10191,40
10192,"10,40,145"
10193,"40,145"
10194,10
10195,40
10196,10
10197,3
10198,10
10199,23
10200,40
10201,3
10202,0
10203,10
10204,10
10205,10
10206,10
10207,0
10208,0
10209,10
10210,"3,21"
10211,10
10212,"23,26"
10213,40
10214,"26,23"
10215,"10,11"
10216,10
10217,0
10218,"3,21"
10219,3
10220,23
10221,0
10222,169
10223,3
10224,23
10225,26
10226,40
10227,40
10228,3
10229,23
10230,3
10231,3
10232,40
10233,3
10234,0
10235,"10,40"
10236,10
10237,"40,169,199"
10238,10
10239,40
10240,"3,21"
10241,23
10242,"26,23,0"
10243,"169,199"
10244,"0,26,23"
10245,"40,23"
10246,"40,10,145"
10247,3
10248,"169,199"
10249,"3,4"
10250,0
10251,"40,23,10"
10252,"23,40"
10253,23
10254,10
10255,3
10256,"23,26"
10257,0
10258,40
10259,0
10260,23
10261,3
10262,10
10263,10
10264,3
10265,40
10266,3
10267,0
10268,"10,23"
10269,169
10270,3
10271,23
10272,"40,23"
10273,3
10274,3
10275,40
10276,0
10277,"3,40"
10278,3
10279,10
10280,"40,23"
10281,"23,10,24"
10282,"3,21"
10283,23
10284,"23,24"
10285,3
10286,10
10287,10
10288,"23,24,10"
10289,0
10290,3
10291,3
10292,"23,10,24"
10293,3
10294,10
10295,"40,10,145"
10296,3
10297,"10,11"
10298,"10,40"
10299,40
10300,23
10301,0
10302,40
10303,"3,21"
10304,"3,21"
10305,0
10306,3
10307,"3,21"
10308,40
10309,"10,11"
10310,3
10311,3
10312,"40,3"
10313,"10,40"
10314,40
10315,3
10316,40
10317,"3,21"
10318,23
10319,169
10320,40
10321,0
10322,3
10323,10
10324,0
10325,"3,40,21"
10326,"23,24,10"
10327,"10,23"
10328,"3,21"
10329,3
10330,"26,23"
10331,"3,21"
10332,0
10333,40
10334,"23,24,10"
10335,3
10336,0
10337,0
10338,169
10339,3
10340,23
10341,3
10342,"23,26"
10343,40
10344,23
10345,23
10346,0
10347,0
10348,"40,23"
10349,23
10350,40
10351,10
10352,3
10353,10
10354,0
10355,169
10356,"3,21"
10357,40
10358,23
10359,3
10360,"40,23"
10361,23
10362,"10,11"
10363,3
10364,"0,26"
10365,"169,199"
10366,10
10367,0
10368,23
10369,"10,11"
10370,0
10371,"23,24,10"
10372,0
10373,3
10374,23
10375,40
10376,23
10377,169
10378,10
10379,40
10380,"23,24,10"
10381,3
10382,0
10383,10
10384,40
10385,"10,40"
10386,3
10387,"3,21,40"
10388,10
10389,"10,23,24"
10390,0
10391,23
10392,0
10393,"3,4"
10394,3
10395,23
10396,"3,4"
10397,"40,23"
10398,0
10399,40
10400,"23,26"
10401,10
10402,169
10403,"169,199"
10404,"10,40"
10405,"40,10,145"
10406,"3,21"
10407,3
10408,10
10409,"23,10,24"
10410,10
10411,"3,21"
10412,0
10413,"26,23"
10414,3
10415,3
10416,40
10417,3
10418,0
10419,"10,11"
10420,10
10421,10
10422,10
10423,10
10424,3
10425,23
10426,"23,24,10"
10427,"3,21"
10428,169
10429,"10,40"
10430,"40,169,199"
10431,"10,11"
10432,"10,40"
10433,3
10434,"3,21"
10435,"26,23"
10436,"3,4"
10437,3
10438,"3,21"
10439,"23,40"
10440,3
10441,169
10442,3
10443,"10,40"
10444,"3,21"
10445,40
10446,3
10447,"169,199"
10448,"169,199"
10449,169
10450,"40,145"
10451,40
10452,"169,199"
10453,"3,4"
10454,"169,199"
10455,10
10456,"40,145"
10457,0
10458,10
10459,0
10460,23
10461,"10,11"
10462,0
10463,"3,4"
10464,40
10465,10
10466,"10,11"
10467,0
10468,0
10469,0
10470,10
10471,23
10472,10
10473,"3,4"
10474,"169,199"
10475,"40,3"
10476,169
10477,3
10478,23
10479,40
10480,"3,4"
10481,40
10482,40
10483,23
10484,10
10485,"23,10,24"
10486,169
10487,"169,199"
10488,3
10489,169
10490,"3,21"
10491,3
10492,10
10493,40
10494,"169,199"
10495,3
10496,"10,11"
10497,3
10498,"169,199"
10499,169
10500,"26,23"
10501,10
10502,40
10503,0
10504,"40,23"
10505,3
10506,"23,26"
10507,"3,21"
10508,23
10509,10
10510,40
10511,40
10512,"23,26"
10513,"23,26"
10514,"23,24,10"
10515,40
10516,23
10517,"10,11"
10518,3
10519,"23,26"
10520,10
10521,10
10522,40
10523,3
10524,3
10525,"169,199"
10526,"10,40"
10527,"40,10,145"
10528,3
10529,10
10530,0
10531,40
10532,"10,40,145"
10533,3
10534,0
10535,"3,4"
10536,"23,26"
10537,"3,21"
10538,23
10539,40
10540,"3,21"
10541,10
10542,169
10543,3
10544,3
10545,"23,26"
10546,10
10547,"10,11"
10548,3
10549,0
10550,23
10551,10
10552,3
10553,169
10554,"3,40"
10555,10
10556,3
10557,23
10558,40
10559,40
10560,23
10561,23
10562,10
10563,"40,10,145"
10564,"40,145"
10565,3
10566,10
10567,10
10568,"23,10,24"
10569,3
10570,"3,21"
10571,3
10572,"23,26"
10573,23
10574,"10,11"
10575,"40,23"
10576,0
10577,23
10578,3
10579,40
10580,10
10581,0
10582,3
10583,0
10584,"169,199"
10585,0
10586,23
10587,40
10588,"10,11"
10589,"23,26"
10590,"3,21"
10591,169
10592,"40,145,10"
10593,23
10594,40
10595,"3,21"
10596,"10,40"
10597,0
10598,23
10599,23
10600,0
10601,3
10602,10
10603,40
10604,169
10605,3
10606,10
10607,3
10608,3
10609,3
10610,40
10611,"3,21"
10612,10
10613,169
10614,"3,21"
10615,3
10616,3
10617,"40,145"
10618,"3,21"
10619,10
10620,"3,21"
10621,40
10622,"169,199"
10623,23
10624,40
10625,"23,26"
10626,10
10627,0
10628,"169,199"
10629,3
10630,"3,21"
10631,"26,23"
10632,10
10633,0
10634,10
10635,0
10636,"3,21"
10637,3
10638,3
10639,40
10640,0
10641,0
10642,0
10643,3
10644,"23,10,24"
10645,"40,145"
10646,40
10647,0
10648,"23,26"
10649,10
10650,"40,10,145"
10651,"40,10,145"
10652,23
10653,"3,21"
10654,40
10655,"10,11"
10656,40
10657,0
10658,"26,23"
10659,0
10660,3
10661,40
10662,10
10663,"40,10,23"
10664,169
10665,0
10666,40
10667,3
10668,"23,26"
10669,0
10670,10
10671,0
10672,40
10673,"23,24"
10674,0
10675,"3,21"
10676,10
10677,0
10678,"23,24"
10679,23
10680,0
10681,3
10682,"3,40"
10683,40
10684,40
10685,"3,21"
10686,0
10687,"169,199"
10688,23
10689,40
10690,"169,199"
10691,"169,199"
10692,3
10693,3
10694,0
10695,40
10696,3
10697,3
10698,3
10699,0
10700,10
10701,"40,23"
10702,"3,21"
10703,10
10704,10
10705,23
10706,40
10707,3
10708,"3,21"
10709,3
10710,3
10711,0
10712,"23,24,10"
10713,169
10714,10
10715,0
10716,10
10717,"23,10"
10718,3
10719,23
10720,169
10721,10
10722,169
10723,"3,4"
10724,3
10725,10
10726,10
10727,169
10728,"10,11"
10729,0
10730,0
10731,"10,23"
10732,0
10733,3
10734,3
10735,0
10736,10
10737,3
10738,"3,21"
10739,3
10740,"3,21"
10741,23
10742,"10,11"
10743,3
10744,169
10745,169
10746,0
10747,"40,145,10"
10748,10
10749,3
10750,3
10751,23
10752,"169,199"
10753,10
10754,40
10755,"40,145,10"
10756,0
10757,"40,145"
10758,"3,4"
10759,"23,26"
10760,3
10761,23
10762,3
10763,3
10764,40
10765,"3,4"
10766,40
10767,3
10768,169
10769,3
10770,"10,23"
10771,"169,199"
10772,40
10773,"169,199"
10774,10
10775,40
10776,3
10777,10
10778,"3,21"
10779,0
10780,"3,4"
10781,10
10782,0
10783,3
10784,3
10785,3
10786,"3,21"
10787,"10,23,24"
10788,0
10789,0
10790,0
10791,"10,23"
10792,0
10793,3
10794,"169,199"
10795,40
10796,"3,4"
10797,169
10798,3
10799,10
10800,10
10801,"40,145"
10802,23
10803,23
10804,0
10805,10
10806,"10,11"
10807,"3,21"
10808,10
10809,"23,26"
10810,40
10811,3
10812,10
10813,0
10814,10
10815,"169,199"
10816,"40,145"
10817,"26,23"
10818,"23,26"
10819,10
10820,0
10821,3
10822,10
10823,169
10824,10
10825,"23,10,24"
10826,10
10827,23
10828,169
10829,40
10830,"10,11"
10831,3
10832,0
10833,3
10834,"3,4"
10835,"3,21"
10836,23
10837,23
10838,3
10839,10
10840,40
10841,23
10842,0
10843,0
10844,0
10845,"3,53"
10846,169
10847,"3,21"
10848,"26,23"
10849,3
10850,10
10851,0
10852,"40,145"
10853,"23,26"
10854,3
10855,"26,23"
10856,40
10857,0
10858,"40,145,23"
10859,40
10860,23
10861,23
10862,3
10863,10
10864,"3,40"
10865,10
10866,"23,10"
10867,10
10868,10
10869,10
10870,3
10871,10
10872,0
10873,40
10874,40
10875,0
10876,0
10877,23
10878,40
10879,23
10880,0
10881,23
10882,3
10883,3
10884,"23,40"
10885,23
10886,10
10887,10
10888,10
10889,"40,145"
10890,3
10891,"3,21"
10892,"169,40,199"
10893,3
10894,0
10895,"3,4"
10896,3
10897,3
10898,3
10899,23
10900,3
10901,"3,21"
10902,40
10903,"40,3"
10904,40
10905,10
10906,3
10907,"169,199,40"
10908,169
10909,40
10910,3
10911,3
10912,10
10913,"26,23"
10914,"3,21"
10915,"40,145"
10916,10
10917,0
10918,"26,23"
10919,"3,4"
10920,"3,4"
10921,10
10922,40
10923,10
10924,0
10925,40
10926,0
10927,169
10928,3
10929,40
10930,3
10931,10
10932,"23,24,10"
10933,0
10934,23
10935,"40,10,145"
10936,"26,23"
10937,10
10938,"3,21"
10939,3
10940,10
10941,3
10942,0
10943,"23,24"
10944,"3,4"
10945,"3,21"
10946,0
10947,40
10948,10
10949,"23,26"
10950,0
10951,0
10952,3
10953,"10,11"
10954,"40,10,145"
10955,"23,26"
10956,10
10957,"3,4"
10958,"3,21"
10959,"23,24"
10960,0
10961,3
10962,3
10963,"40,145,10"
10964,"23,24,10"
10965,"23,24"
10966,40
10967,"169,199"
10968,"3,21"
10969,169
10970,"3,21"
10971,0
10972,3
10973,40
10974,23
10975,"3,53"
10976,"23,10,24"
10977,3
10978,"3,21"
10979,0
10980,40
10981,3
10982,3
10983,"40,145"
10984,"10,23"
10985,3
10986,"0,26"
10987,40
10988,"3,21"
10989,10
10990,0
10991,40
10992,40
10993,3
10994,3
10995,"3,21"
10996,3
10997,23
10998,40
10999,"3,21"
11000,169
11001,"169,199"
11002,23
11003,"23,26"
11004,40
11005,3
11006,"10,11"
11007,40
11008,"23,26"
11009,10
11010,10
11011,10
11012,10
11013,40
11014,10
11015,"40,145"
11016,0
11017,169
11018,"40,145"
11019,169
11020,40
11021,0
11022,"40,145"
11023,40
11024,"169,199"
11025,23
11026,40
11027,169
11028,3
11029,10
11030,23
11031,"169,199"
11032,23
11033,0
11034,"0,26"
11035,23
11036,3
11037,"40,10,145"
11038,"23,26"
11039,"23,26"
11040,3
11041,"169,199"
11042,3
11043,0
11044,0
11045,0
11046,3
11047,169
11048,0
11049,0
11050,0
11051,169
11052,3
11053,10
11054,"23,26"
11055,23
11056,40
11057,23
11058,10
11059,"23,40"
11060,169
11061,10
11062,3
11063,40
11064,40
11065,10
11066,0
11067,"40,145,10"
11068,10
11069,0
11070,"23,10,24"
11071,169
11072,"3,21"
11073,10
11074,3
11075,3
11076,40
11077,3
11078,10
11079,10
11080,0
11081,40
11082,3
11083,3
11084,"10,40,145"
11085,"23,24"
11086,23
11087,40
11088,"10,11"
11089,0
11090,"40,10,145"
11091,3
11092,23
11093,0
11094,"26,23"
11095,40
11096,0
11097,23
11098,23
11099,40
11100,23
11101,23
11102,"23,40"
11103,3
11104,"3,4"
11105,169
11106,"10,40,145"
11107,"40,3"
11108,0
11109,40
11110,"40,10,145"
11111,10
11112,23
11113,40
11114,3
11115,169
11116,0
11117,10
11118,10
11119,40
11120,23
11121,3
11122,0
11123,"3,21"
11124,"3,4"
11125,3
11126,40
11127,23
11128,0
11129,0
11130,10
11131,40
11132,23
11133,0
11134,23
11135,0
11136,3
11137,0
11138,0
11139,3
11140,40
11141,0
11142,0
11143,3
11144,40
11145,10
11146,3
11147,"26,23"
11148,40
11149,40
11150,"26,23"
11151,3
11152,"23,10,24"
11153,10
11154,3
11155,40
11156,40
11157,10
11158,23
11159,169
11160,"3,21"
11161,10
11162,"40,10,145"
11163,"10,40"
11164,"3,21"
11165,"10,23"
11166,10
11167,"40,10,145"
11168,10
11169,10
11170,10
11171,3
11172,0
11173,40
11174,23
11175,26
11176,"10,11"
11177,3
11178,40
11179,169
11180,"10,40,145"
11181,3
11182,40
11183,23
11184,"169,199"
11185,23
11186,3
11187,"169,199"
11188,3
11189,0
11190,"10,40,145"
11191,"26,23"
11192,0
11193,"3,53"
11194,3
11195,23
11196,23
11197,169
11198,169
11199,169
11200,10
11201,"23,40,38"
11202,0
11203,0
11204,3
11205,10
11206,23
11207,"3,40"
11208,"40,145"
11209,10
11210,"23,10,24"
11211,0
11212,0
11213,3
11214,40
11215,10
11216,"169,199"
11217,"10,11"
11218,40
11219,3
11220,"40,145"
11221,"23,26"
11222,"23,24"
11223,0
11224,40
11225,"169,40,199"
11226,10
11227,"3,21"
11228,3
11229,"23,26"
11230,0
11231,"23,24"
11232,0
11233,"23,10"
11234,"23,26"
11235,23
11236,40
11237,3
11238,3
11239,"10,23"
11240,3
11241,40
11242,23
11243,0
11244,10
11245,0
11246,3
11247,10
11248,3
11249,3
11250,40
11251,"169,199"
11252,0
11253,"3,21"
11254,23
11255,23
11256,"10,11"
11257,10
11258,3
11259,10
11260,10
11261,10
11262,169
11263,"40,145,10"
11264,3
11265,"169,199"
11266,40
11267,10
11268,40
11269,40
11270,0
11271,"3,21"
11272,0
11273,"23,24"
11274,0
11275,10
11276,"40,10"
11277,40
11278,0
11279,"23,26"
11280,169
11281,23
11282,"40,10"
11283,3
11284,0
11285,40
11286,10
11287,169
11288,"40,10,145"
11289,"169,199"
11290,"40,10,145"
11291,"40,145,10"
11292,3
11293,"26,23"
11294,23
11295,3
11296,10
11297,"169,199"
11298,3
11299,10
11300,"23,10"
11301,40
11302,3
11303,0
11304,10
11305,3
11306,"3,53"
11307,"40,10"
11308,23
11309,0
11310,3
11311,40
11312,0
11313,10
11314,"169,199,40"
11315,23
11316,3
11317,10
11318,"169,199"
11319,169
11320,"3,4"
11321,"40,10,145"
11322,0
11323,10
11324,10
11325,10
11326,"10,40"
11327,3
11328,"23,26"
11329,23
11330,169
11331,"23,40"
11332,23
11333,3
11334,169
11335,10
11336,3
11337,40
11338,3
11339,"10,23"
11340,169
11341,0
11342,40
11343,10
11344,3
11345,10
11346,"3,21"
11347,40
11348,10
11349,169
11350,"3,40"
11351,3
11352,23
11353,10
11354,169
11355,3
11356,3
11357,"169,199"
11358,0
11359,"3,21"
11360,40
11361,10
11362,"40,145"
11363,3
11364,"40,145,10"
11365,3
11366,10
11367,3
11368,"10,11"
11369,3
11370,0
11371,40
11372,"3,21"
11373,"40,10,145"
11374,40
11375,0
11376,"3,21"
11377,10
11378,0
11379,10
11380,40
11381,3
11382,0
11383,23
11384,"10,23"
11385,23
11386,26
11387,"3,21"
11388,3
11389,3
11390,"10,11"
11391,3
11392,40
11393,40
11394,"40,10,145"
11395,10
11396,40
11397,"26,23"
11398,"26,23"
11399,0
11400,169
11401,0
11402,40
11403,0
11404,"40,145,10"
11405,"40,23"
11406,3
11407,0
11408,10
11409,3
11410,23
11411,40
11412,"3,21"
11413,"3,21"
11414,23
11415,40
11416,3
11417,40
11418,"169,199"
11419,10
11420,"169,199"
11421,169
11422,"3,53"
11423,0
11424,3
11425,40
11426,3
11427,40
11428,"23,24"
11429,0
11430,10
11431,40
11432,3
11433,"10,11"
11434,10
11435,"10,11,40"
11436,40
11437,"40,23"
11438,3
11439,40
11440,40
11441,"10,40"
11442,3
11443,3
11444,"40,145,10"
11445,"3,21"
11446,40
11447,40
11448,"169,199"
11449,3
11450,10
11451,40
11452,3
11453,0
11454,"23,24"
11455,3
11456,"10,11"
11457,10
11458,3
11459,"10,40"
11460,0
11461,"23,24"
11462,3
11463,10
11464,23
11465,3
11466,10
11467,3
11468,3
11469,23
11470,"169,199"
11471,23
11472,"3,4"
11473,"10,40"
11474,"23,24,10"
11475,3
11476,3
11477,0
11478,3
11479,10
11480,"23,40"
11481,"10,11,40"
11482,3
11483,10
11484,169
11485,0
11486,10
11487,169
11488,"26,23"
11489,3
11490,3
11491,40
11492,"23,10"
11493,"169,199"
11494,0
11495,0
11496,23
11497,3
11498,"169,199"
11499,23
11500,0
11501,3
11502,3
11503,"26,23"
11504,3
11505,3
11506,23
11507,3
11508,3
11509,"169,199"
11510,3
11511,10
11512,3
11513,3
11514,10
11515,3
11516,0
11517,3
11518,40
11519,169
11520,3
11521,40
11522,40
11523,23
11524,"23,40"
11525,169
11526,10
11527,10
11528,40
11529,"169,199"
11530,169
11531,3
11532,40
11533,"3,4"
11534,10
11535,3
11536,"26,23"
11537,"10,11"
11538,"40,145"
11539,10
11540,"3,53"
11541,"40,145"
11542,0
11543,10
11544,40
11545,"10,40,145"
11546,"3,21"
11547,3
11548,"40,23"
11549,40
11550,40
11551,"40,145"
11552,40
11553,40
11554,40
11555,"26,23"
11556,"3,21"
11557,10
11558,23
11559,3
11560,"3,21"
11561,10
11562,40
11563,0
11564,3
11565,40
11566,10
11567,40
11568,0
11569,3
11570,23
11571,"23,24"
11572,"10,11"
11573,"23,40"
11574,0
11575,0
11576,23
11577,10
11578,3
11579,3
11580,0
11581,0
11582,23
11583,3
11584,3
11585,3
11586,23
11587,3
11588,0
11589,3
11590,10
11591,40
11592,169
11593,"10,40"
11594,0
11595,"3,169"
11596,10
11597,10
11598,"3,21"
11599,10
11600,23
11601,"169,199"
11602,3
11603,23
11604,10
11605,0
11606,40
11607,10
11608,0
11609,40
11610,40
11611,10
11612,3
11613,10
11614,3
11615,0
11616,3
11617,40
11618,23
11619,40
11620,40
11621,"169,199"
11622,"3,21"
11623,23
11624,3
11625,"40,145,23"
11626,23
11627,0
11628,"3,21"
11629,169
11630,40
11631,"23,24"
11632,3
11633,10
11634,23
11635,10
11636,"3,21"
11637,"10,11"
11638,23
11639,23
11640,10
11641,10
11642,"23,24"
11643,23
11644,3
11645,"10,40"
11646,40
11647,10
11648,3
11649,40
11650,"10,11,40"
11651,"3,21"
11652,0
11653,0
11654,"23,24,10"
11655,10
11656,40
11657,3
11658,3
11659,"26,23"
11660,3
11661,10
11662,"23,10,24"
11663,10
11664,3
11665,3
11666,10
11667,40
11668,"10,11"
11669,169
11670,3
11671,23
11672,23
11673,23
11674,10
11675,169
11676,"169,199,40"
11677,"169,199"
11678,0
11679,0
11680,10
11681,"23,10,24"
11682,10
11683,10
11684,23
11685,169
11686,3
11687,40
11688,"23,24,10"
11689,3
11690,23
11691,"40,10,145"
11692,10
11693,"3,4"
11694,0
11695,3
11696,0
11697,0
11698,0
11699,3
11700,169
11701,3
11702,0
11703,"40,10,145"
11704,10
11705,3
11706,3
11707,3
11708,"10,23"
11709,0
11710,40
11711,"3,4"
11712,23
11713,10
11714,10
11715,3
11716,10
11717,40
11718,"169,199"
11719,"23,26"
11720,"3,21"
11721,3
11722,3
11723,10
11724,40
11725,3
11726,169
11727,"10,11"
11728,3
11729,"23,24,10"
11730,"3,4"
11731,0
11732,40
11733,40
11734,3
11735,"23,40"
11736,3
11737,23
11738,0
11739,"10,40"
11740,10
11741,3
11742,"3,21"
11743,169
11744,3
11745,3
11746,3
11747,3
11748,3
11749,"169,199"
11750,40
11751,"169,0"
11752,"3,21"
11753,"10,11"
11754,"23,40"
11755,"10,23"
11756,"10,11"
11757,23
11758,10
11759,10
11760,23
11761,40
11762,"3,21"
11763,3
11764,3
11765,3
11766,0
11767,3
11768,3
11769,"169,199"
11770,"3,21"
11771,"3,21"
11772,3
11773,169
11774,"169,199"
11775,40
11776,10
11777,"3,21,53"
11778,10
11779,"10,11"
11780,10
11781,169
11782,"169,199"
11783,23
11784,"23,24,10"
11785,"23,24"
11786,"169,199"
11787,"3,4"
11788,"10,23"
11789,40
11790,3
11791,40
11792,23
11793,23
11794,23
11795,0
11796,23
11797,"10,11"
11798,23
11799,"3,40"
11800,0
11801,3
11802,"3,21"
11803,3
11804,3
11805,3
11806,"3,21"
11807,23
11808,23
11809,10
11810,40
11811,"40,145,10"
11812,3
11813,3
11814,"40,145"
11815,40
11816,40
11817,"3,4"
11818,"10,11"
11819,0
11820,3
11821,40
11822,"23,26"
11823,10
11824,0
11825,3
11826,10
11827,0
11828,40
11829,10
11830,10
11831,40
11832,10
11833,3
11834,0
11835,40
11836,0
11837,"26,0,23"
11838,40
11839,"3,21"
11840,40
11841,"3,4"
11842,10
11843,0
11844,"23,26"
11845,10
11846,23
11847,"169,199"
11848,0
11849,"40,10,145"
11850,23
11851,0
11852,0
11853,0
11854,"3,21"
11855,10
11856,"10,11"
11857,10
11858,3
11859,3
11860,0
11861,"10,11"
11862,23
11863,10
11864,3
11865,40
11866,"10,40,145"
11867,"169,40,199"
11868,10
11869,3
11870,3
11871,"23,10"
11872,"3,4"
11873,"40,145"
11874,3
11875,0
11876,23
11877,3
11878,0
11879,40
11880,"10,40"
11881,40
11882,"40,169,199"
11883,"169,199"
11884,0
11885,"26,0"
11886,"3,21"
11887,0
11888,"3,4"
11889,"3,21"
11890,0
11891,10
11892,3
11893,169
11894,"23,24"
11895,"23,26"
11896,10
11897,10
11898,"10,11"
11899,3
11900,169
11901,"3,21"
11902,"169,40,199"
11903,169
11904,3
11905,"10,11"
11906,"40,10,145"
11907,10
11908,3
11909,40
11910,169
11911,3
11912,"3,4"
11913,10
11914,"10,40"
11915,"23,26"
11916,"40,23"
11917,10
11918,"40,23"
11919,10
11920,23
11921,3
11922,3
11923,23
11924,169
11925,3
11926,40
11927,40
11928,0
11929,3
11930,23
11931,23
11932,169
11933,0
11934,3
11935,3
11936,23
11937,"40,199,169"
11938,40
11939,3
11940,3
11941,40
11942,3
11943,40
11944,10
11945,"10,11"
11946,3
11947,"169,199"
11948,"40,145"
11949,40
11950,"10,11"
11951,10
11952,"23,38"
11953,10
11954,3
11955,0
11956,"40,23"
11957,10
11958,40
11959,3
11960,"23,24"
11961,3
11962,23
11963,0
11964,0
11965,3
11966,23
11967,3
11968,23
11969,10
11970,"169,199"
11971,10
11972,"40,10,145"
11973,0
11974,"169,199"
11975,40
11976,23
11977,169
11978,169
11979,"23,24"
11980,3
11981,23
11982,169
11983,0
11984,"23,26"
11985,"3,21"
11986,"40,169,199"
11987,"10,40,145"
11988,40
11989,0
11990,3
11991,3
11992,"3,40"
11993,10
11994,169
11995,0
11996,10
11997,40
11998,10
11999,"3,21"
12000,10
12001,"40,145"
12002,3
12003,40
12004,"3,21"
12005,40
12006,"3,21"
12007,"3,169"
12008,3
12009,10
12010,40
12011,40
12012,3
12013,3
12014,"169,199"
12015,0
12016,40
12017,3
12018,10
12019,3
12020,40
12021,40
12022,40
12023,3
12024,3
12025,"3,4"
12026,"23,26"
12027,"40,145"
12028,169
12029,23
12030,"23,40"
12031,40
12032,3
12033,40
12034,0
12035,3
12036,0
12037,23
12038,23
12039,3
12040,3
12041,23
12042,"26,23"
12043,"23,24"
12044,0
12045,23
12046,3
12047,"169,199"
12048,"40,23"
12049,10
12050,"169,199"
12051,0
12052,"10,23"
12053,3
12054,3
12055,"26,23"
12056,"169,199"
12057,23
12058,10
12059,3
12060,"10,40,145"
12061,40
12062,3
12063,23
12064,3
12065,10
12066,"40,10,145"
12067,"23,24"
12068,3
12069,"10,11"
12070,"26,23"
12071,0
12072,40
12073,"40,145,10"
12074,10
12075,3
12076,40
12077,"10,11"
12078,3
12079,40
12080,3
12081,10
12082,"40,10,145"
12083,"10,11"
12084,3
12085,40
12086,10
12087,10
12088,3
12089,169
12090,3
12091,40
12092,3
12093,10
12094,3
12095,"23,10,24"
12096,23
12097,0
12098,"26,23,0"
12099,0
12100,3
12101,"23,24"
12102,40
12103,"3,21"
12104,0
12105,10
12106,"3,21"
12107,3
12108,3
12109,"23,24"
12110,3
12111,10
12112,169
12113,"3,21"
12114,0
12115,10
12116,"40,145,10"
12117,10
12118,0
12119,10
12120,"23,10,24"
12121,0
12122,"23,24,10"
12123,0
12124,"23,10,24"
12125,0
12126,"23,26"
12127,3
12128,"23,24"
12129,"3,21"
12130,3
12131,"40,3"
12132,"10,3"
12133,40
12134,40
12135,3
12136,"23,10,24"
12137,0
12138,10
12139,3
12140,0
12141,10
12142,0
12143,"40,23"
12144,169
12145,"3,169"
12146,10
12147,23
12148,0
12149,10
12150,0
12151,"10,23,24"
12152,"10,40"
12153,"23,10,24"
12154,23
12155,"23,24,10"
12156,40
12157,"40,10,145"
12158,10
12159,40
12160,40
12161,"169,199,40"
12162,0
12163,10
12164,0
12165,"169,199"
12166,40
12167,40
12168,40
12169,3
12170,10
12171,40
12172,40
12173,10
12174,"23,10,24"
12175,23
12176,23
12177,3
12178,40
12179,3
12180,"169,199"
12181,0
12182,40
12183,40
12184,"23,26"
12185,"26,23"
12186,0
12187,3
12188,"40,131"
12189,0
12190,3
12191,"26,23"
12192,3
12193,"23,40"
12194,169
12195,23
12196,3
12197,"23,26"
12198,10
12199,40
12200,0
12201,3
12202,40
12203,"40,145,10"
12204,3
12205,"3,53"
12206,169
12207,3
12208,"26,23"
12209,0
12210,3
12211,"10,40,145"
12212,"3,4"
12213,40
12214,0
12215,3
12216,3
12217,169
12218,40
12219,3
12220,"3,21"
12221,0
12222,"26,23"
12223,0
12224,"3,4"
12225,"23,26"
12226,0
12227,3
12228,"40,145,10"
12229,40
12230,3
12231,3
12232,"3,21"
12233,"40,23"
12234,"3,21"
12235,10
12236,"3,21"
12237,3
12238,10
12239,"3,21"
12240,0
12241,3
12242,169
12243,3
12244,10
12245,23
12246,40
12247,0
12248,40
12249,0
12250,"3,21"
12251,23
12252,40
12253,3
12254,10
12255,0
12256,10
12257,40
12258,23
12259,0
12260,23
12261,"23,10"
12262,23
12263,"40,3"
12264,0
12265,0
12266,"10,40"
12267,"3,21"
12268,"23,24,10"
12269,"10,40,145"
12270,"40,145"
12271,"40,169,199"
12272,23
12273,0
12274,40
12275,"10,40,11"
12276,"3,4"
12277,"23,10,24"
12278,"23,24"
12279,"3,21"
12280,0
12281,40
12282,0
12283,3
12284,23
12285,0
12286,"40,169,199"
12287,10
12288,40
12289,"40,10,145"
12290,10
12291,3
12292,10
12293,40
12294,23
12295,40
12296,3
12297,23
12298,"3,40"
12299,10
12300,0
12301,10
12302,"10,40"
12303,40
12304,10
12305,0
12306,10
12307,"40,145"
12308,0
12309,40
12310,40
12311,23
12312,"3,4"
12313,3
12314,10
12315,40
12316,"169,199"
12317,0
12318,"10,11"
12319,40
12320,3
12321,3
12322,"23,26"
12323,"23,26"
12324,3
12325,23
12326,3
12327,40
12328,3
12329,23
12330,40
12331,0
12332,"169,199"
12333,"40,145"
12334,"10,11"
12335,23
12336,3
12337,40
12338,0
12339,0
12340,3
12341,23
12342,169
12343,0
12344,40
12345,40
12346,"3,21"
12347,10
12348,"3,4"
12349,"10,23"
12350,40
12351,23
12352,3
12353,"40,3"
12354,"10,11"
12355,0
12356,0
12357,169
12358,23
12359,10
12360,"169,199"
12361,40
12362,3
12363,0
12364,40
12365,23
12366,3
12367,"10,11"
12368,3
12369,40
12370,10
12371,169
12372,40
12373,0
12374,3
12375,"40,145"
12376,"3,4"
12377,40
12378,10
12379,3
12380,0
12381,"40,3"
12382,0
12383,169
12384,169
12385,40
12386,"10,40"
12387,"3,21"
12388,3
12389,"23,40"
12390,169
12391,10
12392,169
12393,"169,199"
12394,40
12395,"40,10,145"
12396,"10,11"
12397,169
12398,0
12399,"169,199,40"
12400,23
12401,"40,145"
12402,40
12403,"3,21"
12404,"40,145"
12405,23
12406,23
12407,"169,199"
12408,10
12409,169
12410,40
12411,0
12412,"10,40,145"
12413,3
12414,"10,40"
12415,10
12416,3
12417,3
12418,40
12419,"169,199"
12420,0
12421,169
12422,23
12423,23
12424,"40,145"
12425,"3,4"
12426,"40,145"
12427,0
12428,40
12429,"10,23"
12430,23
12431,3
12432,10
12433,40
12434,0
12435,"3,40"
12436,"23,26"
12437,"3,21"
12438,40
12439,"23,26"
12440,40
12441,"40,3"
12442,"169,199"
12443,"10,11"
12444,3
12445,10
12446,3
12447,3
12448,"10,11"
12449,23
12450,3
12451,10
12452,0
12453,"40,145"
12454,10
12455,10
12456,40
12457,10
12458,"3,21"
12459,0
12460,"169,199"
12461,23
12462,40
12463,"169,199"
12464,3
12465,3
12466,0
12467,3
12468,3
12469,3
12470,0
12471,"0,26"
12472,"169,199"
12473,"40,0"
12474,"26,23"
12475,40
12476,23
12477,3
12478,"10,11"
12479,"40,23"
12480,"23,24"
12481,40
12482,40
12483,23
12484,3
12485,169
12486,0
12487,23
12488,169
12489,3
12490,"23,26"
12491,3
12492,"169,199,40"
12493,169
12494,10
12495,10
12496,10
12497,3
12498,"10,11"
12499,3
12500,10
12501,23
12502,0
12503,23
12504,3
12505,3
12506,"40,10,145"
12507,40
12508,3
12509,"0,26"
12510,0
12511,169
12512,3
12513,"3,21"
12514,40
12515,"23,26"
12516,"40,3"
12517,"3,21"
12518,169
12519,3
12520,10
12521,3
12522,0
12523,"23,24"
12524,"10,40"
12525,10
12526,0
12527,0
12528,40
12529,3
12530,23
12531,23
12532,"23,24"
12533,23
12534,3
12535,"10,23"
12536,"10,11"
12537,40
12538,"3,21"
12539,0
12540,40
12541,169
12542,"10,11"
12543,0
12544,23
12545,23
12546,"10,40"
12547,3
12548,3
12549,"3,4"
12550,10
12551,3
12552,40
12553,169
12554,"3,21"
12555,3
12556,169
12557,"169,199,40"
12558,"40,145,10"
12559,"40,10"
12560,0
12561,40
12562,23
12563,0
12564,"23,24"
12565,0
12566,"40,169,199"
12567,0
12568,0
12569,0
12570,"3,21"
12571,"10,11"
12572,"3,21"
12573,"23,24,10"
12574,40
12575,3
12576,"3,21"
12577,"3,21"
12578,23
12579,"23,26"
12580,"40,145,10"
12581,"10,11"
12582,3
12583,23
12584,3
12585,40
12586,3
12587,"3,4"
12588,3
12589,0
12590,3
12591,40
12592,"26,23"
12593,3
12594,40
12595,23
12596,"40,131"
12597,"169,199"
12598,3
12599,3
12600,3
12601,"26,23"
12602,"23,24,10"
12603,0
12604,"23,38"
12605,0
12606,10
12607,0
12608,40
12609,0
12610,10
12611,"3,21"
12612,"26,23"
12613,3
12614,3
12615,"3,40"
12616,0
12617,3
12618,0
12619,3
12620,3
12621,"10,40,145"
12622,23
12623,0
12624,"10,11"
12625,"10,11"
12626,"10,40"
12627,169
12628,3
12629,0
12630,3
12631,10
12632,0
12633,0
12634,3
12635,"3,21"
12636,3
12637,40
12638,0
12639,3
12640,3
12641,3
12642,40
12643,40
12644,23
12645,23
12646,23
12647,3
12648,10
12649,"3,40"
12650,0
12651,3
12652,"10,40,145"
12653,3
12654,3
12655,169
12656,0
12657,3
12658,0
12659,23
12660,"10,40"
12661,3
12662,"10,40"
12663,"3,4"
12664,"40,23"
12665,10
12666,10
12667,10
12668,40
12669,40
12670,0
12671,"10,40"
12672,3
12673,10
12674,10
12675,23
12676,"3,40"
12677,"3,21"
12678,10
12679,"3,21"
12680,40
12681,"10,23"
12682,0
12683,40
12684,"23,24"
12685,"169,199"
12686,"169,199"
12687,"0,10"
12688,"23,26"
12689,169
12690,"3,169"
12691,10
12692,3
12693,10
12694,"169,199"
12695,10
12696,"3,21"
12697,"3,21"
12698,0
12699,"169,199"
12700,"40,3"
12701,23
12702,3
12703,40
12704,0
12705,40
12706,40
12707,"3,53"
12708,"23,26"
12709,23
12710,10
12711,"23,24"
12712,"10,11"
12713,10
12714,"3,21"
12715,0
12716,40
12717,3
12718,169
12719,10
12720,40
12721,3
12722,"3,21"
12723,3
12724,40
12725,23
12726,"40,145"
12727,3
12728,"3,21"
12729,40
12730,"23,26"
12731,23
12732,0
12733,169
12734,3
12735,3
12736,"23,24"
12737,23
12738,"26,0"
12739,3
12740,3
12741,10
12742,0
12743,23
12744,3
12745,10
12746,40
12747,0
12748,0
12749,40
12750,0
12751,10
12752,0
12753,"40,23"
12754,0
12755,"23,40"
12756,"10,23"
12757,"10,23"
12758,169
12759,40
12760,"26,0,23"
12761,3
12762,3
12763,0
12764,0
12765,0
12766,"23,24"
12767,"3,4"
12768,10
12769,10
12770,23
12771,"40,10,145"
12772,0
12773,23
12774,3
12775,3
12776,10
12777,3
12778,"23,24,10"
12779,"3,21"
12780,23
12781,3
12782,10
12783,10
12784,3
12785,"23,24,10"
12786,3
12787,169
12788,0
12789,169
12790,169
12791,10
12792,"23,26"
12793,3
12794,"3,4"
12795,23
12796,"10,23,24"
12797,"10,40"
12798,169
12799,3
12800,"40,23"
12801,3
12802,3
12803,10
12804,10
12805,3
12806,0
12807,10
12808,3
12809,169
12810,0
12811,169
12812,10
12813,0
12814,10
12815,"3,21"
12816,"3,53"
12817,3
12818,"169,199"
12819,0
12820,169
12821,3
12822,169
12823,"3,21"
12824,169
12825,"23,24"
12826,40
12827,"169,199"
12828,169
12829,3
12830,10
12831,"3,17"
12832,"10,11"
12833,3
12834,3
12835,"26,23"
12836,10
12837,3
12838,"40,3"
12839,10
12840,3
12841,0
12842,23
12843,40
12844,3
12845,"23,26"
12846,40
12847,3
12848,3
12849,10
12850,40
12851,3
12852,"3,4"
12853,"40,3"
12854,"10,40"
12855,"169,199"
12856,"10,11"
12857,0
12858,"3,21"
12859,10
12860,169
12861,"3,4"
12862,3
12863,0
12864,3
12865,"3,21"
12866,10
12867,10
12868,3
12869,0
12870,"3,17"
12871,"40,23"
12872,"169,3"
12873,10
12874,23
12875,0
12876,"10,40,145"
12877,"3,4"
12878,10
12879,3
12880,0
12881,3
12882,3
12883,40
12884,0
12885,"169,199"
12886,3
12887,40
12888,3
12889,3
12890,"23,26"
12891,3
12892,169
12893,23
12894,0
12895,40
12896,"23,26"
12897,169
12898,0
12899,169
12900,40
12901,"3,21"
12902,"3,169"
12903,0
12904,40
12905,"23,24,10"
12906,"10,40"
12907,"169,199,40"
12908,40
12909,"40,145"
12910,"40,3"
12911,"26,23"
12912,3
12913,3
12914,"23,24,10"
12915,3
12916,"10,23"
12917,23
12918,40
12919,"10,23"
12920,3
12921,10
12922,3
12923,"169,199"
12924,40
12925,10
12926,23
12927,40
12928,3
12929,"3,40"
12930,"40,145"
12931,0
12932,0
12933,0
12934,3
12935,10
12936,23
12937,0
12938,"3,4"
12939,"40,145"
12940,0
12941,40
12942,"10,11"
12943,0
12944,10
12945,10
12946,10
12947,23
12948,3
12949,0
12950,"3,4"
12951,10
12952,"3,21"
12953,3
12954,"10,40,11"
12955,"3,4"
12956,"169,199"
12957,"23,24"
12958,40
12959,0
12960,40
12961,169
12962,0
12963,23
12964,"23,26"
12965,3
12966,"10,23"
12967,3
12968,40
12969,"3,21"
12970,23
12971,"40,145"
12972,"169,199"
12973,10
12974,"23,26"
12975,169
12976,0
12977,40
12978,"40,3"
12979,3
12980,"3,21"
12981,40
12982,23
12983,10
12984,3
12985,0
12986,40
12987,3
12988,23
12989,"23,24"
12990,"169,199"
12991,"40,145"
12992,"10,23"
12993,0
12994,0
12995,"40,10,145"
12996,"3,21"
12997,"10,23,24"
12998,"40,10,145"
12999,"10,23"
13000,"3,21"
13001,"169,199"
13002,"3,21"
13003,3
13004,"23,24,10"
13005,40
13006,10
13007,3
13008,0
13009,"40,145,10"
13010,10
13011,"3,17"
13012,"10,40"
13013,23
13014,3
13015,"40,145"
13016,"0,26"
13017,3
13018,3
13019,0
13020,"40,10,145"
13021,40
13022,3
13023,10
13024,"23,26"
13025,23
13026,3
13027,40
13028,10
13029,0
13030,"23,26"
13031,169
13032,3
13033,"23,26"
13034,23
13035,0
13036,23
13037,"169,199"
13038,40
13039,"169,199"
13040,3
13041,"169,199"
13042,10
13043,0
13044,3
13045,"26,23,0"
13046,"3,53"
13047,3
13048,3
13049,10
13050,"3,21"
13051,40
13052,23
13053,23
13054,10
13055,23
13056,"3,21"
13057,"26,23"
13058,40
13059,"169,199"
13060,40
13061,"26,23"
13062,"40,131"
13063,169
13064,10
13065,3
13066,0
13067,23
13068,3
13069,3
13070,"23,40"
13071,10
13072,10
13073,23
13074,40
13075,40
13076,"40,3"
13077,40
13078,3
13079,"23,10,24"
13080,10
13081,0
13082,169
13083,"10,40,145"
13084,"169,199"
13085,169
13086,10
13087,3
13088,40
13089,"3,4"
13090,0
13091,40
13092,3
13093,0
13094,"169,40,199"
13095,23
13096,"0,26"
13097,3
13098,0
13099,"40,3"
13100,0
13101,10
13102,"10,23"
13103,40
13104,40
13105,40
13106,23
13107,"40,23"
13108,3
13109,"40,23,24"
13110,"23,26"
13111,40
13112,"10,11"
13113,23
13114,"3,21"
13115,23
13116,10
13117,3
13118,3
13119,0
13120,40
13121,3
13122,169
13123,0
13124,40
13125,40
13126,3
13127,"40,145"
13128,23
13129,"26,23"
13130,3
13131,0
13132,40
13133,40
13134,"10,11"
13135,23
13136,0
13137,10
13138,"40,10,145"
13139,23
13140,10
13141,"3,21"
13142,10
13143,0
13144,3
13145,"10,11"
13146,40
13147,3
13148,0
13149,40
13150,10
13151,3
13152,40
13153,0
13154,"10,11"
13155,3
13156,40
13157,23
13158,"3,21"
13159,0
13160,"40,10,145"
13161,3
13162,3
13163,3
13164,0
13165,"10,11"
13166,10
13167,"10,11"
13168,3
13169,"3,4"
13170,3
13171,3
13172,169
13173,169
13174,0
13175,3
13176,10
13177,169
13178,10
13179,"23,24"
13180,23
13181,10
13182,10
13183,"23,10,24"
13184,3
13185,0
13186,40
13187,10
13188,"10,23"
13189,40
13190,40
13191,3
13192,"10,23"
13193,23
13194,0
13195,0
13196,"169,199"
13197,0
13198,3
13199,169
13200,3
13201,"40,145"
13202,3
13203,3
13204,3
13205,10
13206,"10,11"
13207,10
13208,"10,11"
13209,"23,10"
13210,3
13211,40
13212,3
13213,10
13214,"10,23,24"
13215,3
13216,169
13217,"40,10"
13218,10
13219,3
13220,169
13221,"40,145,10"
13222,"23,40"
13223,0
13224,3
13225,3
13226,40
13227,3
13228,23
13229,"10,11"
13230,"169,199"
13231,169
13232,40
13233,10
13234,10
13235,40
13236,10
13237,3
13238,"3,21"
13239,3
13240,"40,10,145"
13241,"40,145"
13242,10
13243,10
13244,3
13245,40
13246,"40,145"
13247,10
13248,"3,21"
13249,"169,40,199"
13250,0
13251,"23,24"
13252,10
13253,"40,145"
13254,"40,10,145"
13255,10
13256,"3,21"
13257,0
13258,40
13259,3
13260,40
13261,0
13262,"40,10"
13263,169
13264,10
13265,23
13266,10
13267,10
13268,3
13269,"10,11"
13270,"169,199"
13271,10
13272,"26,23"
13273,40
13274,3
13275,40
13276,23
13277,23
13278,10
13279,23
13280,3
13281,"169,199"
13282,10
13283,"23,26"
13284,10
13285,23
13286,40
13287,169
13288,"23,24"
13289,"3,53"
13290,3
13291,10
13292,40
13293,0
13294,23
13295,3
13296,3
13297,0
13298,3
13299,10
13300,3
13301,0
13302,3
13303,0
13304,"169,199"
13305,10
13306,0
13307,40
13308,0
13309,40
13310,"10,40"
13311,3
13312,40
13313,3
13314,"169,40,199"
13315,"40,10"
13316,40
13317,"23,10,24"
13318,"10,11"
13319,"169,199"
13320,0
13321,0
13322,"10,40"
13323,40
13324,10
13325,40
13326,40
13327,169
13328,0
13329,3
13330,3
13331,0
13332,0
13333,"40,145"
13334,"10,11"
13335,3
13336,"40,145,10"
13337,10
13338,40
13339,"23,24"
13340,23
13341,3
13342,"169,199"
13343,10
13344,169
13345,23
13346,"26,23"
13347,169
13348,10
13349,3
13350,23
13351,0
13352,"3,53"
13353,"26,23"
13354,"40,145"
13355,0
13356,"3,21"
13357,"23,24"
13358,"10,11"
13359,"23,24"
13360,"10,40"
13361,"10,11"
13362,"3,21"
13363,"40,145"
13364,23
13365,"10,11"
13366,"169,199"
13367,"3,4"
13368,40
13369,40
13370,40
13371,"0,26"
13372,0
13373,3
13374,"26,23,0"
13375,23
13376,40
13377,40
13378,"169,199"
13379,169
13380,3
13381,3
13382,169
13383,10
13384,3
13385,40
13386,3
13387,3
13388,3
13389,"26,23"
13390,"169,199"
13391,40
13392,"23,10,24"
13393,"23,40"
13394,40
13395,23
13396,"3,21"
13397,40
13398,40
13399,"40,10,145"
13400,10
13401,3
13402,"0,23"
13403,3
13404,3
13405,10
13406,"40,145"
13407,10
13408,"169,199"
13409,3
13410,3
13411,0
13412,"23,10"
13413,3
13414,3
13415,40
13416,"10,11"
13417,23
13418,23
13419,23
13420,"3,21"
13421,"40,10"
13422,"23,24"
13423,3
13424,3
13425,40
13426,169
13427,"10,40"
13428,"23,26"
13429,23
13430,"23,26"
13431,3
13432,"10,23"
13433,"3,4"
13434,"40,10,145"
13435,3
13436,"26,0,23"
13437,"10,0"
13438,0
13439,10
13440,0
13441,"23,24"
13442,10
13443,"40,145,10"
13444,3
13445,"23,10"
13446,23
13447,23
13448,3
13449,40
13450,3
13451,3
13452,"23,24,10"
13453,"3,4"
13454,"10,11"
13455,"26,23"
13456,3
13457,"23,24,10"
13458,10
13459,23
13460,3
13461,"23,26"
13462,"23,40"
13463,3
13464,0
13465,10
13466,"10,23"
13467,"23,10,24"
13468,"26,23"
13469,0
13470,"3,17"
13471,"169,199"
13472,0
13473,3
13474,3
13475,10
13476,40
13477,40
13478,23
13479,"23,26"
13480,169
13481,3
13482,"0,26"
13483,23
13484,"169,199"
13485,"10,23"
13486,"169,199"
13487,0
13488,"3,4"
13489,3
13490,10
13491,169
13492,23
13493,"3,21"
13494,"26,23"
13495,23
13496,"3,21"
13497,10
13498,10
13499,"3,21"
13500,40
13501,3
13502,169
13503,"3,4"
13504,"26,23"
13505,40
13506,40
13507,"23,26"
13508,169
13509,3
13510,3
13511,"3,21"
13512,40
13513,"10,23,24"
13514,"169,199"
13515,3
13516,23
13517,"3,4"
13518,3
13519,3
13520,0
13521,23
13522,3
13523,10
13524,23
13525,0
13526,3
13527,"23,24"
13528,23
13529,3
13530,0
13531,"23,26"
13532,23
13533,10
13534,10
13535,23
13536,"3,21"
13537,40
13538,10
13539,"40,145,10"
13540,3
13541,40
13542,169
13543,169
13544,10
13545,40
13546,23
13547,"26,23"
13548,"10,23,24"
13549,3
13550,0
13551,40
13552,0
13553,40
13554,40
13555,10
13556,3
13557,3
13558,23
13559,0
13560,"3,21"
13561,3
13562,3
13563,"10,23"
13564,10
13565,10
13566,40
13567,3
13568,0
13569,"40,145"
13570,10
13571,0
13572,3
13573,0
13574,3
13575,3
13576,"3,21"
13577,10
13578,"40,145"
13579,40
13580,0
13581,"3,21"
13582,3
13583,"3,21"
13584,"10,11"
13585,0
13586,40
13587,10
13588,"169,199"
13589,"3,21"
13590,0
13591,3
13592,"23,26"
13593,10
13594,3
13595,10
13596,0
13597,"3,21"
13598,0
13599,3
13600,0
13601,23
13602,"23,26"
13603,3
13604,"169,199"
13605,"23,24"
13606,40
13607,3
13608,10
13609,0
13610,3
13611,"23,10,24"
13612,"169,199"
13613,"3,21"
13614,3
13615,0
13616,40
13617,169
13618,3
13619,"3,21"
13620,"23,24"
13621,"3,21"
13622,0
13623,3
13624,"26,23"
13625,10
13626,"40,23"
13627,10
13628,0
13629,3
13630,3
13631,0
13632,23
13633,"10,23"
13634,"3,21"
13635,10
13636,3
13637,"10,23"
13638,40
13639,169
13640,3
13641,"10,23,24"
13642,"23,26"
13643,"23,26"
13644,3
13645,40
13646,10
13647,"23,24"
13648,40
13649,0
13650,"3,21"
13651,0
13652,3
13653,23
13654,10
13655,10
13656,"10,23,24"
13657,"3,21"
13658,40
13659,40
13660,3
13661,3
13662,"40,10,145"
13663,3
13664,0
13665,"169,199"
13666,10
13667,"40,10,145"
13668,0
13669,"3,40"
13670,40
13671,23
13672,169
13673,"23,26"
13674,23
13675,"40,23"
13676,0
13677,10
13678,0
13679,3
13680,10
13681,10
13682,3
13683,0
13684,40
13685,"10,11"
13686,3
13687,10
13688,"3,21"
13689,"23,26"
13690,40
13691,40
13692,23
13693,3
13694,"23,40,38"
13695,3
13696,23
13697,3
13698,40
13699,"3,4"
13700,3
13701,"23,24"
13702,10
13703,10
13704,"10,40,145"
13705,10
13706,10
13707,"40,3"
13708,3
13709,10
13710,40
13711,10
13712,3
13713,0
13714,"3,4"
13715,0
13716,169
13717,23
13718,"169,199"
13719,"3,40"
13720,"169,199"
13721,23
13722,"3,21"
13723,169
13724,169
13725,3
13726,3
13727,3
13728,3
13729,0
13730,"0,26"
13731,3
13732,3
13733,3
13734,3
13735,"10,11"
13736,169
13737,23
13738,"40,145"
13739,0
13740,"3,53"
13741,3
13742,"3,21"
13743,"26,23"
13744,"10,23"
13745,40
13746,"3,21"
13747,3
13748,23
13749,23
13750,169
13751,"3,21"
13752,3
13753,3
13754,10
13755,10
13756,"169,199"
13757,40
13758,40
13759,40
13760,40
13761,0
13762,10
13763,10
13764,10
13765,3
13766,"169,199"
13767,0
13768,"169,199,40"
13769,"40,145,10"
13770,0
13771,169
13772,3
13773,40
13774,10
13775,"40,145"
13776,3
13777,"10,11"
13778,23
13779,0
13780,0
13781,0
13782,3
13783,"3,4"
13784,23
13785,3
13786,"40,145"
13787,0
13788,"23,24,10"
13789,"3,4"
13790,40
13791,3
13792,10
13793,3
13794,23
13795,10
13796,10
13797,"40,3"
13798,23
13799,"169,199"
13800,3
13801,23
13802,40
13803,3
13804,"3,21"
13805,"23,26"
13806,"26,23"
13807,10
13808,169
13809,40
13810,"23,24"
13811,10
13812,10
13813,"23,24"
13814,"3,21"
13815,40
13816,"10,11"
13817,"3,4"
13818,23
13819,"23,26"
13820,"10,23"
13821,3
13822,0
13823,"23,24"
13824,23
13825,"10,40"
13826,3
13827,23
13828,"3,4"
13829,23
13830,0
13831,3
13832,3
13833,169
13834,0
13835,169
13836,0
13837,10
13838,3
13839,0
13840,40
13841,"3,21"
13842,"10,40"
13843,"3,4"
13844,40
13845,"23,10,24"
13846,10
13847,0
13848,10
13849,"3,21"
13850,3
13851,"23,26"
13852,3
13853,"26,23"
13854,"3,21"
13855,0
13856,"3,21"
13857,"10,23"
13858,10
13859,3
13860,0
13861,10
13862,40
13863,"40,23"
13864,0
13865,10
13866,"3,21"
13867,"23,26"
13868,"23,40"
13869,"3,53"
13870,3
13871,23
13872,23
13873,3
13874,"23,26"
13875,10
13876,3
13877,"23,26"
13878,40
13879,10
13880,10
13881,10
13882,3
13883,3
13884,40
13885,"3,21"
13886,0
13887,10
13888,40
13889,"40,145,10"
13890,3
13891,3
13892,10
13893,"40,10,145"
13894,23
13895,10
13896,40
13897,0
13898,40
13899,10
13900,"169,199"
13901,0
13902,3
13903,10
13904,169
13905,"3,21"
13906,3
13907,"40,145,10"
13908,23
13909,40
13910,40
13911,3
13912,"26,23"
13913,40
13914,169
13915,10
13916,"26,23"
13917,40
13918,10
13919,3
13920,3
13921,40
13922,10
13923,"3,21"
13924,"3,53"
13925,10
13926,40
13927,3
13928,40
13929,23
13930,3
13931,40
13932,3
13933,"40,145"
13934,"23,26"
13935,3
13936,40
13937,169
13938,3
13939,"10,11"
13940,"40,10,145"
13941,40
13942,169
13943,23
13944,10
13945,10
13946,10
13947,10
13948,23
13949,3
13950,0
13951,3
13952,10
13953,169
13954,"169,199"
13955,"3,4"
13956,"3,4"
13957,169
13958,169
13959,10
13960,"3,21"
13961,169
13962,23
13963,169
13964,0
13965,40
13966,"3,53"
13967,0
13968,0
13969,0
13970,3
13971,3
13972,"169,199"
13973,40
13974,23
13975,0
13976,"3,21"
13977,0
13978,"40,145,10"
13979,0
13980,40
13981,40
13982,"23,26"
13983,3
13984,3
13985,3
13986,10
13987,10
13988,3
13989,"3,21"
13990,10
13991,"40,23"
13992,10
13993,3
13994,40
13995,3
13996,10
13997,3
13998,40
13999,3
14000,"23,10"
14001,0
14002,"3,4"
14003,0
14004,"40,145"
14005,"3,21"
14006,10
14007,3
14008,"10,11"
14009,10
14010,10
14011,"10,23"
14012,"3,21"
14013,3
14014,169
14015,0
14016,40
14017,3
14018,40
14019,3
14020,"3,21"
14021,"169,199"
14022,3
14023,"10,11"
14024,3
14025,3
14026,"40,145"
14027,40
14028,0
14029,3
14030,23
14031,"3,21"
14032,3
14033,40
14034,23
14035,"23,26"
14036,40
14037,40
14038,"23,26"
14039,23
14040,40
14041,0
14042,3
14043,10
14044,"3,21"
14045,3
14046,3
14047,10
14048,0
14049,"169,199"
14050,3
14051,"23,40"
14052,10
14053,"169,199"
14054,40
14055,"3,40,21"
14056,0
14057,"26,23"
14058,"3,53"
14059,23
14060,0
14061,"26,23"
14062,23
14063,40
14064,3
14065,"40,145"
14066,"3,21"
14067,"40,145"
14068,"3,21"
14069,40
14070,"23,26"
14071,40
14072,3
14073,"0,26"
14074,0
14075,10
14076,"169,199"
14077,169
14078,3
14079,"23,26"
14080,0
14081,3
14082,40
14083,169
14084,10
14085,40
14086,40
14087,"3,21"
14088,"10,11"
14089,40
14090,40
14091,10
14092,"3,40"
14093,0
14094,23
14095,"23,40"
14096,23
14097,23
14098,3
14099,3
14100,"3,4"
14101,"40,10"
14102,3
14103,0
14104,40
14105,"3,4"
14106,0
14107,3
14108,3
14109,23
14110,40
14111,23
14112,23
14113,40
14114,40
14115,3
14116,"169,199,3"
14117,"26,23"
14118,10
14119,0
14120,10
14121,"23,26"
14122,10
14123,"3,4"
14124,"23,40"
14125,3
14126,40
14127,169
14128,40
14129,23
14130,23
14131,3
14132,40
14133,40
14134,"23,10,24"
14135,40
14136,0
14137,40
14138,"10,11"
14139,0
14140,169
14141,0
14142,"23,10,24"
14143,"3,21"
14144,23
14145,0
14146,40
14147,40
14148,"10,23,40"
14149,3
14150,0
14151,0
14152,10
14153,0
14154,0
14155,3
14156,10
14157,3
14158,0
14159,3
14160,"23,10,24"
14161,10
14162,23
14163,40
14164,10
14165,169
14166,0
14167,"10,40"
14168,3
14169,"10,23"
14170,10
14171,3
14172,40
14173,10
14174,10
14175,3
14176,"169,199"
14177,3
14178,"169,199"
14179,40
14180,40
14181,23
14182,"40,10,145"
14183,3
14184,3
14185,169
14186,3
14187,"23,10,24"
14188,3
14189,3
14190,"3,21"
14191,"26,23"
14192,0
14193,"26,0"
14194,0
14195,"23,3"
14196,3
14197,23
14198,"26,23"
14199,169
14200,3
14201,0
14202,"3,53"
14203,"3,40"
14204,23
14205,0
14206,0
14207,"10,11"
14208,0
14209,0
14210,0
14211,40
14212,"169,199"
14213,40
14214,40
14215,10
14216,0
14217,"23,40"
14218,0
14219,3
14220,3
14221,0
14222,40
14223,"169,199"
14224,0
14225,"26,23"
14226,40
14227,40
14228,"10,23"
14229,"23,24,10"
14230,"23,24,10"
14231,"10,11"
14232,40
14233,0
14234,0
14235,23
14236,3
14237,10
14238,23
14239,0
14240,3
14241,3
14242,0
14243,"10,40"
14244,23
14245,"40,23"
14246,0
14247,"40,23"
14248,3
14249,169
14250,"26,23"
14251,40
14252,"3,21"
14253,"10,23"
14254,0
14255,3
14256,3
14257,10
14258,"40,145,10"
14259,"3,53"
14260,26
14261,"10,11"
14262,3
14263,"10,11"
14264,"3,21"
14265,3
14266,40
14267,"10,11"
14268,10
14269,0
14270,"169,199"
14271,"3,21"
14272,10
14273,3
14274,169
14275,"3,21"
14276,23
14277,3
14278,0
14279,"3,21"
14280,40
14281,40
14282,"23,24"
14283,10
14284,3
14285,23
14286,10
14287,23
14288,"3,4"
14289,40
14290,"3,4"
14291,23
14292,0
14293,"23,26"
14294,10
14295,40
14296,40
14297,0
14298,0
14299,3
14300,"0,26"
14301,"169,199"
14302,10
14303,"3,4"
14304,"40,145,10"
14305,3
14306,"26,23"
14307,"40,145"
14308,"40,145"
14309,"3,4"
14310,10
14311,169
14312,0
14313,10
14314,23
14315,169
14316,3
14317,0
14318,"23,10,24"
14319,3
14320,"3,21"
14321,3
14322,3
14323,0
14324,0
14325,10
14326,169
14327,3
14328,"26,0"
14329,0
14330,10
14331,"169,199"
14332,3
14333,3
14334,10
14335,40
14336,169
14337,0
14338,0
14339,10
14340,10
14341,"3,21"
14342,3
14343,"23,26"
14344,"169,199"
14345,"3,4"
14346,169
14347,40
14348,"3,21"
14349,"169,199"
14350,169
14351,"23,24,10"
14352,0
14353,23
14354,"3,21"
14355,40
14356,10
14357,40
14358,169
14359,"23,24,10"
14360,10
14361,0
14362,"3,4"
14363,169
14364,0
14365,40
14366,"3,21"
14367,40
14368,"3,4"
14369,10
14370,"23,26"
14371,"40,145"
14372,"10,23"
14373,3
14374,0
14375,"10,23"
14376,"23,40"
14377,3
14378,10
14379,23
14380,40
14381,3
14382,0
14383,3
14384,23
14385,"3,21"
14386,0
14387,3
14388,"169,199"
14389,"40,10,145"
14390,"3,21"
14391,0
14392,40
14393,10
14394,3
14395,"10,11"
14396,0
14397,"3,4"
14398,169
14399,40
14400,"3,4"
14401,"10,11"
14402,10
14403,10
14404,"10,11"
14405,"3,21"
14406,169
14407,"23,24,10"
14408,3
14409,40
14410,40
14411,3
14412,40
14413,10
14414,"40,145,10"
14415,0
14416,23
14417,23
14418,3
14419,40
14420,"10,23"
14421,"169,199"
14422,3
14423,"10,11"
14424,40
14425,40
14426,"10,3"
14427,10
14428,0
14429,10
14430,"40,3"
14431,23
14432,40
14433,"10,11"
14434,"3,21"
14435,3
14436,3
14437,3
14438,3
14439,23
14440,"40,10,145"
14441,"23,26"
14442,0
14443,10
14444,3
14445,"26,23"
14446,23
14447,3
14448,3
14449,40
14450,10
14451,"23,24,40"
14452,40
14453,23
14454,40
14455,3
14456,40
14457,23
14458,"40,145"
14459,"3,4"
14460,10
14461,0
14462,10
14463,"10,40"
14464,10
14465,"3,40,21"
14466,3
14467,40
14468,0
14469,"23,10,24"
14470,40
14471,"23,10"
14472,10
14473,10
14474,"26,23"
14475,"10,11"
14476,"23,38"
14477,"10,40"
14478,23
14479,3
14480,"23,26"
14481,3
14482,3
14483,40
14484,3
14485,"3,21"
14486,3
14487,3
14488,"3,4"
14489,"40,23"
14490,"3,21"
14491,"23,10,24"
14492,169
14493,3
14494,"40,23"
14495,10
14496,169
14497,3
14498,40
14499,0
14500,40
14501,3
14502,23
14503,"40,145"
14504,3
14505,10
14506,40
14507,23
14508,10
14509,3
14510,3
14511,"10,11"
14512,10
14513,"23,10"
14514,23
14515,23
14516,"23,40"
14517,"40,145,10"
14518,23
14519,"40,145"
14520,3
14521,"10,11"
14522,10
14523,"169,199"
14524,"3,53"
14525,3
14526,40
14527,3
14528,0
14529,169
14530,3
14531,"10,11"
14532,3
14533,"23,26"
14534,0
14535,40
14536,10
14537,0
14538,3
14539,3
14540,3
14541,0
14542,"10,11"
14543,3
14544,"10,40,145"
14545,"169,199"
14546,10
14547,"23,40"
14548,"40,23"
14549,"10,40"
14550,40
14551,"23,40"
14552,40
14553,0
14554,40
14555,169
14556,"26,23"
14557,40
14558,3
14559,"3,21"
14560,3
14561,10
14562,40
14563,"3,53"
14564,3
14565,3
14566,"23,24,10"
14567,0
14568,23
14569,3
14570,10
14571,3
14572,40
14573,3
14574,"23,26"
14575,40
14576,10
14577,10
14578,40
14579,3
14580,10
14581,10
14582,"10,23"
14583,"3,4"
14584,10
14585,40
14586,23
14587,40
14588,3
14589,3
14590,23
14591,"23,24"
14592,3
14593,3
14594,23
14595,"23,24,10"
14596,"3,53"
14597,10
14598,"40,145,10"
14599,"23,24,10"
14600,"3,21"
14601,3
14602,40
14603,23
14604,"40,10,145"
14605,0
14606,"169,199"
14607,3
14608,"3,4"
14609,0
14610,40
14611,"3,4"
14612,23
14613,"40,23,145"
14614,10
14615,10
14616,10
14617,40
14618,"10,11"
14619,23
14620,0
14621,23
14622,10
14623,169
14624,169
14625,10
14626,"3,21"
14627,"3,21"
14628,0
14629,"3,21"
14630,10
14631,"10,11"
14632,169
14633,10
14634,40
14635,10
14636,3
14637,10
14638,"40,145"
14639,23
14640,0
14641,3
14642,"3,21"
14643,10
14644,40
14645,0
14646,3
14647,23
14648,3
14649,169
14650,169
14651,3
14652,0
14653,0
14654,40
14655,3
14656,"3,21"
14657,3
14658,23
14659,40
14660,40
14661,40
14662,"10,40"
14663,"23,40"
14664,40
14665,23
14666,0
14667,40
14668,10
14669,3
14670,23
14671,"3,21"
14672,3
14673,0
14674,0
14675,"3,40"
14676,40
14677,3
14678,169
14679,"169,199"
14680,0
14681,23
14682,40
14683,40
14684,3
14685,10
14686,"23,10,24"
14687,3
14688,3
14689,3
14690,10
14691,23
14692,23
14693,169
14694,40
14695,"23,10,24"
14696,40
14697,"40,145,10"
14698,0
14699,3
14700,3
14701,40
14702,"40,3"
14703,"3,21"
14704,3
14705,40
14706,3
14707,3
14708,"3,21"
14709,"23,24"
14710,0
14711,"169,199"
14712,169
14713,0
14714,0
14715,23
14716,"10,40"
14717,3
14718,23
14719,10
14720,40
14721,40
14722,"40,145,10"
14723,3
14724,"10,0"
14725,10
14726,"40,145,10"
14727,"23,26"
14728,23
14729,40
14730,10
14731,0
14732,"3,21"
14733,"3,21"
14734,10
14735,3
14736,10
14737,23
14738,"3,4"
14739,0
14740,10
14741,10
14742,10
14743,"40,145"
14744,40
14745,10
14746,3
14747,0
14748,"40,23"
14749,23
14750,23
14751,40
14752,40
14753,10
14754,0
14755,40
14756,0
14757,3
14758,40
14759,40
14760,3
14761,169
14762,3
14763,"10,40,145"
14764,"169,199"
14765,"3,21"
14766,"169,199"
14767,"23,40"
14768,40
14769,23
14770,0
14771,"23,24"
14772,0
14773,"3,21"
14774,3
14775,"3,21"
14776,3
14777,"169,199"
14778,3
14779,3
14780,0
14781,40
14782,0
14783,3
14784,"23,24"
14785,23
14786,3
14787,10
14788,"40,23"
14789,10
14790,"26,23"
14791,40
14792,"23,10,24"
14793,"40,10,145"
14794,10
14795,"40,145"
14796,3
14797,23
14798,"40,145"
14799,0
14800,23
14801,169
14802,"169,199"
14803,3
14804,"23,26"
14805,0
14806,3
14807,40
14808,"23,24"
14809,3
14810,"3,4"
14811,3
14812,0
14813,"3,21"
14814,"23,24"
14815,"23,24"
14816,3
14817,"10,11"
14818,10
14819,"23,26"
14820,23
14821,3
14822,40
14823,0
14824,"169,199"
14825,3
14826,3
14827,0
14828,"3,4"
14829,40
14830,23
14831,3
14832,10
14833,"10,11"
14834,0
14835,"23,26"
14836,40
14837,40
14838,23
14839,10
14840,0
14841,3
14842,"26,23"
14843,3
14844,3
14845,169
14846,40
14847,"3,21"
14848,40
14849,3
14850,10
14851,3
14852,23
14853,0
14854,"10,11"
14855,"26,23"
14856,40
14857,0
14858,40
14859,23
14860,40
14861,"3,21"
14862,"3,21"
14863,40
14864,40
14865,40
14866,3
14867,3
14868,"40,145,10"
14869,40
14870,23
14871,"10,11"
14872,"3,4"
14873,3
14874,10
14875,169
14876,3
14877,3
14878,10
14879,3
14880,3
14881,0
14882,"3,21"
14883,"23,10"
14884,"40,145"
14885,"3,4"
14886,"23,26"
14887,23
14888,"26,23"
14889,3
14890,3
14891,10
14892,"3,21"
14893,3
14894,"23,26"
14895,0
14896,"169,199"
14897,"40,145"
14898,23
14899,0
14900,10
14901,23
14902,40
14903,"10,40"
14904,169
14905,40
14906,"40,145,10"
14907,40
14908,40
14909,"23,26"
14910,3
14911,40
14912,0
14913,40
14914,0
14915,10
14916,23
14917,"40,169"
14918,3
14919,"169,40"
14920,"23,24"
14921,169
14922,40
14923,"23,10,24"
14924,"0,26"
14925,0
14926,3
14927,"10,11"
14928,40
14929,"3,21"
14930,169
14931,"26,23"
14932,"40,23"
14933,10
14934,169
14935,169
14936,0
14937,40
14938,23
14939,3
14940,0
14941,10
14942,3
14943,3
14944,3
14945,40
14946,3
14947,23
14948,169
14949,3
14950,40
14951,3
14952,"10,40"
14953,0
14954,23
14955,23
14956,40
14957,40
14958,23
14959,40
14960,40
14961,"23,26"
14962,"23,26"
14963,0
14964,40
14965,23
14966,169
14967,3
14968,23
14969,"3,4"
14970,40
14971,"3,21"
14972,23
14973,23
14974,10
14975,"169,199"
14976,"23,26"
14977,0
14978,"169,199"
14979,10
14980,0
14981,40
14982,"3,21"
14983,40
14984,0
14985,"26,23"
14986,0
14987,0
14988,10
14989,23
14990,3
14991,"40,145,23"
14992,0
14993,3
14994,"3,4"
14995,3
14996,10
14997,169
14998,"23,10,24"
14999,10
15000,40
15001,3
15002,"169,40"
15003,"10,11"
15004,"169,199"
15005,23
15006,40
15007,"23,24"
15008,"10,23"
15009,169
15010,3
15011,40
15012,40
15013,"3,21"
15014,"10,11"
15015,3
15016,"169,199"
15017,3
15018,"40,10,145"
15019,"169,199,40"
15020,23
15021,169
15022,40
15023,10
15024,3
15025,0
15026,3
15027,"3,21"
15028,40
15029,40
15030,23
15031,"0,26"
15032,"40,3"
15033,3
15034,3
15035,3
15036,3
15037,3
15038,0
15039,0
15040,10
15041,169
15042,10
15043,0
15044,"3,21"
15045,"3,40"
15046,3
15047,23
15048,40
15049,10
15050,40
15051,"3,4"
15052,3
15053,169
15054,0
15055,"23,40"
15056,0
15057,40
15058,"3,21"
15059,"23,26"
15060,10
15061,"169,199"
15062,3
15063,169
15064,"10,11"
15065,169
15066,40
15067,"3,21"
15068,3
15069,"3,21"
15070,3
15071,"3,4"
15072,3
15073,3
15074,40
15075,169
15076,3
15077,"23,10,24"
15078,10
15079,3
15080,"10,23"
15081,0
15082,"10,23"
15083,23
15084,40
15085,10
15086,10
15087,0
15088,23
15089,"26,23"
15090,0
15091,"3,4"
15092,"3,21"
15093,"40,145,10"
15094,"3,21"
15095,169
15096,40
15097,"10,11"
15098,0
15099,0
15100,40
15101,"3,21"
15102,3
15103,3
15104,3
15105,0
15106,"23,24,10"
15107,0
15108,10
15109,23
15110,169
15111,3
15112,23
15113,"23,10,24"
15114,40
15115,40
15116,3
15117,"10,11"
15118,"10,40"
15119,0
15120,3
15121,3
15122,"40,10,145"
15123,"40,145,10"
15124,40
15125,40
15126,"3,4"
15127,10
15128,0
15129,"26,23"
15130,40
15131,10
15132,10
15133,"3,4"
15134,3
15135,3
15136,40
15137,"40,169,199"
15138,40
15139,"23,40"
15140,"26,23,0"
15141,23
15142,3
15143,"23,24"
15144,10
15145,23
15146,3
15147,0
15148,0
15149,"10,23,24"
15150,"40,145"
15151,10
15152,10
15153,3
15154,3
15155,"23,40"
15156,3
15157,0
15158,"23,24"
15159,3
15160,"23,24"
15161,"169,40,199"
15162,3
15163,"23,26"
15164,10
15165,"169,199"
15166,3
15167,169
15168,3
15169,40
15170,23
15171,"3,4"
15172,3
15173,"10,23"
15174,"169,199"
15175,3
15176,10
15177,"169,199"
15178,3
15179,10
15180,"3,21"
15181,"3,21"
15182,10
15183,10
15184,3
15185,169
15186,23
15187,3
15188,0
15189,"40,145,10"
15190,"3,4"
15191,0
15192,"3,21"
15193,23
15194,3
15195,"40,145"
15196,0
15197,3
15198,3
15199,40
15200,40
15201,40
15202,3
15203,"23,24"
15204,"40,145"
15205,0
15206,3
15207,"3,21"
15208,3
15209,0
15210,10
15211,10
15212,3
15213,"3,21"
15214,"40,10,145"
15215,"3,21"
15216,0
15217,23
15218,"10,11"
15219,40
15220,"40,145,10"
15221,0
15222,"10,23,24"
15223,169
15224,"26,23"
15225,40
15226,40
15227,"10,11"
15228,169
15229,40
15230,10
15231,"26,23"
15232,0
15233,3
15234,169
15235,"10,40,145"
15236,"3,21"
15237,"40,199,169"
15238,"3,169"
15239,10
15240,10
15241,23
15242,169
15243,"10,11"
15244,10
15245,"3,21"
15246,10
15247,0
15248,"40,23"
15249,23
15250,3
15251,"169,199"
15252,"40,10,145"
15253,23
15254,40
15255,0
15256,0
15257,"169,199"
15258,40
15259,40
15260,3
15261,3
15262,40
15263,"10,40"
15264,10
15265,23
15266,40
15267,23
15268,40
15269,"3,21,40"
15270,0
15271,3
15272,3
15273,"10,11"
15274,10
15275,0
15276,40
15277,3
15278,"169,199"
15279,10
15280,"3,4"
15281,3
15282,23
15283,"40,23"
15284,"40,23"
15285,"23,26"
15286,"3,21"
15287,169
15288,169
15289,3
15290,10
15291,"3,21"
15292,3
15293,3
15294,10
15295,10
15296,10
15297,"10,11"
15298,0
15299,169
15300,"3,21"
15301,3
15302,3
15303,23
15304,169
15305,40
15306,40
15307,"169,199"
15308,10
15309,"40,145,10"
15310,"3,40"
15311,"169,199"
15312,"3,21"
15313,"169,199"
15314,40
15315,169
15316,0
15317,40
15318,"3,4"
15319,"40,145,10"
15320,"169,199"
15321,0
15322,23
15323,0
15324,0
15325,0
15326,"169,199"
15327,0
15328,3
15329,"10,11"
15330,"26,23"
15331,"3,17"
15332,0
15333,"169,199"
15334,10
15335,"3,21"
15336,23
15337,3
15338,3
15339,40
15340,0
15341,23
15342,"3,21"
15343,23
15344,0
15345,3
15346,"10,11"
15347,3
15348,3
15349,169
15350,3
15351,0
15352,169
15353,10
15354,40
15355,"40,145,10"
15356,23
15357,"26,23"
15358,"40,145,10"
15359,40
15360,"10,11"
15361,"3,21"
15362,3
15363,"3,21"
15364,23
15365,10
15366,40
15367,23
15368,40
15369,"40,10,145"
15370,40
15371,"3,21"
15372,169
15373,40
15374,3
15375,"40,145,10"
15376,23
15377,40
15378,0
15379,"23,26"
15380,0
15381,0
15382,0
15383,40
15384,"3,21"
15385,3
15386,"169,199"
15387,10
15388,40
15389,40
15390,3
15391,"26,23"
15392,3
15393,3
15394,23
15395,3
15396,"40,23"
15397,40
15398,10
15399,10
15400,10
15401,0
15402,10
15403,0
15404,"40,145"
15405,10
15406,3
15407,23
15408,"26,0"
15409,3
15410,3
15411,3
15412,0
15413,3
15414,3
15415,0
15416,10
15417,40
15418,10
15419,3
15420,0
15421,23
15422,"23,40"
15423,0
15424,23
15425,0
15426,0
15427,169
15428,40
15429,0
15430,"10,23,24"
15431,"23,24"
15432,"3,21"
15433,23
15434,10
15435,"40,10,145"
15436,"40,3"
15437,3
15438,10
15439,3
15440,"26,23"
15441,"10,11"
15442,"40,145"
15443,"40,145"
15444,"10,23"
15445,"3,21"
15446,"40,23"
15447,"3,21"
15448,40
15449,23
15450,"169,199"
15451,"40,3"
15452,40
15453,169
15454,0
15455,"3,21"
15456,3
15457,40
15458,3
15459,40
15460,"40,145,10"
15461,0
15462,"3,21"
15463,3
15464,"10,11,40"
15465,"3,21"
15466,0
15467,0
15468,"10,23"
15469,3
15470,"40,10,145"
15471,0
15472,0
15473,"40,23"
15474,10
15475,3
15476,40
15477,"10,11"
15478,"169,199"
15479,"40,145,10"
15480,3
15481,"169,199"
15482,"40,145"
15483,"169,199"
15484,3
15485,23
15486,23
15487,0
15488,3
15489,3
15490,0
15491,"23,40,24"
15492,169
15493,3
15494,3
15495,10
15496,"169,199"
15497,169
15498,0
15499,3
15500,0
15501,3
15502,10
15503,40
15504,"10,23"
15505,40
15506,0
15507,"40,3"
15508,3
15509,"10,40"
15510,23
15511,0
15512,10
15513,3
15514,169
15515,40
15516,40
15517,23
15518,"10,11"
15519,"169,199"
15520,10
15521,40
15522,10
15523,3
15524,0
15525,"40,3"
15526,40
15527,3
15528,23
15529,0
15530,"3,21"
15531,40
15532,3
15533,0
15534,10
15535,3
15536,40
15537,40
15538,23
15539,"10,11"
15540,169
15541,"26,23"
15542,"23,26"
15543,"26,23"
15544,3
15545,10
15546,"3,21"
15547,"10,23"
15548,"3,21"
15549,3
15550,10
15551,3
15552,"10,23"
15553,23
15554,10
15555,0
15556,10
15557,"3,21"
15558,"3,4"
15559,"23,24"
15560,"3,21"
15561,10
15562,"3,21"
15563,40
15564,3
15565,"3,4"
15566,3
15567,"23,24"
15568,10
15569,"10,23"
15570,40
15571,3
15572,10
15573,"3,21"
15574,169
15575,0
15576,3
15577,"23,10,24"
15578,10
15579,"169,199"
15580,0
15581,0
15582,23
15583,0
15584,0
15585,10
15586,"3,4"
15587,10
15588,169
15589,"169,199"
15590,23
15591,23
15592,10
15593,23
15594,3
15595,10
15596,"10,40"
15597,3
15598,40
15599,0
15600,3
15601,3
15602,23
15603,23
15604,0
15605,"40,145"
15606,"3,21"
15607,169
15608,0
15609,40
15610,"3,21"
15611,"3,21"
15612,23
15613,3
15614,10
15615,"10,40"
15616,23
15617,40
15618,10
15619,10
15620,10
15621,"3,21"
15622,40
15623,40
15624,"169,199"
15625,40
15626,"3,21"
15627,0
15628,"169,199"
15629,3
15630,3
15631,40
15632,0
15633,"169,199"
15634,3
15635,0
15636,10
15637,40
15638,10
15639,40
15640,0
15641,"10,11"
15642,0
15643,40
15644,"40,145"
15645,10
15646,"26,0"
15647,0
15648,3
15649,3
15650,0
15651,3
15652,0
15653,10
15654,"3,21"
15655,3
15656,3
15657,40
15658,10
15659,"40,145"
15660,0
15661,3
15662,23
15663,23
15664,0
15665,"169,199"
15666,3
15667,10
15668,40
15669,169
15670,40
15671,0
15672,"40,10,145"
15673,10
15674,10
15675,3
15676,0
15677,0
15678,40
15679,23
15680,"40,169,199"
15681,"169,40,199"
15682,0
15683,0
15684,"3,21"
15685,"3,21"
15686,"23,24,10"
15687,169
15688,3
15689,"23,24"
15690,0
15691,40
15692,40
15693,10
15694,"169,199"
15695,0
15696,"3,4"
15697,"10,11"
15698,10
15699,23
15700,10
15701,23
15702,0
15703,169
15704,"3,4"
15705,"3,21"
15706,3
15707,3
15708,3
15709,0
15710,3
15711,"3,4"
15712,40
15713,"3,4"
15714,40
15715,169
15716,40
15717,"23,10,24"
15718,0
15719,40
15720,10
15721,"3,4"
15722,40
15723,3
15724,40
15725,40
15726,23
15727,"3,10"
15728,"169,199"
15729,40
15730,169
15731,3
15732,0
15733,0
15734,"3,21"
15735,3
15736,23
15737,0
15738,"23,24"
15739,40
15740,"23,24,10"
15741,"26,23"
15742,0
15743,0
15744,23
15745,23
15746,"10,11"
15747,"10,11"
15748,"23,10,24"
15749,0
15750,3
15751,"3,21"
15752,169
15753,0
15754,3
15755,"3,4"
15756,3
15757,"23,24"
15758,40
15759,10
15760,"40,10,145"
15761,23
15762,"26,23"
15763,40
15764,"3,21"
15765,"169,199"
15766,3
15767,"40,3"
15768,23
15769,"3,21"
15770,"3,21"
15771,169
15772,23
15773,"169,199"
15774,0
15775,0
15776,0
15777,40
15778,"40,145"
15779,"23,24"
15780,"40,169,199"
15781,3
15782,0
15783,10
15784,3
15785,"40,145,10"
15786,"23,26"
15787,"10,40"
15788,3
15789,"10,11"
15790,10
15791,"40,169"
15792,3
15793,10
15794,0
15795,10
15796,3
15797,3
15798,"3,4"
15799,0
15800,10
15801,40
15802,"3,21"
15803,"169,199"
15804,3
15805,"3,4"
15806,0
15807,0
15808,3
15809,169
15810,"10,40"
15811,23
15812,40
15813,10
15814,"3,40"
15815,3
15816,"169,199"
15817,23
15818,"169,23"
15819,0
15820,"10,11"
15821,3
15822,10
15823,"10,40,11"
15824,"169,199"
15825,40
15826,"23,24"
15827,23
15828,169
15829,0
15830,3
15831,3
15832,"3,21"
15833,"10,40"
15834,"23,24,40"
15835,3
15836,23
15837,"23,26"
15838,40
15839,10
15840,169
15841,169
15842,3
15843,10
15844,3
15845,10
15846,"10,11"
15847,"23,24"
15848,10
15849,"23,26"
15850,"23,40"
15851,23
15852,"3,21"
15853,"23,24"
15854,"169,199"
15855,23
15856,"40,10"
15857,"3,4"
15858,3
15859,"0,26"
15860,"23,26"
15861,0
15862,"23,10,24"
15863,"3,4"
15864,10
15865,23
15866,0
15867,3
15868,0
15869,"10,11"
15870,40
15871,"10,23"
15872,23
15873,"3,21"
15874,0
15875,40
15876,0
15877,10
15878,40
15879,"3,21"
15880,40
15881,3
15882,0
15883,"10,23"
15884,"23,24"
15885,"3,21"
15886,"26,23"
15887,40
15888,10
15889,0
15890,3
15891,40
15892,"3,4"
15893,3
15894,0
15895,"3,4"
15896,40
15897,40
15898,0
15899,"40,23"
15900,"26,23"
15901,0
15902,"40,10,145"
15903,10
15904,0
15905,3
15906,23
15907,"169,199"
15908,3
15909,"3,21"
15910,"26,23"
15911,40
15912,0
15913,"169,199"
15914,3
15915,"3,21"
15916,40
15917,40
15918,0
15919,40
15920,0
15921,3
15922,10
15923,10
15924,10
15925,10
15926,40
15927,0
15928,"3,21"
15929,"169,199"
15930,10
15931,0
15932,"3,21"
15933,3
15934,"23,24"
15935,"169,199"
15936,"10,40,145"
15937,3
15938,10
15939,3
15940,0
15941,23
15942,40
15943,"10,40,145"
15944,26
15945,"23,24"
15946,3
15947,"23,10,24"
15948,23
15949,3
15950,0
15951,10
15952,40
15953,10
15954,"40,145,10"
15955,"40,10,145"
15956,3
15957,0
15958,40
15959,"3,4"
15960,"40,3"
15961,3
15962,0
15963,3
15964,3
15965,40
15966,3
15967,10
15968,0
15969,0
15970,23
15971,3
15972,3
15973,"40,145,10"
15974,10
15975,10
15976,"23,10,24"
15977,10
15978,3
15979,3
15980,"40,145,10"
15981,10
15982,0
15983,10
15984,0
15985,3
15986,10
15987,23
15988,0
15989,"23,40"
15990,"3,21"
15991,10
15992,10
15993,"26,23"
15994,"40,10,145"
15995,169
15996,"10,11"
15997,"23,26"
15998,3
15999,"169,199"
16000,40
16001,40
16002,10
16003,3
16004,"40,10,145"
16005,3
16006,"23,24"
16007,40
16008,169
16009,3
16010,0
16011,10
16012,40
16013,3
16014,3
16015,23
16016,0
16017,"23,24"
16018,"40,145"
16019,40
16020,"169,199"
16021,3
16022,3
16023,3
16024,"169,199"
16025,"40,145,10"
16026,10
16027,0
16028,"3,21"
16029,3
16030,10
16031,"3,21"
16032,10
16033,3
16034,0
16035,10
16036,0
16037,23
16038,10
16039,"3,21"
16040,0
16041,"0,40"
16042,"3,53"
16043,0
16044,3
16045,169
16046,"3,21"
16047,10
16048,3
16049,40
16050,10
16051,23
16052,40
16053,40
16054,3
16055,3
16056,169
16057,"23,26"
16058,40
16059,0
16060,10
16061,"0,26"
16062,"3,4"
16063,10
16064,"3,21"
16065,3
16066,3
16067,0
16068,"3,21"
16069,40
16070,0
16071,3
16072,3
16073,169
16074,23
16075,"23,40"
16076,40
16077,40
16078,0
16079,"169,199"
16080,0
16081,"3,4"
16082,"26,23"
16083,"3,21"
16084,10
16085,"3,21"
16086,3
16087,169
16088,40
16089,"23,40"
16090,40
16091,10
16092,3
16093,10
16094,"23,26"
16095,3
16096,0
16097,169
16098,"26,23"
16099,3
16100,0
16101,23
16102,0
16103,10
16104,3
16105,3
16106,23
16107,0
16108,10
16109,3
16110,23
16111,3
16112,0
16113,"10,40"
16114,"3,21"
16115,0
16116,10
16117,10
16118,"10,11"
16119,23
16120,40
16121,3
16122,"40,145"
16123,3
16124,0
16125,3
16126,0
16127,"169,199"
16128,23
16129,"169,199"
16130,10
16131,"23,10,24"
16132,0
16133,3
16134,0
16135,169
16136,40
16137,10
16138,"3,21"
16139,"10,11"
16140,3
16141,"23,10,24"
16142,"23,26"
16143,23
16144,0
16145,40
16146,10
16147,3
16148,"10,23"
16149,10
16150,"23,24"
16151,3
16152,"23,10,24"
16153,169
16154,"26,23"
16155,3
16156,3
16157,3
16158,"10,11"
16159,"3,21,40"
16160,3
16161,10
16162,3
16163,"23,24"
16164,3
16165,0
16166,10
16167,3
16168,"3,4"
16169,10
16170,"40,145"
16171,"26,23"
16172,3
16173,0
16174,3
16175,"169,199,40"
16176,0
16177,3
16178,0
16179,0
16180,3
16181,"3,21"
16182,3
16183,169
16184,"23,10,24"
16185,10
16186,3
16187,169
16188,10
16189,3
16190,23
16191,10
16192,"10,11"
16193,10
16194,0
16195,3
16196,40
16197,3
16198,"3,21"
16199,"23,10,24"
16200,23
16201,10
16202,169
16203,3
16204,"3,21"
16205,0
16206,40
16207,3
16208,"10,11"
16209,3
16210,3
16211,3
16212,3
16213,169
16214,"169,199"
16215,10
16216,23
16217,3
16218,"40,10,145"
16219,3
16220,0
16221,3
16222,"10,40"
16223,3
16224,"10,40"
16225,"3,21"
16226,40
16227,0
16228,3
16229,23
16230,"3,21"
16231,23
16232,3
16233,10
16234,10
16235,40
16236,"23,10,24"
16237,10
16238,"10,3"
16239,169
16240,10
16241,"3,4"
16242,10
16243,0
16244,"169,199"
16245,3
16246,"40,145,10"
16247,"3,21"
16248,"169,199"
16249,23
16250,10
16251,0
16252,40
16253,3
16254,3
16255,169
16256,3
16257,"10,23"
16258,"169,199,40"
16259,"3,21"
16260,0
16261,3
16262,10
16263,3
16264,"169,199"
16265,10
16266,0
16267,"3,21"
16268,0
16269,10
16270,23
16271,40
16272,23
16273,10
16274,"3,4"
16275,"169,199"
16276,3
16277,"3,4"
16278,0
16279,40
16280,"40,145"
16281,3
16282,23
16283,0
16284,3
16285,"23,40"
16286,40
16287,40
16288,3
16289,"23,24"
16290,10
16291,10
16292,10
16293,40
16294,10
16295,"26,23"
16296,10
16297,"40,145,10"
16298,40
16299,40
16300,40
16301,40
16302,10
16303,10
16304,0
16305,40
16306,0
16307,3
16308,10
16309,"3,21"
16310,3
16311,"40,145,10"
16312,3
16313,"40,145"
16314,3
16315,10
16316,3
16317,"10,11"
16318,"40,10,145"
16319,10
16320,"23,40,24"
16321,40
16322,"23,10,24"
16323,0
16324,3
16325,3
16326,0
16327,23
16328,3
16329,"3,4"
16330,"26,23"
16331,40
16332,40
16333,23
16334,"169,199"
16335,23
16336,3
16337,0
16338,0
16339,3
16340,3
16341,"40,145,10"
16342,0
16343,0
16344,40
16345,40
16346,40
16347,"10,40,145"
16348,40
16349,10
16350,0
16351,23
16352,23
16353,40
16354,10
16355,23
16356,10
16357,0
16358,40
16359,"169,199,40"
16360,"3,4"
16361,10
16362,40
16363,3
16364,10
16365,10
16366,"3,21"
16367,0
16368,3
16369,"23,10,24"
16370,40
16371,3
16372,"169,199"
16373,0
16374,169
16375,169
16376,23
16377,3
16378,23
16379,0
16380,40
16381,"23,26"
16382,3
16383,"3,21"
16384,0
16385,10
16386,23
16387,23
16388,169
16389,169
16390,"10,40"
16391,10
16392,10
16393,40
16394,3
16395,"40,145"
16396,"3,4"
16397,"40,10,145"
16398,"10,23"
16399,0
16400,3
16401,10
16402,"40,145"
16403,"169,199"
16404,"3,21"
16405,40
16406,23
16407,10
16408,0
16409,"26,23"
16410,0
16411,"3,21"
16412,10
16413,"26,23"
16414,"23,24"
16415,0
16416,169
16417,"3,21"
16418,3
16419,0
16420,"10,11"
16421,40
16422,3
16423,23
16424,"3,21"
16425,10
16426,0
16427,"3,4"
16428,"3,21"
16429,23
16430,3
16431,"40,10,145"
16432,40
16433,"40,10,145"
16434,40
16435,3
16436,0
16437,"10,40"
16438,3
16439,10
16440,23
16441,"23,24"
16442,"26,23"
16443,10
16444,3
16445,"169,199"
16446,"3,4"
16447,23
16448,"10,11"
16449,23
16450,"10,11"
16451,3
16452,"3,4"
16453,40
16454,23
16455,3
16456,3
16457,40
16458,"23,24"
16459,3
16460,"10,11"
16461,3
16462,"3,21"
16463,"40,145,10"
16464,10
16465,169
16466,40
16467,40
16468,10
16469,"40,145"
16470,23
16471,"26,23"
16472,3
16473,23
16474,"3,4"
16475,40
16476,0
16477,23
16478,40
16479,"169,199"
16480,"3,4"
16481,"23,24,10"
16482,40
16483,40
16484,"3,21"
16485,"169,199,40"
16486,3
16487,169
16488,"23,40"
16489,169
16490,0
16491,10
16492,3
16493,169
16494,"169,199"
16495,"169,199"
16496,"3,21"
16497,3
16498,"3,21"
16499,40
16500,0
16501,"10,23"
16502,3
16503,10
16504,23
16505,3
16506,"10,11"
16507,"3,53"
16508,3
16509,3
16510,0
16511,"23,24,10"
16512,10
16513,"169,199"
16514,3
16515,10
16516,"40,145"
16517,3
16518,"10,11"
16519,40
16520,40
16521,"3,21"
16522,3
16523,"3,53"
16524,169
16525,"10,11"
16526,3
16527,0
16528,0
16529,"23,24"
16530,"10,11"
16531,0
16532,3
16533,"40,145,10"
16534,10
16535,0
16536,3
16537,"40,3"
16538,"3,4"
16539,23
16540,40
16541,"10,11"
16542,3
16543,"0,26"
16544,3
16545,23
16546,10
16547,"169,199"
16548,40
16549,0
16550,40
16551,3
16552,40
16553,169
16554,3
16555,40
16556,0
16557,"10,11"
16558,"23,24"
16559,3
16560,40
16561,"23,24"
16562,169
16563,0
16564,3
16565,"40,199,169"
16566,3
16567,"169,199"
16568,23
16569,0
16570,10
16571,10
16572,3
16573,169
16574,0
16575,10
16576,"40,145,10"
16577,169
16578,"10,40"
16579,"169,199"
16580,10
16581,"26,23"
16582,0
16583,40
16584,3
16585,23
16586,"23,24"
16587,10
16588,"40,23"
16589,0
16590,0
16591,10
16592,3
16593,23
16594,169
16595,3
16596,0
16597,0
16598,"3,21"
16599,"10,23"
16600,40
16601,23
16602,"40,145"
16603,40
16604,3
16605,40
16606,40
16607,"23,24,10"
16608,23
16609,10
16610,"169,199"
16611,0
16612,3
16613,23
16614,3
16615,40
16616,23
16617,10
16618,0
16619,0
16620,40
16621,10
16622,"40,23"
16623,"23,24"
16624,"169,199"
16625,"23,26"
16626,169
16627,3
16628,10
16629,3
16630,40
16631,"10,23"
16632,"23,26"
16633,0
16634,"40,3"
16635,"3,21"
16636,23
16637,"26,23"
16638,40
16639,0
16640,40
16641,3
16642,40
16643,3
16644,10
16645,"169,199"
16646,0
16647,"40,23"
16648,"23,26"
16649,40
16650,40
16651,40
16652,0
16653,23
16654,0
16655,23
16656,3
16657,"3,21"
16658,0
16659,"3,4"
16660,40
16661,0
16662,40
16663,0
16664,169
16665,23
16666,40
16667,40
16668,23
16669,"3,21"
16670,0
16671,40
16672,"26,23"
16673,"10,11"
16674,23
16675,10
16676,0
16677,"3,21"
16678,"23,26"
16679,0
16680,10
16681,"40,23"
16682,3
16683,0
16684,0
16685,40
16686,0
16687,3
16688,23
16689,23
16690,40
16691,10
16692,23
16693,"3,21"
16694,"40,10,145"
16695,"40,145"
16696,10
16697,23
16698,3
16699,"10,23"
16700,"23,26"
16701,23
16702,3
16703,3
16704,10
16705,40
16706,"169,199"
16707,3
16708,40
16709,"40,169"
16710,3
16711,40
16712,"3,21"
16713,169
16714,"23,10,24"
16715,10
16716,"40,10,145"
16717,"3,4"
16718,"23,26"
16719,10
16720,10
16721,0
16722,169
16723,40
16724,0
16725,169
16726,3
16727,169
16728,169
16729,"0,26"
16730,"10,11"
16731,169
16732,3
16733,"10,40"
16734,40
16735,"3,4"
16736,40
16737,3
16738,169
16739,169
16740,"40,10,145"
16741,"23,26"
16742,0
16743,"3,40"
16744,3
16745,3
16746,"10,11"
16747,"26,23"
16748,0
16749,10
16750,"169,199"
16751,40
16752,"169,199"
16753,"26,23"
16754,"23,26"
16755,3
16756,3
16757,"169,199"
16758,"10,40,145"
16759,3
16760,"3,4"
16761,23
16762,"23,26"
16763,169
16764,3
16765,40
16766,"3,4"
16767,169
16768,3
16769,"10,11"
16770,23
16771,"169,199"
16772,3
16773,"169,199"
16774,40
16775,0
16776,10
16777,23
16778,23
16779,23
16780,"3,53"
16781,23
16782,"23,10"
16783,3
16784,23
16785,3
16786,169
16787,"3,53"
16788,3
16789,169
16790,40
16791,3
16792,40
16793,10
16794,3
16795,3
16796,40
16797,"169,199"
16798,"23,26"
16799,10
16800,0
16801,10
16802,3
16803,3
16804,3
16805,"3,21"
16806,40
16807,3
16808,3
16809,10
16810,40
16811,"169,199"
16812,"23,24"
16813,23
16814,23
16815,40
16816,0
16817,169
16818,40
16819,"10,11"
16820,"169,199"
16821,40
16822,3
16823,3
16824,"3,21"
16825,40
16826,40
16827,3
16828,3
16829,23
16830,"169,199"
16831,0
16832,23
16833,23
16834,"23,26"
16835,3
16836,"40,169,199"
16837,"40,169"
16838,3
16839,"169,199,40"
16840,3
16841,23
16842,"23,24"
16843,"169,40,199"
16844,"3,21"
16845,3
16846,169
16847,40
16848,40
16849,0
16850,0
16851,"26,0"
16852,0
16853,10
16854,"10,11"
16855,3
16856,3
16857,10
16858,10
16859,3
16860,40
16861,40
16862,"40,145"
16863,23
16864,0
16865,"26,23"
16866,"10,11"
16867,"3,4"
16868,0
16869,10
16870,3
16871,3
16872,10
16873,"3,17"
16874,"10,11"
16875,"23,24,10"
16876,"3,21"
16877,23
16878,0
16879,3
16880,"10,23"
16881,"10,11"
16882,3
16883,"3,4"
16884,10
16885,0
16886,3
16887,3
16888,3
16889,0
16890,3
16891,23
16892,169
16893,0
16894,40
16895,0
16896,3
16897,23
16898,10
16899,"40,131"
16900,3
16901,"40,145"
16902,3
16903,0
16904,3
16905,"3,4"
16906,"3,21"
16907,10
16908,3
16909,10
16910,"3,21"
16911,10
16912,"40,145"
16913,0
16914,"3,4"
16915,0
16916,169
16917,"23,24"
16918,3
16919,23
16920,"10,40"
16921,23
16922,3
16923,"169,199"
16924,"10,11"
16925,0
16926,0
16927,0
16928,10
16929,"169,199,40"
16930,23
16931,"10,23"
16932,0
16933,40
16934,3
16935,23
16936,169
16937,"23,10,24"
16938,3
16939,0
16940,169
16941,"40,145,10"
16942,10
16943,"23,26"
16944,"23,10,24"
16945,10
16946,40
16947,3
16948,3
16949,0
16950,169
16951,"40,23"
16952,23
16953,0
16954,"23,24"
16955,0
16956,0
16957,3
16958,169
16959,10
16960,3
16961,3
16962,10
16963,3
16964,"23,26"
16965,"23,24,10"
16966,"23,40"
16967,"40,23"
16968,"169,199"
16969,3
16970,"10,11"
16971,"3,40"
16972,10
16973,3
16974,"23,24"
16975,0
16976,"3,21"
16977,10
16978,40
16979,"23,10,24"
16980,3
16981,"40,145"
16982,10
16983,23
16984,23
16985,"169,199"
16986,10
16987,"3,4"
16988,"3,40"
16989,40
16990,0
16991,3
16992,"3,53"
16993,40
16994,"23,10,24"
16995,10
16996,3
16997,3
16998,10
16999,0
17000,0
17001,3
17002,169
17003,3
17004,40
17005,169
17006,"23,40"
17007,3
17008,3
17009,10
17010,23
17011,169
17012,3
17013,10
17014,"3,53"
17015,169
17016,3
17017,10
17018,"23,10,24"
17019,3
17020,3
17021,"40,145"
17022,3
17023,23
17024,0
17025,10
17026,3
17027,"23,10,24"
17028,40
17029,"3,21"
17030,169
17031,40
17032,"23,24"
17033,40
17034,"23,26"
17035,"40,10,145"
17036,40
17037,"3,21"
17038,3
17039,10
17040,"10,11"
17041,"3,4"
17042,3
17043,3
17044,0
17045,3
17046,"169,199"
17047,10
17048,0
17049,"3,21"
17050,23
17051,0
17052,"23,26"
17053,10
17054,3
17055,10
17056,10
17057,"3,21"
17058,169
17059,0
17060,3
17061,10
17062,0
17063,3
17064,0
17065,"3,21"
17066,3
17067,40
17068,"3,21"
17069,3
17070,0
17071,"23,10,24"
17072,10
17073,10
17074,23
17075,3
17076,10
17077,"10,11"
17078,23
17079,"3,4"
17080,"169,199"
17081,10
17082,"40,10"
17083,23
17084,40
17085,3
17086,10
17087,23
17088,"3,21"
17089,3
17090,40
17091,3
17092,3
17093,23
17094,169
17095,"3,4"
17096,40
17097,"3,21"
17098,10
17099,3
17100,"3,21"
17101,169
17102,0
17103,0
17104,3
17105,"169,199"
17106,"10,40,145"
17107,0
17108,"23,10,40"
17109,40
17110,"3,4"
17111,23
17112,"3,21"
17113,3
17114,"3,4"
17115,40
17116,23
17117,"3,21"
17118,0
17119,0
17120,"26,23"
17121,"10,40,145"
17122,40
17123,40
17124,10
17125,3
17126,"169,199"
17127,"169,199"
17128,23
17129,0
17130,10
17131,3
17132,23
17133,"23,10,24"
17134,"23,24,10"
17135,0
17136,0
17137,"10,11"
17138,0
17139,"3,21"
17140,3
17141,"3,4"
17142,"23,26"
17143,3
17144,40
17145,40
17146,3
17147,0
17148,"3,4"
17149,"40,145"
17150,10
17151,"10,23"
17152,3
17153,0
17154,3
17155,"10,11"
17156,"23,10,24"
17157,169
17158,0
17159,40
17160,"40,10,145"
17161,3
17162,0
17163,10
17164,"10,40,11"
17165,23
17166,3
17167,"23,10,24"
17168,3
17169,"23,24,10"
17170,"3,4"
17171,0
17172,"23,10,24"
17173,23
17174,10
17175,40
17176,10
17177,"3,21"
17178,10
17179,40
17180,40
17181,10
17182,"40,145"
17183,"169,199"
17184,10
17185,"169,199"
17186,3
17187,0
17188,40
17189,169
17190,"10,11"
17191,40
17192,0
17193,23
17194,10
17195,"169,199"
17196,23
17197,10
17198,3
17199,0
17200,"40,145"
17201,3
17202,3
17203,10
17204,0
17205,"10,11"
17206,0
17207,169
17208,3
17209,40
17210,3
17211,"26,23"
17212,169
17213,10
17214,"40,10,145"
17215,23
17216,40
17217,0
17218,3
17219,"3,4"
17220,23
17221,"3,21"
17222,"10,11"
17223,3
17224,3
17225,3
17226,"23,24"
17227,10
17228,23
17229,"3,21"
17230,"23,10,24"
17231,23
17232,23
17233,3
17234,40
17235,3
17236,"3,21"
17237,169
17238,23
17239,10
17240,3
17241,"3,21"
17242,169
17243,"3,4"
17244,"23,10,24"
17245,10
17246,10
17247,10
17248,"3,21"
17249,"3,21"
17250,10
17251,10
17252,40
17253,23
17254,"23,26"
17255,23
17256,40
17257,23
17258,26
17259,3
17260,169
17261,40
17262,10
17263,"3,21"
17264,23
17265,"26,23"
17266,10
17267,"169,199"
17268,0
17269,40
17270,"3,4"
17271,"10,23"
17272,"169,199"
17273,"3,21"
17274,3
17275,"23,26"
17276,23
17277,0
17278,169
17279,169
17280,3
17281,23
17282,"26,23"
17283,3
17284,0
17285,0
17286,0
17287,"40,10,145"
17288,3
17289,40
17290,"169,199"
17291,"3,21"
17292,"3,21"
17293,10
17294,3
17295,3
17296,10
17297,169
17298,0
17299,"10,11"
17300,23
17301,23
17302,"3,21"
17303,169
17304,0
17305,10
17306,3
17307,"23,40"
17308,40
17309,"169,199"
17310,3
17311,3
17312,10
17313,3
17314,"3,4"
17315,40
17316,10
17317,23
17318,10
17319,"3,4"
17320,3
17321,0
17322,3
17323,10
17324,3
17325,"10,40"
17326,"3,21"
17327,3
17328,40
17329,0
17330,"23,40"
17331,23
17332,"3,17"
17333,"23,24"
17334,23
17335,10
17336,3
17337,10
17338,0
17339,10
17340,40
17341,23
17342,"40,145,10"
17343,23
17344,169
17345,"10,23"
17346,40
17347,0
17348,"40,10,145"
17349,"10,40"
17350,10
17351,3
17352,40
17353,23
17354,0
17355,0
17356,10
17357,10
17358,23
17359,23
17360,10
17361,"23,24"
17362,"10,23"
17363,0
17364,"3,21"
17365,3
17366,"26,23"
17367,40
17368,"10,23,24"
17369,40
17370,40
17371,10
17372,10
17373,"23,26"
17374,23
17375,10
17376,0
17377,40
17378,0
17379,40
17380,0
17381,3
17382,169
17383,23
17384,"23,10,24"
17385,3
17386,169
17387,10
17388,40
17389,3
17390,10
17391,40
17392,"40,145"
17393,10
17394,10
17395,169
17396,3
17397,"3,53"
17398,"10,11"
17399,40
17400,"3,21"
17401,40
17402,"23,10,24"
17403,23
17404,"10,23"
17405,"26,23"
17406,"3,40,21"
17407,"26,23"
17408,3
17409,10
17410,"23,24"
17411,"3,21"
17412,10
17413,"23,24"
17414,23
17415,40
17416,0
17417,0
17418,23
17419,"3,4"
17420,40
17421,10
17422,40
17423,10
17424,"3,21"
17425,10
17426,"40,145"
17427,"23,24,10"
17428,40
17429,"23,10,24"
17430,10
17431,0
17432,169
17433,23
17434,"3,21"
17435,"3,21"
17436,"3,21"
17437,169
17438,10
17439,"169,199"
17440,"40,145"
17441,0
17442,40
17443,3
17444,0
17445,3
17446,0
17447,3
17448,"23,26"
17449,"3,4"
17450,0
17451,23
17452,"10,40"
17453,169
17454,"3,21"
17455,"26,23"
17456,3
17457,0
17458,10
17459,"23,0"
17460,10
17461,40
17462,40
17463,10
17464,"3,21"
17465,"169,199"
17466,"26,23"
17467,3
17468,3
17469,"23,26"
17470,40
17471,"40,145"
17472,40
17473,10
17474,"10,11"
17475,23
17476,23
17477,"169,199"
17478,23
17479,10
17480,10
17481,"3,21"
17482,"40,23,24"
17483,10
17484,10
17485,10
17486,40
17487,23
17488,3
17489,0
17490,40
17491,3
17492,40
17493,"3,4"
17494,"40,3"
17495,169
17496,10
17497,23
17498,3
17499,40
17500,3
17501,40
17502,0
17503,10
17504,"3,21"
17505,0
17506,0
17507,23
17508,10
17509,3
17510,"10,11"
17511,40
17512,169
17513,10
17514,3
17515,40
17516,23
17517,"3,21"
17518,0
17519,23
17520,40
17521,"3,21"
17522,"3,53"
17523,"40,10"
17524,0
17525,40
17526,10
17527,"3,4"
17528,0
17529,40
17530,23
17531,10
17532,"26,23"
17533,0
17534,169
17535,"23,24"
17536,"169,199"
17537,0
17538,"169,199"
17539,0
17540,"3,53"
17541,3
17542,23
17543,3
17544,3
17545,169
17546,"169,199"
17547,3
17548,40
17549,"10,11"
17550,"3,21"
17551,"169,199"
17552,0
17553,"169,199"
17554,40
17555,3
17556,10
17557,0
17558,"23,24"
17559,0
17560,"26,23"
17561,10
17562,"23,40"
17563,3
17564,0
17565,"3,21"
17566,10
17567,3
17568,0
17569,0
17570,"3,21"
17571,"3,4"
17572,3
17573,40
17574,3
17575,23
17576,"3,21"
17577,10
17578,"10,23"
17579,10
17580,40
17581,10
17582,"26,23"
17583,"3,21"
17584,169
17585,"10,11"
17586,"3,4"
17587,"23,26"
17588,"23,24,10"
17589,3
17590,10
17591,10
17592,"169,199"
17593,"10,11"
17594,"169,199,40"
17595,3
17596,"3,21"
17597,"23,26"
17598,40
17599,40
17600,3
17601,"10,11"
17602,3
17603,10
17604,10
17605,0
17606,"40,23"
17607,"3,21"
17608,0
17609,10
17610,3
17611,169
17612,3
17613,23
17614,3
17615,3
17616,23
17617,3
17618,23
17619,"3,21"
17620,3
17621,0
17622,23
17623,"169,199"
17624,169
17625,"10,11"
17626,0
17627,40
17628,10
17629,"3,21"
17630,23
17631,10
17632,10
17633,3
17634,0
17635,23
17636,"3,21"
17637,"3,21"
17638,"10,23,24"
17639,"10,40"
17640,23
17641,40
17642,10
17643,169
17644,3
17645,"23,24"
17646,"10,11"
17647,"26,23"
17648,40
17649,"40,3"
17650,3
17651,23
17652,"3,21"
17653,"10,11"
17654,"3,53"
17655,23
17656,3
17657,0
17658,40
17659,3
17660,0
17661,"26,23"
17662,"23,10,24"
17663,23
17664,"3,21"
17665,3
17666,"3,21"
17667,10
17668,"10,11"
17669,0
17670,3
17671,23
17672,169
17673,"3,4"
17674,10
17675,40
17676,10
17677,23
17678,"23,26"
17679,23
17680,10
17681,3
17682,3
17683,0
17684,23
17685,169
17686,3
17687,23
17688,10
17689,3
17690,3
17691,3
17692,"23,26"
17693,169
17694,0
17695,40
17696,10
17697,3
17698,"26,23"
17699,169
17700,"10,40"
17701,"10,0"
17702,169
17703,40
17704,169
17705,"23,24"
17706,3
17707,10
17708,0
17709,"169,199"
17710,40
17711,"23,26"
17712,40
17713,"3,4"
17714,23
17715,10
17716,3
17717,40
17718,3
17719,"10,11"
17720,"40,10,145"
17721,3
17722,3
17723,40
17724,3
17725,0
17726,3
17727,"169,199"
17728,"10,40"
17729,3
17730,"10,23"
17731,0
17732,23
17733,3
17734,3
17735,10
17736,"3,21"
17737,"10,23"
17738,10
17739,10
17740,169
17741,169
17742,3
17743,40
17744,"3,4"
17745,40
17746,40
17747,"3,4"
17748,10
17749,3
17750,23
17751,"169,199"
17752,10
17753,3
17754,169
17755,23
17756,10
17757,"169,199"
17758,"23,10"
17759,10
17760,3
17761,23
17762,"23,26"
17763,"23,24,10"
17764,23
17765,40
17766,0
17767,3
17768,23
17769,"3,21"
17770,10
17771,"3,21"
17772,40
17773,40
17774,3
17775,3
17776,0
17777,169
17778,0
17779,10
17780,0
17781,23
17782,0
17783,0
17784,10
17785,0
17786,3
17787,3
17788,10
17789,"23,40"
17790,"23,40"
17791,3
17792,40
17793,10
17794,3
17795,40
17796,10
17797,"3,21"
17798,40
17799,10
17800,40
17801,3
17802,3
17803,"169,199"
17804,"40,10,145"
17805,10
17806,"40,145"
17807,"3,21"
17808,3
17809,3
17810,"3,21"
17811,10
17812,40
17813,23
17814,0
17815,"23,40"
17816,10
17817,40
17818,3
17819,"169,199"
17820,"3,21"
17821,40
17822,3
17823,0
17824,40
17825,40
17826,169
17827,10
17828,0
17829,23
17830,40
17831,"3,21"
17832,3
17833,0
17834,10
17835,"10,23,24"
17836,"10,23,24"
17837,"40,10,145"
17838,10
17839,0
17840,10
17841,"26,23"
17842,0
17843,10
17844,"10,11"
17845,"10,11"
17846,0
17847,3
17848,3
17849,"3,4"
17850,"40,3"
17851,40
17852,"3,4"
17853,40
17854,"23,26"
17855,0
17856,10
17857,"40,3"
17858,0
17859,"169,199"
17860,"40,23"
17861,10
17862,3
17863,10
17864,3
17865,10
17866,"10,11"
17867,3
17868,10
17869,10
17870,40
17871,169
17872,"169,199"
17873,10
17874,3
17875,10
17876,23
17877,40
17878,10
17879,40
17880,40
17881,0
17882,"10,23"
17883,0
17884,"26,0"
17885,0
17886,"3,21"
17887,40
17888,40
17889,0
17890,"3,21"
17891,"3,53"
17892,"23,24,10"
17893,40
17894,169
17895,40
17896,10
17897,3
17898,3
17899,"169,199"
17900,23
17901,3
17902,23
17903,3
17904,"169,199"
17905,0
17906,"10,11"
17907,10
17908,"3,21"
17909,3
17910,3
17911,23
17912,"10,40"
17913,"23,10,24"
17914,3
17915,"40,145"
17916,"23,24,10"
17917,10
17918,169
17919,0
17920,0
17921,40
17922,"3,4"
17923,3
17924,"26,23"
17925,0
17926,"23,26"
17927,40
17928,"169,199"
17929,"23,26"
17930,0
17931,169
17932,0
17933,40
17934,3
17935,"3,21"
17936,3
17937,3
17938,169
17939,0
17940,"40,10,145"
17941,10
17942,0
17943,"23,24,10"
17944,"23,26"
17945,"23,40"
17946,3
17947,40
17948,"40,23"
17949,40
17950,3
17951,23
17952,"10,23"
17953,3
17954,0
17955,40
17956,169
17957,10
17958,40
17959,0
17960,"3,21"
17961,"10,11"
17962,"3,4"
17963,23
17964,10
17965,23
17966,"40,23"
17967,"3,40"
17968,3
17969,0
17970,23
17971,"169,199"
17972,3
17973,3
17974,23
17975,0
17976,3
17977,40
17978,10
17979,0
17980,"169,199"
17981,3
17982,40
17983,40
17984,"40,145,10"
17985,10
17986,3
17987,"23,10,24"
17988,169
17989,"23,26"
17990,3
17991,"3,4"
17992,3
17993,3
17994,40
17995,"10,11"
17996,40
17997,"3,21"
17998,23
17999,169
18000,10
18001,10
18002,"23,26"
18003,10
18004,10
18005,40
18006,"40,145,23"
18007,3
18008,0
18009,3
18010,"40,3"
18011,"3,21"
18012,23
18013,169
18014,169
18015,"169,199"
18016,"10,11"
18017,0
18018,40
18019,10
18020,23
18021,10
18022,23
18023,23
18024,"23,24"
18025,3
18026,0
18027,40
18028,23
18029,"3,21"
18030,0
18031,"3,21"
18032,"10,11"
18033,"40,23"
18034,10
18035,"3,21"
18036,"169,199,40"
18037,169
18038,"169,199"
18039,"23,10,24"
18040,"10,11"
18041,23
18042,"40,3"
18043,3
18044,40
18045,3
18046,40
18047,10
18048,3
18049,3
18050,23
18051,"3,21"
18052,40
18053,23
18054,"3,17"
18055,"40,10"
18056,"3,21"
18057,40
18058,169
18059,3
18060,40
18061,40
18062,40
18063,"10,11"
18064,"3,4"
18065,10
18066,3
18067,"40,145"
18068,"3,40"
18069,"26,23"
18070,23
18071,10
18072,3
18073,40
18074,3
18075,"10,23"
18076,"10,11"
18077,40
18078,169
18079,3
18080,3
18081,23
18082,"10,11"
18083,10
18084,0
18085,3
18086,3
18087,"40,3,21"
18088,3
18089,40
18090,10
18091,23
18092,169
18093,"23,40"
18094,3
18095,10
18096,169
18097,10
18098,10
18099,0
18100,10
18101,40
18102,"3,4"
18103,10
18104,23
18105,23
18106,40
18107,23
18108,40
18109,"10,11"
18110,40
18111,"40,10"
18112,"3,21"
18113,3
18114,3
18115,3
18116,3
18117,3
18118,3
18119,"3,21"
18120,3
18121,10
18122,"10,23"
18123,40
18124,3
18125,10
18126,"3,4"
18127,"40,10,145"
18128,0
18129,"23,24,10"
18130,0
18131,3
18132,10
18133,3
18134,0
18135,3
18136,0
18137,"23,10,24"
18138,3
18139,10
18140,23
18141,0
18142,10
18143,40
18144,"3,4"
18145,10
18146,10
18147,3
18148,40
18149,"3,4"
18150,"169,199"
18151,"23,24,10"
18152,"40,145,10"
18153,10
18154,40
18155,10
18156,40
18157,40
18158,23
18159,"3,4"
18160,"3,21"
18161,"3,21"
18162,3
18163,23
18164,10
18165,"0,26,23"
18166,3
18167,"10,40"
18168,"40,145"
18169,3
18170,23
18171,3
18172,10
18173,"23,24"
18174,"3,21"
18175,169
18176,3
18177,"23,40"
18178,0
18179,3
18180,10
18181,3
18182,3
18183,3
18184,10
18185,3
18186,3
18187,10
18188,"40,10,145"
18189,10
18190,23
18191,0
18192,"3,40"
18193,3
18194,40
18195,3
18196,23
18197,"10,23"
18198,40
18199,"23,26"
18200,23
18201,10
18202,"40,145"
18203,"26,23"
18204,"10,40"
18205,"3,21"
18206,"23,26"
18207,0
18208,"40,145"
18209,"23,24"
18210,3
18211,3
18212,"23,3"
18213,"40,3"
18214,40
18215,10
18216,3
18217,"3,53"
18218,3
18219,3
18220,40
18221,0
18222,3
18223,3
18224,"26,23"
18225,169
18226,"3,169"
18227,"23,40"
18228,10
18229,40
18230,23
18231,3
18232,0
18233,23
18234,3
18235,3
18236,3
18237,0
18238,0
18239,"23,40"
18240,"3,21"
18241,"169,199"
18242,"23,24"
18243,3
18244,"3,21"
18245,3
18246,"23,38"
18247,3
18248,169
18249,23
18250,0
18251,169
18252,10
18253,3
18254,10
18255,40
18256,3
18257,3
18258,10
18259,23
18260,23
18261,3
18262,"169,199"
18263,"10,11"
18264,10
18265,23
18266,0
18267,0
18268,"10,11"
18269,10
18270,3
18271,3
18272,3
18273,40
18274,3
18275,40
18276,40
18277,0
18278,0
18279,"23,26"
18280,"40,131"
18281,"40,145"
18282,"40,3"
18283,3
18284,3
18285,0
18286,3
18287,23
18288,"3,21"
18289,10
18290,"40,23,24"
18291,10
18292,"23,10,24"
18293,3
18294,3
18295,3
18296,3
18297,40
18298,0
18299,10
18300,40
18301,"3,21"
18302,"23,26"
18303,23
18304,"3,21"
18305,3
18306,0
18307,0
18308,0
18309,"26,23"
18310,169
18311,"169,199"
18312,10
18313,0
18314,0
18315,3
18316,"23,26"
18317,40
18318,10
18319,"169,40,199"
18320,3
18321,"23,24,10"
18322,"23,10,24"
18323,169
18324,10
18325,3
18326,"0,26"
18327,10
18328,40
18329,3
18330,"40,145"
18331,169
18332,3
18333,"40,145"
18334,3
18335,40
18336,10
18337,40
18338,10
18339,"40,145"
18340,3
18341,3
18342,40
18343,10
18344,3
18345,10
18346,40
18347,10
18348,"3,21"
18349,"169,199"
18350,"169,199"
18351,"169,199"
18352,40
18353,40
18354,23
18355,10
18356,10
18357,3
18358,"169,199"
18359,40
18360,40
18361,3
18362,3
18363,10
18364,3
18365,"23,10,24"
18366,3
18367,3
18368,0
18369,40
18370,0
18371,23
18372,3
18373,"169,199"
18374,3
18375,23
18376,10
18377,40
18378,0
18379,"3,4"
18380,3
18381,10
18382,"3,21"
18383,23
18384,3
18385,40
18386,169
18387,"10,40"
18388,3
18389,0
18390,0
18391,40
18392,0
18393,"3,4"
18394,0
18395,"26,23"
18396,0
18397,3
18398,40
18399,"169,199"
18400,"169,199"
18401,3
18402,"3,21"
18403,10
18404,"23,26"
18405,10
18406,3
18407,0
18408,"3,21"
18409,3
18410,40
18411,"10,11"
18412,23
18413,"3,21"
18414,"40,145,10"
18415,3
18416,10
18417,"3,21"
18418,3
18419,0
18420,40
18421,"169,199"
18422,3
18423,0
18424,40
18425,169
18426,40
18427,3
18428,"26,23"
18429,23
18430,40
18431,23
18432,3
18433,40
18434,"3,21"
18435,"10,23"
18436,40
18437,"26,23"
18438,23
18439,3
18440,"40,23"
18441,"3,21"
18442,3
18443,3
18444,40
18445,10
18446,3
18447,40
18448,10
18449,"3,4"
18450,0
18451,23
18452,40
18453,23
18454,0
18455,0
18456,40
18457,3
18458,0
18459,10
18460,0
18461,23
18462,23
18463,3
18464,"26,23"
18465,0
18466,3
18467,10
18468,3
18469,"10,11"
18470,10
18471,3
18472,0
18473,3
18474,"3,4"
18475,"26,23"
18476,"169,199"
18477,40
18478,3
18479,3
18480,40
18481,10
18482,3
18483,40
18484,3
18485,"3,21"
18486,"3,4"
18487,23
18488,10
18489,3
18490,"40,145,10"
18491,10
18492,"23,10,24"
18493,10
18494,"3,4"
18495,0
18496,40
18497,169
18498,40
18499,"40,10,145"
18500,3
18501,"40,169,199"
18502,169
18503,10
18504,10
18505,23
18506,"40,145"
18507,40
18508,"40,10,145"
18509,40
18510,40
18511,10
18512,0
18513,3
18514,3
18515,10
18516,10
18517,"23,40"
18518,3
18519,0
18520,40
18521,0
18522,"23,26"
18523,"40,10,145"
18524,"23,24"
18525,"10,23"
18526,10
18527,"10,23"
18528,40
18529,40
18530,40
18531,"23,24,10"
18532,3
18533,40
18534,0
18535,3
18536,"3,21"
18537,3
18538,23
18539,40
18540,40
18541,"3,4"
18542,"169,199"
18543,0
18544,"23,24"
18545,0
18546,0
18547,40
18548,"3,40"
18549,0
18550,0
18551,23
18552,"40,10,145"
18553,"3,40,21"
18554,3
18555,3
18556,23
18557,"23,26"
18558,"169,199"
18559,"10,11"
18560,23
18561,"40,145"
18562,3
18563,0
18564,"169,199"
18565,40
18566,"10,40"
18567,0
18568,3
18569,"23,26"
18570,3
18571,"3,21"
18572,"169,199"
18573,"3,4"
18574,23
18575,3
18576,"3,21"
18577,10
18578,"40,23"
18579,40
18580,169
18581,"40,169"
18582,169
18583,23
18584,40
18585,169
18586,10
18587,"169,199"
18588,"40,10,145"
18589,10
18590,0
18591,"23,24"
18592,3
18593,3
18594,"3,21"
18595,3
18596,169
18597,3
18598,"23,26"
18599,0
18600,10
18601,3
18602,"23,26"
18603,40
18604,3
18605,40
18606,10
18607,169
18608,23
18609,3
18610,"40,169,199"
18611,23
18612,23
18613,40
18614,169
18615,0
18616,3
18617,"10,11"
18618,"26,23"
18619,0
18620,40
18621,0
18622,"40,145"
18623,10
18624,3
18625,10
18626,"10,11"
18627,40
18628,169
18629,23
18630,3
18631,3
18632,3
18633,"3,53"
18634,0
18635,3
18636,23
18637,10
18638,40
18639,10
18640,10
18641,3
18642,23
18643,10
18644,"3,21"
18645,23
18646,"169,199"
18647,3
18648,"40,145"
18649,23
18650,3
18651,3
18652,"3,40,21"
18653,23
18654,3
18655,40
18656,0
18657,0
18658,23
18659,"3,21"
18660,"169,3"
18661,0
18662,3
18663,40
18664,"3,4"
18665,"40,145"
18666,10
18667,10
18668,0
18669,40
18670,"40,23,24"
18671,0
18672,3
18673,40
18674,0
18675,23
18676,"169,199"
18677,3
18678,10
18679,0
18680,0
18681,40
18682,"169,199"
18683,"40,10,145"
18684,3
18685,"23,24,10"
18686,"3,21"
18687,40
18688,"3,21"
18689,"23,24,10"
18690,3
18691,23
18692,"40,10,145"
18693,10
18694,10
18695,3
18696,"23,26"
18697,"23,40"
18698,"23,24,10"
18699,"40,10,145"
18700,0
18701,"169,199"
18702,3
18703,"26,0"
18704,23
18705,"169,199"
18706,10
18707,"40,3"
18708,"40,145,10"
18709,"10,23"
18710,0
18711,10
18712,169
18713,169
18714,"3,0"
18715,3
18716,169
18717,3
18718,10
18719,3
18720,169
18721,"40,145"
18722,0
18723,"23,10,24"
18724,10
18725,26
18726,3
18727,169
18728,23
18729,40
18730,0
18731,23
18732,0
18733,40
18734,169
18735,3
18736,"40,145"
18737,10
18738,23
18739,169
18740,40
18741,3
18742,3
18743,0
18744,3
18745,40
18746,"169,199"
18747,3
18748,40
18749,"169,199,40"
18750,3
18751,"3,21"
18752,23
18753,40
18754,0
18755,40
18756,10
18757,3
18758,"23,24"
18759,0
18760,"23,26"
18761,"23,24"
18762,0
18763,3
18764,"10,11"
18765,23
18766,40
18767,"26,23"
18768,3
18769,3
18770,0
18771,3
18772,23
18773,40
18774,10
18775,3
18776,3
18777,40
18778,"40,145"
18779,"3,21"
18780,10
18781,"10,23,24"
18782,23
18783,"169,199,40"
18784,"3,4"
18785,"40,23"
18786,"10,40"
18787,0
18788,"40,145,10"
18789,10
18790,3
18791,10
18792,0
18793,"3,21"
18794,3
18795,169
18796,0
18797,169
18798,23
18799,"23,10,24"
18800,3
18801,10
18802,"169,199"
18803,0
18804,10
18805,3
18806,10
18807,23
18808,40
18809,10
18810,3
18811,3
18812,40
18813,"26,23"
18814,40
18815,0
18816,"10,11"
18817,"40,145"
18818,"23,26"
18819,"10,23"
18820,3
18821,"23,38"
18822,3
18823,"40,23"
18824,"40,169,199"
18825,169
18826,3
18827,10
18828,"10,11"
18829,0
18830,3
18831,169
18832,23
18833,3
18834,3
18835,"40,10,145"
18836,0
18837,169
18838,"3,21"
18839,10
18840,"169,199"
18841,"23,26"
18842,0
18843,"3,21"
18844,23
18845,40
18846,"23,40,10"
18847,40
18848,"10,40,145"
18849,23
18850,3
18851,3
18852,"169,40,199"
18853,"3,4"
18854,3
18855,0
18856,"169,199"
18857,"23,24"
18858,40
18859,"3,21"
18860,"3,21"
18861,0
18862,10
18863,10
18864,"169,199"
18865,169
18866,0
18867,10
18868,3
18869,"3,4"
18870,23
18871,23
18872,40
18873,0
18874,"23,24,10"
18875,3
18876,"23,26"
18877,169
18878,"3,21"
18879,3
18880,"3,21"
18881,3
18882,3
18883,10
18884,"23,24"
18885,10
18886,10
18887,3
18888,3
18889,0
18890,10
18891,"23,10,24"
18892,0
18893,3
18894,0
18895,"3,21"
18896,"10,40,145"
18897,"40,145,10"
18898,23
18899,"26,23"
18900,40
18901,3
18902,0
18903,10
18904,40
18905,10
18906,23
18907,"40,145,10"
18908,"23,24,10"
18909,23
18910,"3,21"
18911,"10,11"
18912,3
18913,40
18914,0
18915,0
18916,3
18917,"10,11"
18918,40
18919,3
18920,3
18921,"10,23"
18922,0
18923,10
18924,3
18925,3
18926,"3,40"
18927,169
18928,3
18929,"40,145,10"
18930,3
18931,23
18932,"23,26"
18933,23
18934,23
18935,40
18936,10
18937,0
18938,"40,23"
18939,10
18940,0
18941,0
18942,169
18943,"40,3"
18944,0
18945,"10,11"
18946,0
18947,40
18948,10
18949,3
18950,"3,17"
18951,10
18952,0
18953,0
18954,3
18955,"3,4"
18956,0
18957,0
18958,40
18959,"10,11"
18960,3
18961,"10,23"
18962,"26,23,0"
18963,23
18964,23
18965,0
18966,40
18967,3
18968,40
18969,"10,11"
18970,40
18971,3
18972,169
18973,3
18974,"3,21"
18975,"3,4"
18976,"23,24"
18977,"26,23"
18978,23
18979,23
18980,3
18981,3
18982,40
18983,"10,11"
18984,3
18985,40
18986,3
18987,10
18988,"3,21"
18989,10
18990,"3,4"
18991,3
18992,10
18993,3
18994,10
18995,3
18996,169
18997,3
18998,3
18999,"40,10,145"
19000,40
19001,3
19002,"3,4"
19003,3
19004,3
19005,0
19006,"3,4"
19007,169
19008,169
19009,3
19010,"23,0"
19011,"40,3"
19012,40
19013,40
19014,169
19015,3
19016,3
19017,3
19018,10
19019,0
19020,10
19021,3
19022,23
19023,10
19024,"3,4"
19025,40
19026,3
19027,3
19028,"3,4"
19029,23
19030,40
19031,"23,10,24"
19032,40
19033,3
19034,10
19035,0
19036,3
19037,40
19038,"23,26"
19039,40
19040,3
19041,3
19042,"40,10"
19043,"10,40,145"
19044,"3,21"
19045,"3,53"
19046,0
19047,3
19048,"26,23"
19049,0
19050,40
19051,10
19052,0
19053,0
19054,10
19055,0
19056,3
19057,"169,199"
19058,10
19059,40
19060,3
19061,"40,145,10"
19062,3
19063,"169,199"
19064,3
19065,3
19066,3
19067,0
19068,3
19069,3
19070,3
19071,"3,21"
19072,"3,21"
19073,"3,21"
19074,3
19075,23
19076,0
19077,"3,4"
19078,"10,11"
19079,"40,145"
19080,0
19081,"3,53"
19082,10
19083,169
19084,3
19085,"26,23"
19086,10
19087,23
19088,40
19089,40
19090,3
19091,23
19092,3
19093,"10,23"
19094,0
19095,40
19096,3
19097,"23,24,40"
19098,10
19099,10
19100,23
19101,40
19102,3
19103,40
19104,3
19105,0
19106,3
19107,3
19108,169
19109,10
19110,3
19111,"10,23"
19112,10
19113,3
19114,10
19115,23
19116,0
19117,"10,40,145"
19118,40
19119,3
19120,"10,40"
19121,3
19122,10
19123,0
19124,3
19125,"23,10,24"
19126,3
19127,3
19128,23
19129,"23,10,24"
19130,"3,21"
19131,0
19132,3
19133,"169,199"
19134,0
19135,40
19136,0
19137,40
19138,40
19139,"10,11"
19140,0
19141,23
19142,"169,199"
19143,3
19144,0
19145,23
19146,40
19147,0
19148,3
19149,10
19150,0
19151,3
19152,"169,199"
19153,3
19154,23
19155,0
19156,23
19157,10
19158,10
19159,10
19160,23
19161,10
19162,0
19163,23
19164,10
19165,"169,199"
19166,10
19167,"40,145"
19168,0
19169,3
19170,"23,40,24"
19171,3
19172,23
19173,23
19174,3
19175,10
19176,40
19177,"10,40"
19178,40
19179,"23,26"
19180,10
19181,0
19182,3
19183,0
19184,23
19185,0
19186,0
19187,"40,23"
19188,3
19189,10
19190,3
19191,10
19192,"40,145"
19193,10
19194,10
19195,23
19196,0
19197,"0,23"
19198,3
19199,"3,53"
19200,3
19201,3
19202,0
19203,0
19204,3
19205,23
19206,"23,24"
19207,169
19208,"26,23"
19209,"3,21"
19210,40
19211,3
19212,40
19213,"23,40"
19214,23
19215,3
19216,10
19217,3
19218,"10,40,145"
19219,10
19220,"26,23"
19221,3
19222,"3,21"
19223,23
19224,0
19225,10
19226,10
19227,169
19228,23
19229,10
19230,3
19231,23
19232,"3,21"
19233,40
19234,23
19235,40
19236,"169,199"
19237,"169,199"
19238,23
19239,10
19240,10
19241,"23,24"
19242,0
19243,169
19244,40
19245,"23,26"
19246,0
19247,0
19248,169
19249,3
19250,23
19251,10
19252,"10,40"
19253,40
19254,3
19255,"40,23"
19256,40
19257,3
19258,10
19259,40
19260,3
19261,3
19262,0
19263,10
19264,40
19265,"3,21"
19266,3
19267,"3,21"
19268,23
19269,23
19270,10
19271,3
19272,"3,21"
19273,40
19274,3
19275,40
19276,23
19277,3
19278,"169,40"
19279,0
19280,23
19281,40
19282,"3,21"
19283,10
19284,3
19285,3
19286,10
19287,3
19288,3
19289,0
19290,3
19291,0
19292,"40,145,10"
19293,169
19294,40
19295,40
19296,"3,21"
19297,0
19298,"40,145,23"
19299,169
19300,23
19301,"3,21"
19302,"40,3"
19303,23
19304,10
19305,40
19306,40
19307,"23,38"
19308,"10,40,23"
19309,"40,145,10"
19310,3
19311,10
19312,23
19313,0
19314,10
19315,0
19316,0
19317,0
19318,23
19319,0
19320,3
19321,"3,40"
19322,10
19323,40
19324,"40,10"
19325,3
19326,"169,199"
19327,"26,23"
19328,10
19329,3
19330,3
19331,"10,40"
19332,169
19333,10
19334,0
19335,40
19336,40
19337,3
19338,"3,4"
19339,"169,199"
19340,169
19341,3
19342,"3,40"
19343,0
19344,3
19345,23
19346,40
19347,0
19348,169
19349,23
19350,23
19351,"10,23"
19352,"169,40,199"
19353,23
19354,10
19355,23
19356,"23,24"
19357,"40,145,10"
19358,40
19359,"26,23"
19360,0
19361,169
19362,40
19363,3
19364,23
19365,0
19366,10
19367,10
19368,"10,11"
19369,40
19370,0
19371,0
19372,23
19373,40
19374,3
19375,3
19376,169
19377,"169,199"
19378,10
19379,"10,40"
19380,0
19381,"10,11"
19382,0
19383,40
19384,"3,53"
19385,0
19386,"23,26"
19387,3
19388,"40,10"
19389,40
19390,"10,11"
19391,0
19392,10
19393,"23,24"
19394,0
19395,3
19396,3
19397,3
19398,3
19399,10
19400,10
19401,0
19402,"169,199"
19403,23
19404,"3,21"
19405,"40,145"
19406,40
19407,169
19408,"26,23"
19409,10
19410,3
19411,10
19412,23
19413,23
19414,"23,40,38"
19415,3
19416,0
19417,10
19418,3
19419,"3,21"
19420,10
19421,23
19422,40
19423,"23,40"
19424,3
19425,0
19426,"10,11"
19427,3
19428,23
19429,10
19430,10
19431,3
19432,3
19433,"10,40"
19434,3
19435,23
19436,"3,21"
19437,"23,26"
19438,"3,4"
19439,3
19440,"10,11"
19441,"23,24,10"
19442,40
19443,23
19444,23
19445,10
19446,"23,24,10"
19447,10
19448,10
19449,23
19450,0
19451,0
19452,3
19453,3
19454,0
19455,"3,17"
19456,0
19457,0
19458,3
19459,0
19460,0
19461,40
19462,40
19463,3
19464,40
19465,"10,11"
19466,3
19467,"23,26"
19468,3
19469,40
19470,"10,11"
19471,40
19472,"40,23"
19473,"3,21"
19474,40
19475,"40,23"
19476,3
19477,23
19478,3
19479,"40,145,10"
19480,"3,21"
19481,169
19482,"169,199"
19483,0
19484,3
19485,169
19486,3
19487,23
19488,169
19489,3
19490,40
19491,40
19492,169
19493,3
19494,3
19495,"169,199,40"
19496,"10,11"
19497,10
19498,40
19499,3
19500,0
19501,3
19502,40
19503,10
19504,10
19505,23
19506,3
19507,40
19508,40
19509,"3,21"
19510,"3,4"
19511,0
19512,10
19513,"40,145"
19514,3
19515,"10,23"
19516,"3,40"
19517,40
19518,40
19519,"10,11"
19520,3
19521,0
19522,40
19523,23
19524,"23,40"
19525,"10,23"
19526,23
19527,10
19528,10
19529,3
19530,3
19531,3
19532,"169,199"
19533,169
19534,10
19535,40
19536,40
19537,"40,145"
19538,0
19539,40
19540,0
19541,23
19542,23
19543,"3,53"
19544,23
19545,3
19546,10
19547,3
19548,0
19549,3
19550,23
19551,3
19552,40
19553,23
19554,"169,199"
19555,169
19556,0
19557,"10,11"
19558,"3,4"
19559,3
19560,40
19561,"40,23"
19562,40
19563,40
19564,"40,145,10"
19565,"26,23"
19566,"40,131"
19567,"3,21"
19568,40
19569,0
19570,169
19571,"3,4"
19572,"3,21"
19573,10
19574,40
19575,"23,40"
19576,"10,11"
19577,3
19578,169
19579,"3,4"
19580,3
19581,10
19582,3
19583,40
19584,10
19585,3
19586,0
19587,"3,21"
19588,10
19589,"3,4"
19590,"169,199"
19591,"3,21"
19592,40
19593,23
19594,0
19595,3
19596,3
19597,40
19598,169
19599,3
19600,"23,24"
19601,0
19602,169
19603,23
19604,3
19605,"3,21"
19606,"10,23"
19607,3
19608,0
19609,"10,11"
19610,"3,4"
19611,3
19612,40
19613,3
19614,0
19615,3
19616,"40,145"
19617,"169,199"
19618,169
19619,10
19620,"3,0"
19621,3
19622,23
19623,23
19624,"169,199"
19625,3
19626,3
19627,0
19628,40
19629,"23,40"
19630,10
19631,0
19632,3
19633,"23,26"
19634,169
19635,40
19636,23
19637,3
19638,23
19639,"23,24"
19640,10
19641,40
19642,"23,26"
19643,40
19644,3
19645,"40,145,10"
19646,169
19647,"0,26"
19648,"23,26"
19649,23
19650,23
19651,"23,26"
19652,3
19653,"40,145,10"
19654,40
19655,"23,24"
19656,"3,21"
19657,3
