id,labels
0,"64,10,93"
1,"3,17,168"
2,"3,467,53"
3,"0,216,257"
4,"220,10,242"
5,"206,0,8"
6,"145,40,44"
7,"21,3,126"
8,"23,24,49"
9,"3,21,28"
10,"24,23,59"
11,"54,145,10"
12,"169,296,507"
13,"0,271,456"
14,"23,105,38"
15,"23,38,145"
16,"10,64,80"
17,"3,111,267"
18,"10,64,93"
19,"220,10,242"
20,"10,60,64"
21,"23,26,89"
22,"5,3,57"
23,"40,41,215"
24,"0,326,249"
25,"40,131,486"
26,"3,21,108"
27,"10,64,93"
28,"3,17,168"
29,"3,13,14"
30,"24,23,43"
31,"3,147,148"
32,"40,131,406"
33,"23,26,89"
34,"220,10,242"
35,"3,21,48"
36,"3,21,85"
37,"10,11,109"
38,"4,3,238"
39,"40,139,155"
40,"23,26,89"
41,"3,21,22"
42,"135,138,40"
43,"0,271,291"
44,"11,10,12"
45,"40,162,163"
46,"3,17,168"
47,"10,234,60"
48,"40,128,186"
49,"54,322,23"
50,"23,38,82"
51,"3,147,148"
52,"10,220,54"
53,"3,53,147"
54,"3,111,472"
55,"21,3,127"
56,"10,64,65"
57,"23,74,53"
58,"23,118,74"
59,"28,3,190"
60,"11,10,205"
61,"64,10,448"
62,"0,271,456"
63,"3,53,99"
64,"208,0,521"
65,"3,13,85"
66,"40,131,226"
67,"169,170,459"
68,"17,3,168"
69,"53,3,287"
70,"64,10,65"
71,"64,10,448"
72,"40,41,224"
73,"126,3,41"
74,"220,10,221"
75,"0,265,340"
76,"3,187,34"
77,"0,313,346"
78,"23,24,49"
79,"220,10,221"
80,"64,10,93"
81,"17,3,168"
82,"11,10,12"
83,"169,296,306"
84,"60,10,24"
85,"23,38,63"
86,"40,131,406"
87,"40,41,42"
88,"23,26,89"
89,"3,111,523"
90,"24,10,23"
91,"220,10,221"
92,"0,257,216"
93,"4,238,19"
94,"23,31,258"
95,"40,145,132"
96,"23,24,49"
97,"40,131,128"
98,"145,40,402"
99,"23,26,89"
100,"26,231,23"
101,"23,105,106"
102,"23,24,49"
103,"3,85,86"
104,"23,26,24"
105,"0,8,308"
106,"10,60,239"
107,"23,24,49"
108,"0,216,304"
109,"206,0,8"
110,"3,5,228"
111,"199,169,281"
112,"3,4,238"
113,"3,34,15"
114,"220,10,242"
115,"169,281,199"
116,"0,313,108"
117,"8,0,24"
118,"40,145,146"
119,"3,21,187"
120,"147,148,3"
121,"0,265,53"
122,"11,10,109"
123,"40,41,42"
124,"3,53,287"
125,"3,21,187"
126,"0,229,421"
127,"23,24,25"
128,"0,271,355"
129,"0,218,446"
130,"10,322,54"
131,"169,260,170"
132,"23,38,74"
133,"21,3,127"
134,"3,30,28"
135,"44,40,145"
136,"0,271,456"
137,"40,145,402"
138,"0,265,340"
139,"131,134,40"
140,"40,395,42"
141,"3,111,112"
142,"169,199,356"
143,"3,85,158"
144,"61,72,10"
145,"10,11,109"
146,"4,3,19"
147,"8,0,405"
148,"64,10,448"
149,"160,40,196"
150,"40,135,295"
151,"23,38,63"
152,"4,19,238"
153,"0,265,266"
154,"199,169,323"
155,"26,23,231"
156,"40,131,406"
157,"44,145,40"
158,"40,128,41"
159,"0,216,271"
160,"23,0,8"
161,"23,74,31"
162,"40,241,131"
163,"3,111,267"
164,"0,291,271"
165,"128,0,195"
166,"64,10,90"
167,"64,10,93"
168,"24,11,44"
169,"40,41,128"
170,"185,184,243"
171,"3,52,51"
172,"23,89,413"
173,"4,19,3"
174,"199,169,248"
175,"89,26,23"
176,"64,10,448"
177,"23,38,82"
178,"3,30,57"
179,"23,26,89"
180,"21,3,127"
181,"105,318,23"
182,"0,265,340"
183,"3,85,86"
184,"0,128,195"
185,"23,24,49"
186,"0,271,361"
187,"40,135,236"
188,"64,10,80"
189,"169,199,356"
190,"169,199,323"
191,"169,199,259"
192,"231,184,169"
193,"162,23,163"
194,"0,311,169"
195,"169,199,259"
196,"145,40,55"
197,"3,127,21"
198,"40,131,132"
199,"0,271,456"
200,"23,24,43"
201,"23,24,43"
202,"3,53,287"
203,"4,3,19"
204,"169,199,170"
205,"169,199,260"
206,"24,23,43"
207,"23,38,91"
208,"10,64,24"
209,"64,10,448"
210,"3,5,6"
211,"0,8,308"
212,"0,265,271"
213,"3,68,53"
214,"0,23,265"
215,"23,24,43"
216,"23,74,32"
217,"23,74,303"
218,"3,21,164"
219,"160,40,302"
220,"23,38,39"
221,"0,271,355"
222,"4,3,238"
223,"169,199,281"
224,"40,160,302"
225,"3,204,13"
226,"10,11,64"
227,"10,64,93"
228,"5,3,57"
229,"3,17,168"
230,"54,40,145"
231,"3,53,111"
232,"23,26,89"
233,"0,3,218"
234,"40,145,146"
235,"40,131,134"
236,"3,53,287"
237,"169,199,323"
238,"402,40,145"
239,"23,24,43"
240,"313,0,346"
241,"0,271,456"
242,"40,151,152"
243,"40,131,226"
244,"0,271,456"
245,"3,0,40"
246,"10,234,60"
247,"199,169,281"
248,"3,17,168"
249,"128,129,40"
250,"23,24,62"
251,"220,10,242"
252,"3,147,148"
253,"3,17,379"
254,"23,105,318"
255,"23,26,89"
256,"3,21,127"
257,"3,204,13"
258,"40,129,128"
259,"23,24,45"
260,"64,10,93"
261,"4,3,19"
262,"64,93,10"
263,"147,3,148"
264,"3,21,127"
265,"3,21,108"
266,"23,38,309"
267,"23,74,303"
268,"10,64,54"
269,"40,160,334"
270,"3,21,33"
271,"40,131,406"
272,"23,24,49"
273,"23,24,145"
274,"10,54,55"
275,"64,10,79"
276,"23,31,32"
277,"3,178,28"
278,"23,118,74"
279,"40,131,406"
280,"23,63,26"
281,"10,220,221"
282,"0,265,266"
283,"3,21,127"
284,"3,85,86"
285,"4,3,174"
286,"64,10,448"
287,"0,313,216"
288,"10,64,93"
289,"23,26,89"
290,"0,313,346"
291,"23,24,43"
292,"11,24,23"
293,"0,24,313"
294,"3,21,53"
295,"40,149,41"
296,"40,41,324"
297,"135,40,189"
298,"169,199,343"
299,"3,17,168"
300,"16,15,3"
301,"3,21,169"
302,"38,23,71"
303,"3,111,284"
304,"169,170,0"
305,"0,271,291"
306,"40,145,44"
307,"26,23,89"
308,"10,64,448"
309,"40,139,140"
310,"0,271,304"
311,"3,287,53"
312,"3,21,126"
313,"23,24,49"
314,"3,17,168"
315,"0,271,424"
316,"23,105,74"
317,"3,5,228"
318,"23,303,74"
319,"169,170,260"
320,"0,216,279"
321,"40,151,184"
322,"3,21,36"
323,"3,111,53"
324,"40,160,302"
325,"40,131,406"
326,"3,28,190"
327,"169,199,259"
328,"23,24,43"
329,"0,216,304"
330,"23,24,43"
331,"40,129,128"
332,"0,211,216"
333,"3,111,123"
334,"0,271,366"
335,"3,21,108"
336,"24,23,43"
337,"3,34,447"
338,"3,126,21"
339,"3,147,148"
340,"10,220,221"
341,"147,3,148"
342,"40,128,129"
343,"5,3,228"
344,"40,131,241"
345,"40,145,44"
346,"169,296,460"
347,"10,220,221"
348,"3,147,148"
349,"296,169,300"
350,"10,11,109"
351,"23,74,105"
352,"169,296,411"
353,"23,89,26"
354,"3,111,267"
355,"145,40,44"
356,"23,26,89"
357,"31,23,258"
358,"0,271,8"
359,"64,448,10"
360,"23,31,454"
361,"40,145,44"
362,"3,21,108"
363,"169,170,459"
364,"169,508,426"
365,"0,271,456"
366,"0,8,23"
367,"0,26,23"
368,"23,74,303"
369,"199,169,281"
370,"3,4,238"
371,"23,24,43"
372,"23,118,74"
373,"131,40,406"
374,"206,0,8"
375,"40,145,54"
376,"169,323,199"
377,"3,48,21"
378,"40,41,224"
379,"31,23,96"
380,"3,34,30"
381,"3,21,53"
382,"169,426,427"
383,"169,199,343"
384,"17,3,168"
385,"220,10,221"
386,"220,10,221"
387,"23,74,165"
388,"0,216,279"
389,"3,53,13"
390,"220,10,242"
391,"24,23,25"
392,"0,216,313"
393,"64,10,65"
394,"10,220,221"
395,"3,111,472"
396,"23,48,21"
397,"3,21,108"
398,"169,337,339"
399,"169,170,459"
400,"40,44,145"
401,"199,169,323"
402,"3,21,85"
403,"0,208,209"
404,"3,30,53"
405,"0,8,235"
406,"3,21,127"
407,"40,131,406"
408,"3,34,263"
409,"3,21,68"
410,"21,3,127"
411,"16,15,3"
412,"23,24,49"
413,"169,199,281"
414,"0,8,206"
415,"131,40,406"
416,"23,89,26"
417,"220,10,242"
418,"31,23,40"
419,"23,118,74"
420,"31,169,170"
421,"220,10,221"
422,"0,370,216"
423,"74,23,303"
424,"0,313,23"
425,"0,271,1"
426,"296,169,336"
427,"23,24,43"
428,"145,25,40"
429,"199,169,248"
430,"128,129,40"
431,"26,23,350"
432,"11,10,12"
433,"10,64,79"
434,"10,234,54"
435,"41,40,3"
436,"0,216,249"
437,"220,10,221"
438,"40,128,129"
439,"169,339,337"
440,"30,3,105"
441,"10,220,221"
442,"3,17,168"
443,"169,296,417"
444,"0,216,370"
445,"4,3,238"
446,"0,265,340"
447,"0,370,249"
448,"10,64,442"
449,"40,128,129"
450,"0,429,456"
451,"0,216,354"
452,"296,169,460"
453,"40,160,302"
454,"23,74,303"
455,"169,281,199"
456,"131,40,406"
457,"10,64,448"
458,"3,147,21"
459,"3,40,34"
460,"0,8,355"
461,"169,170,260"
462,"23,71,24"
463,"184,40,185"
464,"0,265,271"
465,"0,271,355"
466,"23,26,350"
467,"145,402,40"
468,"11,10,109"
469,"3,53,318"
470,"131,134,40"
471,"0,271,456"
472,"10,64,93"
473,"0,249,279"
474,"23,26,350"
475,"0,265,266"
476,"0,8,23"
477,"199,169,281"
478,"40,41,141"
479,"169,199,323"
480,"40,395,396"
481,"145,44,40"
482,"40,131,132"
483,"23,40,0"
484,"3,21,379"
485,"0,8,206"
486,"64,10,80"
487,"0,216,212"
488,"23,74,165"
489,"40,151,152"
490,"64,10,90"
491,"40,145,44"
492,"10,93,64"
493,"0,265,349"
494,"21,164,3"
495,"0,213,214"
496,"40,139,153"
497,"10,220,24"
498,"0,8,308"
499,"54,10,95"
500,"3,21,187"
501,"21,33,3"
502,"23,31,96"
503,"64,10,80"
504,"3,17,168"
505,"40,131,406"
506,"10,64,93"
507,"169,199,281"
508,"3,21,28"
509,"3,53,287"
510,"10,93,64"
511,"40,128,186"
512,"0,271,355"
513,"10,60,61"
514,"3,111,267"
515,"40,41,324"
516,"3,17,168"
517,"10,60,23"
518,"21,3,187"
519,"16,15,3"
520,"10,220,221"
521,"0,216,254"
522,"40,145,402"
523,"131,40,406"
524,"23,118,32"
525,"26,23,231"
526,"23,74,118"
527,"40,131,134"
528,"296,169,300"
529,"23,31,454"
530,"10,64,239"
531,"220,10,242"
532,"44,145,40"
533,"0,249,279"
534,"169,199,296"
535,"23,26,89"
536,"3,147,148"
537,"0,206,8"
538,"145,10,40"
539,"3,53,111"
540,"0,8,265"
541,"38,23,461"
542,"23,26,89"
543,"3,4,19"
544,"3,41,40"
545,"40,184,131"
546,"64,10,80"
547,"40,141,23"
548,"3,15,16"
549,"10,60,239"
550,"40,135,138"
551,"208,3,0"
552,"128,40,195"
553,"220,10,242"
554,"11,10,12"
555,"10,23,60"
556,"10,64,93"
557,"23,89,26"
558,"10,64,93"
559,"40,131,129"
560,"220,10,221"
561,"0,265,349"
562,"220,10,221"
563,"10,11,109"
564,"3,21,111"
565,"10,64,93"
566,"313,346,0"
567,"24,23,0"
568,"23,118,74"
569,"11,109,10"
570,"10,54,442"
571,"40,175,128"
572,"3,13,147"
573,"64,10,93"
574,"10,64,90"
575,"3,21,102"
576,"10,64,93"
577,"10,54,55"
578,"3,21,148"
579,"11,10,109"
580,"23,24,345"
581,"21,3,126"
582,"0,214,213"
583,"3,53,13"
584,"170,169,260"
585,"0,8,346"
586,"220,10,242"
587,"147,3,148"
588,"23,74,31"
589,"3,21,22"
590,"23,26,231"
591,"64,10,90"
592,"169,406,241"
593,"23,24,54"
594,"220,10,221"
595,"135,40,236"
596,"23,38,63"
597,"0,206,208"
598,"3,85,15"
599,"23,38,137"
600,"23,74,165"
601,"131,40,406"
602,"3,5,472"
603,"24,265,0"
604,"3,238,4"
605,"0,271,456"
606,"40,160,302"
607,"3,147,148"
608,"0,271,366"
609,"23,74,118"
610,"23,24,43"
611,"23,26,231"
612,"24,23,59"
613,"3,21,108"
614,"40,129,128"
615,"0,255,348"
616,"145,44,40"
617,"23,3,53"
618,"23,49,24"
619,"169,199,281"
620,"313,0,23"
621,"23,26,89"
622,"40,3,21"
623,"3,21,168"
624,"100,3,292"
625,"0,313,346"
626,"169,199,281"
627,"40,131,159"
628,"40,54,145"
629,"4,3,19"
630,"31,402,23"
631,"0,206,8"
632,"169,199,343"
633,"169,199,356"
634,"0,218,475"
635,"23,26,350"
636,"40,135,41"
637,"3,21,187"
638,"40,152,151"
639,"0,271,456"
640,"23,74,303"
641,"0,8,206"
642,"40,236,135"
643,"40,131,128"
644,"21,3,164"
645,"23,26,89"
646,"3,147,148"
647,"23,31,258"
648,"4,3,19"
649,"169,170,260"
650,"54,10,145"
651,"23,26,89"
652,"10,11,23"
653,"40,160,149"
654,"23,31,454"
655,"40,131,128"
656,"3,30,190"
657,"0,206,8"
658,"3,133,5"
659,"3,13,204"
660,"40,131,406"
661,"0,216,380"
662,"21,3,108"
663,"10,24,43"
664,"10,11,109"
665,"23,24,43"
666,"64,10,80"
667,"31,23,96"
668,"23,26,89"
669,"23,169,145"
670,"23,74,303"
671,"44,45,145"
672,"220,10,242"
673,"169,199,281"
674,"40,131,241"
675,"147,3,148"
676,"10,448,145"
677,"3,17,168"
678,"3,111,267"
679,"220,10,221"
680,"0,8,308"
681,"40,131,134"
682,"64,448,10"
683,"74,23,303"
684,"23,74,105"
685,"3,15,16"
686,"402,145,40"
687,"199,169,356"
688,"23,24,25"
689,"220,10,242"
690,"3,53,523"
691,"38,23,63"
692,"3,53,287"
693,"64,10,93"
694,"0,206,8"
695,"23,24,38"
696,"38,23,71"
697,"16,15,3"
698,"3,147,53"
699,"40,131,406"
700,"17,3,168"
701,"24,23,145"
702,"23,74,38"
703,"23,38,0"
704,"23,74,38"
705,"40,135,138"
706,"40,241,131"
707,"40,41,224"
708,"0,265,266"
709,"23,24,49"
710,"3,17,320"
711,"184,40,23"
712,"16,15,3"
713,"0,216,212"
714,"3,21,23"
715,"23,24,49"
716,"3,147,148"
717,"4,3,435"
718,"3,21,126"
719,"23,74,303"
720,"3,147,148"
721,"10,11,12"
722,"3,21,187"
723,"3,148,147"
724,"3,5,228"
725,"23,24,43"
726,"53,3,287"
727,"0,8,308"
728,"169,199,323"
729,"40,41,224"
730,"0,216,169"
731,"169,296,274"
732,"3,17,168"
733,"44,45,145"
734,"169,199,323"
735,"0,271,291"
736,"10,54,173"
737,"169,259,199"
738,"11,10,205"
739,"0,8,308"
740,"23,26,89"
741,"0,271,456"
742,"3,4,183"
743,"24,23,54"
744,"402,145,40"
745,"3,4,183"
746,"23,74,60"
747,"31,258,328"
748,"3,68,53"
749,"10,44,145"
750,"41,40,21"
751,"24,23,43"
752,"3,111,119"
753,"169,170,459"
754,"169,417,296"
755,"10,64,93"
756,"44,40,145"
757,"38,23,128"
758,"16,15,3"
759,"169,417,296"
760,"169,296,336"
761,"0,208,521"
762,"10,64,93"
763,"3,21,182"
764,"3,21,126"
765,"0,8,285"
766,"0,265,349"
767,"169,260,170"
768,"0,265,340"
769,"10,60,61"
770,"3,111,119"
771,"64,10,448"
772,"16,15,3"
773,"3,28,190"
774,"169,199,259"
775,"3,21,124"
776,"3,21,187"
777,"40,23,74"
778,"4,19,3"
779,"10,322,442"
780,"64,93,10"
781,"10,60,64"
782,"0,271,456"
783,"74,23,303"
784,"3,30,28"
785,"23,38,74"
786,"0,216,455"
787,"23,74,303"
788,"0,8,308"
789,"0,8,350"
790,"21,3,127"
791,"220,10,221"
792,"44,145,40"
793,"23,38,103"
794,"169,199,281"
795,"40,131,406"
796,"3,5,228"
797,"3,15,53"
798,"131,40,406"
799,"111,3,41"
800,"40,169,459"
801,"0,40,195"
802,"0,313,346"
803,"3,17,40"
804,"3,53,287"
805,"169,199,260"
806,"89,23,26"
807,"145,44,40"
808,"281,169,199"
809,"169,170,260"
810,"23,24,105"
811,"24,23,43"
812,"44,145,40"
813,"0,291,444"
814,"21,3,102"
815,"40,128,395"
816,"3,21,53"
817,"0,265,340"
818,"3,17,168"
819,"169,170,260"
820,"0,255,462"
821,"17,3,168"
822,"169,199,170"
823,"23,24,43"
824,"3,111,267"
825,"40,145,44"
826,"8,0,391"
827,"11,10,205"
828,"169,296,170"
829,"40,145,478"
830,"10,65,64"
831,"0,255,213"
832,"109,11,10"
833,"169,199,171"
834,"3,111,119"
835,"23,74,317"
836,"169,199,170"
837,"40,184,185"
838,"3,4,183"
839,"3,5,228"
840,"402,40,145"
841,"3,111,161"
842,"5,3,228"
843,"23,26,89"
844,"258,23,31"
845,"23,38,74"
846,"169,199,343"
847,"40,128,129"
848,"0,313,355"
849,"31,23,96"
850,"169,111,199"
851,"44,40,145"
852,"23,32,31"
853,"23,38,71"
854,"3,111,169"
855,"40,41,149"
856,"24,23,49"
857,"10,64,93"
858,"3,238,4"
859,"169,199,459"
860,"23,26,89"
861,"23,24,10"
862,"40,131,255"
863,"0,255,462"
864,"3,13,204"
865,"40,41,186"
866,"3,21,108"
867,"171,199,169"
868,"3,13,122"
869,"23,10,60"
870,"395,40,396"
871,"23,24,38"
872,"3,85,147"
873,"169,199,343"
874,"0,213,214"
875,"44,145,45"
876,"3,13,204"
877,"131,40,226"
878,"171,199,169"
879,"23,38,91"
880,"3,85,86"
881,"0,206,369"
882,"40,145,54"
883,"40,41,149"
884,"145,40,44"
885,"40,41,42"
886,"169,260,170"
887,"10,60,61"
888,"3,53,287"
889,"199,169,281"
890,"145,44,40"
891,"3,53,111"
892,"23,74,303"
893,"10,54,95"
894,"23,105,24"
895,"3,53,523"
896,"131,40,406"
897,"3,21,53"
898,"40,41,42"
899,"0,216,271"
900,"0,216,254"
901,"3,126,21"
902,"25,24,23"
903,"40,131,226"
904,"10,64,93"
905,"23,26,105"
906,"0,8,391"
907,"0,8,235"
908,"3,40,53"
909,"40,162,163"
910,"220,10,221"
911,"10,11,12"
912,"31,145,40"
913,"44,145,40"
914,"64,10,448"
915,"220,10,242"
916,"4,3,435"
917,"0,271,355"
918,"3,4,238"
919,"23,0,287"
920,"3,147,156"
921,"10,234,54"
922,"3,28,113"
923,"10,64,93"
924,"40,146,145"
925,"23,38,39"
926,"10,234,60"
927,"40,129,128"
928,"21,3,53"
929,"3,30,66"
930,"23,89,26"
931,"0,229,421"
932,"0,38,82"
933,"23,105,137"
934,"10,64,93"
935,"169,508,31"
936,"21,3,48"
937,"3,147,148"
938,"3,53,111"
939,"296,169,411"
940,"4,3,19"
941,"23,26,89"
942,"147,3,148"
943,"199,169,281"
944,"4,3,19"
945,"169,199,343"
946,"0,8,206"
947,"3,21,30"
948,"23,118,74"
949,"40,241,131"
950,"0,271,456"
951,"10,54,55"
952,"169,170,459"
953,"23,10,54"
954,"23,24,49"
955,"11,10,205"
956,"40,145,44"
957,"23,24,49"
958,"234,10,60"
959,"64,10,24"
960,"169,199,343"
961,"169,199,281"
962,"11,24,23"
963,"40,139,250"
964,"10,23,54"
965,"40,129,128"
966,"64,10,448"
967,"169,337,339"
968,"3,53,4"
969,"23,74,38"
970,"40,135,138"
971,"40,160,315"
972,"23,74,118"
973,"0,216,255"
974,"220,10,242"
975,"0,271,272"
976,"0,8,206"
977,"40,41,42"
978,"3,21,187"
979,"40,160,201"
980,"23,24,49"
981,"0,249,235"
982,"17,3,168"
983,"3,21,66"
984,"40,131,134"
985,"40,152,151"
986,"23,105,318"
987,"40,131,134"
988,"10,64,93"
989,"3,30,21"
990,"3,34,263"
991,"23,24,10"
992,"169,23,199"
993,"3,111,472"
994,"24,23,43"
995,"3,34,53"
996,"169,199,426"
997,"40,131,406"
998,"40,41,160"
999,"23,24,62"
1000,"0,340,271"
1001,"3,4,238"
1002,"0,257,216"
1003,"23,77,74"
1004,"3,53,502"
1005,"169,199,281"
1006,"3,21,85"
1007,"145,40,44"
1008,"169,296,428"
1009,"10,11,205"
1010,"23,231,184"
1011,"3,21,185"
1012,"3,21,108"
1013,"10,64,448"
1014,"3,21,126"
1015,"0,265,271"
1016,"24,23,25"
1017,"23,38,87"
1018,"3,21,187"
1019,"4,3,238"
1020,"0,255,400"
1021,"220,10,242"
1022,"0,8,235"
1023,"26,23,89"
1024,"3,4,19"
1025,"40,162,163"
1026,"0,8,285"
1027,"23,26,89"
1028,"3,21,147"
1029,"24,23,43"
1030,"23,31,131"
1031,"10,23,24"
1032,"128,40,186"
1033,"21,3,108"
1034,"53,287,3"
1035,"131,40,23"
1036,"16,15,3"
1037,"3,147,148"
1038,"3,21,127"
1039,"23,24,43"
1040,"0,23,31"
1041,"40,44,145"
1042,"0,265,340"
1043,"0,216,271"
1044,"64,10,90"
1045,"23,71,38"
1046,"21,3,108"
1047,"169,260,170"
1048,"220,10,242"
1049,"0,216,304"
1050,"64,10,93"
1051,"3,21,127"
1052,"220,10,242"
1053,"10,64,93"
1054,"40,131,406"
1055,"54,10,322"
1056,"220,10,221"
1057,"16,3,15"
1058,"3,15,16"
1059,"40,139,140"
1060,"23,24,43"
1061,"3,21,301"
1062,"40,3,111"
1063,"0,211,319"
1064,"28,3,190"
1065,"40,152,151"
1066,"145,40,44"
1067,"23,89,169"
1068,"111,3,224"
1069,"3,111,267"
1070,"3,21,5"
1071,"0,265,349"
1072,"10,239,60"
1073,"0,8,206"
1074,"3,182,68"
1075,"3,21,108"
1076,"23,26,89"
1077,"3,147,156"
1078,"40,152,151"
1079,"40,41,224"
1080,"13,3,14"
1081,"3,13,204"
1082,"23,26,89"
1083,"23,38,309"
1084,"40,139,41"
1085,"145,40,402"
1086,"0,277,413"
1087,"10,64,442"
1088,"3,34,53"
1089,"40,395,128"
1090,"4,3,435"
1091,"40,139,153"
1092,"74,23,303"
1093,"3,21,40"
1094,"169,199,260"
1095,"0,216,380"
1096,"3,17,56"
1097,"40,139,153"
1098,"40,41,186"
1099,"40,145,146"
1100,"0,271,291"
1101,"0,271,280"
1102,"3,53,287"
1103,"24,23,43"
1104,"21,3,187"
1105,"23,74,165"
1106,"23,38,440"
1107,"169,171,170"
1108,"145,169,44"
1109,"169,199,281"
1110,"10,64,442"
1111,"0,8,206"
1112,"23,24,49"
1113,"3,4,238"
1114,"169,199,171"
1115,"40,160,334"
1116,"10,60,239"
1117,"0,216,304"
1118,"128,40,195"
1119,"40,145,146"
1120,"10,64,93"
1121,"3,21,17"
1122,"169,296,417"
1123,"131,40,406"
1124,"3,21,127"
1125,"199,169,343"
1126,"3,52,51"
1127,"64,10,448"
1128,"23,26,89"
1129,"0,271,366"
1130,"24,23,25"
1131,"11,54,109"
1132,"0,271,456"
1133,"64,10,338"
1134,"11,205,10"
1135,"0,211,319"
1136,"3,21,48"
1137,"169,296,0"
1138,"220,10,242"
1139,"199,169,0"
1140,"169,296,274"
1141,"3,85,158"
1142,"220,10,221"
1143,"169,199,281"
1144,"11,10,205"
1145,"23,24,74"
1146,"3,28,190"
1147,"23,26,89"
1148,"23,26,89"
1149,"3,85,158"
1150,"3,30,66"
1151,"3,40,21"
1152,"54,10,55"
1153,"145,23,40"
1154,"10,54,145"
1155,"10,60,197"
1156,"40,145,44"
1157,"0,255,218"
1158,"26,23,89"
1159,"147,3,148"
1160,"169,199,171"
1161,"3,34,263"
1162,"26,231,23"
1163,"74,23,84"
1164,"0,340,265"
1165,"23,74,303"
1166,"3,21,53"
1167,"3,147,203"
1168,"0,271,291"
1169,"145,44,40"
1170,"0,255,354"
1171,"23,74,118"
1172,"4,3,19"
1173,"26,23,231"
1174,"0,271,23"
1175,"23,60,74"
1176,"23,24,43"
1177,"0,271,456"
1178,"10,64,65"
1179,"40,160,302"
1180,"169,199,3"
1181,"0,2,1"
1182,"0,340,265"
1183,"23,38,39"
1184,"23,26,350"
1185,"23,32,31"
1186,"220,10,221"
1187,"3,15,16"
1188,"23,31,290"
1189,"199,171,169"
1190,"3,30,66"
1191,"135,40,236"
1192,"10,64,93"
1193,"40,41,324"
1194,"0,265,349"
1195,"169,199,281"
1196,"4,3,19"
1197,"40,152,151"
1198,"0,23,59"
1199,"10,60,239"
1200,"11,10,205"
1201,"23,74,118"
1202,"3,21,164"
1203,"23,118,74"
1204,"10,54,95"
1205,"10,145,54"
1206,"0,235,8"
1207,"0,265,349"
1208,"220,10,221"
1209,"23,24,43"
1210,"74,23,84"
1211,"169,199,260"
1212,"64,10,448"
1213,"169,199,260"
1214,"26,23,350"
1215,"10,220,221"
1216,"74,23,40"
1217,"3,147,148"
1218,"111,3,123"
1219,"64,10,80"
1220,"199,169,281"
1221,"220,10,221"
1222,"3,53,16"
1223,"3,85,282"
1224,"131,40,241"
1225,"11,10,109"
1226,"38,23,309"
1227,"40,128,151"
1228,"40,131,241"
1229,"64,10,169"
1230,"40,151,152"
1231,"3,13,23"
1232,"0,8,216"
1233,"23,26,89"
1234,"169,199,323"
1235,"40,74,41"
1236,"220,10,242"
1237,"0,279,249"
1238,"402,145,40"
1239,"13,3,204"
1240,"0,265,266"
1241,"3,21,379"
1242,"44,145,40"
1243,"40,128,41"
1244,"11,10,109"
1245,"0,265,490"
1246,"199,169,281"
1247,"23,74,165"
1248,"64,10,80"
1249,"169,199,0"
1250,"0,24,340"
1251,"64,10,448"
1252,"3,85,158"
1253,"131,40,406"
1254,"40,41,224"
1255,"23,231,24"
1256,"3,4,238"
1257,"0,271,280"
1258,"169,199,260"
1259,"0,265,266"
1260,"3,21,108"
1261,"40,467,416"
1262,"64,10,93"
1263,"53,3,287"
1264,"54,95,10"
1265,"40,3,139"
1266,"17,3,168"
1267,"23,38,395"
1268,"23,26,231"
1269,"3,21,48"
1270,"40,3,21"
1271,"71,23,38"
1272,"3,48,21"
1273,"31,23,406"
1274,"169,459,170"
1275,"23,24,62"
1276,"17,168,3"
1277,"3,147,85"
1278,"40,135,386"
1279,"16,15,3"
1280,"10,220,0"
1281,"3,34,169"
1282,"10,54,322"
1283,"147,3,148"
1284,"3,53,287"
1285,"3,30,66"
1286,"0,271,355"
1287,"23,26,350"
1288,"40,128,129"
1289,"229,0,421"
1290,"220,10,242"
1291,"169,199,323"
1292,"23,3,31"
1293,"26,231,23"
1294,"3,176,4"
1295,"3,472,182"
1296,"3,5,57"
1297,"3,21,108"
1298,"3,147,148"
1299,"64,10,93"
1300,"23,89,26"
1301,"23,38,63"
1302,"3,21,164"
1303,"3,23,147"
1304,"3,4,183"
1305,"3,53,523"
1306,"3,68,182"
1307,"169,199,281"
1308,"169,339,337"
1309,"4,3,23"
1310,"3,53,13"
1311,"23,38,71"
1312,"0,11,419"
1313,"44,45,145"
1314,"23,26,38"
1315,"169,3,53"
1316,"3,430,53"
1317,"0,208,265"
1318,"0,271,456"
1319,"3,111,161"
1320,"10,64,93"
1321,"220,10,242"
1322,"3,147,148"
1323,"23,74,303"
1324,"23,26,350"
1325,"3,21,187"
1326,"23,26,231"
1327,"220,10,221"
1328,"40,191,41"
1329,"3,51,28"
1330,"64,448,10"
1331,"3,111,238"
1332,"3,187,21"
1333,"169,199,343"
1334,"0,313,346"
1335,"3,28,190"
1336,"3,13,204"
1337,"220,10,242"
1338,"127,40,21"
1339,"3,147,156"
1340,"3,21,187"
1341,"40,145,146"
1342,"169,296,216"
1343,"199,169,281"
1344,"10,220,242"
1345,"40,131,129"
1346,"26,0,23"
1347,"147,148,3"
1348,"135,40,138"
1349,"169,10,199"
1350,"23,24,49"
1351,"0,313,346"
1352,"3,4,188"
1353,"0,313,346"
1354,"53,287,3"
1355,"0,271,8"
1356,"147,3,203"
1357,"3,85,86"
1358,"23,74,118"
1359,"11,10,205"
1360,"3,36,35"
1361,"128,23,129"
1362,"3,48,81"
1363,"169,260,170"
1364,"3,53,21"
1365,"199,169,323"
1366,"23,26,89"
1367,"3,28,190"
1368,"3,53,21"
1369,"74,23,165"
1370,"0,271,456"
1371,"40,41,324"
1372,"44,145,40"
1373,"145,40,55"
1374,"54,10,95"
1375,"11,109,44"
1376,"3,111,284"
1377,"169,170,199"
1378,"10,64,80"
1379,"23,74,105"
1380,"145,40,44"
1381,"0,206,8"
1382,"3,147,16"
1383,"3,126,111"
1384,"3,21,301"
1385,"40,160,315"
1386,"10,60,61"
1387,"23,89,26"
1388,"11,10,205"
1389,"3,21,108"
1390,"17,168,3"
1391,"0,216,354"
1392,"3,21,187"
1393,"40,149,41"
1394,"3,164,21"
1395,"40,135,138"
1396,"11,44,10"
1397,"0,265,266"
1398,"38,23,91"
1399,"169,170,260"
1400,"40,41,128"
1401,"170,169,260"
1402,"3,4,147"
1403,"3,21,34"
1404,"54,10,95"
1405,"199,10,169"
1406,"3,17,168"
1407,"3,111,119"
1408,"3,28,190"
1409,"23,145,40"
1410,"10,239,60"
1411,"23,26,350"
1412,"34,3,263"
1413,"54,10,95"
1414,"220,221,10"
1415,"3,17,21"
1416,"3,53,16"
1417,"3,13,150"
1418,"3,5,228"
1419,"0,266,265"
1420,"21,3,127"
1421,"23,74,118"
1422,"40,151,152"
1423,"23,26,89"
1424,"23,74,38"
1425,"3,17,21"
1426,"311,40,128"
1427,"23,74,26"
1428,"44,145,40"
1429,"3,53,111"
1430,"10,145,55"
1431,"21,3,187"
1432,"44,145,40"
1433,"64,10,80"
1434,"10,145,40"
1435,"64,10,448"
1436,"23,31,24"
1437,"169,199,281"
1438,"23,24,49"
1439,"131,40,406"
1440,"3,21,127"
1441,"3,147,30"
1442,"0,339,337"
1443,"64,10,338"
1444,"11,10,109"
1445,"10,60,239"
1446,"23,231,26"
1447,"23,24,49"
1448,"145,40,402"
1449,"3,21,127"
1450,"0,265,8"
1451,"3,111,267"
1452,"10,60,234"
1453,"3,21,127"
1454,"64,10,65"
1455,"40,160,302"
1456,"3,238,4"
1457,"40,41,224"
1458,"3,34,263"
1459,"169,199,259"
1460,"24,23,43"
1461,"41,40,111"
1462,"11,10,109"
1463,"145,40,44"
1464,"23,24,43"
1465,"40,128,129"
1466,"0,271,355"
1467,"60,10,199"
1468,"0,8,206"
1469,"23,118,74"
1470,"169,426,427"
1471,"24,23,43"
1472,"0,271,265"
1473,"5,57,331"
1474,"4,3,19"
1475,"64,10,80"
1476,"10,220,326"
1477,"3,4,183"
1478,"0,271,456"
1479,"40,186,128"
1480,"23,74,118"
1481,"54,10,95"
1482,"147,148,3"
1483,"0,355,271"
1484,"24,23,49"
1485,"3,16,15"
1486,"3,53,467"
1487,"11,10,205"
1488,"3,168,17"
1489,"40,131,132"
1490,"147,3,148"
1491,"10,64,239"
1492,"23,24,43"
1493,"0,271,456"
1494,"3,147,148"
1495,"23,38,40"
1496,"23,74,303"
1497,"131,40,406"
1498,"23,38,10"
1499,"40,131,406"
1500,"23,24,25"
1501,"3,85,158"
1502,"169,199,311"
1503,"220,10,242"
1504,"23,38,137"
1505,"3,147,148"
1506,"169,199,216"
1507,"23,26,89"
1508,"3,21,40"
1509,"0,255,400"
1510,"3,34,263"
1511,"169,170,199"
1512,"40,138,135"
1513,"0,8,206"
1514,"199,169,281"
1515,"3,111,147"
1516,"339,169,337"
1517,"128,40,195"
1518,"23,145,40"
1519,"3,30,66"
1520,"23,74,24"
1521,"23,24,43"
1522,"21,3,124"
1523,"23,24,49"
1524,"10,64,442"
1525,"11,10,109"
1526,"23,24,49"
1527,"64,10,65"
1528,"0,216,279"
1529,"23,31,454"
1530,"169,199,281"
1531,"220,10,242"
1532,"10,64,338"
1533,"24,23,43"
1534,"10,12,64"
1535,"220,10,242"
1536,"0,216,304"
1537,"169,296,417"
1538,"0,271,355"
1539,"16,15,3"
1540,"23,26,89"
1541,"169,3,53"
1542,"3,21,127"
1543,"40,138,135"
1544,"10,60,239"
1545,"40,128,129"
1546,"139,40,153"
1547,"234,60,10"
1548,"145,40,44"
1549,"10,64,65"
1550,"0,216,304"
1551,"4,3,19"
1552,"23,74,118"
1553,"3,4,435"
1554,"3,15,16"
1555,"23,3,74"
1556,"0,271,456"
1557,"3,147,53"
1558,"220,10,242"
1559,"10,64,93"
1560,"169,296,428"
1561,"10,64,65"
1562,"3,147,85"
1563,"23,63,38"
1564,"3,21,145"
1565,"169,40,138"
1566,"44,145,40"
1567,"0,271,355"
1568,"23,71,74"
1569,"0,8,206"
1570,"64,10,65"
1571,"44,145,73"
1572,"3,17,21"
1573,"296,169,306"
1574,"10,54,95"
1575,"220,10,242"
1576,"23,105,326"
1577,"147,3,148"
1578,"128,40,129"
1579,"0,199,169"
1580,"3,34,30"
1581,"3,53,401"
1582,"10,60,61"
1583,"169,296,417"
1584,"3,21,108"
1585,"40,135,250"
1586,"64,10,448"
1587,"3,21,85"
1588,"23,24,10"
1589,"23,74,317"
1590,"40,128,186"
1591,"44,45,145"
1592,"169,260,170"
1593,"169,199,171"
1594,"24,43,23"
1595,"169,199,171"
1596,"0,128,321"
1597,"147,148,3"
1598,"3,85,158"
1599,"44,145,40"
1600,"199,169,24"
1601,"40,128,152"
1602,"64,10,448"
1603,"10,11,205"
1604,"40,0,169"
1605,"3,111,174"
1606,"40,41,149"
1607,"296,169,460"
1608,"169,459,170"
1609,"3,15,16"
1610,"23,24,49"
1611,"40,184,494"
1612,"23,105,54"
1613,"3,21,34"
1614,"169,281,199"
1615,"3,56,85"
1616,"0,271,272"
1617,"23,26,231"
1618,"3,111,21"
1619,"220,10,242"
1620,"3,53,287"
1621,"169,199,281"
1622,"199,169,281"
1623,"169,296,336"
1624,"0,271,353"
1625,"23,24,26"
1626,"220,10,221"
1627,"23,74,118"
1628,"40,41,149"
1629,"40,131,134"
1630,"10,23,24"
1631,"40,145,44"
1632,"23,26,231"
1633,"3,111,267"
1634,"10,11,80"
1635,"0,279,249"
1636,"105,23,318"
1637,"0,265,266"
1638,"3,4,435"
1639,"131,406,40"
1640,"3,21,169"
1641,"3,21,182"
1642,"3,17,168"
1643,"11,10,205"
1644,"10,60,23"
1645,"0,271,456"
1646,"10,23,24"
1647,"10,40,11"
1648,"55,23,54"
1649,"23,74,118"
1650,"64,10,93"
1651,"0,265,349"
1652,"3,5,228"
1653,"0,216,304"
1654,"3,21,30"
1655,"3,147,156"
1656,"23,24,49"
1657,"169,260,170"
1658,"3,147,148"
1659,"44,145,40"
1660,"31,23,96"
1661,"3,5,169"
1662,"129,40,128"
1663,"40,131,134"
1664,"4,3,435"
1665,"44,40,145"
1666,"40,139,140"
1667,"23,26,0"
1668,"3,28,30"
1669,"40,131,226"
1670,"0,218,446"
1671,"11,109,10"
1672,"169,3,199"
1673,"287,53,131"
1674,"53,3,23"
1675,"64,24,23"
1676,"0,271,216"
1677,"448,64,79"
1678,"313,346,0"
1679,"3,111,119"
1680,"23,24,43"
1681,"0,255,218"
1682,"0,8,206"
1683,"3,21,108"
1684,"3,21,33"
1685,"0,1,2"
1686,"3,21,53"
1687,"3,40,127"
1688,"3,21,127"
1689,"40,131,134"
1690,"53,100,292"
1691,"3,21,187"
1692,"169,260,170"
1693,"3,147,148"
1694,"0,216,279"
1695,"23,74,317"
1696,"24,23,43"
1697,"40,128,195"
1698,"3,53,523"
1699,"40,41,286"
1700,"12,11,10"
1701,"3,85,86"
1702,"3,21,182"
1703,"0,265,349"
1704,"10,11,234"
1705,"3,21,53"
1706,"147,3,148"
1707,"0,271,216"
1708,"40,135,23"
1709,"40,152,151"
1710,"10,60,61"
1711,"0,216,257"
1712,"145,40,44"
1713,"169,311,170"
1714,"147,148,3"
1715,"199,171,169"
1716,"16,15,3"
1717,"0,216,304"
1718,"169,296,411"
1719,"23,38,311"
1720,"131,40,406"
1721,"23,24,43"
1722,"11,10,12"
1723,"44,145,40"
1724,"40,131,406"
1725,"220,10,221"
1726,"23,26,231"
1727,"23,74,165"
1728,"11,10,109"
1729,"0,218,512"
1730,"3,34,263"
1731,"169,199,323"
1732,"169,170,459"
1733,"64,10,93"
1734,"3,21,127"
1735,"0,271,363"
1736,"44,145,40"
1737,"3,17,320"
1738,"10,24,23"
1739,"0,3,216"
1740,"3,21,48"
1741,"21,3,127"
1742,"0,216,257"
1743,"169,0,199"
1744,"48,3,21"
1745,"3,21,127"
1746,"169,199,281"
1747,"3,238,4"
1748,"89,26,23"
1749,"64,10,448"
1750,"64,65,10"
1751,"23,31,290"
1752,"23,26,89"
1753,"0,271,355"
1754,"10,64,93"
1755,"169,199,281"
1756,"40,41,128"
1757,"23,24,38"
1758,"0,313,346"
1759,"23,26,231"
1760,"23,105,38"
1761,"3,53,85"
1762,"44,145,40"
1763,"169,170,260"
1764,"220,10,221"
1765,"127,41,21"
1766,"40,135,138"
1767,"0,257,216"
1768,"3,21,85"
1769,"3,53,21"
1770,"3,379,21"
1771,"0,8,308"
1772,"3,21,182"
1773,"21,3,127"
1774,"11,10,205"
1775,"199,169,356"
1776,"64,10,448"
1777,"3,111,85"
1778,"3,21,127"
1779,"3,21,108"
1780,"169,199,343"
1781,"0,271,355"
1782,"0,271,355"
1783,"23,74,303"
1784,"40,128,129"
1785,"185,184,169"
1786,"23,38,24"
1787,"40,145,25"
1788,"40,41,160"
1789,"169,199,281"
1790,"40,155,135"
1791,"220,10,242"
1792,"23,74,71"
1793,"10,11,109"
1794,"40,128,41"
1795,"0,216,319"
1796,"23,89,26"
1797,"10,220,221"
1798,"23,74,303"
1799,"3,21,30"
1800,"31,23,96"
1801,"0,271,216"
1802,"3,34,263"
1803,"24,23,59"
1804,"23,74,71"
1805,"0,8,235"
1806,"3,21,187"
1807,"23,24,49"
1808,"3,21,127"
1809,"23,31,131"
1810,"23,31,258"
1811,"3,28,113"
1812,"3,5,228"
1813,"220,10,242"
1814,"169,229,230"
1815,"23,10,25"
1816,"40,41,224"
1817,"21,3,127"
1818,"10,64,338"
1819,"105,23,318"
1820,"44,145,40"
1821,"23,74,118"
1822,"3,21,53"
1823,"23,26,89"
1824,"3,21,127"
1825,"23,24,59"
1826,"54,10,95"
1827,"10,64,448"
1828,"3,21,127"
1829,"171,199,169"
1830,"169,260,170"
1831,"0,216,1"
1832,"0,271,216"
1833,"3,178,30"
1834,"169,170,0"
1835,"0,313,346"
1836,"10,60,239"
1837,"145,40,44"
1838,"147,148,3"
1839,"23,0,105"
1840,"40,131,128"
1841,"3,17,320"
1842,"3,53,68"
1843,"3,287,53"
1844,"0,216,304"
1845,"23,145,24"
1846,"40,152,151"
1847,"23,74,40"
1848,"0,8,308"
1849,"16,15,3"
1850,"16,15,3"
1851,"10,64,338"
1852,"111,3,119"
1853,"131,40,406"
1854,"10,64,93"
1855,"0,8,306"
1856,"0,8,206"
1857,"128,40,129"
1858,"40,41,201"
1859,"0,271,291"
1860,"23,74,118"
1861,"40,135,141"
1862,"23,26,350"
1863,"64,10,93"
1864,"3,21,30"
1865,"40,131,134"
1866,"0,255,400"
1867,"169,508,426"
1868,"23,74,165"
1869,"8,0,206"
1870,"40,160,315"
1871,"0,271,265"
1872,"169,199,170"
1873,"0,271,340"
1874,"44,23,40"
1875,"40,395,215"
1876,"128,40,129"
1877,"24,23,43"
1878,"3,21,108"
1879,"0,313,346"
1880,"24,23,25"
1881,"10,64,199"
1882,"10,64,65"
1883,"23,118,74"
1884,"169,199,281"
1885,"3,16,15"
1886,"3,53,287"
1887,"10,64,93"
1888,"10,64,93"
1889,"3,21,33"
1890,"23,74,118"
1891,"16,15,3"
1892,"0,255,271"
1893,"220,10,242"
1894,"23,38,3"
1895,"0,206,249"
1896,"23,25,145"
1897,"64,26,23"
1898,"3,4,375"
1899,"0,313,346"
1900,"40,135,250"
1901,"3,17,168"
1902,"100,40,143"
1903,"3,21,190"
1904,"17,3,168"
1905,"147,148,3"
1906,"0,271,355"
1907,"3,111,284"
1908,"3,85,111"
1909,"3,4,238"
1910,"23,24,25"
1911,"220,10,242"
1912,"0,128,218"
1913,"3,293,85"
1914,"169,199,281"
1915,"0,271,280"
1916,"3,147,148"
1917,"0,8,355"
1918,"0,271,216"
1919,"169,199,281"
1920,"23,74,118"
1921,"64,448,10"
1922,"23,118,231"
1923,"3,4,435"
1924,"41,40,42"
1925,"3,4,19"
1926,"3,4,188"
1927,"26,23,89"
1928,"169,170,339"
1929,"3,5,228"
1930,"24,23,43"
1931,"23,24,38"
1932,"0,271,291"
1933,"3,17,56"
1934,"220,10,221"
1935,"23,74,118"
1936,"199,169,281"
1937,"41,40,286"
1938,"3,85,158"
1939,"169,508,426"
1940,"23,24,43"
1941,"402,40,145"
1942,"0,271,355"
1943,"23,105,145"
1944,"31,23,258"
1945,"23,74,40"
1946,"10,54,322"
1947,"74,23,165"
1948,"220,10,221"
1949,"11,10,205"
1950,"23,74,165"
1951,"54,10,95"
1952,"199,169,343"
1953,"3,0,435"
1954,"220,10,221"
1955,"3,21,126"
1956,"64,10,80"
1957,"3,85,293"
1958,"3,147,148"
1959,"0,271,456"
1960,"0,216,380"
1961,"3,4,28"
1962,"10,220,221"
1963,"64,93,10"
1964,"169,296,336"
1965,"23,74,165"
1966,"11,10,12"
1967,"23,74,303"
1968,"64,10,93"
1969,"0,271,456"
1970,"23,38,44"
1971,"220,10,221"
1972,"10,220,221"
1973,"61,60,23"
1974,"220,10,221"
1975,"0,271,522"
1976,"0,271,280"
1977,"105,23,318"
1978,"0,271,456"
1979,"0,8,206"
1980,"23,24,43"
1981,"3,30,66"
1982,"64,10,80"
1983,"3,53,147"
1984,"0,8,235"
1985,"23,24,10"
1986,"0,216,277"
1987,"0,313,346"
1988,"40,131,406"
1989,"10,220,242"
1990,"3,147,148"
1991,"54,10,24"
1992,"3,267,111"
1993,"3,53,467"
1994,"3,21,164"
1995,"23,74,63"
1996,"169,508,426"
1997,"169,199,281"
1998,"169,199,170"
1999,"64,10,335"
2000,"0,8,271"
2001,"10,60,23"
2002,"3,21,126"
2003,"23,24,145"
2004,"3,34,263"
2005,"271,0,169"
2006,"23,74,165"
2007,"216,296,0"
2008,"64,90,10"
2009,"10,11,205"
2010,"169,259,199"
2011,"0,271,355"
2012,"10,64,448"
2013,"0,271,280"
2014,"0,271,340"
2015,"0,8,206"
2016,"169,199,323"
2017,"40,128,152"
2018,"23,38,3"
2019,"220,10,221"
2020,"169,199,171"
2021,"21,3,187"
2022,"3,85,158"
2023,"147,3,148"
2024,"40,41,215"
2025,"169,199,248"
2026,"3,85,158"
2027,"23,26,89"
2028,"0,279,249"
2029,"11,12,10"
2030,"40,131,226"
2031,"44,24,23"
2032,"199,169,0"
2033,"24,23,43"
2034,"40,41,42"
2035,"169,199,343"
2036,"23,38,91"
2037,"5,228,6"
2038,"3,21,187"
2039,"10,221,220"
2040,"169,3,21"
2041,"3,34,21"
2042,"199,169,281"
2043,"0,218,446"
2044,"216,0,304"
2045,"169,0,53"
2046,"44,40,145"
2047,"169,135,374"
2048,"11,10,205"
2049,"3,111,123"
2050,"44,11,145"
2051,"3,21,169"
2052,"21,3,169"
2053,"40,146,145"
2054,"32,23,31"
2055,"64,10,80"
2056,"171,169,199"
2057,"0,271,456"
2058,"115,322,146"
2059,"40,41,42"
2060,"23,31,32"
2061,"3,21,126"
2062,"3,168,17"
2063,"44,145,40"
2064,"10,60,23"
2065,"169,296,0"
2066,"31,23,258"
2067,"10,64,448"
2068,"4,3,19"
2069,"23,24,49"
2070,"64,10,65"
2071,"3,17,168"
2072,"3,30,66"
2073,"71,23,38"
2074,"3,127,21"
2075,"162,23,40"
2076,"31,96,23"
2077,"147,3,148"
2078,"169,170,459"
2079,"169,199,259"
2080,"0,311,265"
2081,"40,160,302"
2082,"23,26,89"
2083,"0,216,380"
2084,"169,199,343"
2085,"169,251,337"
2086,"169,199,259"
2087,"40,41,324"
2088,"40,140,139"
2089,"0,266,265"
2090,"23,26,350"
2091,"0,208,209"
2092,"3,5,331"
2093,"0,218,465"
2094,"23,169,199"
2095,"0,235,8"
2096,"0,216,254"
2097,"3,215,40"
2098,"10,11,64"
2099,"10,322,54"
2100,"23,38,24"
2101,"3,21,108"
2102,"3,111,112"
2103,"40,152,151"
2104,"64,10,90"
2105,"128,40,129"
2106,"145,23,44"
2107,"169,199,171"
2108,"3,147,148"
2109,"220,10,242"
2110,"169,199,260"
2111,"41,40,42"
2112,"0,213,214"
2113,"64,10,93"
2114,"23,137,38"
2115,"0,271,456"
2116,"3,156,147"
2117,"0,271,456"
2118,"44,145,40"
2119,"23,26,89"
2120,"44,40,145"
2121,"26,23,350"
2122,"40,131,406"
2123,"23,495,38"
2124,"64,10,93"
2125,"23,24,49"
2126,"11,10,205"
2127,"3,147,21"
2128,"0,216,8"
2129,"3,53,287"
2130,"10,11,109"
2131,"23,74,165"
2132,"64,10,93"
2133,"23,48,3"
2134,"10,93,64"
2135,"3,111,161"
2136,"0,271,456"
2137,"10,54,55"
2138,"40,139,153"
2139,"3,4,238"
2140,"3,21,48"
2141,"40,131,142"
2142,"23,63,40"
2143,"3,28,190"
2144,"24,23,49"
2145,"64,10,23"
2146,"0,229,230"
2147,"0,271,355"
2148,"220,10,242"
2149,"199,169,323"
2150,"23,26,89"
2151,"10,64,93"
2152,"3,21,85"
2153,"40,145,131"
2154,"0,8,391"
2155,"3,85,158"
2156,"23,145,31"
2157,"10,60,93"
2158,"40,292,367"
2159,"40,145,44"
2160,"23,38,87"
2161,"0,393,28"
2162,"220,10,221"
2163,"3,111,119"
2164,"40,84,23"
2165,"169,199,171"
2166,"220,10,242"
2167,"23,74,317"
2168,"40,131,406"
2169,"169,199,323"
2170,"0,8,308"
2171,"40,151,152"
2172,"3,168,17"
2173,"40,184,185"
2174,"3,17,320"
2175,"23,26,89"
2176,"23,48,3"
2177,"23,26,231"
2178,"23,24,71"
2179,"17,168,3"
2180,"24,23,43"
2181,"131,40,406"
2182,"23,24,26"
2183,"0,8,308"
2184,"0,8,285"
2185,"3,147,85"
2186,"3,21,127"
2187,"40,151,152"
2188,"23,24,43"
2189,"3,21,34"
2190,"3,34,447"
2191,"145,40,10"
2192,"11,109,10"
2193,"17,168,3"
2194,"3,53,169"
2195,"0,271,169"
2196,"0,271,321"
2197,"40,131,241"
2198,"10,220,242"
2199,"169,199,281"
2200,"40,139,153"
2201,"0,271,456"
2202,"64,10,448"
2203,"169,199,171"
2204,"23,24,49"
2205,"169,199,281"
2206,"3,53,287"
2207,"0,271,291"
2208,"0,313,346"
2209,"169,199,356"
2210,"23,118,38"
2211,"216,0,380"
2212,"3,147,156"
2213,"3,85,111"
2214,"23,74,303"
2215,"128,40,195"
2216,"3,53,111"
2217,"40,131,406"
2218,"220,10,221"
2219,"220,10,242"
2220,"220,10,242"
2221,"131,40,226"
2222,"23,31,96"
2223,"10,64,65"
2224,"23,71,38"
2225,"3,53,99"
2226,"21,3,108"
2227,"10,220,221"
2228,"0,208,369"
2229,"0,355,271"
2230,"10,60,93"
2231,"220,10,242"
2232,"23,38,71"
2233,"10,54,145"
2234,"10,11,12"
2235,"145,40,402"
2236,"220,10,242"
2237,"0,8,391"
2238,"220,10,221"
2239,"0,265,349"
2240,"238,3,4"
2241,"23,96,31"
2242,"3,4,238"
2243,"3,66,30"
2244,"64,10,80"
2245,"40,145,402"
2246,"40,41,42"
2247,"220,10,242"
2248,"23,24,10"
2249,"54,55,10"
2250,"40,131,129"
2251,"3,17,168"
2252,"147,3,148"
2253,"220,10,221"
2254,"3,21,48"
2255,"11,10,205"
2256,"17,3,168"
2257,"0,8,235"
2258,"0,218,255"
2259,"220,10,221"
2260,"23,10,105"
2261,"23,118,74"
2262,"10,11,205"
2263,"138,135,40"
2264,"0,271,272"
2265,"40,139,153"
2266,"169,199,281"
2267,"11,10,205"
2268,"0,208,403"
2269,"64,10,93"
2270,"3,13,53"
2271,"169,199,260"
2272,"152,151,356"
2273,"3,4,435"
2274,"16,15,3"
2275,"169,296,306"
2276,"54,55,10"
2277,"169,426,312"
2278,"3,21,126"
2279,"0,512,218"
2280,"0,216,254"
2281,"23,24,43"
2282,"169,343,199"
2283,"23,26,89"
2284,"296,169,460"
2285,"0,265,340"
2286,"5,3,133"
2287,"147,3,148"
2288,"3,15,16"
2289,"10,220,242"
2290,"3,379,21"
2291,"138,40,135"
2292,"3,111,21"
2293,"23,74,118"
2294,"0,271,291"
2295,"11,205,10"
2296,"220,10,242"
2297,"3,21,30"
2298,"220,10,242"
2299,"169,199,459"
2300,"0,456,271"
2301,"23,38,24"
2302,"23,74,303"
2303,"3,53,21"
2304,"3,34,187"
2305,"15,16,3"
2306,"0,271,522"
2307,"40,186,41"
2308,"0,313,346"
2309,"17,168,3"
2310,"10,54,55"
2311,"0,8,235"
2312,"3,21,108"
2313,"169,199,323"
2314,"10,220,242"
2315,"23,31,145"
2316,"23,26,89"
2317,"199,169,323"
2318,"220,23,24"
2319,"265,0,266"
2320,"3,30,147"
2321,"169,199,260"
2322,"23,216,0"
2323,"0,249,279"
2324,"169,296,507"
2325,"0,216,279"
2326,"0,216,304"
2327,"23,26,89"
2328,"10,54,95"
2329,"40,41,128"
2330,"32,23,31"
2331,"0,413,277"
2332,"169,0,426"
2333,"44,45,23"
2334,"23,26,89"
2335,"23,26,89"
2336,"40,160,302"
2337,"220,10,242"
2338,"4,3,238"
2339,"3,4,238"
2340,"23,74,24"
2341,"40,145,44"
2342,"3,21,127"
2343,"23,24,25"
2344,"40,169,160"
2345,"3,28,113"
2346,"23,118,74"
2347,"220,10,221"
2348,"3,17,56"
2349,"169,199,343"
2350,"64,10,90"
2351,"10,11,205"
2352,"3,53,287"
2353,"220,10,221"
2354,"0,266,265"
2355,"11,10,109"
2356,"3,21,187"
2357,"169,170,199"
2358,"169,199,281"
2359,"23,24,25"
2360,"0,265,349"
2361,"44,145,40"
2362,"0,216,304"
2363,"40,41,224"
2364,"3,115,145"
2365,"40,128,129"
2366,"220,10,221"
2367,"40,162,163"
2368,"23,74,303"
2369,"24,23,44"
2370,"3,147,53"
2371,"23,26,89"
2372,"3,66,30"
2373,"220,10,242"
2374,"220,10,242"
2375,"54,10,95"
2376,"3,53,111"
2377,"40,145,44"
2378,"16,15,3"
2379,"40,145,44"
2380,"0,213,214"
2381,"0,265,349"
2382,"21,127,3"
2383,"3,111,112"
2384,"145,478,40"
2385,"3,28,190"
2386,"40,23,74"
2387,"169,199,343"
2388,"44,40,145"
2389,"169,170,260"
2390,"3,85,293"
2391,"10,11,205"
2392,"169,170,171"
2393,"3,147,156"
2394,"11,10,109"
2395,"0,40,208"
2396,"220,10,242"
2397,"54,23,24"
2398,"169,199,171"
2399,"40,41,224"
2400,"25,24,23"
2401,"23,24,49"
2402,"3,53,523"
2403,"0,216,277"
2404,"3,21,108"
2405,"10,60,61"
2406,"40,139,41"
2407,"11,10,205"
2408,"23,24,43"
2409,"44,145,40"
2410,"23,24,43"
2411,"40,128,395"
2412,"3,21,53"
2413,"224,41,40"
2414,"10,11,205"
2415,"16,15,3"
2416,"23,74,118"
2417,"10,93,65"
2418,"44,145,40"
2419,"64,10,93"
2420,"3,187,21"
2421,"23,24,43"
2422,"16,15,3"
2423,"3,21,108"
2424,"4,3,19"
2425,"64,10,448"
2426,"3,111,472"
2427,"337,0,169"
2428,"23,74,118"
2429,"40,10,0"
2430,"23,89,26"
2431,"40,128,129"
2432,"0,216,304"
2433,"208,0,100"
2434,"147,3,148"
2435,"21,3,126"
2436,"169,199,281"
2437,"23,26,89"
2438,"169,170,343"
2439,"3,147,148"
2440,"44,145,72"
2441,"0,8,206"
2442,"10,64,93"
2443,"3,30,21"
2444,"40,131,139"
2445,"152,151,40"
2446,"24,23,43"
2447,"231,26,23"
2448,"40,131,241"
2449,"10,220,221"
2450,"3,34,169"
2451,"0,8,391"
2452,"128,40,195"
2453,"138,169,40"
2454,"21,3,127"
2455,"0,271,355"
2456,"128,40,129"
2457,"199,169,171"
2458,"23,454,119"
2459,"11,10,205"
2460,"3,21,187"
2461,"23,54,55"
2462,"3,85,86"
2463,"3,21,108"
2464,"10,64,442"
2465,"0,339,337"
2466,"145,10,40"
2467,"169,170,260"
2468,"10,220,242"
2469,"96,31,23"
2470,"64,10,448"
2471,"220,10,242"
2472,"128,40,129"
2473,"3,17,168"
2474,"40,131,129"
2475,"3,53,21"
2476,"3,21,126"
2477,"10,60,64"
2478,"3,21,68"
2479,"3,111,267"
2480,"32,31,23"
2481,"169,199,259"
2482,"10,64,90"
2483,"3,17,287"
2484,"23,24,49"
2485,"169,199,281"
2486,"0,279,249"
2487,"0,265,340"
2488,"260,169,170"
2489,"3,111,284"
2490,"3,17,168"
2491,"0,313,346"
2492,"0,271,456"
2493,"145,40,44"
2494,"0,216,212"
2495,"220,40,145"
2496,"40,41,139"
2497,"23,105,318"
2498,"40,139,155"
2499,"23,31,0"
2500,"170,169,459"
2501,"3,21,108"
2502,"23,26,231"
2503,"3,53,0"
2504,"40,131,406"
2505,"0,8,350"
2506,"40,128,129"
2507,"3,30,66"
2508,"169,199,260"
2509,"24,23,145"
2510,"24,23,43"
2511,"41,40,126"
2512,"0,271,361"
2513,"40,128,129"
2514,"10,64,40"
2515,"3,21,187"
2516,"54,44,95"
2517,"23,24,43"
2518,"10,54,322"
2519,"131,40,134"
2520,"23,24,25"
2521,"3,467,416"
2522,"3,28,190"
2523,"169,199,311"
2524,"10,60,61"
2525,"23,370,216"
2526,"10,23,24"
2527,"23,31,39"
2528,"54,95,10"
2529,"26,23,231"
2530,"0,208,3"
2531,"23,31,454"
2532,"0,8,206"
2533,"169,199,323"
2534,"0,313,346"
2535,"40,41,139"
2536,"3,21,379"
2537,"24,23,43"
2538,"3,40,53"
2539,"3,48,53"
2540,"11,10,109"
2541,"3,21,187"
2542,"23,0,26"
2543,"40,41,224"
2544,"0,213,214"
2545,"131,368,40"
2546,"24,25,105"
2547,"3,115,145"
2548,"23,0,40"
2549,"23,26,350"
2550,"169,199,374"
2551,"64,10,65"
2552,"169,199,40"
2553,"23,38,25"
2554,"10,11,12"
2555,"3,435,4"
2556,"64,10,448"
2557,"3,111,53"
2558,"169,170,199"
2559,"40,41,128"
2560,"10,54,95"
2561,"3,15,111"
2562,"3,169,28"
2563,"0,271,355"
2564,"40,186,184"
2565,"10,60,43"
2566,"40,128,195"
2567,"3,111,119"
2568,"0,512,218"
2569,"220,10,242"
2570,"0,271,255"
2571,"3,28,29"
2572,"10,239,64"
2573,"23,38,91"
2574,"105,53,3"
2575,"25,23,24"
2576,"3,147,148"
2577,"23,24,49"
2578,"3,21,164"
2579,"10,60,239"
2580,"454,23,31"
2581,"220,10,242"
2582,"0,265,266"
2583,"40,186,128"
2584,"3,28,30"
2585,"296,169,411"
2586,"105,40,145"
2587,"3,21,284"
2588,"3,53,523"
2589,"220,10,242"
2590,"16,15,3"
2591,"0,249,279"
2592,"40,127,3"
2593,"10,11,205"
2594,"5,3,57"
2595,"199,169,281"
2596,"23,31,258"
2597,"40,131,241"
2598,"40,128,186"
2599,"0,208,369"
2600,"23,74,317"
2601,"0,279,249"
2602,"40,131,159"
2603,"40,131,241"
2604,"3,17,168"
2605,"26,23,0"
2606,"0,271,456"
2607,"23,74,118"
2608,"23,26,350"
2609,"138,40,135"
2610,"24,23,43"
2611,"0,271,456"
2612,"23,31,24"
2613,"145,44,40"
2614,"23,74,303"
2615,"40,41,286"
2616,"24,23,43"
2617,"10,64,90"
2618,"0,271,355"
2619,"169,199,170"
2620,"40,135,250"
2621,"0,271,456"
2622,"60,61,10"
2623,"16,15,3"
2624,"3,147,148"
2625,"0,265,340"
2626,"40,131,241"
2627,"3,21,108"
2628,"54,10,83"
2629,"0,271,8"
2630,"145,23,31"
2631,"129,128,40"
2632,"3,21,187"
2633,"24,23,43"
2634,"40,21,160"
2635,"199,169,323"
2636,"0,145,249"
2637,"3,21,108"
2638,"105,495,262"
2639,"3,156,147"
2640,"23,24,43"
2641,"40,131,406"
2642,"40,145,146"
2643,"111,3,112"
2644,"40,3,111"
2645,"3,53,21"
2646,"169,170,296"
2647,"3,85,111"
2648,"0,26,271"
2649,"0,265,349"
2650,"23,74,40"
2651,"3,160,147"
2652,"10,64,80"
2653,"3,17,320"
2654,"40,131,132"
2655,"10,64,93"
2656,"40,131,226"
2657,"74,23,165"
2658,"64,10,65"
2659,"220,10,242"
2660,"4,19,3"
2661,"3,17,168"
2662,"3,111,112"
2663,"23,24,43"
2664,"169,199,356"
2665,"26,23,350"
2666,"3,30,34"
2667,"3,147,156"
2668,"3,147,275"
2669,"23,24,43"
2670,"31,23,258"
2671,"11,10,12"
2672,"5,228,3"
2673,"23,31,454"
2674,"10,11,109"
2675,"3,111,112"
2676,"131,40,406"
2677,"3,17,168"
2678,"3,111,21"
2679,"3,11,13"
2680,"0,265,349"
2681,"0,216,199"
2682,"23,0,350"
2683,"3,111,112"
2684,"0,277,211"
2685,"10,64,90"
2686,"4,3,435"
2687,"169,199,170"
2688,"3,17,168"
2689,"3,111,41"
2690,"40,3,128"
2691,"169,199,281"
2692,"131,40,142"
2693,"23,74,128"
2694,"34,3,263"
2695,"151,152,169"
2696,"23,118,74"
2697,"64,10,448"
2698,"199,169,40"
2699,"40,145,241"
2700,"40,41,224"
2701,"3,66,30"
2702,"220,10,221"
2703,"3,238,111"
2704,"40,41,224"
2705,"169,259,281"
2706,"10,24,95"
2707,"426,169,223"
2708,"0,229,421"
2709,"169,199,343"
2710,"3,111,21"
2711,"23,3,309"
2712,"0,271,355"
2713,"10,64,65"
2714,"3,23,13"
2715,"169,170,311"
2716,"0,8,235"
2717,"3,426,427"
2718,"0,296,277"
2719,"169,199,259"
2720,"40,145,44"
2721,"23,26,89"
2722,"0,271,213"
2723,"169,170,260"
2724,"24,23,49"
2725,"0,271,456"
2726,"3,21,108"
2727,"10,24,60"
2728,"220,10,242"
2729,"23,199,26"
2730,"131,40,406"
2731,"3,21,28"
2732,"23,74,24"
2733,"40,145,146"
2734,"10,64,93"
2735,"145,44,40"
2736,"11,10,109"
2737,"16,15,3"
2738,"169,199,281"
2739,"10,220,221"
2740,"40,199,152"
2741,"145,40,10"
2742,"40,135,41"
2743,"23,118,74"
2744,"3,147,148"
2745,"23,49,24"
2746,"90,64,10"
2747,"40,152,151"
2748,"40,131,226"
2749,"23,31,32"
2750,"24,23,62"
2751,"40,135,250"
2752,"111,3,119"
2753,"3,53,287"
2754,"10,64,24"
2755,"64,10,80"
2756,"0,271,280"
2757,"23,74,118"
2758,"220,10,221"
2759,"220,10,242"
2760,"164,21,3"
2761,"0,8,206"
2762,"23,74,118"
2763,"220,10,221"
2764,"3,21,164"
2765,"0,444,291"
2766,"40,128,186"
2767,"23,28,105"
2768,"160,40,302"
2769,"40,160,302"
2770,"169,199,281"
2771,"10,60,11"
2772,"40,131,134"
2773,"10,54,55"
2774,"3,147,148"
2775,"11,10,109"
2776,"23,137,38"
2777,"3,4,70"
2778,"0,271,2"
2779,"0,413,277"
2780,"3,53,169"
2781,"0,8,235"
2782,"0,213,214"
2783,"44,45,145"
2784,"3,17,168"
2785,"10,220,221"
2786,"10,60,239"
2787,"23,74,118"
2788,"199,169,281"
2789,"23,74,317"
2790,"40,241,131"
2791,"131,40,406"
2792,"3,111,119"
2793,"169,199,281"
2794,"3,147,148"
2795,"40,41,42"
2796,"40,128,129"
2797,"0,271,291"
2798,"3,21,66"
2799,"8,0,405"
2800,"8,0,128"
2801,"169,199,281"
2802,"64,10,80"
2803,"40,155,139"
2804,"26,23,231"
2805,"23,10,24"
2806,"40,128,186"
2807,"3,21,108"
2808,"54,10,95"
2809,"64,10,80"
2810,"0,8,206"
2811,"3,4,0"
2812,"0,313,216"
2813,"64,10,93"
2814,"21,3,48"
2815,"3,28,113"
2816,"169,199,323"
2817,"105,23,318"
2818,"17,168,3"
2819,"169,426,427"
2820,"3,204,13"
2821,"3,85,111"
2822,"23,32,31"
2823,"169,296,336"
2824,"199,169,281"
2825,"10,60,61"
2826,"3,53,21"
2827,"40,395,195"
2828,"23,74,71"
2829,"0,446,218"
2830,"3,111,123"
2831,"129,40,128"
2832,"23,26,89"
2833,"40,128,129"
2834,"169,199,323"
2835,"3,21,108"
2836,"23,118,74"
2837,"44,145,40"
2838,"169,199,260"
2839,"171,199,169"
2840,"34,3,263"
2841,"40,131,226"
2842,"11,10,109"
2843,"3,21,108"
2844,"3,4,111"
2845,"3,190,52"
2846,"10,64,93"
2847,"3,17,320"
2848,"0,277,216"
2849,"220,10,242"
2850,"296,169,428"
2851,"17,168,3"
2852,"23,74,303"
2853,"40,135,138"
2854,"40,23,74"
2855,"3,53,21"
2856,"339,337,169"
2857,"23,105,318"
2858,"53,3,287"
2859,"40,149,41"
2860,"169,3,199"
2861,"23,26,89"
2862,"3,17,116"
2863,"3,21,48"
2864,"4,19,3"
2865,"131,40,406"
2866,"23,40,24"
2867,"3,4,0"
2868,"169,199,281"
2869,"23,105,24"
2870,"0,213,214"
2871,"40,131,406"
2872,"64,10,93"
2873,"0,216,212"
2874,"138,40,135"
2875,"0,313,346"
2876,"40,131,406"
2877,"10,23,24"
2878,"0,313,346"
2879,"4,3,238"
2880,"0,271,456"
2881,"24,43,23"
2882,"199,169,171"
2883,"3,4,19"
2884,"0,265,418"
2885,"220,10,221"
2886,"4,3,19"
2887,"0,271,456"
2888,"131,406,40"
2889,"44,40,145"
2890,"10,220,242"
2891,"40,135,141"
2892,"147,3,148"
2893,"23,231,26"
2894,"23,74,165"
2895,"23,24,49"
2896,"0,265,490"
2897,"10,64,93"
2898,"3,13,204"
2899,"74,23,165"
2900,"40,131,486"
2901,"16,15,3"
2902,"145,40,44"
2903,"0,265,340"
2904,"11,10,109"
2905,"3,34,16"
2906,"0,206,8"
2907,"21,3,124"
2908,"3,147,156"
2909,"24,62,23"
2910,"23,74,38"
2911,"23,26,89"
2912,"0,313,216"
2913,"129,40,128"
2914,"0,216,254"
2915,"10,23,24"
2916,"0,271,2"
2917,"220,10,221"
2918,"169,199,323"
2919,"0,271,456"
2920,"64,10,93"
2921,"40,131,406"
2922,"3,156,85"
2923,"40,41,149"
2924,"40,169,160"
2925,"169,199,259"
2926,"3,5,310"
2927,"3,30,147"
2928,"40,160,151"
2929,"10,54,95"
2930,"40,128,129"
2931,"24,23,43"
2932,"23,25,24"
2933,"3,21,111"
2934,"54,10,322"
2935,"3,4,28"
2936,"3,21,127"
2937,"3,111,53"
2938,"10,64,93"
2939,"3,48,21"
2940,"145,40,44"
2941,"3,53,265"
2942,"40,128,129"
2943,"23,24,43"
2944,"40,41,224"
2945,"40,135,41"
2946,"11,10,12"
2947,"23,74,303"
2948,"23,26,89"
2949,"40,184,185"
2950,"3,30,66"
2951,"169,339,337"
2952,"169,199,459"
2953,"40,386,30"
2954,"24,23,43"
2955,"23,3,31"
2956,"3,147,148"
2957,"11,10,205"
2958,"0,313,505"
2959,"0,271,456"
2960,"3,4,19"
2961,"23,31,96"
2962,"169,171,199"
2963,"23,24,49"
2964,"0,271,366"
2965,"23,31,258"
2966,"131,40,406"
2967,"64,90,10"
2968,"23,40,131"
2969,"23,24,49"
2970,"40,128,129"
2971,"169,229,0"
2972,"23,74,105"
2973,"0,8,206"
2974,"3,21,108"
2975,"3,523,53"
2976,"3,21,111"
2977,"10,64,93"
2978,"3,148,85"
2979,"40,162,163"
2980,"220,10,221"
2981,"10,402,54"
2982,"40,139,41"
2983,"145,44,40"
2984,"23,74,307"
2985,"0,40,128"
2986,"0,254,313"
2987,"40,152,151"
2988,"23,0,350"
2989,"54,10,95"
2990,"3,21,108"
2991,"11,10,109"
2992,"23,32,31"
2993,"23,24,40"
2994,"23,24,145"
2995,"220,10,242"
2996,"3,48,21"
2997,"41,127,40"
2998,"23,105,38"
2999,"40,215,41"
3000,"23,24,26"
3001,"15,16,3"
3002,"10,11,12"
3003,"23,26,231"
3004,"296,169,306"
3005,"4,3,238"
3006,"26,23,89"
3007,"138,169,135"
3008,"23,74,118"
3009,"40,41,42"
3010,"3,53,523"
3011,"11,205,109"
3012,"3,187,21"
3013,"64,10,80"
3014,"0,271,456"
3015,"3,401,13"
3016,"23,31,454"
3017,"23,31,402"
3018,"60,10,23"
3019,"44,145,40"
3020,"3,21,17"
3021,"13,3,14"
3022,"40,145,402"
3023,"10,54,95"
3024,"3,21,379"
3025,"129,40,128"
3026,"32,31,23"
3027,"64,10,338"
3028,"169,323,402"
3029,"13,3,150"
3030,"0,279,249"
3031,"169,260,170"
3032,"3,126,21"
3033,"0,271,456"
3034,"23,38,71"
3035,"0,8,235"
3036,"3,147,15"
3037,"3,147,148"
3038,"3,21,187"
3039,"31,23,169"
3040,"23,26,89"
3041,"40,184,494"
3042,"3,21,187"
3043,"169,199,323"
3044,"3,17,51"
3045,"3,111,21"
3046,"23,24,62"
3047,"3,147,148"
3048,"3,21,127"
3049,"3,4,238"
3050,"40,160,334"
3051,"23,24,74"
3052,"0,271,272"
3053,"23,24,62"
3054,"3,147,148"
3055,"40,128,129"
3056,"296,169,411"
3057,"64,10,80"
3058,"3,111,112"
3059,"54,10,95"
3060,"54,10,95"
3061,"24,23,49"
3062,"3,111,119"
3063,"24,23,345"
3064,"44,40,145"
3065,"169,199,281"
3066,"23,105,106"
3067,"23,26,231"
3068,"0,8,206"
3069,"23,3,68"
3070,"0,271,216"
3071,"40,145,44"
3072,"10,60,93"
3073,"169,199,508"
3074,"169,339,337"
3075,"40,139,3"
3076,"4,19,3"
3077,"3,53,287"
3078,"53,3,523"
3079,"8,0,308"
3080,"105,23,53"
3081,"23,31,454"
3082,"11,10,205"
3083,"3,30,23"
3084,"10,64,93"
3085,"3,21,108"
3086,"138,40,169"
3087,"3,127,21"
3088,"11,10,12"
3089,"23,38,105"
3090,"4,3,238"
3091,"11,10,12"
3092,"40,145,402"
3093,"3,32,23"
3094,"23,26,89"
3095,"40,151,152"
3096,"40,146,145"
3097,"0,313,346"
3098,"0,271,456"
3099,"23,26,350"
3100,"3,15,16"
3101,"21,41,3"
3102,"23,38,303"
3103,"40,160,302"
3104,"40,129,128"
3105,"64,10,80"
3106,"10,60,61"
3107,"199,169,323"
3108,"3,147,167"
3109,"199,169,281"
3110,"40,41,42"
3111,"220,10,242"
3112,"169,199,459"
3113,"3,30,66"
3114,"3,53,430"
3115,"40,131,23"
3116,"4,19,3"
3117,"40,131,159"
3118,"3,30,66"
3119,"40,41,215"
3120,"23,74,105"
3121,"64,10,338"
3122,"23,26,89"
3123,"169,199,281"
3124,"10,220,402"
3125,"169,199,281"
3126,"10,64,80"
3127,"3,4,176"
3128,"64,10,338"
3129,"3,4,238"
3130,"11,40,145"
3131,"3,68,182"
3132,"3,21,48"
3133,"199,169,281"
3134,"3,52,51"
3135,"3,156,147"
3136,"44,145,40"
3137,"3,111,112"
3138,"147,3,148"
3139,"3,17,168"
3140,"3,21,13"
3141,"40,160,41"
3142,"3,4,30"
3143,"322,83,10"
3144,"0,271,424"
3145,"23,71,38"
3146,"10,64,11"
3147,"21,3,127"
3148,"23,74,303"
3149,"3,21,127"
3150,"3,17,168"
3151,"23,74,303"
3152,"131,40,406"
3153,"3,17,168"
3154,"40,160,302"
3155,"147,148,3"
3156,"68,3,182"
3157,"220,10,221"
3158,"0,8,206"
3159,"23,24,43"
3160,"199,169,281"
3161,"4,19,3"
3162,"23,24,345"
3163,"40,41,286"
3164,"44,145,40"
3165,"169,260,170"
3166,"206,0,8"
3167,"0,169,271"
3168,"3,34,263"
3169,"3,287,53"
3170,"3,111,53"
3171,"199,169,40"
3172,"23,25,38"
3173,"40,131,134"
3174,"169,31,23"
3175,"0,271,456"
3176,"0,8,285"
3177,"26,23,89"
3178,"23,74,118"
3179,"23,350,26"
3180,"44,145,40"
3181,"4,3,19"
3182,"3,187,21"
3183,"23,24,43"
3184,"147,3,156"
3185,"40,160,41"
3186,"31,23,96"
3187,"220,10,242"
3188,"23,24,43"
3189,"10,61,12"
3190,"199,169,356"
3191,"169,199,343"
3192,"24,23,43"
3193,"169,199,281"
3194,"40,128,129"
3195,"3,156,147"
3196,"169,296,199"
3197,"0,235,8"
3198,"23,31,96"
3199,"0,255,462"
3200,"23,74,303"
3201,"23,313,39"
3202,"0,271,355"
3203,"40,128,129"
3204,"11,10,109"
3205,"40,160,302"
3206,"21,3,102"
3207,"131,241,406"
3208,"40,131,406"
3209,"40,41,201"
3210,"3,21,53"
3211,"10,23,24"
3212,"23,309,38"
3213,"40,128,186"
3214,"169,199,426"
3215,"3,21,187"
3216,"64,10,448"
3217,"23,26,350"
3218,"40,146,145"
3219,"17,168,3"
3220,"169,296,428"
3221,"162,163,40"
3222,"0,249,279"
3223,"0,257,216"
3224,"23,137,105"
3225,"40,3,100"
3226,"23,38,39"
3227,"23,26,231"
3228,"184,131,40"
3229,"0,216,257"
3230,"0,216,257"
3231,"199,169,281"
3232,"43,23,24"
3233,"23,24,44"
3234,"23,24,60"
3235,"3,21,187"
3236,"40,41,128"
3237,"23,24,38"
3238,"220,10,242"
3239,"135,40,244"
3240,"24,23,59"
3241,"3,147,148"
3242,"10,60,322"
3243,"169,199,260"
3244,"145,44,40"
3245,"64,10,65"
3246,"23,74,283"
3247,"11,10,109"
3248,"10,11,205"
3249,"23,118,500"
3250,"64,10,80"
3251,"21,40,42"
3252,"3,53,99"
3253,"40,145,146"
3254,"3,21,127"
3255,"0,271,456"
3256,"0,271,456"
3257,"0,271,456"
3258,"3,111,4"
3259,"3,16,15"
3260,"3,53,523"
3261,"220,10,242"
3262,"64,10,448"
3263,"23,169,307"
3264,"23,38,88"
3265,"64,10,65"
3266,"40,224,41"
3267,"0,216,522"
3268,"0,214,213"
3269,"0,216,370"
3270,"54,10,95"
3271,"23,74,118"
3272,"0,271,366"
3273,"40,131,241"
3274,"3,21,48"
3275,"40,41,186"
3276,"145,40,44"
3277,"32,31,23"
3278,"169,170,171"
3279,"3,21,187"
3280,"169,23,337"
3281,"3,21,182"
3282,"3,21,187"
3283,"40,131,406"
3284,"169,0,260"
3285,"147,3,148"
3286,"23,89,26"
3287,"0,212,216"
3288,"5,3,6"
3289,"40,162,163"
3290,"3,17,168"
3291,"23,309,38"
3292,"169,199,281"
3293,"140,139,40"
3294,"3,21,127"
3295,"160,40,302"
3296,"21,3,40"
3297,"220,10,242"
3298,"3,4,16"
3299,"21,3,187"
3300,"16,15,3"
3301,"23,38,309"
3302,"40,145,44"
3303,"64,10,338"
3304,"169,170,199"
3305,"0,255,462"
3306,"0,216,370"
3307,"220,10,242"
3308,"0,216,271"
3309,"40,100,222"
3310,"0,271,455"
3311,"54,10,95"
3312,"3,21,53"
3313,"64,10,80"
3314,"40,139,155"
3315,"23,24,49"
3316,"265,0,349"
3317,"0,271,291"
3318,"3,147,203"
3319,"0,265,349"
3320,"3,28,190"
3321,"169,199,259"
3322,"44,10,145"
3323,"139,40,155"
3324,"3,13,183"
3325,"5,3,6"
3326,"23,32,31"
3327,"23,24,25"
3328,"220,10,221"
3329,"3,5,228"
3330,"3,21,108"
3331,"13,3,23"
3332,"0,265,266"
3333,"3,21,127"
3334,"169,199,281"
3335,"23,31,10"
3336,"16,15,3"
3337,"17,168,3"
3338,"169,199,426"
3339,"0,271,366"
3340,"31,402,328"
3341,"23,24,49"
3342,"3,21,127"
3343,"3,21,53"
3344,"169,199,281"
3345,"220,10,242"
3346,"23,26,89"
3347,"3,21,133"
3348,"0,265,490"
3349,"220,10,242"
3350,"169,170,260"
3351,"0,216,277"
3352,"23,38,309"
3353,"40,152,151"
3354,"40,128,129"
3355,"3,4,111"
3356,"40,38,250"
3357,"17,3,168"
3358,"40,160,302"
3359,"23,26,89"
3360,"0,255,462"
3361,"40,145,44"
3362,"3,4,435"
3363,"40,128,129"
3364,"40,128,129"
3365,"3,34,263"
3366,"41,40,3"
3367,"131,40,226"
3368,"0,8,285"
3369,"0,313,314"
3370,"0,291,444"
3371,"3,17,168"
3372,"3,21,85"
3373,"10,64,54"
3374,"40,129,128"
3375,"10,60,61"
3376,"11,10,205"
3377,"74,23,317"
3378,"169,199,171"
3379,"131,40,241"
3380,"128,129,40"
3381,"0,265,8"
3382,"23,118,74"
3383,"10,64,93"
3384,"40,139,140"
3385,"23,74,317"
3386,"40,162,163"
3387,"171,169,199"
3388,"0,216,254"
3389,"3,31,40"
3390,"40,41,21"
3391,"23,38,39"
3392,"11,10,109"
3393,"40,162,163"
3394,"3,53,523"
3395,"10,40,3"
3396,"145,40,44"
3397,"11,10,109"
3398,"23,118,74"
3399,"128,195,40"
3400,"10,54,44"
3401,"3,238,4"
3402,"23,24,43"
3403,"313,346,0"
3404,"10,64,80"
3405,"54,10,145"
3406,"199,169,323"
3407,"3,21,127"
3408,"54,10,95"
3409,"23,24,49"
3410,"23,241,478"
3411,"199,169,145"
3412,"23,26,89"
3413,"10,64,448"
3414,"23,24,49"
3415,"23,24,43"
3416,"71,38,23"
3417,"40,145,44"
3418,"10,11,109"
3419,"23,74,317"
3420,"0,24,23"
3421,"64,10,448"
3422,"23,24,49"
3423,"40,160,41"
3424,"0,206,8"
3425,"31,23,96"
3426,"0,265,349"
3427,"0,271,280"
3428,"3,30,66"
3429,"40,145,44"
3430,"3,5,228"
3431,"169,199,426"
3432,"40,135,3"
3433,"40,131,406"
3434,"26,23,0"
3435,"0,17,3"
3436,"0,8,206"
3437,"23,74,38"
3438,"23,24,10"
3439,"40,131,142"
3440,"131,40,406"
3441,"44,145,40"
3442,"0,229,230"
3443,"0,271,355"
3444,"23,74,40"
3445,"17,168,3"
3446,"40,160,302"
3447,"23,44,24"
3448,"40,41,324"
3449,"3,111,53"
3450,"0,8,206"
3451,"169,199,170"
3452,"0,313,346"
3453,"3,4,111"
3454,"3,53,287"
3455,"0,271,456"
3456,"3,13,378"
3457,"3,148,66"
3458,"199,169,216"
3459,"24,49,23"
3460,"40,131,486"
3461,"0,26,355"
3462,"40,131,132"
3463,"3,53,287"
3464,"26,23,350"
3465,"40,128,195"
3466,"10,64,55"
3467,"3,28,190"
3468,"4,3,238"
3469,"3,36,35"
3470,"147,3,148"
3471,"0,216,354"
3472,"4,3,19"
3473,"40,145,402"
3474,"64,10,65"
3475,"10,11,205"
3476,"0,271,355"
3477,"3,85,158"
3478,"23,38,74"
3479,"10,11,205"
3480,"231,23,26"
3481,"23,38,74"
3482,"3,147,148"
3483,"169,3,170"
3484,"4,3,19"
3485,"3,21,379"
3486,"3,17,168"
3487,"169,199,343"
3488,"23,454,31"
3489,"3,21,126"
3490,"23,74,84"
3491,"23,32,31"
3492,"3,41,215"
3493,"40,128,129"
3494,"3,21,85"
3495,"89,26,40"
3496,"169,199,281"
3497,"23,24,43"
3498,"169,199,281"
3499,"0,8,285"
3500,"0,271,355"
3501,"3,21,127"
3502,"40,135,189"
3503,"44,145,40"
3504,"169,199,281"
3505,"3,51,5"
3506,"11,10,109"
3507,"23,74,118"
3508,"220,10,242"
3509,"0,8,206"
3510,"0,271,355"
3511,"64,65,93"
3512,"23,231,26"
3513,"31,23,258"
3514,"40,160,36"
3515,"23,24,43"
3516,"169,199,356"
3517,"10,11,12"
3518,"40,160,302"
3519,"44,40,145"
3520,"3,21,108"
3521,"10,11,109"
3522,"54,10,145"
3523,"40,152,151"
3524,"3,147,33"
3525,"23,11,10"
3526,"169,296,411"
3527,"3,156,85"
3528,"3,21,48"
3529,"40,41,324"
3530,"3,111,53"
3531,"220,10,221"
3532,"23,74,317"
3533,"23,24,43"
3534,"3,147,148"
3535,"169,199,259"
3536,"3,21,379"
3537,"3,147,148"
3538,"3,30,66"
3539,"3,85,86"
3540,"23,26,89"
3541,"23,24,49"
3542,"0,265,418"
3543,"3,147,148"
3544,"131,40,226"
3545,"23,26,89"
3546,"0,206,8"
3547,"49,40,23"
3548,"40,140,139"
3549,"0,271,216"
3550,"23,32,74"
3551,"40,145,0"
3552,"0,456,271"
3553,"169,259,311"
3554,"3,13,14"
3555,"0,271,456"
3556,"3,17,168"
3557,"40,139,153"
3558,"23,74,118"
3559,"3,4,15"
3560,"169,199,171"
3561,"3,21,379"
3562,"3,375,100"
3563,"40,41,324"
3564,"64,10,93"
3565,"3,30,17"
3566,"3,111,112"
3567,"31,96,131"
3568,"3,21,127"
3569,"169,199,281"
3570,"40,131,486"
3571,"23,74,118"
3572,"10,64,338"
3573,"199,169,343"
3574,"3,13,150"
3575,"11,10,205"
3576,"23,40,328"
3577,"220,10,221"
3578,"25,23,24"
3579,"128,186,40"
3580,"64,10,448"
3581,"0,271,456"
3582,"44,45,40"
3583,"32,3,31"
3584,"169,296,436"
3585,"3,21,385"
3586,"23,43,24"
3587,"3,21,108"
3588,"40,135,138"
3589,"23,26,231"
3590,"220,10,242"
3591,"0,8,220"
3592,"169,199,170"
3593,"23,26,350"
3594,"23,74,303"
3595,"10,60,23"
3596,"169,296,428"
3597,"23,32,31"
3598,"3,4,7"
3599,"131,241,40"
3600,"3,17,168"
3601,"3,111,74"
3602,"3,111,112"
3603,"3,33,21"
3604,"3,147,148"
3605,"10,23,11"
3606,"0,271,355"
3607,"40,141,41"
3608,"10,49,24"
3609,"3,85,21"
3610,"3,21,48"
3611,"3,21,22"
3612,"23,64,26"
3613,"184,368,40"
3614,"3,15,53"
3615,"0,271,522"
3616,"64,10,448"
3617,"54,10,322"
3618,"169,251,199"
3619,"3,160,36"
3620,"0,271,456"
3621,"169,260,170"
3622,"23,24,25"
3623,"3,4,238"
3624,"3,21,126"
3625,"220,10,221"
3626,"23,31,258"
3627,"402,145,40"
3628,"40,131,226"
3629,"40,160,315"
3630,"23,89,26"
3631,"10,64,93"
3632,"23,74,26"
3633,"152,151,40"
3634,"313,346,0"
3635,"3,4,238"
3636,"11,109,10"
3637,"40,128,129"
3638,"17,3,168"
3639,"40,145,402"
3640,"44,45,145"
3641,"3,53,287"
3642,"145,40,44"
3643,"40,131,226"
3644,"111,368,123"
3645,"3,156,147"
3646,"44,145,40"
3647,"53,3,287"
3648,"169,339,337"
3649,"23,74,118"
3650,"169,170,171"
3651,"3,4,111"
3652,"105,23,25"
3653,"169,170,260"
3654,"23,118,74"
3655,"3,139,21"
3656,"95,54,10"
3657,"44,145,40"
3658,"147,148,3"
3659,"0,257,216"
3660,"169,199,281"
3661,"44,145,40"
3662,"0,271,456"
3663,"3,21,301"
3664,"145,40,402"
3665,"10,64,93"
3666,"23,26,89"
3667,"11,10,109"
3668,"3,28,190"
3669,"40,145,146"
3670,"145,40,44"
3671,"64,10,93"
3672,"3,21,187"
3673,"4,3,435"
3674,"145,44,40"
3675,"40,184,185"
3676,"74,165,23"
3677,"3,13,14"
3678,"0,271,456"
3679,"0,271,456"
3680,"40,111,334"
3681,"3,21,108"
3682,"199,169,343"
3683,"3,15,16"
3684,"3,127,21"
3685,"3,53,523"
3686,"40,41,224"
3687,"23,0,26"
3688,"40,139,155"
3689,"40,131,406"
3690,"21,164,3"
3691,"169,170,260"
3692,"23,38,26"
3693,"40,138,135"
3694,"23,3,48"
3695,"216,0,380"
3696,"44,145,45"
3697,"3,21,48"
3698,"3,85,158"
3699,"3,34,53"
3700,"0,216,169"
3701,"21,3,33"
3702,"169,199,281"
3703,"3,111,267"
3704,"3,30,66"
3705,"169,199,374"
3706,"40,41,224"
3707,"160,40,315"
3708,"24,49,10"
3709,"3,21,127"
3710,"4,3,183"
3711,"220,10,242"
3712,"3,30,28"
3713,"23,24,74"
3714,"64,10,90"
3715,"220,10,221"
3716,"0,271,456"
3717,"220,10,221"
3718,"23,38,24"
3719,"40,44,145"
3720,"3,28,30"
3721,"64,10,90"
3722,"23,74,303"
3723,"147,3,148"
3724,"32,3,30"
3725,"3,111,4"
3726,"4,3,19"
3727,"313,346,0"
3728,"23,26,89"
3729,"23,145,31"
3730,"23,118,74"
3731,"3,53,523"
3732,"0,8,501"
3733,"11,44,145"
3734,"23,24,59"
3735,"220,10,242"
3736,"169,199,281"
3737,"23,89,26"
3738,"23,74,303"
3739,"3,21,124"
3740,"54,10,95"
3741,"0,8,235"
3742,"0,8,308"
3743,"23,24,59"
3744,"0,216,277"
3745,"0,218,475"
3746,"220,10,221"
3747,"4,19,3"
3748,"23,71,38"
3749,"145,54,10"
3750,"3,17,168"
3751,"40,23,31"
3752,"8,0,308"
3753,"111,3,119"
3754,"23,26,89"
3755,"169,199,171"
3756,"3,53,287"
3757,"23,24,145"
3758,"40,145,402"
3759,"23,31,454"
3760,"23,105,106"
3761,"90,64,10"
3762,"10,54,322"
3763,"23,49,24"
3764,"169,199,323"
3765,"40,23,38"
3766,"23,74,118"
3767,"220,10,242"
3768,"3,60,10"
3769,"31,23,169"
3770,"169,199,459"
3771,"3,21,127"
3772,"23,26,350"
3773,"3,21,48"
3774,"0,308,271"
3775,"0,340,271"
3776,"23,24,25"
3777,"40,215,160"
3778,"4,3,19"
3779,"40,131,41"
3780,"3,4,19"
3781,"3,160,36"
3782,"184,40,185"
3783,"40,131,241"
3784,"168,17,3"
3785,"64,10,448"
3786,"169,53,68"
3787,"0,216,380"
3788,"0,8,308"
3789,"3,53,523"
3790,"3,34,263"
3791,"0,271,456"
3792,"0,285,8"
3793,"64,10,448"
3794,"64,10,65"
3795,"40,131,406"
3796,"220,10,242"
3797,"3,147,120"
3798,"296,169,0"
3799,"23,26,89"
3800,"169,199,281"
3801,"3,34,263"
3802,"40,145,44"
3803,"23,24,59"
3804,"11,10,109"
3805,"26,23,89"
3806,"40,145,44"
3807,"23,11,24"
3808,"131,40,406"
3809,"3,21,13"
3810,"23,137,105"
3811,"40,145,54"
3812,"3,30,28"
3813,"40,131,193"
3814,"26,89,23"
3815,"40,135,386"
3816,"3,116,447"
3817,"10,54,95"
3818,"3,4,30"
3819,"3,15,16"
3820,"44,145,40"
3821,"0,271,444"
3822,"23,26,89"
3823,"3,215,40"
3824,"220,10,221"
3825,"16,15,3"
3826,"145,40,44"
3827,"23,74,38"
3828,"3,4,435"
3829,"23,31,454"
3830,"0,265,490"
3831,"3,74,430"
3832,"145,44,40"
3833,"128,129,40"
3834,"3,85,379"
3835,"220,10,242"
3836,"0,271,456"
3837,"3,4,70"
3838,"0,214,213"
3839,"220,10,221"
3840,"0,271,456"
3841,"145,40,44"
3842,"23,24,43"
3843,"3,17,168"
3844,"0,8,206"
3845,"21,102,3"
3846,"220,10,221"
3847,"169,199,171"
3848,"11,10,109"
3849,"40,131,406"
3850,"3,30,21"
3851,"40,145,44"
3852,"40,41,146"
3853,"199,281,169"
3854,"0,271,456"
3855,"23,31,454"
3856,"169,296,417"
3857,"3,15,16"
3858,"3,147,148"
3859,"3,85,379"
3860,"40,41,42"
3861,"64,10,93"
3862,"3,34,263"
3863,"160,40,302"
3864,"169,199,281"
3865,"220,10,242"
3866,"131,406,40"
3867,"169,199,323"
3868,"23,24,49"
3869,"0,271,522"
3870,"23,74,118"
3871,"10,11,12"
3872,"169,199,171"
3873,"128,129,40"
3874,"145,40,524"
3875,"23,38,82"
3876,"0,271,291"
3877,"21,3,127"
3878,"3,116,447"
3879,"0,8,235"
3880,"11,205,10"
3881,"23,105,137"
3882,"3,4,435"
3883,"44,40,145"
3884,"0,271,291"
3885,"3,13,204"
3886,"0,8,206"
3887,"23,74,118"
3888,"3,16,15"
3889,"169,199,323"
3890,"11,10,109"
3891,"23,74,24"
3892,"0,216,254"
3893,"4,3,435"
3894,"40,160,423"
3895,"3,28,190"
3896,"3,56,85"
3897,"169,199,343"
3898,"23,38,39"
3899,"23,26,231"
3900,"40,41,42"
3901,"169,0,337"
3902,"23,38,39"
3903,"0,413,277"
3904,"40,162,84"
3905,"23,26,89"
3906,"0,216,304"
3907,"0,8,235"
3908,"23,26,350"
3909,"171,169,199"
3910,"44,40,145"
3911,"40,139,155"
3912,"3,111,119"
3913,"10,64,93"
3914,"220,10,221"
3915,"23,74,303"
3916,"10,60,169"
3917,"3,21,127"
3918,"402,145,40"
3919,"131,40,368"
3920,"111,3,112"
3921,"10,11,109"
3922,"24,23,59"
3923,"40,184,185"
3924,"23,24,43"
3925,"23,49,24"
3926,"3,23,53"
3927,"23,31,258"
3928,"3,21,41"
3929,"40,139,140"
3930,"3,28,190"
3931,"11,10,12"
3932,"64,10,448"
3933,"220,10,221"
3934,"40,41,224"
3935,"0,271,456"
3936,"3,30,66"
3937,"24,23,49"
3938,"10,64,80"
3939,"138,40,135"
3940,"54,40,145"
3941,"23,24,43"
3942,"0,208,209"
3943,"40,145,3"
3944,"0,271,456"
3945,"169,199,343"
3946,"54,10,95"
3947,"64,10,448"
3948,"23,84,74"
3949,"10,61,12"
3950,"89,26,0"
3951,"3,111,472"
3952,"3,23,74"
3953,"23,24,11"
3954,"145,40,44"
3955,"23,10,220"
3956,"3,204,13"
3957,"0,8,308"
3958,"40,131,134"
3959,"23,38,137"
3960,"23,24,43"
3961,"23,38,91"
3962,"3,21,500"
3963,"0,265,418"
3964,"145,40,0"
3965,"23,74,184"
3966,"0,8,308"
3967,"220,10,221"
3968,"23,24,38"
3969,"0,8,285"
3970,"3,53,467"
3971,"23,24,49"
3972,"3,111,267"
3973,"3,53,325"
3974,"206,0,8"
3975,"0,271,456"
3976,"4,19,238"
3977,"3,472,111"
3978,"23,38,160"
3979,"0,271,272"
3980,"10,64,65"
3981,"11,10,109"
3982,"0,211,319"
3983,"0,8,235"
3984,"0,271,291"
3985,"169,339,337"
3986,"40,145,402"
3987,"145,40,44"
3988,"131,406,40"
3989,"40,139,41"
3990,"23,74,118"
3991,"40,41,224"
3992,"40,128,129"
3993,"0,218,465"
3994,"145,40,54"
3995,"220,10,242"
3996,"23,137,38"
3997,"3,4,70"
3998,"3,21,33"
3999,"169,339,337"
4000,"0,8,26"
4001,"0,271,456"
4002,"3,111,267"
4003,"3,30,66"
4004,"4,3,435"
4005,"199,169,259"
4006,"169,339,337"
4007,"40,41,184"
4008,"0,8,308"
4009,"23,24,48"
4010,"23,74,317"
4011,"74,23,303"
4012,"64,10,448"
4013,"3,21,187"
4014,"3,34,143"
4015,"3,5,228"
4016,"10,64,93"
4017,"8,0,308"
4018,"169,296,411"
4019,"3,30,66"
4020,"169,170,260"
4021,"0,8,308"
4022,"23,24,43"
4023,"23,26,89"
4024,"3,21,48"
4025,"3,21,127"
4026,"3,28,30"
4027,"3,53,523"
4028,"11,10,23"
4029,"40,169,111"
4030,"169,171,170"
4031,"3,53,21"
4032,"0,208,209"
4033,"23,24,59"
4034,"3,4,435"
4035,"23,38,107"
4036,"3,4,183"
4037,"105,23,318"
4038,"105,23,326"
4039,"3,21,108"
4040,"54,10,95"
4041,"3,28,330"
4042,"3,111,21"
4043,"131,169,406"
4044,"3,21,284"
4045,"10,11,12"
4046,"0,522,265"
4047,"3,16,15"
4048,"0,271,366"
4049,"0,216,208"
4050,"0,8,308"
4051,"55,54,402"
4052,"41,40,42"
4053,"169,199,170"
4054,"0,8,235"
4055,"40,145,44"
4056,"128,40,195"
4057,"31,23,40"
4058,"38,23,137"
4059,"0,216,354"
4060,"3,17,320"
4061,"169,507,426"
4062,"128,40,186"
4063,"10,64,338"
4064,"220,10,221"
4065,"3,111,119"
4066,"3,21,85"
4067,"3,147,203"
4068,"3,53,34"
4069,"10,64,65"
4070,"10,54,145"
4071,"3,21,148"
4072,"40,135,244"
4073,"40,162,163"
4074,"0,271,291"
4075,"160,40,302"
4076,"145,40,44"
4077,"0,213,214"
4078,"3,85,293"
4079,"0,213,214"
4080,"44,145,40"
4081,"10,11,234"
4082,"23,24,43"
4083,"281,169,199"
4084,"40,131,226"
4085,"271,23,355"
4086,"40,131,406"
4087,"3,111,161"
4088,"23,74,303"
4089,"199,169,343"
4090,"23,32,31"
4091,"23,38,231"
4092,"40,128,3"
4093,"3,53,287"
4094,"40,41,42"
4095,"23,118,74"
4096,"220,10,221"
4097,"40,131,129"
4098,"23,3,32"
4099,"23,38,137"
4100,"11,10,12"
4101,"40,395,128"
4102,"23,71,43"
4103,"0,255,462"
4104,"23,31,40"
4105,"199,169,281"
4106,"26,23,350"
4107,"23,24,43"
4108,"10,64,72"
4109,"3,111,48"
4110,"41,40,42"
4111,"40,128,395"
4112,"12,11,10"
4113,"40,145,44"
4114,"44,45,40"
4115,"10,218,11"
4116,"3,34,17"
4117,"64,10,65"
4118,"23,309,38"
4119,"131,40,134"
4120,"4,19,3"
4121,"10,220,221"
4122,"3,53,4"
4123,"0,271,213"
4124,"23,26,89"
4125,"23,24,43"
4126,"3,4,183"
4127,"40,131,406"
4128,"23,26,89"
4129,"145,40,25"
4130,"23,24,38"
4131,"40,139,153"
4132,"17,3,168"
4133,"40,41,139"
4134,"49,24,23"
4135,"53,3,287"
4136,"3,53,325"
4137,"5,228,57"
4138,"3,21,187"
4139,"0,8,285"
4140,"3,4,7"
4141,"40,162,163"
4142,"23,0,271"
4143,"40,131,142"
4144,"40,135,236"
4145,"44,145,40"
4146,"40,41,128"
4147,"40,160,151"
4148,"23,38,91"
4149,"199,169,281"
4150,"169,170,260"
4151,"3,238,21"
4152,"10,64,93"
4153,"296,169,306"
4154,"40,41,286"
4155,"313,346,129"
4156,"0,421,229"
4157,"64,10,80"
4158,"21,3,127"
4159,"74,23,40"
4160,"0,413,277"
4161,"0,213,214"
4162,"40,135,138"
4163,"3,68,182"
4164,"0,218,23"
4165,"17,168,3"
4166,"220,10,242"
4167,"23,26,89"
4168,"169,199,281"
4169,"3,53,523"
4170,"3,28,190"
4171,"224,41,40"
4172,"3,30,66"
4173,"0,271,26"
4174,"23,32,31"
4175,"3,17,168"
4176,"0,271,291"
4177,"3,21,127"
4178,"23,54,10"
4179,"0,271,291"
4180,"0,271,456"
4181,"40,152,151"
4182,"23,74,118"
4183,"10,11,205"
4184,"60,10,31"
4185,"220,10,221"
4186,"23,24,43"
4187,"23,74,118"
4188,"220,10,221"
4189,"23,24,43"
4190,"23,74,303"
4191,"23,24,25"
4192,"10,93,64"
4193,"8,0,308"
4194,"3,66,148"
4195,"199,169,248"
4196,"0,8,308"
4197,"128,195,40"
4198,"4,3,19"
4199,"23,74,38"
4200,"3,467,139"
4201,"64,10,80"
4202,"216,0,257"
4203,"40,184,185"
4204,"44,40,145"
4205,"220,10,242"
4206,"23,26,89"
4207,"23,74,118"
4208,"11,44,145"
4209,"3,4,19"
4210,"23,26,231"
4211,"10,64,93"
4212,"169,199,251"
4213,"23,38,82"
4214,"0,53,265"
4215,"220,10,242"
4216,"3,53,21"
4217,"0,271,456"
4218,"0,206,8"
4219,"169,170,199"
4220,"40,131,159"
4221,"23,31,24"
4222,"0,218,351"
4223,"169,3,53"
4224,"17,168,3"
4225,"3,111,267"
4226,"23,74,38"
4227,"23,74,38"
4228,"23,53,287"
4229,"40,131,159"
4230,"3,447,116"
4231,"0,370,216"
4232,"40,145,402"
4233,"145,402,40"
4234,"3,13,14"
4235,"40,41,224"
4236,"23,24,10"
4237,"3,53,287"
4238,"23,24,43"
4239,"26,23,350"
4240,"24,23,43"
4241,"3,21,108"
4242,"3,16,15"
4243,"10,64,93"
4244,"3,21,126"
4245,"8,0,308"
4246,"0,271,456"
4247,"40,74,23"
4248,"3,147,167"
4249,"23,31,40"
4250,"3,21,85"
4251,"64,10,93"
4252,"296,169,411"
4253,"23,38,309"
4254,"145,44,40"
4255,"3,85,147"
4256,"40,131,132"
4257,"11,205,10"
4258,"3,4,435"
4259,"3,111,267"
4260,"0,8,235"
4261,"17,168,3"
4262,"3,4,435"
4263,"40,41,139"
4264,"3,14,13"
4265,"0,313,346"
4266,"3,4,435"
4267,"64,10,65"
4268,"3,111,148"
4269,"24,23,145"
4270,"11,205,10"
4271,"3,111,53"
4272,"3,17,168"
4273,"0,8,285"
4274,"23,38,39"
4275,"169,199,343"
4276,"199,171,169"
4277,"169,199,0"
4278,"3,21,187"
4279,"3,126,21"
4280,"3,21,169"
4281,"169,199,323"
4282,"23,24,43"
4283,"169,170,199"
4284,"40,131,406"
4285,"199,169,323"
4286,"10,54,64"
4287,"40,184,368"
4288,"220,10,221"
4289,"220,10,221"
4290,"25,220,23"
4291,"23,118,74"
4292,"145,40,44"
4293,"23,54,24"
4294,"3,30,48"
4295,"40,128,129"
4296,"23,26,308"
4297,"0,8,308"
4298,"40,139,128"
4299,"145,24,40"
4300,"145,40,54"
4301,"169,170,260"
4302,"40,135,138"
4303,"10,60,239"
4304,"23,38,74"
4305,"0,8,220"
4306,"11,109,10"
4307,"129,128,40"
4308,"31,23,454"
4309,"23,24,43"
4310,"24,23,49"
4311,"169,199,281"
4312,"40,131,406"
4313,"40,152,151"
4314,"10,64,93"
4315,"3,17,320"
4316,"23,24,25"
4317,"23,26,89"
4318,"23,26,231"
4319,"23,74,84"
4320,"23,74,165"
4321,"40,286,41"
4322,"11,109,10"
4323,"23,31,309"
4324,"169,171,199"
4325,"24,23,43"
4326,"265,340,0"
4327,"26,23,89"
4328,"10,64,338"
4329,"40,139,140"
4330,"26,231,23"
4331,"53,23,74"
4332,"24,23,43"
4333,"3,21,33"
4334,"40,41,42"
4335,"60,61,10"
4336,"93,64,10"
4337,"3,21,85"
4338,"3,30,66"
4339,"3,53,13"
4340,"3,16,15"
4341,"23,105,137"
4342,"40,152,151"
4343,"131,40,406"
4344,"145,44,40"
4345,"3,4,19"
4346,"169,339,337"
4347,"10,11,205"
4348,"169,260,170"
4349,"3,21,48"
4350,"3,147,21"
4351,"64,10,80"
4352,"24,23,54"
4353,"23,74,118"
4354,"0,271,456"
4355,"169,199,323"
4356,"21,3,127"
4357,"40,135,138"
4358,"3,13,204"
4359,"184,40,185"
4360,"40,145,131"
4361,"169,171,199"
4362,"11,10,109"
4363,"0,216,380"
4364,"8,23,0"
4365,"40,151,152"
4366,"3,28,190"
4367,"23,31,96"
4368,"23,74,118"
4369,"0,271,353"
4370,"21,3,108"
4371,"3,28,113"
4372,"11,10,109"
4373,"23,74,118"
4374,"40,139,153"
4375,"3,21,48"
4376,"23,31,258"
4377,"40,128,195"
4378,"40,21,3"
4379,"3,60,28"
4380,"4,3,19"
4381,"220,10,242"
4382,"23,31,328"
4383,"40,131,406"
4384,"3,21,267"
4385,"147,148,3"
4386,"64,10,93"
4387,"3,4,174"
4388,"220,10,242"
4389,"44,145,40"
4390,"40,152,151"
4391,"145,40,54"
4392,"23,287,303"
4393,"23,74,84"
4394,"169,281,199"
4395,"10,64,93"
4396,"220,10,221"
4397,"17,168,3"
4398,"23,38,71"
4399,"3,21,30"
4400,"23,26,89"
4401,"23,118,74"
4402,"131,406,241"
4403,"220,10,221"
4404,"44,40,145"
4405,"3,30,66"
4406,"23,38,39"
4407,"23,24,43"
4408,"169,170,260"
4409,"96,184,40"
4410,"23,26,89"
4411,"23,31,32"
4412,"169,0,296"
4413,"3,21,164"
4414,"3,379,21"
4415,"3,21,126"
4416,"40,131,406"
4417,"0,271,456"
4418,"169,199,323"
4419,"3,21,187"
4420,"23,74,24"
4421,"135,40,244"
4422,"3,21,48"
4423,"23,24,43"
4424,"0,206,8"
4425,"64,10,65"
4426,"0,271,456"
4427,"23,24,49"
4428,"10,60,239"
4429,"0,271,456"
4430,"21,3,187"
4431,"3,68,53"
4432,"11,10,205"
4433,"169,260,281"
4434,"40,162,163"
4435,"40,139,153"
4436,"3,188,30"
4437,"3,4,19"
4438,"0,271,413"
4439,"23,26,89"
4440,"23,89,26"
4441,"23,24,38"
4442,"105,23,318"
4443,"3,85,147"
4444,"0,206,8"
4445,"10,64,93"
4446,"40,145,44"
4447,"10,40,44"
4448,"40,131,132"
4449,"64,10,93"
4450,"16,15,3"
4451,"80,10,23"
4452,"169,199,323"
4453,"23,25,24"
4454,"220,10,221"
4455,"40,128,129"
4456,"40,395,41"
4457,"220,10,221"
4458,"26,23,350"
4459,"131,406,40"
4460,"64,10,80"
4461,"40,395,241"
4462,"220,10,221"
4463,"3,5,228"
4464,"10,64,93"
4465,"169,199,343"
4466,"3,168,17"
4467,"10,93,64"
4468,"40,135,41"
4469,"38,23,64"
4470,"3,21,100"
4471,"0,8,206"
4472,"0,249,279"
4473,"11,10,205"
4474,"3,21,108"
4475,"169,199,323"
4476,"171,169,199"
4477,"169,199,248"
4478,"3,111,112"
4479,"3,147,430"
4480,"0,216,380"
4481,"131,40,241"
4482,"40,111,146"
4483,"40,160,315"
4484,"0,249,279"
4485,"10,60,23"
4486,"3,15,16"
4487,"23,74,303"
4488,"3,53,287"
4489,"40,152,151"
4490,"64,10,80"
4491,"169,170,260"
4492,"0,212,249"
4493,"0,271,456"
4494,"0,216,208"
4495,"23,3,170"
4496,"0,1,2"
4497,"40,145,146"
4498,"131,40,406"
4499,"3,111,112"
4500,"0,271,456"
4501,"131,40,226"
4502,"3,48,21"
4503,"23,24,43"
4504,"118,23,74"
4505,"23,26,350"
4506,"49,23,24"
4507,"220,10,221"
4508,"0,313,346"
4509,"23,74,118"
4510,"3,147,148"
4511,"23,74,317"
4512,"11,10,205"
4513,"0,8,206"
4514,"3,28,120"
4515,"3,111,112"
4516,"40,160,315"
4517,"0,8,391"
4518,"40,131,406"
4519,"40,145,128"
4520,"40,129,128"
4521,"40,128,131"
4522,"23,38,89"
4523,"23,105,24"
4524,"31,23,258"
4525,"21,3,199"
4526,"0,279,249"
4527,"40,131,134"
4528,"0,216,304"
4529,"10,12,11"
4530,"3,4,238"
4531,"3,147,148"
4532,"131,40,406"
4533,"0,8,206"
4534,"145,40,44"
4535,"3,379,85"
4536,"3,41,40"
4537,"64,10,93"
4538,"10,145,40"
4539,"40,152,151"
4540,"220,10,242"
4541,"3,53,523"
4542,"40,149,41"
4543,"169,260,170"
4544,"31,23,258"
4545,"3,85,86"
4546,"3,21,48"
4547,"40,152,151"
4548,"3,21,187"
4549,"40,139,155"
4550,"3,188,4"
4551,"24,23,49"
4552,"64,10,93"
4553,"23,74,165"
4554,"169,199,281"
4555,"145,40,44"
4556,"44,145,40"
4557,"3,21,320"
4558,"3,21,111"
4559,"145,40,44"
4560,"3,53,17"
4561,"40,128,241"
4562,"10,64,65"
4563,"3,127,21"
4564,"11,10,205"
4565,"40,160,315"
4566,"23,31,328"
4567,"0,355,271"
4568,"23,74,317"
4569,"3,5,228"
4570,"23,24,10"
4571,"10,60,11"
4572,"169,199,248"
4573,"23,24,60"
4574,"23,24,43"
4575,"40,131,406"
4576,"11,10,205"
4577,"145,40,10"
4578,"0,8,308"
4579,"3,21,187"
4580,"199,169,281"
4581,"26,23,89"
4582,"199,169,281"
4583,"23,105,74"
4584,"3,21,53"
4585,"23,74,303"
4586,"16,15,3"
4587,"44,145,40"
4588,"3,85,66"
4589,"0,271,355"
4590,"23,26,89"
4591,"3,21,127"
4592,"3,28,7"
4593,"184,40,185"
4594,"23,24,62"
4595,"3,21,108"
4596,"169,311,296"
4597,"23,26,89"
4598,"3,34,263"
4599,"168,17,419"
4600,"220,10,221"
4601,"23,26,89"
4602,"3,30,168"
4603,"40,128,129"
4604,"10,54,64"
4605,"40,41,186"
4606,"40,160,315"
4607,"0,255,218"
4608,"23,74,118"
4609,"10,220,221"
4610,"40,139,41"
4611,"169,170,459"
4612,"0,271,280"
4613,"3,4,15"
4614,"169,337,339"
4615,"3,53,467"
4616,"3,53,21"
4617,"40,131,134"
4618,"23,74,118"
4619,"23,24,25"
4620,"131,226,40"
4621,"10,60,64"
4622,"0,216,304"
4623,"21,3,108"
4624,"40,131,395"
4625,"3,51,52"
4626,"199,169,323"
4627,"3,21,108"
4628,"23,3,53"
4629,"11,10,205"
4630,"10,64,93"
4631,"40,23,184"
4632,"23,26,89"
4633,"23,31,454"
4634,"3,168,17"
4635,"169,60,10"
4636,"160,40,315"
4637,"40,41,160"
4638,"131,40,406"
4639,"23,26,89"
4640,"3,147,148"
4641,"3,21,124"
4642,"23,24,49"
4643,"23,74,303"
4644,"3,21,48"
4645,"64,10,93"
4646,"23,105,137"
4647,"169,339,337"
4648,"10,60,93"
4649,"3,21,127"
4650,"220,10,242"
4651,"40,128,131"
4652,"281,199,169"
4653,"23,24,43"
4654,"10,54,95"
4655,"147,3,148"
4656,"3,28,190"
4657,"11,10,109"
4658,"23,26,350"
4659,"0,279,249"
4660,"0,271,456"
4661,"169,199,323"
4662,"3,30,48"
4663,"40,41,42"
4664,"40,146,145"
4665,"10,11,60"
4666,"40,145,10"
4667,"3,5,228"
4668,"0,271,456"
4669,"23,26,89"
4670,"169,199,343"
4671,"23,77,31"
4672,"0,271,355"
4673,"23,74,118"
4674,"3,21,187"
4675,"40,131,193"
4676,"199,169,281"
4677,"169,170,260"
4678,"40,41,128"
4679,"26,23,350"
4680,"23,74,303"
4681,"3,15,16"
4682,"170,169,459"
4683,"169,199,281"
4684,"3,21,182"
4685,"64,10,93"
4686,"23,31,328"
4687,"3,4,133"
4688,"0,216,304"
4689,"40,160,302"
4690,"0,271,291"
4691,"0,8,271"
4692,"21,3,127"
4693,"3,111,119"
4694,"23,26,89"
4695,"23,137,38"
4696,"4,3,19"
4697,"3,379,21"
4698,"145,40,44"
4699,"64,10,93"
4700,"169,171,199"
4701,"169,170,296"
4702,"3,156,21"
4703,"220,10,221"
4704,"32,31,23"
4705,"0,255,462"
4706,"3,21,127"
4707,"40,131,406"
4708,"296,169,460"
4709,"23,40,74"
4710,"199,169,323"
4711,"220,10,242"
4712,"64,10,80"
4713,"23,24,25"
4714,"23,38,440"
4715,"0,271,291"
4716,"23,11,24"
4717,"0,271,456"
4718,"147,3,148"
4719,"0,313,346"
4720,"23,38,24"
4721,"199,169,281"
4722,"23,26,231"
4723,"40,139,140"
4724,"0,216,254"
4725,"40,128,129"
4726,"23,74,118"
4727,"4,3,19"
4728,"23,24,401"
4729,"3,17,168"
4730,"3,21,187"
4731,"3,85,158"
4732,"3,30,28"
4733,"145,40,55"
4734,"220,10,221"
4735,"10,60,61"
4736,"3,17,168"
4737,"3,15,85"
4738,"169,199,171"
4739,"10,11,40"
4740,"3,147,148"
4741,"3,53,287"
4742,"169,170,3"
4743,"169,426,312"
4744,"3,379,21"
4745,"3,40,48"
4746,"3,85,388"
4747,"38,71,23"
4748,"23,74,317"
4749,"54,10,40"
4750,"220,10,242"
4751,"0,271,265"
4752,"31,23,258"
4753,"199,169,343"
4754,"40,184,185"
4755,"0,8,235"
4756,"40,131,134"
4757,"0,235,255"
4758,"3,21,127"
4759,"3,263,53"
4760,"3,309,23"
4761,"147,3,148"
4762,"3,21,127"
4763,"23,74,303"
4764,"40,162,163"
4765,"3,53,275"
4766,"40,162,163"
4767,"0,24,23"
4768,"11,10,109"
4769,"0,208,255"
4770,"40,160,334"
4771,"3,5,228"
4772,"40,44,145"
4773,"3,53,111"
4774,"3,28,190"
4775,"3,21,127"
4776,"3,21,187"
4777,"3,21,127"
4778,"0,271,456"
4779,"220,10,221"
4780,"3,296,300"
4781,"44,145,40"
4782,"23,31,258"
4783,"64,90,448"
4784,"3,34,169"
4785,"3,16,15"
4786,"23,26,231"
4787,"5,3,228"
4788,"128,3,40"
4789,"26,23,350"
4790,"54,10,40"
4791,"3,21,108"
4792,"0,8,206"
4793,"23,74,303"
4794,"3,238,111"
4795,"23,105,495"
4796,"0,271,272"
4797,"3,21,53"
4798,"0,271,355"
4799,"169,170,459"
4800,"40,41,324"
4801,"3,204,13"
4802,"10,220,242"
4803,"40,41,286"
4804,"169,199,343"
4805,"3,85,158"
4806,"0,1,2"
4807,"147,148,3"
4808,"23,118,74"
4809,"24,23,43"
4810,"11,10,205"
4811,"40,139,155"
4812,"3,85,86"
4813,"10,60,61"
4814,"23,24,49"
4815,"64,10,448"
4816,"296,169,411"
4817,"0,249,279"
4818,"25,24,23"
4819,"3,187,21"
4820,"199,169,281"
4821,"206,0,8"
4822,"3,17,168"
4823,"44,145,24"
4824,"3,56,4"
4825,"3,32,23"
4826,"24,23,44"
4827,"11,10,109"
4828,"40,128,129"
4829,"3,21,33"
4830,"10,54,95"
4831,"23,26,89"
4832,"0,206,8"
4833,"40,131,226"
4834,"0,8,308"
4835,"147,148,3"
4836,"44,145,40"
4837,"40,145,146"
4838,"17,3,168"
4839,"21,3,102"
4840,"169,251,337"
4841,"169,199,260"
4842,"3,111,123"
4843,"71,38,54"
4844,"11,40,145"
4845,"3,147,148"
4846,"3,147,148"
4847,"220,10,221"
4848,"3,34,143"
4849,"145,40,402"
4850,"0,206,8"
4851,"128,40,195"
4852,"40,128,131"
4853,"40,145,23"
4854,"3,28,53"
4855,"23,24,43"
4856,"40,128,131"
4857,"220,10,242"
4858,"24,23,49"
4859,"220,10,221"
4860,"3,53,287"
4861,"10,64,54"
4862,"40,41,160"
4863,"169,199,343"
4864,"3,40,145"
4865,"128,40,129"
4866,"23,24,49"
4867,"3,147,203"
4868,"3,23,31"
4869,"0,271,255"
4870,"64,10,80"
4871,"169,170,199"
4872,"220,10,221"
4873,"169,199,281"
4874,"74,23,165"
4875,"3,53,68"
4876,"17,168,3"
4877,"0,216,254"
4878,"40,41,128"
4879,"0,8,216"
4880,"402,145,31"
4881,"23,74,38"
4882,"220,10,221"
4883,"3,53,287"
4884,"0,313,346"
4885,"175,128,40"
4886,"3,21,127"
4887,"3,53,15"
4888,"3,156,147"
4889,"169,259,199"
4890,"10,23,24"
4891,"169,199,323"
4892,"3,85,158"
4893,"0,271,456"
4894,"44,145,40"
4895,"0,206,8"
4896,"10,54,95"
4897,"23,74,303"
4898,"21,3,108"
4899,"3,21,17"
4900,"3,21,301"
4901,"11,10,109"
4902,"296,169,411"
4903,"169,199,171"
4904,"40,160,302"
4905,"169,199,281"
4906,"10,64,80"
4907,"0,216,271"
4908,"3,104,30"
4909,"3,17,168"
4910,"23,74,303"
4911,"10,54,322"
4912,"3,21,108"
4913,"23,24,43"
4914,"64,448,79"
4915,"3,182,68"
4916,"220,10,221"
4917,"0,313,346"
4918,"23,74,38"
4919,"23,38,440"
4920,"3,30,66"
4921,"23,26,38"
4922,"64,10,80"
4923,"0,265,490"
4924,"15,16,3"
4925,"40,41,215"
4926,"64,10,448"
4927,"3,164,21"
4928,"11,10,109"
4929,"40,128,41"
4930,"40,184,131"
4931,"3,28,30"
4932,"40,41,186"
4933,"64,10,80"
4934,"220,10,221"
4935,"23,74,118"
4936,"10,220,242"
4937,"169,260,170"
4938,"40,41,286"
4939,"0,279,249"
4940,"169,199,323"
4941,"0,216,212"
4942,"23,31,49"
4943,"23,71,38"
4944,"23,49,24"
4945,"220,10,242"
4946,"128,0,195"
4947,"23,31,10"
4948,"40,41,215"
4949,"145,72,95"
4950,"3,113,28"
4951,"23,26,231"
4952,"206,0,8"
4953,"3,4,238"
4954,"131,31,77"
4955,"145,40,402"
4956,"220,10,242"
4957,"26,23,89"
4958,"64,10,93"
4959,"44,11,145"
4960,"169,199,281"
4961,"169,296,111"
4962,"5,3,228"
4963,"100,222,40"
4964,"0,8,206"
4965,"3,21,40"
4966,"44,145,40"
4967,"3,4,183"
4968,"23,24,62"
4969,"220,10,242"
4970,"23,38,71"
4971,"220,10,221"
4972,"220,10,242"
4973,"3,41,21"
4974,"4,19,3"
4975,"23,24,25"
4976,"3,21,48"
4977,"3,53,523"
4978,"23,74,118"
4979,"0,17,56"
4980,"0,216,249"
4981,"44,145,40"
4982,"169,426,170"
4983,"40,139,244"
4984,"3,287,281"
4985,"3,30,66"
4986,"23,118,74"
4987,"40,131,128"
4988,"0,216,23"
4989,"131,40,406"
4990,"23,74,303"
4991,"10,11,109"
4992,"3,53,111"
4993,"3,28,190"
4994,"40,41,224"
4995,"64,10,448"
4996,"23,31,454"
4997,"169,199,323"
4998,"220,10,242"
4999,"10,64,93"
5000,"54,10,40"
5001,"4,3,238"
5002,"3,53,168"
5003,"23,74,317"
5004,"3,21,115"
5005,"169,199,323"
5006,"23,26,89"
5007,"199,169,281"
5008,"40,152,151"
5009,"40,131,402"
5010,"249,23,279"
5011,"0,272,361"
5012,"40,54,145"
5013,"3,4,183"
5014,"23,38,39"
5015,"10,64,93"
5016,"10,64,93"
5017,"4,3,7"
5018,"3,237,34"
5019,"169,199,323"
5020,"138,40,135"
5021,"10,11,419"
5022,"64,10,80"
5023,"26,23,89"
5024,"3,5,228"
5025,"21,3,169"
5026,"0,313,346"
5027,"40,41,286"
5028,"3,111,53"
5029,"147,3,203"
5030,"0,8,308"
5031,"4,3,19"
5032,"138,169,40"
5033,"199,169,343"
5034,"145,40,34"
5035,"0,8,308"
5036,"147,3,148"
5037,"296,169,411"
5038,"169,337,170"
5039,"40,131,406"
5040,"23,24,43"
5041,"64,10,80"
5042,"23,26,231"
5043,"10,109,11"
5044,"10,64,93"
5045,"128,40,129"
5046,"147,3,148"
5047,"4,3,19"
5048,"74,23,71"
5049,"3,85,86"
5050,"3,34,263"
5051,"184,40,185"
5052,"40,131,142"
5053,"16,15,3"
5054,"23,74,118"
5055,"3,4,53"
5056,"64,90,65"
5057,"3,147,148"
5058,"54,10,45"
5059,"3,169,281"
5060,"3,53,111"
5061,"3,21,53"
5062,"169,170,260"
5063,"3,21,127"
5064,"0,271,291"
5065,"3,4,5"
5066,"0,8,235"
5067,"3,4,238"
5068,"40,131,406"
5069,"4,3,238"
5070,"0,340,265"
5071,"64,10,442"
5072,"40,44,145"
5073,"40,135,244"
5074,"3,34,263"
5075,"3,21,127"
5076,"3,21,108"
5077,"3,21,148"
5078,"10,220,221"
5079,"40,128,186"
5080,"64,10,80"
5081,"220,10,242"
5082,"23,74,165"
5083,"169,296,274"
5084,"10,54,145"
5085,"3,21,126"
5086,"40,184,185"
5087,"17,3,168"
5088,"40,131,406"
5089,"3,21,115"
5090,"169,199,281"
5091,"23,25,24"
5092,"220,10,221"
5093,"220,10,0"
5094,"11,10,12"
5095,"71,23,38"
5096,"11,10,109"
5097,"10,64,93"
5098,"0,216,271"
5099,"44,40,145"
5100,"296,169,411"
5101,"128,129,40"
5102,"169,170,459"
5103,"162,163,40"
5104,"23,31,454"
5105,"169,199,259"
5106,"3,34,263"
5107,"3,17,34"
5108,"3,147,32"
5109,"17,168,3"
5110,"3,21,108"
5111,"40,395,145"
5112,"3,147,148"
5113,"3,16,15"
5114,"21,3,164"
5115,"10,54,55"
5116,"169,199,281"
5117,"0,249,279"
5118,"3,147,148"
5119,"3,30,66"
5120,"3,111,119"
5121,"10,54,64"
5122,"3,147,16"
5123,"3,53,111"
5124,"10,64,65"
5125,"44,145,40"
5126,"40,131,406"
5127,"169,259,23"
5128,"40,131,406"
5129,"128,129,40"
5130,"220,221,10"
5131,"84,40,23"
5132,"23,74,38"
5133,"220,10,221"
5134,"40,145,402"
5135,"0,8,249"
5136,"40,139,3"
5137,"3,16,128"
5138,"206,0,8"
5139,"0,271,277"
5140,"10,64,93"
5141,"64,10,93"
5142,"64,10,65"
5143,"169,199,171"
5144,"26,23,350"
5145,"3,5,228"
5146,"105,495,23"
5147,"10,40,402"
5148,"0,216,254"
5149,"3,21,126"
5150,"64,10,65"
5151,"3,30,66"
5152,"64,10,80"
5153,"40,135,141"
5154,"10,11,12"
5155,"11,44,145"
5156,"3,21,53"
5157,"169,21,199"
5158,"40,395,131"
5159,"23,105,106"
5160,"3,4,435"
5161,"3,34,139"
5162,"199,169,343"
5163,"220,10,242"
5164,"23,199,169"
5165,"0,218,512"
5166,"23,31,77"
5167,"3,17,320"
5168,"220,242,221"
5169,"105,23,318"
5170,"23,24,0"
5171,"40,131,128"
5172,"3,21,127"
5173,"3,15,16"
5174,"23,24,145"
5175,"3,53,68"
5176,"147,3,148"
5177,"169,3,281"
5178,"169,508,170"
5179,"24,23,43"
5180,"11,109,10"
5181,"3,0,21"
5182,"10,23,220"
5183,"23,26,231"
5184,"11,10,205"
5185,"23,38,89"
5186,"3,21,108"
5187,"23,231,118"
5188,"3,5,228"
5189,"40,139,100"
5190,"3,53,21"
5191,"169,199,323"
5192,"402,54,40"
5193,"23,74,71"
5194,"3,21,40"
5195,"23,49,24"
5196,"10,12,11"
5197,"54,10,24"
5198,"40,139,153"
5199,"77,23,0"
5200,"23,89,26"
5201,"3,17,168"
5202,"128,129,40"
5203,"23,26,89"
5204,"23,118,38"
5205,"40,41,126"
5206,"3,28,29"
5207,"3,13,22"
5208,"0,8,206"
5209,"182,68,3"
5210,"23,454,38"
5211,"145,40,44"
5212,"169,199,281"
5213,"40,149,41"
5214,"3,111,119"
5215,"145,40,44"
5216,"10,40,54"
5217,"185,184,40"
5218,"169,199,323"
5219,"10,11,205"
5220,"131,23,296"
5221,"21,3,108"
5222,"23,24,54"
5223,"23,38,105"
5224,"40,128,129"
5225,"169,508,31"
5226,"23,26,89"
5227,"10,54,322"
5228,"0,271,456"
5229,"11,10,109"
5230,"23,26,89"
5231,"0,213,218"
5232,"3,13,85"
5233,"40,102,21"
5234,"40,128,129"
5235,"44,145,40"
5236,"23,26,169"
5237,"169,170,260"
5238,"10,64,93"
5239,"199,169,343"
5240,"10,11,109"
5241,"3,53,111"
5242,"23,26,89"
5243,"220,10,221"
5244,"23,137,38"
5245,"21,3,48"
5246,"152,151,40"
5247,"3,4,19"
5248,"169,170,260"
5249,"131,40,406"
5250,"40,131,226"
5251,"23,74,118"
5252,"21,3,48"
5253,"0,218,3"
5254,"23,74,118"
5255,"0,313,346"
5256,"169,199,281"
5257,"40,145,146"
5258,"10,0,54"
5259,"0,206,8"
5260,"23,26,89"
5261,"23,71,74"
5262,"10,60,61"
5263,"23,26,38"
5264,"23,31,25"
5265,"220,10,221"
5266,"339,337,169"
5267,"169,199,323"
5268,"4,238,3"
5269,"3,21,108"
5270,"0,271,456"
5271,"40,131,184"
5272,"10,60,31"
5273,"169,459,170"
5274,"40,131,132"
5275,"23,31,328"
5276,"0,8,206"
5277,"26,231,23"
5278,"169,199,3"
5279,"3,21,30"
5280,"23,89,26"
5281,"23,40,145"
5282,"169,23,199"
5283,"23,74,317"
5284,"0,271,355"
5285,"147,3,148"
5286,"34,3,263"
5287,"3,53,287"
5288,"3,30,66"
5289,"40,160,302"
5290,"3,21,164"
5291,"3,147,148"
5292,"23,74,105"
5293,"0,271,366"
5294,"23,26,89"
5295,"169,199,260"
5296,"40,162,163"
5297,"23,145,40"
5298,"199,281,169"
5299,"220,10,242"
5300,"23,24,43"
5301,"40,145,395"
5302,"169,296,0"
5303,"23,24,43"
5304,"25,23,24"
5305,"40,3,222"
5306,"3,34,263"
5307,"40,128,175"
5308,"145,40,44"
5309,"64,10,65"
5310,"23,74,165"
5311,"11,10,109"
5312,"3,40,160"
5313,"26,231,23"
5314,"0,271,291"
5315,"44,145,40"
5316,"0,249,381"
5317,"3,111,267"
5318,"0,265,349"
5319,"3,17,168"
5320,"53,169,3"
5321,"131,40,406"
5322,"3,143,34"
5323,"8,0,23"
5324,"23,145,24"
5325,"135,40,189"
5326,"3,111,112"
5327,"169,199,281"
5328,"17,3,320"
5329,"23,38,63"
5330,"40,23,74"
5331,"40,131,486"
5332,"23,105,318"
5333,"3,30,66"
5334,"40,138,135"
5335,"3,111,119"
5336,"199,169,343"
5337,"31,32,23"
5338,"169,199,171"
5339,"40,131,159"
5340,"169,199,171"
5341,"169,296,311"
5342,"3,21,164"
5343,"169,199,281"
5344,"54,10,95"
5345,"23,38,24"
5346,"23,11,24"
5347,"23,74,231"
5348,"0,8,23"
5349,"23,40,145"
5350,"296,23,40"
5351,"3,21,126"
5352,"40,131,226"
5353,"11,109,10"
5354,"54,145,10"
5355,"40,131,134"
5356,"3,139,467"
5357,"23,71,74"
5358,"3,30,66"
5359,"23,49,24"
5360,"23,26,89"
5361,"3,21,127"
5362,"23,38,309"
5363,"3,15,53"
5364,"10,11,109"
5365,"3,28,30"
5366,"3,147,148"
5367,"169,459,170"
5368,"169,459,170"
5369,"3,21,108"
5370,"3,4,238"
5371,"64,10,80"
5372,"0,31,328"
5373,"0,265,340"
5374,"169,199,64"
5375,"40,131,406"
5376,"169,199,281"
5377,"169,199,281"
5378,"3,4,174"
5379,"54,10,402"
5380,"23,105,318"
5381,"40,128,186"
5382,"220,10,242"
5383,"0,271,456"
5384,"40,286,131"
5385,"0,271,456"
5386,"31,23,96"
5387,"3,17,168"
5388,"11,10,12"
5389,"40,502,145"
5390,"145,44,40"
5391,"10,64,93"
5392,"169,296,411"
5393,"3,21,53"
5394,"402,145,40"
5395,"260,25,170"
5396,"118,23,74"
5397,"0,8,391"
5398,"0,8,271"
5399,"23,231,26"
5400,"3,21,48"
5401,"199,169,323"
5402,"10,49,24"
5403,"40,41,149"
5404,"0,271,522"
5405,"40,131,241"
5406,"40,128,186"
5407,"23,26,350"
5408,"169,199,311"
5409,"147,3,148"
5410,"0,8,206"
5411,"169,296,411"
5412,"169,251,337"
5413,"64,10,93"
5414,"0,216,370"
5415,"31,54,258"
5416,"3,16,147"
5417,"3,21,13"
5418,"11,10,109"
5419,"44,45,145"
5420,"3,17,168"
5421,"187,3,21"
5422,"3,21,187"
5423,"3,34,263"
5424,"10,93,64"
5425,"169,170,199"
5426,"3,467,40"
5427,"23,24,49"
5428,"64,10,80"
5429,"220,10,242"
5430,"3,34,263"
5431,"4,3,19"
5432,"23,24,105"
5433,"3,40,13"
5434,"0,8,235"
5435,"64,10,448"
5436,"23,38,71"
5437,"0,235,8"
5438,"23,26,89"
5439,"40,146,145"
5440,"23,26,89"
5441,"23,31,454"
5442,"0,8,265"
5443,"0,8,206"
5444,"3,33,147"
5445,"40,145,402"
5446,"0,271,456"
5447,"40,145,3"
5448,"0,10,54"
5449,"40,184,185"
5450,"10,60,239"
5451,"3,21,287"
5452,"296,169,300"
5453,"3,187,34"
5454,"169,0,170"
5455,"40,41,139"
5456,"0,271,208"
5457,"21,3,108"
5458,"258,31,402"
5459,"17,3,320"
5460,"147,3,148"
5461,"23,24,10"
5462,"140,40,139"
5463,"3,21,108"
5464,"3,28,190"
5465,"23,24,26"
5466,"0,271,265"
5467,"169,170,459"
5468,"23,24,43"
5469,"0,8,308"
5470,"0,355,308"
5471,"169,199,170"
5472,"23,74,303"
5473,"0,265,490"
5474,"0,271,355"
5475,"3,147,148"
5476,"3,111,284"
5477,"64,10,448"
5478,"23,44,145"
5479,"296,169,460"
5480,"169,199,281"
5481,"111,3,119"
5482,"169,199,171"
5483,"0,8,206"
5484,"3,68,21"
5485,"169,296,306"
5486,"3,53,287"
5487,"169,199,281"
5488,"23,32,31"
5489,"296,169,306"
5490,"21,164,3"
5491,"79,64,10"
5492,"3,21,48"
5493,"10,64,65"
5494,"3,30,66"
5495,"0,271,355"
5496,"40,128,129"
5497,"26,23,350"
5498,"3,168,17"
5499,"3,13,14"
5500,"11,10,12"
5501,"54,10,95"
5502,"23,74,31"
5503,"64,10,80"
5504,"23,118,74"
5505,"131,241,40"
5506,"0,8,410"
5507,"0,216,211"
5508,"0,271,355"
5509,"169,199,323"
5510,"3,21,164"
5511,"3,21,187"
5512,"169,199,374"
5513,"3,30,104"
5514,"220,10,23"
5515,"44,145,40"
5516,"40,131,406"
5517,"64,10,80"
5518,"23,307,74"
5519,"21,3,127"
5520,"23,26,74"
5521,"23,26,350"
5522,"23,105,318"
5523,"3,28,52"
5524,"220,10,242"
5525,"3,28,190"
5526,"23,31,328"
5527,"0,229,421"
5528,"111,3,119"
5529,"10,11,205"
5530,"3,85,158"
5531,"40,44,145"
5532,"23,38,91"
5533,"199,169,343"
5534,"3,15,16"
5535,"0,216,277"
5536,"3,13,21"
5537,"3,34,143"
5538,"169,170,260"
5539,"11,10,12"
5540,"23,74,303"
5541,"10,23,24"
5542,"3,21,187"
5543,"0,271,355"
5544,"23,38,71"
5545,"3,111,267"
5546,"23,24,43"
5547,"3,169,199"
5548,"3,17,320"
5549,"10,11,205"
5550,"40,135,138"
5551,"169,199,138"
5552,"0,216,288"
5553,"169,170,199"
5554,"0,271,291"
5555,"23,24,10"
5556,"105,23,74"
5557,"23,74,38"
5558,"0,208,209"
5559,"23,38,26"
5560,"3,15,16"
5561,"3,53,15"
5562,"12,11,10"
5563,"220,10,221"
5564,"24,23,43"
5565,"0,271,355"
5566,"44,145,40"
5567,"339,337,169"
5568,"3,5,228"
5569,"40,41,224"
5570,"220,10,221"
5571,"23,24,43"
5572,"169,199,323"
5573,"3,21,127"
5574,"40,21,41"
5575,"23,105,106"
5576,"169,199,171"
5577,"0,216,277"
5578,"0,8,308"
5579,"220,10,242"
5580,"40,129,128"
5581,"11,109,10"
5582,"3,70,375"
5583,"135,40,189"
5584,"40,131,159"
5585,"145,44,72"
5586,"169,40,135"
5587,"220,10,242"
5588,"40,128,129"
5589,"21,3,127"
5590,"0,271,355"
5591,"23,118,74"
5592,"40,131,226"
5593,"40,41,42"
5594,"220,10,221"
5595,"23,26,89"
5596,"0,271,456"
5597,"296,169,411"
5598,"40,395,496"
5599,"0,271,456"
5600,"3,53,523"
5601,"145,40,44"
5602,"3,21,127"
5603,"23,26,89"
5604,"23,48,3"
5605,"10,11,109"
5606,"220,10,242"
5607,"23,26,89"
5608,"10,220,242"
5609,"10,60,24"
5610,"3,4,238"
5611,"0,255,348"
5612,"0,271,355"
5613,"53,3,68"
5614,"23,26,231"
5615,"16,15,3"
5616,"10,64,93"
5617,"0,271,456"
5618,"0,26,8"
5619,"3,5,228"
5620,"64,10,93"
5621,"220,10,221"
5622,"40,128,195"
5623,"0,8,249"
5624,"0,271,456"
5625,"3,34,111"
5626,"40,145,44"
5627,"199,40,169"
5628,"131,40,241"
5629,"220,10,3"
5630,"10,60,239"
5631,"53,23,3"
5632,"40,128,195"
5633,"169,199,382"
5634,"169,459,170"
5635,"64,10,93"
5636,"171,199,169"
5637,"23,26,89"
5638,"11,205,10"
5639,"339,169,337"
5640,"40,128,129"
5641,"0,271,456"
5642,"169,199,281"
5643,"40,139,153"
5644,"199,169,323"
5645,"0,26,350"
5646,"54,322,10"
5647,"64,448,10"
5648,"23,74,303"
5649,"23,38,309"
5650,"3,28,190"
5651,"169,296,411"
5652,"0,216,380"
5653,"38,23,137"
5654,"4,19,238"
5655,"0,313,346"
5656,"3,21,127"
5657,"3,21,127"
5658,"147,3,148"
5659,"3,111,119"
5660,"40,41,224"
5661,"10,64,80"
5662,"40,146,145"
5663,"26,231,23"
5664,"0,271,444"
5665,"0,271,361"
5666,"40,139,153"
5667,"40,139,140"
5668,"23,118,74"
5669,"54,10,95"
5670,"0,265,349"
5671,"64,10,80"
5672,"44,45,23"
5673,"40,131,23"
5674,"64,10,80"
5675,"3,111,472"
5676,"23,53,74"
5677,"296,169,413"
5678,"23,74,118"
5679,"127,21,3"
5680,"0,216,277"
5681,"54,10,95"
5682,"3,21,108"
5683,"24,23,44"
5684,"40,149,41"
5685,"3,30,66"
5686,"3,148,147"
5687,"10,11,109"
5688,"23,26,89"
5689,"21,3,124"
5690,"64,10,80"
5691,"40,128,175"
5692,"169,296,411"
5693,"23,105,24"
5694,"23,26,231"
5695,"23,26,231"
5696,"23,24,43"
5697,"3,4,238"
5698,"24,145,40"
5699,"147,148,3"
5700,"160,40,302"
5701,"169,296,411"
5702,"21,3,126"
5703,"10,54,95"
5704,"10,64,93"
5705,"53,287,3"
5706,"16,15,3"
5707,"40,131,184"
5708,"169,259,170"
5709,"40,139,33"
5710,"10,60,61"
5711,"8,0,308"
5712,"0,355,271"
5713,"220,10,221"
5714,"40,131,226"
5715,"169,199,260"
5716,"169,170,260"
5717,"11,10,205"
5718,"3,16,15"
5719,"40,131,406"
5720,"199,169,171"
5721,"21,3,108"
5722,"23,24,105"
5723,"40,131,134"
5724,"10,64,65"
5725,"3,53,523"
5726,"0,271,366"
5727,"3,4,147"
5728,"169,199,343"
5729,"25,23,24"
5730,"169,199,10"
5731,"0,255,23"
5732,"0,271,170"
5733,"23,74,303"
5734,"40,146,145"
5735,"3,147,148"
5736,"23,38,105"
5737,"31,23,258"
5738,"3,21,379"
5739,"10,64,239"
5740,"3,4,435"
5741,"23,49,24"
5742,"220,10,221"
5743,"4,3,19"
5744,"0,265,349"
5745,"3,156,147"
5746,"10,64,80"
5747,"40,145,402"
5748,"54,10,95"
5749,"64,10,80"
5750,"220,10,242"
5751,"40,152,151"
5752,"169,199,138"
5753,"31,145,402"
5754,"40,151,152"
5755,"23,54,24"
5756,"199,169,343"
5757,"3,13,14"
5758,"40,152,151"
5759,"0,216,380"
5760,"220,10,221"
5761,"131,40,406"
5762,"3,111,28"
5763,"10,220,23"
5764,"4,3,19"
5765,"3,111,119"
5766,"10,60,61"
5767,"40,41,224"
5768,"23,231,26"
5769,"169,281,199"
5770,"3,293,164"
5771,"23,26,89"
5772,"10,54,322"
5773,"10,60,61"
5774,"3,21,48"
5775,"10,54,95"
5776,"44,145,40"
5777,"3,68,182"
5778,"3,21,127"
5779,"3,21,164"
5780,"89,26,23"
5781,"3,21,190"
5782,"145,40,54"
5783,"3,139,40"
5784,"3,111,147"
5785,"243,184,40"
5786,"169,199,281"
5787,"220,10,242"
5788,"23,74,317"
5789,"23,38,137"
5790,"23,26,8"
5791,"23,31,131"
5792,"64,10,90"
5793,"13,3,204"
5794,"10,220,221"
5795,"199,169,356"
5796,"199,169,171"
5797,"44,145,40"
5798,"169,23,31"
5799,"23,74,84"
5800,"10,11,12"
5801,"40,151,152"
5802,"23,38,303"
5803,"23,24,10"
5804,"23,53,31"
5805,"0,271,216"
5806,"0,313,216"
5807,"0,313,108"
5808,"3,147,148"
5809,"23,24,38"
5810,"11,10,109"
5811,"16,15,3"
5812,"169,199,281"
5813,"3,21,53"
5814,"0,271,8"
5815,"26,23,89"
5816,"3,15,16"
5817,"40,129,128"
5818,"23,31,328"
5819,"199,169,343"
5820,"220,10,221"
5821,"0,8,206"
5822,"0,265,349"
5823,"23,24,345"
5824,"10,24,11"
5825,"71,38,23"
5826,"23,24,74"
5827,"3,53,523"
5828,"220,10,221"
5829,"23,24,10"
5830,"23,31,96"
5831,"3,190,28"
5832,"23,31,258"
5833,"23,26,24"
5834,"23,26,89"
5835,"40,129,128"
5836,"4,19,3"
5837,"220,10,242"
5838,"3,53,21"
5839,"220,10,242"
5840,"40,131,142"
5841,"40,160,302"
5842,"11,10,205"
5843,"199,169,281"
5844,"3,21,379"
5845,"0,313,346"
5846,"3,112,111"
5847,"3,21,126"
5848,"0,3,208"
5849,"169,296,306"
5850,"220,10,493"
5851,"64,10,338"
5852,"23,74,118"
5853,"3,53,111"
5854,"199,169,343"
5855,"40,131,406"
5856,"0,249,23"
5857,"40,131,486"
5858,"17,3,168"
5859,"0,216,208"
5860,"10,64,93"
5861,"23,24,44"
5862,"145,40,44"
5863,"3,4,70"
5864,"145,40,402"
5865,"40,184,185"
5866,"23,38,309"
5867,"220,10,242"
5868,"10,23,24"
5869,"3,5,6"
5870,"3,147,85"
5871,"0,2,1"
5872,"64,10,338"
5873,"10,11,109"
5874,"3,21,108"
5875,"131,40,226"
5876,"169,53,287"
5877,"31,23,32"
5878,"0,2,271"
5879,"40,21,3"
5880,"40,160,315"
5881,"3,48,21"
5882,"40,131,486"
5883,"169,199,259"
5884,"23,454,31"
5885,"0,271,255"
5886,"23,24,220"
5887,"10,12,11"
5888,"23,24,49"
5889,"40,162,163"
5890,"23,24,25"
5891,"3,85,86"
5892,"0,271,366"
5893,"3,21,48"
5894,"23,31,258"
5895,"0,265,349"
5896,"17,3,168"
5897,"3,4,19"
5898,"3,17,15"
5899,"23,31,454"
5900,"131,40,406"
5901,"40,281,135"
5902,"40,135,100"
5903,"169,199,260"
5904,"23,118,74"
5905,"3,4,183"
5906,"11,10,205"
5907,"40,41,324"
5908,"169,459,170"
5909,"64,10,93"
5910,"0,211,216"
5911,"40,135,138"
5912,"23,25,24"
5913,"40,139,131"
5914,"0,8,308"
5915,"23,25,24"
5916,"131,40,406"
5917,"131,40,406"
5918,"40,128,195"
5919,"3,85,147"
5920,"44,145,40"
5921,"38,71,160"
5922,"0,216,304"
5923,"23,24,43"
5924,"0,271,444"
5925,"3,28,190"
5926,"64,10,80"
5927,"17,320,58"
5928,"3,30,66"
5929,"4,19,3"
5930,"169,199,323"
5931,"11,10,109"
5932,"10,64,93"
5933,"3,21,379"
5934,"3,4,174"
5935,"169,199,343"
5936,"0,218,509"
5937,"145,40,23"
5938,"23,26,231"
5939,"40,160,315"
5940,"0,216,212"
5941,"64,10,80"
5942,"3,4,183"
5943,"220,10,221"
5944,"3,4,183"
5945,"40,141,135"
5946,"23,118,74"
5947,"26,23,89"
5948,"220,10,242"
5949,"0,208,229"
5950,"40,145,44"
5951,"0,271,456"
5952,"23,169,199"
5953,"3,21,48"
5954,"40,149,41"
5955,"40,138,135"
5956,"3,147,21"
5957,"16,15,3"
5958,"3,33,21"
5959,"169,296,336"
5960,"3,263,34"
5961,"40,139,0"
5962,"3,21,108"
5963,"44,40,145"
5964,"147,148,3"
5965,"0,218,509"
5966,"40,131,226"
5967,"40,145,3"
5968,"16,15,3"
5969,"199,169,343"
5970,"44,145,40"
5971,"169,170,199"
5972,"23,24,43"
5973,"206,0,8"
5974,"3,21,187"
5975,"23,74,303"
5976,"40,135,3"
5977,"23,454,220"
5978,"3,17,168"
5979,"64,10,448"
5980,"24,23,25"
5981,"0,265,349"
5982,"0,304,271"
5983,"11,10,109"
5984,"169,199,281"
5985,"4,3,238"
5986,"40,41,160"
5987,"0,216,271"
5988,"26,23,231"
5989,"3,21,127"
5990,"21,187,169"
5991,"0,8,285"
5992,"0,211,319"
5993,"10,220,221"
5994,"40,131,241"
5995,"448,64,10"
5996,"4,19,3"
5997,"220,10,242"
5998,"4,5,19"
5999,"40,128,395"
6000,"10,64,93"
6001,"3,53,523"
6002,"3,53,287"
6003,"0,216,304"
6004,"23,74,165"
6005,"60,10,61"
6006,"40,131,406"
6007,"105,23,318"
6008,"199,169,3"
6009,"3,21,108"
6010,"10,64,65"
6011,"3,5,228"
6012,"64,10,93"
6013,"54,10,95"
6014,"3,15,16"
6015,"3,68,53"
6016,"3,21,379"
6017,"169,199,323"
6018,"0,218,216"
6019,"3,111,112"
6020,"10,23,24"
6021,"0,456,271"
6022,"0,8,206"
6023,"3,21,127"
6024,"0,206,8"
6025,"10,12,64"
6026,"3,21,108"
6027,"0,8,235"
6028,"3,147,156"
6029,"40,131,406"
6030,"3,21,187"
6031,"23,118,74"
6032,"0,255,271"
6033,"40,145,402"
6034,"3,30,66"
6035,"40,138,135"
6036,"40,145,402"
6037,"23,74,118"
6038,"23,26,231"
6039,"3,4,188"
6040,"40,152,151"
6041,"131,406,40"
6042,"3,111,119"
6043,"138,169,40"
6044,"0,279,249"
6045,"131,40,406"
6046,"220,10,242"
6047,"24,23,43"
6048,"44,145,40"
6049,"48,21,3"
6050,"23,74,165"
6051,"38,23,40"
6052,"3,17,168"
6053,"40,41,139"
6054,"40,0,24"
6055,"3,17,168"
6056,"187,3,21"
6057,"0,216,257"
6058,"356,0,517"
6059,"23,63,38"
6060,"40,128,186"
6061,"40,139,41"
6062,"23,74,131"
6063,"40,145,3"
6064,"3,21,48"
6065,"23,24,74"
6066,"3,30,104"
6067,"23,118,74"
6068,"169,199,343"
6069,"4,435,3"
6070,"3,4,174"
6071,"3,5,228"
6072,"0,271,522"
6073,"296,169,306"
6074,"3,53,30"
6075,"40,41,149"
6076,"40,145,44"
6077,"0,271,272"
6078,"169,199,171"
6079,"23,24,43"
6080,"10,11,109"
6081,"3,21,379"
6082,"0,216,304"
6083,"0,216,271"
6084,"23,26,89"
6085,"10,60,64"
6086,"40,160,315"
6087,"23,74,303"
6088,"23,24,49"
6089,"23,24,43"
6090,"10,64,93"
6091,"10,64,80"
6092,"169,199,323"
6093,"40,139,41"
6094,"23,31,328"
6095,"26,23,350"
6096,"3,21,111"
6097,"10,54,11"
6098,"3,4,19"
6099,"64,10,93"
6100,"0,8,308"
6101,"40,162,163"
6102,"169,199,79"
6103,"0,271,456"
6104,"169,199,343"
6105,"169,296,336"
6106,"0,208,209"
6107,"40,184,494"
6108,"10,11,12"
6109,"3,30,66"
6110,"10,60,61"
6111,"23,105,106"
6112,"40,131,139"
6113,"169,199,323"
6114,"220,10,242"
6115,"169,199,23"
6116,"0,216,254"
6117,"0,265,340"
6118,"23,26,24"
6119,"11,10,205"
6120,"0,249,279"
6121,"54,40,145"
6122,"16,15,3"
6123,"152,151,40"
6124,"3,21,108"
6125,"0,216,208"
6126,"3,17,52"
6127,"3,21,48"
6128,"40,128,186"
6129,"44,40,145"
6130,"3,30,66"
6131,"3,17,168"
6132,"40,21,3"
6133,"0,271,291"
6134,"64,10,65"
6135,"3,147,148"
6136,"44,145,40"
6137,"3,30,66"
6138,"3,21,108"
6139,"3,21,164"
6140,"3,21,108"
6141,"40,145,44"
6142,"10,64,93"
6143,"64,10,93"
6144,"11,44,10"
6145,"224,41,40"
6146,"44,40,145"
6147,"0,271,355"
6148,"3,17,168"
6149,"64,10,93"
6150,"3,28,190"
6151,"23,216,31"
6152,"169,199,281"
6153,"356,199,169"
6154,"23,31,96"
6155,"220,10,221"
6156,"3,53,287"
6157,"145,23,72"
6158,"40,31,96"
6159,"40,131,406"
6160,"0,313,346"
6161,"16,15,3"
6162,"40,152,151"
6163,"169,260,251"
6164,"169,339,337"
6165,"54,95,24"
6166,"169,170,459"
6167,"220,10,242"
6168,"54,10,95"
6169,"3,53,17"
6170,"4,3,19"
6171,"296,169,460"
6172,"3,21,66"
6173,"10,60,61"
6174,"23,74,3"
6175,"3,10,60"
6176,"40,151,152"
6177,"40,23,31"
6178,"3,15,53"
6179,"169,199,260"
6180,"40,151,152"
6181,"220,10,221"
6182,"23,24,25"
6183,"31,23,258"
6184,"23,26,231"
6185,"3,104,30"
6186,"3,17,168"
6187,"23,31,49"
6188,"23,24,64"
6189,"23,74,118"
6190,"8,0,23"
6191,"23,74,317"
6192,"0,271,355"
6193,"40,145,402"
6194,"38,23,71"
6195,"23,105,106"
6196,"3,21,156"
6197,"3,21,111"
6198,"23,74,118"
6199,"24,23,43"
6200,"3,28,190"
6201,"10,64,93"
6202,"271,0,456"
6203,"23,31,96"
6204,"40,151,152"
6205,"23,26,89"
6206,"64,10,448"
6207,"139,40,153"
6208,"0,216,370"
6209,"3,21,85"
6210,"0,8,235"
6211,"3,21,108"
6212,"185,40,184"
6213,"23,26,89"
6214,"3,15,16"
6215,"10,11,205"
6216,"23,40,44"
6217,"40,131,77"
6218,"23,24,43"
6219,"40,131,41"
6220,"220,10,221"
6221,"0,271,456"
6222,"3,4,15"
6223,"40,131,226"
6224,"10,60,239"
6225,"220,10,242"
6226,"220,10,242"
6227,"64,10,80"
6228,"128,40,129"
6229,"3,21,187"
6230,"0,216,257"
6231,"0,265,266"
6232,"105,23,318"
6233,"0,214,216"
6234,"296,3,169"
6235,"3,21,187"
6236,"3,30,66"
6237,"129,40,128"
6238,"44,145,40"
6239,"44,145,40"
6240,"169,170,199"
6241,"131,40,406"
6242,"3,16,15"
6243,"3,21,48"
6244,"169,199,171"
6245,"40,21,3"
6246,"169,199,323"
6247,"3,21,127"
6248,"169,296,426"
6249,"24,23,25"
6250,"40,151,41"
6251,"0,216,257"
6252,"3,21,30"
6253,"3,148,147"
6254,"10,220,242"
6255,"147,148,3"
6256,"3,138,85"
6257,"255,0,462"
6258,"3,23,21"
6259,"0,313,346"
6260,"105,318,23"
6261,"40,184,185"
6262,"0,249,279"
6263,"40,41,139"
6264,"169,199,260"
6265,"10,93,31"
6266,"3,85,21"
6267,"3,21,263"
6268,"3,4,19"
6269,"3,30,21"
6270,"40,184,185"
6271,"3,21,187"
6272,"147,3,148"
6273,"3,147,148"
6274,"11,10,109"
6275,"3,5,228"
6276,"0,213,214"
6277,"11,10,109"
6278,"169,323,199"
6279,"17,168,3"
6280,"0,271,456"
6281,"3,100,4"
6282,"4,3,435"
6283,"40,3,160"
6284,"3,4,238"
6285,"4,3,238"
6286,"0,271,280"
6287,"64,10,93"
6288,"169,199,171"
6289,"3,111,112"
6290,"32,23,31"
6291,"40,131,139"
6292,"23,24,49"
6293,"3,53,287"
6294,"3,23,53"
6295,"44,45,145"
6296,"53,3,287"
6297,"206,8,0"
6298,"3,111,112"
6299,"10,11,205"
6300,"40,131,159"
6301,"169,199,382"
6302,"0,304,216"
6303,"145,40,402"
6304,"0,271,355"
6305,"23,24,62"
6306,"356,169,199"
6307,"23,74,3"
6308,"10,11,54"
6309,"127,21,3"
6310,"23,24,43"
6311,"10,64,338"
6312,"23,24,49"
6313,"169,260,170"
6314,"44,145,40"
6315,"23,74,118"
6316,"3,85,158"
6317,"44,40,145"
6318,"64,10,448"
6319,"64,10,80"
6320,"3,147,167"
6321,"10,24,23"
6322,"10,64,448"
6323,"54,10,95"
6324,"169,199,281"
6325,"40,129,128"
6326,"169,199,281"
6327,"4,3,19"
6328,"169,170,171"
6329,"220,10,242"
6330,"17,3,320"
6331,"3,4,238"
6332,"23,32,31"
6333,"10,239,60"
6334,"54,10,145"
6335,"23,38,39"
6336,"53,3,287"
6337,"3,168,13"
6338,"3,16,15"
6339,"23,26,89"
6340,"3,85,158"
6341,"3,13,14"
6342,"44,40,145"
6343,"10,64,24"
6344,"0,8,355"
6345,"206,0,8"
6346,"40,145,44"
6347,"220,10,242"
6348,"0,38,271"
6349,"53,3,287"
6350,"169,199,343"
6351,"40,152,151"
6352,"0,24,340"
6353,"0,255,462"
6354,"3,28,48"
6355,"54,10,95"
6356,"3,147,148"
6357,"31,96,23"
6358,"3,4,183"
6359,"40,74,23"
6360,"0,208,505"
6361,"169,296,306"
6362,"23,24,43"
6363,"40,41,224"
6364,"3,21,187"
6365,"40,145,146"
6366,"129,128,40"
6367,"31,258,23"
6368,"10,220,242"
6369,"111,3,119"
6370,"11,109,10"
6371,"23,3,24"
6372,"0,216,212"
6373,"111,3,119"
6374,"220,10,242"
6375,"40,131,406"
6376,"3,34,263"
6377,"23,24,49"
6378,"40,184,185"
6379,"3,53,523"
6380,"0,265,340"
6381,"0,271,456"
6382,"0,271,291"
6383,"220,10,242"
6384,"126,41,40"
6385,"23,24,62"
6386,"0,8,308"
6387,"169,199,281"
6388,"206,0,8"
6389,"3,53,523"
6390,"23,74,303"
6391,"10,220,242"
6392,"23,74,38"
6393,"3,169,199"
6394,"40,145,44"
6395,"0,216,323"
6396,"40,184,135"
6397,"199,169,281"
6398,"0,271,280"
6399,"220,10,242"
6400,"11,10,109"
6401,"0,271,265"
6402,"147,148,3"
6403,"3,85,158"
6404,"10,64,93"
6405,"23,24,43"
6406,"0,208,369"
6407,"40,145,146"
6408,"3,21,53"
6409,"0,313,346"
6410,"3,28,190"
6411,"23,74,84"
6412,"16,15,3"
6413,"24,23,45"
6414,"3,237,34"
6415,"3,30,66"
6416,"3,4,435"
6417,"23,74,317"
6418,"185,184,40"
6419,"40,131,406"
6420,"135,138,40"
6421,"3,120,53"
6422,"40,131,395"
6423,"169,199,170"
6424,"64,10,448"
6425,"3,13,204"
6426,"0,8,235"
6427,"40,145,131"
6428,"3,147,148"
6429,"131,406,226"
6430,"0,8,285"
6431,"169,199,281"
6432,"10,23,11"
6433,"10,49,24"
6434,"0,216,23"
6435,"184,40,185"
6436,"23,118,107"
6437,"23,368,74"
6438,"3,147,148"
6439,"3,17,168"
6440,"131,40,159"
6441,"23,26,231"
6442,"169,199,0"
6443,"23,107,118"
6444,"10,64,93"
6445,"3,4,19"
6446,"40,184,185"
6447,"4,19,3"
6448,"3,40,203"
6449,"3,17,168"
6450,"169,199,23"
6451,"40,135,41"
6452,"23,38,39"
6453,"0,206,8"
6454,"145,40,44"
6455,"44,145,40"
6456,"8,0,308"
6457,"3,16,15"
6458,"40,395,128"
6459,"3,21,187"
6460,"64,10,448"
6461,"0,313,346"
6462,"220,10,242"
6463,"3,28,23"
6464,"31,23,131"
6465,"3,21,115"
6466,"10,64,93"
6467,"0,271,355"
6468,"23,24,10"
6469,"40,131,241"
6470,"0,229,421"
6471,"40,139,153"
6472,"24,23,43"
6473,"3,147,148"
6474,"3,148,147"
6475,"131,40,226"
6476,"40,41,42"
6477,"3,40,148"
6478,"0,216,304"
6479,"40,41,42"
6480,"0,213,214"
6481,"237,175,34"
6482,"296,169,411"
6483,"40,41,149"
6484,"145,40,402"
6485,"0,216,277"
6486,"0,271,490"
6487,"3,15,16"
6488,"131,40,134"
6489,"23,38,137"
6490,"3,111,267"
6491,"0,8,285"
6492,"169,426,170"
6493,"28,190,3"
6494,"10,64,93"
6495,"296,169,460"
6496,"64,10,80"
6497,"169,170,260"
6498,"0,8,206"
6499,"169,260,170"
6500,"10,44,54"
6501,"3,15,16"
6502,"0,206,208"
6503,"23,31,77"
6504,"220,10,221"
6505,"10,90,64"
6506,"0,271,216"
6507,"40,135,236"
6508,"11,10,109"
6509,"40,128,129"
6510,"40,145,44"
6511,"3,21,53"
6512,"169,199,111"
6513,"3,34,169"
6514,"11,10,109"
6515,"10,220,221"
6516,"11,10,109"
6517,"145,40,402"
6518,"11,10,109"
6519,"74,23,303"
6520,"40,131,406"
6521,"23,24,25"
6522,"3,53,523"
6523,"4,19,3"
6524,"145,40,402"
6525,"169,170,171"
6526,"169,170,199"
6527,"40,160,302"
6528,"3,30,66"
6529,"3,147,148"
6530,"3,21,127"
6531,"23,105,25"
6532,"23,26,89"
6533,"4,3,174"
6534,"199,169,281"
6535,"23,105,24"
6536,"40,41,324"
6537,"3,111,284"
6538,"3,147,85"
6539,"40,129,128"
6540,"40,145,402"
6541,"40,128,129"
6542,"169,170,260"
6543,"220,0,242"
6544,"3,21,108"
6545,"23,24,38"
6546,"64,10,448"
6547,"3,147,148"
6548,"40,151,152"
6549,"40,186,128"
6550,"40,131,132"
6551,"313,23,346"
6552,"145,40,44"
6553,"64,10,93"
6554,"220,221,10"
6555,"3,111,112"
6556,"11,205,10"
6557,"169,199,171"
6558,"23,32,31"
6559,"23,31,258"
6560,"199,40,169"
6561,"10,54,322"
6562,"23,31,258"
6563,"40,145,23"
6564,"23,71,74"
6565,"23,38,71"
6566,"139,40,140"
6567,"3,111,21"
6568,"3,17,320"
6569,"169,199,260"
6570,"0,271,2"
6571,"0,8,308"
6572,"23,38,0"
6573,"23,26,89"
6574,"23,24,49"
6575,"111,3,112"
6576,"169,339,337"
6577,"11,10,109"
6578,"0,216,254"
6579,"169,199,281"
6580,"145,40,44"
6581,"23,24,49"
6582,"131,40,406"
6583,"126,3,40"
6584,"40,151,152"
6585,"23,137,38"
6586,"16,15,3"
6587,"23,24,43"
6588,"220,10,221"
6589,"0,1,2"
6590,"23,26,231"
6591,"40,128,129"
6592,"40,139,153"
6593,"220,10,221"
6594,"40,145,502"
6595,"23,38,63"
6596,"10,11,109"
6597,"3,33,21"
6598,"4,3,7"
6599,"220,10,242"
6600,"23,38,91"
6601,"44,145,40"
6602,"3,21,126"
6603,"10,64,448"
6604,"40,41,224"
6605,"3,21,182"
6606,"3,147,148"
6607,"199,169,281"
6608,"23,74,118"
6609,"10,64,93"
6610,"147,3,148"
6611,"0,271,291"
6612,"23,24,345"
6613,"11,10,109"
6614,"169,170,3"
6615,"40,21,135"
6616,"3,4,238"
6617,"131,40,241"
6618,"40,128,129"
6619,"17,3,168"
6620,"3,21,127"
6621,"40,145,44"
6622,"0,319,211"
6623,"206,0,8"
6624,"169,459,170"
6625,"12,10,11"
6626,"40,138,135"
6627,"3,21,108"
6628,"220,10,221"
6629,"57,135,236"
6630,"0,350,26"
6631,"0,271,213"
6632,"3,21,187"
6633,"0,2,1"
6634,"23,105,53"
6635,"23,118,74"
6636,"26,8,23"
6637,"3,85,21"
6638,"23,26,89"
6639,"64,10,448"
6640,"147,3,148"
6641,"0,271,355"
6642,"169,3,199"
6643,"23,137,38"
6644,"3,21,127"
6645,"23,26,231"
6646,"44,145,40"
6647,"171,131,199"
6648,"169,8,199"
6649,"4,3,7"
6650,"199,169,323"
6651,"54,10,95"
6652,"40,41,224"
6653,"23,38,24"
6654,"23,74,317"
6655,"3,21,53"
6656,"41,40,42"
6657,"23,38,74"
6658,"199,169,281"
6659,"3,34,187"
6660,"220,10,221"
6661,"23,24,43"
6662,"145,40,402"
6663,"40,128,129"
6664,"220,221,10"
6665,"3,147,148"
6666,"0,313,216"
6667,"16,15,3"
6668,"131,40,406"
6669,"40,131,184"
6670,"40,135,395"
6671,"23,26,89"
6672,"23,24,25"
6673,"23,10,40"
6674,"0,216,254"
6675,"31,23,96"
6676,"64,10,93"
6677,"169,199,343"
6678,"40,131,241"
6679,"0,8,206"
6680,"0,249,279"
6681,"23,3,40"
6682,"10,54,322"
6683,"64,10,79"
6684,"21,3,108"
6685,"138,169,199"
6686,"40,160,302"
6687,"3,21,48"
6688,"0,216,370"
6689,"0,271,272"
6690,"145,40,402"
6691,"40,3,139"
6692,"199,169,281"
6693,"3,21,53"
6694,"0,271,280"
6695,"147,148,3"
6696,"3,183,111"
6697,"3,53,68"
6698,"40,131,406"
6699,"3,85,21"
6700,"3,21,111"
6701,"10,11,205"
6702,"40,250,41"
6703,"220,10,242"
6704,"3,13,147"
6705,"23,26,38"
6706,"3,13,204"
6707,"23,24,25"
6708,"16,15,3"
6709,"10,64,93"
6710,"313,0,346"
6711,"10,64,93"
6712,"3,21,108"
6713,"199,169,343"
6714,"23,74,105"
6715,"199,169,323"
6716,"220,10,221"
6717,"23,24,43"
6718,"0,8,391"
6719,"0,8,308"
6720,"23,74,303"
6721,"23,24,25"
6722,"44,145,40"
6723,"23,24,47"
6724,"220,10,221"
6725,"40,131,241"
6726,"199,169,171"
6727,"0,271,424"
6728,"16,3,15"
6729,"131,40,406"
6730,"0,214,218"
6731,"199,171,131"
6732,"3,21,187"
6733,"3,147,148"
6734,"44,145,40"
6735,"23,26,89"
6736,"23,38,137"
6737,"40,145,54"
6738,"220,10,221"
6739,"3,147,85"
6740,"206,0,8"
6741,"169,199,356"
6742,"24,23,59"
6743,"220,10,221"
6744,"0,8,206"
6745,"3,13,17"
6746,"23,74,105"
6747,"23,145,181"
6748,"3,21,17"
6749,"3,111,161"
6750,"3,4,238"
6751,"0,271,291"
6752,"40,127,41"
6753,"40,127,3"
6754,"140,40,139"
6755,"169,296,411"
6756,"10,220,221"
6757,"23,40,24"
6758,"3,21,34"
6759,"3,33,21"
6760,"23,26,89"
6761,"11,10,12"
6762,"199,169,343"
6763,"26,23,231"
6764,"3,53,81"
6765,"3,15,16"
6766,"0,271,456"
6767,"44,145,40"
6768,"220,10,242"
6769,"169,199,323"
6770,"317,33,74"
6771,"0,277,8"
6772,"23,118,74"
6773,"40,160,334"
6774,"3,53,21"
6775,"3,4,19"
6776,"3,17,168"
6777,"296,169,336"
6778,"40,128,129"
6779,"0,271,456"
6780,"17,3,168"
6781,"40,131,142"
6782,"23,231,26"
6783,"169,199,281"
6784,"44,40,145"
6785,"0,313,314"
6786,"10,54,173"
6787,"40,131,132"
6788,"10,54,95"
6789,"23,169,31"
6790,"0,249,8"
6791,"54,10,322"
6792,"0,235,8"
6793,"220,10,221"
6794,"10,239,49"
6795,"0,271,355"
6796,"199,169,281"
6797,"23,38,63"
6798,"3,21,187"
6799,"4,3,435"
6800,"4,238,3"
6801,"23,38,71"
6802,"3,85,21"
6803,"0,271,456"
6804,"90,11,64"
6805,"23,105,326"
6806,"145,25,23"
6807,"337,339,169"
6808,"169,296,306"
6809,"3,4,238"
6810,"0,255,348"
6811,"40,3,185"
6812,"3,21,30"
6813,"3,34,447"
6814,"3,4,435"
6815,"10,11,12"
6816,"40,3,160"
6817,"199,169,281"
6818,"3,28,21"
6819,"3,21,164"
6820,"0,265,349"
6821,"0,213,271"
6822,"23,38,137"
6823,"40,41,128"
6824,"0,271,280"
6825,"64,10,448"
6826,"199,40,169"
6827,"131,40,226"
6828,"0,216,213"
6829,"54,10,95"
6830,"23,32,31"
6831,"64,10,24"
6832,"169,170,260"
6833,"3,21,182"
6834,"3,53,523"
6835,"40,135,295"
6836,"4,19,3"
6837,"64,10,80"
6838,"23,74,38"
6839,"23,74,165"
6840,"220,10,242"
6841,"169,296,428"
6842,"24,23,345"
6843,"23,89,26"
6844,"41,286,40"
6845,"0,271,456"
6846,"40,54,145"
6847,"3,34,263"
6848,"11,10,109"
6849,"23,24,43"
6850,"21,3,33"
6851,"23,10,54"
6852,"10,64,448"
6853,"220,23,10"
6854,"44,145,40"
6855,"3,53,34"
6856,"23,105,24"
6857,"3,16,15"
6858,"0,8,206"
6859,"0,313,346"
6860,"169,199,356"
6861,"169,199,343"
6862,"3,147,33"
6863,"44,145,40"
6864,"11,12,205"
6865,"40,162,163"
6866,"169,296,306"
6867,"10,64,338"
6868,"0,271,456"
6869,"10,64,80"
6870,"3,523,53"
6871,"40,131,159"
6872,"40,131,142"
6873,"23,24,25"
6874,"0,213,214"
6875,"0,23,271"
6876,"259,169,426"
6877,"89,23,26"
6878,"339,169,337"
6879,"21,3,127"
6880,"0,206,8"
6881,"10,220,242"
6882,"169,199,281"
6883,"23,10,24"
6884,"0,313,23"
6885,"296,169,420"
6886,"33,248,244"
6887,"10,24,23"
6888,"21,127,3"
6889,"11,10,109"
6890,"0,271,353"
6891,"23,105,106"
6892,"26,23,350"
6893,"0,214,213"
6894,"23,89,26"
6895,"24,23,43"
6896,"40,128,195"
6897,"0,265,340"
6898,"105,23,318"
6899,"40,128,129"
6900,"23,38,118"
6901,"11,10,205"
6902,"23,26,350"
6903,"10,220,221"
6904,"23,38,39"
6905,"23,26,105"
6906,"23,74,303"
6907,"3,15,16"
6908,"23,118,74"
6909,"40,145,44"
6910,"8,0,391"
6911,"16,15,3"
6912,"199,171,169"
6913,"131,40,226"
6914,"0,8,308"
6915,"8,0,206"
6916,"74,23,303"
6917,"23,38,137"
6918,"23,31,328"
6919,"40,100,222"
6920,"3,4,30"
6921,"10,220,221"
6922,"3,238,4"
6923,"23,118,74"
6924,"23,74,303"
6925,"216,0,380"
6926,"23,26,89"
6927,"220,10,221"
6928,"0,214,213"
6929,"23,74,303"
6930,"3,147,15"
6931,"64,10,80"
6932,"40,152,151"
6933,"169,199,251"
6934,"10,220,242"
6935,"85,3,86"
6936,"3,21,17"
6937,"54,10,95"
6938,"3,53,147"
6939,"10,11,205"
6940,"23,74,165"
6941,"0,265,349"
6942,"10,54,145"
6943,"169,199,171"
6944,"3,4,238"
6945,"23,105,106"
6946,"169,170,199"
6947,"0,8,285"
6948,"3,21,156"
6949,"5,3,228"
6950,"3,56,17"
6951,"10,64,93"
6952,"23,49,24"
6953,"169,187,311"
6954,"220,10,221"
6955,"64,448,10"
6956,"220,10,221"
6957,"16,15,3"
6958,"220,10,221"
6959,"0,216,380"
6960,"3,4,30"
6961,"3,21,115"
6962,"145,40,44"
6963,"4,3,19"
6964,"40,241,131"
6965,"281,199,169"
6966,"23,26,89"
6967,"23,26,89"
6968,"0,216,366"
6969,"10,49,24"
6970,"3,85,111"
6971,"21,3,182"
6972,"131,40,406"
6973,"44,40,145"
6974,"23,38,71"
6975,"169,170,171"
6976,"220,10,221"
6977,"3,21,126"
6978,"3,53,34"
6979,"0,8,206"
6980,"3,127,147"
6981,"220,10,242"
6982,"169,199,64"
6983,"64,10,93"
6984,"40,41,149"
6985,"40,41,324"
6986,"199,323,169"
6987,"216,304,169"
6988,"40,160,302"
6989,"169,170,459"
6990,"169,170,260"
6991,"26,23,89"
6992,"40,41,224"
6993,"296,169,411"
6994,"23,38,39"
6995,"3,4,435"
6996,"3,21,187"
6997,"40,184,185"
6998,"169,199,171"
6999,"40,131,134"
7000,"10,64,93"
7001,"64,90,10"
7002,"0,40,216"
7003,"10,64,80"
7004,"3,168,17"
7005,"40,128,129"
7006,"296,169,411"
7007,"40,41,201"
7008,"3,147,148"
7009,"4,238,3"
7010,"4,3,188"
7011,"40,131,406"
7012,"3,21,127"
7013,"23,74,165"
7014,"0,399,363"
7015,"23,31,32"
7016,"40,145,44"
7017,"0,271,353"
7018,"17,3,320"
7019,"3,111,53"
7020,"23,118,500"
7021,"55,54,10"
7022,"40,128,41"
7023,"11,10,109"
7024,"23,31,454"
7025,"3,111,119"
7026,"3,21,40"
7027,"44,23,26"
7028,"0,218,475"
7029,"40,139,153"
7030,"40,41,224"
7031,"3,113,467"
7032,"3,21,17"
7033,"89,26,23"
7034,"0,271,272"
7035,"24,23,253"
7036,"11,44,145"
7037,"3,34,263"
7038,"40,131,185"
7039,"11,10,12"
7040,"169,296,507"
7041,"40,145,328"
7042,"10,60,61"
7043,"10,64,93"
7044,"10,24,23"
7045,"138,40,135"
7046,"44,45,145"
7047,"23,54,95"
7048,"3,21,30"
7049,"40,41,139"
7050,"0,271,277"
7051,"8,0,405"
7052,"23,26,350"
7053,"220,10,242"
7054,"40,41,160"
7055,"169,296,311"
7056,"24,23,25"
7057,"26,23,0"
7058,"3,53,13"
7059,"23,105,38"
7060,"3,21,379"
7061,"3,16,15"
7062,"23,74,317"
7063,"169,199,260"
7064,"23,89,26"
7065,"40,128,195"
7066,"0,271,291"
7067,"220,10,242"
7068,"169,199,382"
7069,"0,206,249"
7070,"23,74,118"
7071,"169,296,411"
7072,"23,137,38"
7073,"23,105,24"
7074,"10,239,60"
7075,"23,24,10"
7076,"0,265,349"
7077,"10,54,55"
7078,"23,74,118"
7079,"169,251,337"
7080,"3,17,168"
7081,"145,23,40"
7082,"220,10,242"
7083,"169,199,171"
7084,"0,8,235"
7085,"53,3,40"
7086,"23,24,44"
7087,"23,38,303"
7088,"23,24,43"
7089,"3,147,148"
7090,"4,3,183"
7091,"10,93,64"
7092,"23,105,318"
7093,"3,15,441"
7094,"3,204,13"
7095,"54,10,40"
7096,"21,3,33"
7097,"220,10,221"
7098,"3,169,53"
7099,"23,31,258"
7100,"0,8,313"
7101,"31,32,23"
7102,"23,24,25"
7103,"23,49,24"
7104,"23,74,303"
7105,"40,152,151"
7106,"40,145,44"
7107,"23,24,49"
7108,"10,11,12"
7109,"23,24,345"
7110,"10,11,205"
7111,"23,118,74"
7112,"169,199,171"
7113,"31,23,454"
7114,"23,24,345"
7115,"26,23,350"
7116,"145,402,31"
7117,"23,24,43"
7118,"145,40,25"
7119,"40,131,406"
7120,"40,129,128"
7121,"40,145,44"
7122,"0,8,235"
7123,"40,138,199"
7124,"3,21,33"
7125,"31,23,96"
7126,"169,304,170"
7127,"3,21,127"
7128,"10,220,242"
7129,"10,64,93"
7130,"3,53,523"
7131,"0,271,355"
7132,"10,11,205"
7133,"0,271,291"
7134,"64,10,338"
7135,"313,0,346"
7136,"169,170,260"
7137,"0,265,418"
7138,"3,111,68"
7139,"3,267,28"
7140,"21,3,108"
7141,"40,128,195"
7142,"105,23,318"
7143,"220,10,221"
7144,"169,199,271"
7145,"169,337,296"
7146,"23,74,165"
7147,"0,271,456"
7148,"40,128,41"
7149,"40,185,184"
7150,"3,169,311"
7151,"3,169,199"
7152,"199,169,356"
7153,"169,199,281"
7154,"0,206,8"
7155,"44,145,40"
7156,"3,111,161"
7157,"3,4,435"
7158,"169,199,3"
7159,"23,137,38"
7160,"40,160,186"
7161,"23,77,74"
7162,"169,171,199"
7163,"53,3,502"
7164,"111,41,3"
7165,"169,170,260"
7166,"169,311,21"
7167,"23,74,24"
7168,"3,111,161"
7169,"3,21,127"
7170,"0,95,54"
7171,"40,160,315"
7172,"40,160,149"
7173,"4,3,435"
7174,"0,8,216"
7175,"16,15,3"
7176,"0,216,304"
7177,"3,30,104"
7178,"0,255,462"
7179,"0,271,291"
7180,"138,40,135"
7181,"131,241,40"
7182,"40,128,41"
7183,"26,231,23"
7184,"169,296,411"
7185,"54,40,10"
7186,"54,10,40"
7187,"3,190,111"
7188,"64,10,442"
7189,"220,10,242"
7190,"3,53,467"
7191,"3,30,66"
7192,"10,64,93"
7193,"40,131,406"
7194,"40,128,129"
7195,"0,271,456"
7196,"40,160,315"
7197,"11,10,109"
7198,"40,41,286"
7199,"44,145,40"
7200,"0,8,285"
7201,"40,135,141"
7202,"10,64,80"
7203,"0,249,279"
7204,"199,169,343"
7205,"54,10,95"
7206,"40,145,402"
7207,"0,216,212"
7208,"3,164,21"
7209,"24,23,59"
7210,"3,126,111"
7211,"16,15,3"
7212,"4,3,238"
7213,"40,129,128"
7214,"23,24,43"
7215,"10,64,80"
7216,"3,53,287"
7217,"169,199,170"
7218,"199,169,356"
7219,"10,93,64"
7220,"220,10,221"
7221,"105,23,318"
7222,"145,40,44"
7223,"199,169,343"
7224,"220,10,221"
7225,"169,199,374"
7226,"3,21,127"
7227,"3,53,287"
7228,"3,21,126"
7229,"40,131,406"
7230,"3,85,86"
7231,"40,131,241"
7232,"0,271,355"
7233,"23,74,303"
7234,"3,17,447"
7235,"23,32,31"
7236,"220,10,242"
7237,"40,145,44"
7238,"21,3,108"
7239,"105,3,318"
7240,"3,17,168"
7241,"169,199,356"
7242,"3,147,53"
7243,"169,199,356"
7244,"13,3,150"
7245,"3,21,108"
7246,"160,40,315"
7247,"3,30,66"
7248,"40,135,145"
7249,"23,38,118"
7250,"169,296,311"
7251,"3,156,147"
7252,"3,21,190"
7253,"31,258,23"
7254,"40,129,128"
7255,"145,40,220"
7256,"140,40,139"
7257,"3,53,48"
7258,"199,10,40"
7259,"0,265,490"
7260,"23,24,43"
7261,"3,53,287"
7262,"31,23,169"
7263,"40,162,163"
7264,"0,216,366"
7265,"0,271,169"
7266,"23,38,91"
7267,"0,271,456"
7268,"3,30,66"
7269,"169,199,343"
7270,"105,23,318"
7271,"3,21,187"
7272,"3,170,169"
7273,"40,41,42"
7274,"3,34,169"
7275,"0,456,271"
7276,"0,216,257"
7277,"23,24,43"
7278,"131,406,40"
7279,"40,41,152"
7280,"3,17,168"
7281,"4,238,3"
7282,"40,395,145"
7283,"44,40,145"
7284,"0,271,522"
7285,"3,147,148"
7286,"0,265,340"
7287,"169,339,337"
7288,"3,53,168"
7289,"169,199,323"
7290,"3,70,4"
7291,"40,145,146"
7292,"32,23,31"
7293,"21,127,3"
7294,"131,40,406"
7295,"3,53,287"
7296,"0,206,8"
7297,"23,24,49"
7298,"0,271,522"
7299,"23,26,350"
7300,"11,109,10"
7301,"64,10,93"
7302,"169,339,337"
7303,"11,10,109"
7304,"169,339,337"
7305,"40,145,44"
7306,"3,17,320"
7307,"24,23,345"
7308,"10,60,61"
7309,"28,229,3"
7310,"3,30,21"
7311,"4,3,435"
7312,"11,10,205"
7313,"10,24,23"
7314,"0,265,349"
7315,"0,271,360"
7316,"131,406,40"
7317,"3,147,33"
7318,"23,74,38"
7319,"169,296,0"
7320,"23,74,118"
7321,"111,112,3"
7322,"40,131,193"
7323,"3,34,187"
7324,"216,0,304"
7325,"23,26,89"
7326,"26,23,231"
7327,"21,3,124"
7328,"199,169,281"
7329,"0,271,456"
7330,"3,17,168"
7331,"32,31,30"
7332,"40,41,224"
7333,"40,128,129"
7334,"0,271,444"
7335,"169,199,281"
7336,"169,199,281"
7337,"23,74,303"
7338,"10,60,239"
7339,"40,129,128"
7340,"3,16,15"
7341,"23,24,105"
7342,"40,128,41"
7343,"21,3,164"
7344,"199,169,171"
7345,"127,21,3"
7346,"123,111,40"
7347,"3,34,104"
7348,"26,231,23"
7349,"3,21,48"
7350,"40,23,184"
7351,"0,265,218"
7352,"23,105,72"
7353,"40,131,142"
7354,"0,340,265"
7355,"10,64,93"
7356,"3,13,150"
7357,"169,199,343"
7358,"3,85,147"
7359,"169,311,108"
7360,"129,40,128"
7361,"3,100,53"
7362,"131,40,226"
7363,"3,4,70"
7364,"36,35,3"
7365,"64,10,448"
7366,"169,199,170"
7367,"23,74,118"
7368,"286,3,126"
7369,"23,38,137"
7370,"220,10,242"
7371,"0,216,254"
7372,"16,15,3"
7373,"3,53,111"
7374,"3,85,13"
7375,"23,38,137"
7376,"145,44,40"
7377,"10,11,205"
7378,"40,128,129"
7379,"3,4,28"
7380,"169,23,26"
7381,"3,21,127"
7382,"220,10,242"
7383,"3,53,21"
7384,"0,218,457"
7385,"0,216,212"
7386,"4,19,3"
7387,"11,10,12"
7388,"23,31,258"
7389,"3,147,148"
7390,"3,21,182"
7391,"40,129,128"
7392,"54,10,95"
7393,"23,31,77"
7394,"23,31,328"
7395,"31,23,96"
7396,"169,199,343"
7397,"3,4,28"
7398,"220,10,221"
7399,"89,23,26"
7400,"40,145,44"
7401,"105,23,318"
7402,"64,10,79"
7403,"40,145,0"
7404,"40,128,395"
7405,"64,10,448"
7406,"40,139,155"
7407,"0,249,279"
7408,"199,169,343"
7409,"24,23,43"
7410,"21,3,187"
7411,"162,163,40"
7412,"40,135,244"
7413,"3,53,287"
7414,"3,147,156"
7415,"40,44,145"
7416,"10,54,55"
7417,"259,426,169"
7418,"40,131,142"
7419,"395,40,3"
7420,"218,0,509"
7421,"21,187,3"
7422,"0,277,353"
7423,"64,10,65"
7424,"23,38,39"
7425,"3,21,379"
7426,"10,11,205"
7427,"0,265,349"
7428,"3,85,111"
7429,"11,10,109"
7430,"224,40,41"
7431,"26,23,350"
7432,"169,199,459"
7433,"23,74,3"
7434,"169,296,199"
7435,"40,131,128"
7436,"3,17,168"
7437,"10,23,24"
7438,"0,456,271"
7439,"23,21,105"
7440,"26,23,350"
7441,"12,11,10"
7442,"169,199,281"
7443,"10,11,12"
7444,"199,169,374"
7445,"3,120,40"
7446,"23,74,118"
7447,"23,40,131"
7448,"3,21,127"
7449,"49,23,24"
7450,"21,3,108"
7451,"3,21,127"
7452,"44,145,40"
7453,"3,21,124"
7454,"23,89,26"
7455,"3,85,56"
7456,"169,296,0"
7457,"64,10,65"
7458,"23,74,118"
7459,"10,54,95"
7460,"23,26,350"
7461,"17,168,3"
7462,"23,24,49"
7463,"21,3,187"
7464,"199,169,374"
7465,"21,3,127"
7466,"40,145,23"
7467,"0,8,206"
7468,"303,74,165"
7469,"3,51,52"
7470,"23,31,96"
7471,"23,63,38"
7472,"199,169,323"
7473,"199,169,171"
7474,"0,271,522"
7475,"17,3,168"
7476,"40,160,302"
7477,"169,135,40"
7478,"10,24,23"
7479,"0,271,280"
7480,"3,21,127"
7481,"10,11,12"
7482,"169,170,260"
7483,"53,3,287"
7484,"0,291,271"
7485,"64,10,80"
7486,"0,216,370"
7487,"40,131,134"
7488,"0,255,462"
7489,"131,40,406"
7490,"3,379,21"
7491,"41,40,201"
7492,"40,128,152"
7493,"220,10,242"
7494,"0,313,265"
7495,"23,24,345"
7496,"40,41,224"
7497,"220,10,221"
7498,"0,23,26"
7499,"199,169,343"
7500,"3,4,19"
7501,"0,271,444"
7502,"10,11,109"
7503,"0,271,355"
7504,"169,31,23"
7505,"24,23,169"
7506,"23,74,118"
7507,"3,53,68"
7508,"131,169,171"
7509,"23,74,303"
7510,"3,147,148"
7511,"38,71,23"
7512,"0,271,355"
7513,"10,239,60"
7514,"23,74,118"
7515,"40,41,126"
7516,"3,21,48"
7517,"169,199,311"
7518,"131,40,486"
7519,"139,155,40"
7520,"220,10,242"
7521,"23,26,89"
7522,"25,23,24"
7523,"169,170,260"
7524,"0,271,255"
7525,"131,40,406"
7526,"3,147,148"
7527,"131,40,241"
7528,"3,111,4"
7529,"185,184,169"
7530,"23,24,43"
7531,"11,10,109"
7532,"40,145,437"
7533,"3,17,320"
7534,"16,3,15"
7535,"25,24,23"
7536,"65,64,10"
7537,"41,40,33"
7538,"3,34,447"
7539,"23,0,26"
7540,"135,3,40"
7541,"169,199,281"
7542,"40,127,21"
7543,"23,32,31"
7544,"0,271,366"
7545,"3,21,68"
7546,"0,8,308"
7547,"313,10,0"
7548,"0,255,394"
7549,"145,40,44"
7550,"145,40,401"
7551,"0,271,355"
7552,"3,21,187"
7553,"16,3,15"
7554,"64,90,65"
7555,"220,10,242"
7556,"23,31,290"
7557,"4,3,19"
7558,"40,41,139"
7559,"169,199,459"
7560,"44,72,40"
7561,"3,13,30"
7562,"199,169,23"
7563,"23,24,10"
7564,"3,16,15"
7565,"10,11,234"
7566,"220,10,242"
7567,"0,206,8"
7568,"220,10,221"
7569,"3,85,86"
7570,"10,64,93"
7571,"40,41,42"
7572,"145,40,44"
7573,"220,10,242"
7574,"40,131,134"
7575,"23,26,89"
7576,"3,4,19"
7577,"131,40,241"
7578,"169,170,260"
7579,"60,10,61"
7580,"23,74,31"
7581,"44,145,40"
7582,"0,216,257"
7583,"3,15,16"
7584,"40,131,241"
7585,"3,53,21"
7586,"3,21,127"
7587,"23,24,43"
7588,"3,30,66"
7589,"10,145,44"
7590,"3,30,66"
7591,"40,139,41"
7592,"3,147,148"
7593,"4,3,238"
7594,"16,15,3"
7595,"0,304,216"
7596,"24,23,43"
7597,"40,402,145"
7598,"23,74,40"
7599,"169,199,345"
7600,"169,199,281"
7601,"24,23,43"
7602,"23,74,38"
7603,"131,40,406"
7604,"23,74,105"
7605,"0,271,280"
7606,"23,26,350"
7607,"3,147,167"
7608,"220,10,242"
7609,"49,23,24"
7610,"0,357,381"
7611,"3,21,30"
7612,"64,10,65"
7613,"0,216,313"
7614,"11,12,205"
7615,"0,271,456"
7616,"220,10,242"
7617,"40,145,44"
7618,"3,51,52"
7619,"105,23,318"
7620,"24,23,10"
7621,"10,11,109"
7622,"10,239,60"
7623,"3,15,16"
7624,"171,199,131"
7625,"0,8,285"
7626,"3,15,16"
7627,"3,17,168"
7628,"21,3,127"
7629,"40,151,152"
7630,"40,23,131"
7631,"3,53,111"
7632,"23,24,43"
7633,"220,10,242"
7634,"23,26,89"
7635,"3,21,187"
7636,"10,60,239"
7637,"23,31,402"
7638,"40,152,151"
7639,"3,21,127"
7640,"24,49,23"
7641,"23,31,290"
7642,"0,216,277"
7643,"0,279,249"
7644,"3,21,187"
7645,"74,23,41"
7646,"3,5,228"
7647,"255,0,462"
7648,"23,105,495"
7649,"0,218,465"
7650,"296,169,300"
7651,"220,10,221"
7652,"160,40,315"
7653,"40,3,21"
7654,"10,64,54"
7655,"26,23,89"
7656,"43,24,10"
7657,"3,15,16"
7658,"23,137,38"
7659,"21,3,108"
7660,"3,51,52"
7661,"131,40,406"
7662,"220,10,221"
7663,"23,71,72"
7664,"169,199,170"
7665,"40,131,406"
7666,"169,199,40"
7667,"3,17,168"
7668,"147,3,148"
7669,"169,339,337"
7670,"0,271,280"
7671,"169,199,171"
7672,"10,220,242"
7673,"10,220,221"
7674,"169,459,170"
7675,"10,60,23"
7676,"128,53,40"
7677,"23,31,258"
7678,"23,24,43"
7679,"3,21,126"
7680,"3,21,182"
7681,"171,169,199"
7682,"40,131,132"
7683,"23,26,89"
7684,"3,21,108"
7685,"31,23,10"
7686,"0,265,349"
7687,"3,4,176"
7688,"40,135,3"
7689,"3,53,523"
7690,"3,111,21"
7691,"40,138,135"
7692,"241,131,40"
7693,"64,10,448"
7694,"3,17,168"
7695,"0,218,11"
7696,"0,208,216"
7697,"28,3,330"
7698,"40,135,141"
7699,"49,145,24"
7700,"169,343,199"
7701,"23,31,40"
7702,"169,199,426"
7703,"10,64,93"
7704,"23,89,39"
7705,"40,195,128"
7706,"3,147,53"
7707,"3,21,85"
7708,"145,40,44"
7709,"40,128,129"
7710,"40,160,315"
7711,"23,26,38"
7712,"0,3,53"
7713,"23,74,165"
7714,"0,8,355"
7715,"145,40,24"
7716,"169,426,311"
7717,"40,111,119"
7718,"10,64,109"
7719,"3,85,13"
7720,"40,131,406"
7721,"64,10,448"
7722,"126,3,21"
7723,"23,118,74"
7724,"3,287,53"
7725,"10,54,55"
7726,"126,40,41"
7727,"10,448,79"
7728,"40,145,146"
7729,"40,139,153"
7730,"17,3,139"
7731,"169,171,199"
7732,"3,21,379"
7733,"23,89,26"
7734,"64,10,448"
7735,"10,60,61"
7736,"3,40,7"
7737,"3,147,188"
7738,"40,160,315"
7739,"17,3,168"
7740,"23,10,43"
7741,"23,31,3"
7742,"3,4,174"
7743,"3,147,148"
7744,"3,116,447"
7745,"3,21,127"
7746,"40,41,324"
7747,"3,21,30"
7748,"26,231,23"
7749,"40,41,3"
7750,"10,54,322"
7751,"4,3,19"
7752,"0,291,271"
7753,"40,139,153"
7754,"0,23,265"
7755,"17,3,168"
7756,"3,21,115"
7757,"23,258,31"
7758,"32,23,31"
7759,"23,31,454"
7760,"23,145,44"
7761,"0,265,349"
7762,"40,145,402"
7763,"23,89,26"
7764,"23,26,89"
7765,"16,15,3"
7766,"10,64,93"
7767,"3,17,168"
7768,"16,15,3"
7769,"40,135,236"
7770,"147,148,3"
7771,"3,85,86"
7772,"3,30,66"
7773,"169,199,323"
7774,"0,2,1"
7775,"0,8,308"
7776,"3,147,148"
7777,"23,26,89"
7778,"40,131,134"
7779,"40,145,493"
7780,"10,11,205"
7781,"3,127,147"
7782,"23,74,165"
7783,"0,199,216"
7784,"4,3,238"
7785,"220,10,242"
7786,"3,111,267"
7787,"23,91,38"
7788,"0,313,346"
7789,"23,89,26"
7790,"23,38,26"
7791,"11,10,109"
7792,"40,21,41"
7793,"40,395,128"
7794,"220,10,242"
7795,"111,3,123"
7796,"220,10,242"
7797,"169,199,10"
7798,"169,296,428"
7799,"23,38,39"
7800,"40,131,241"
7801,"23,24,10"
7802,"23,74,303"
7803,"23,62,24"
7804,"17,3,168"
7805,"3,53,17"
7806,"40,131,486"
7807,"3,53,21"
7808,"105,23,318"
7809,"10,11,419"
7810,"0,255,208"
7811,"3,21,108"
7812,"10,11,12"
7813,"0,216,304"
7814,"169,199,171"
7815,"40,41,224"
7816,"40,139,140"
7817,"64,90,10"
7818,"3,21,53"
7819,"3,21,164"
7820,"10,64,24"
7821,"71,145,40"
7822,"0,271,355"
7823,"23,24,62"
7824,"16,15,3"
7825,"3,53,287"
7826,"40,169,199"
7827,"0,208,265"
7828,"89,23,26"
7829,"0,271,456"
7830,"23,231,26"
7831,"169,199,356"
7832,"216,0,380"
7833,"40,145,11"
7834,"3,30,66"
7835,"169,199,323"
7836,"169,251,337"
7837,"169,260,170"
7838,"11,10,205"
7839,"44,145,40"
7840,"3,182,68"
7841,"23,26,89"
7842,"40,128,131"
7843,"28,3,29"
7844,"0,265,490"
7845,"23,24,43"
7846,"131,40,226"
7847,"40,160,315"
7848,"4,3,238"
7849,"3,17,168"
7850,"21,3,108"
7851,"3,147,148"
7852,"40,128,129"
7853,"0,23,8"
7854,"23,10,24"
7855,"169,170,251"
7856,"44,145,40"
7857,"40,145,146"
7858,"40,160,128"
7859,"0,208,209"
7860,"0,8,235"
7861,"3,4,435"
7862,"23,74,118"
7863,"40,145,146"
7864,"105,318,23"
7865,"3,53,287"
7866,"54,10,95"
7867,"23,49,24"
7868,"0,313,271"
7869,"3,53,111"
7870,"64,93,10"
7871,"23,24,49"
7872,"3,53,4"
7873,"169,371,296"
7874,"23,26,89"
7875,"23,74,94"
7876,"3,53,287"
7877,"64,10,90"
7878,"40,41,286"
7879,"169,0,199"
7880,"40,41,21"
7881,"0,3,53"
7882,"10,64,93"
7883,"10,24,60"
7884,"40,135,138"
7885,"0,271,424"
7886,"17,168,3"
7887,"147,148,3"
7888,"0,265,349"
7889,"23,32,118"
7890,"17,168,3"
7891,"0,279,249"
7892,"10,60,234"
7893,"0,8,235"
7894,"147,148,3"
7895,"13,3,14"
7896,"40,41,23"
7897,"169,199,171"
7898,"40,41,160"
7899,"3,21,168"
7900,"10,279,249"
7901,"23,31,454"
7902,"0,271,321"
7903,"0,26,8"
7904,"21,3,108"
7905,"3,53,68"
7906,"199,171,169"
7907,"3,53,169"
7908,"169,199,281"
7909,"23,31,3"
7910,"199,169,171"
7911,"44,145,45"
7912,"23,74,165"
7913,"0,271,456"
7914,"10,64,93"
7915,"3,238,4"
7916,"3,53,523"
7917,"23,24,10"
7918,"145,44,40"
7919,"169,170,260"
7920,"169,260,170"
7921,"220,10,242"
7922,"169,296,336"
7923,"64,79,448"
7924,"3,169,53"
7925,"23,74,303"
7926,"10,64,93"
7927,"23,105,106"
7928,"23,74,303"
7929,"40,131,406"
7930,"0,271,456"
7931,"3,13,28"
7932,"0,265,349"
7933,"3,85,86"
7934,"3,53,66"
7935,"426,169,223"
7936,"3,40,467"
7937,"0,8,308"
7938,"44,40,24"
7939,"16,15,3"
7940,"40,135,141"
7941,"23,118,38"
7942,"11,10,12"
7943,"135,40,199"
7944,"40,128,129"
7945,"31,23,328"
7946,"169,170,296"
7947,"23,24,43"
7948,"40,135,138"
7949,"54,10,95"
7950,"23,74,26"
7951,"3,168,17"
7952,"4,3,19"
7953,"131,40,406"
7954,"0,216,214"
7955,"40,160,302"
7956,"3,85,86"
7957,"145,40,44"
7958,"40,102,21"
7959,"0,265,349"
7960,"169,259,199"
7961,"0,216,304"
7962,"44,45,40"
7963,"4,3,19"
7964,"3,147,53"
7965,"3,13,14"
7966,"16,15,3"
7967,"3,28,190"
7968,"23,44,145"
7969,"169,339,337"
7970,"40,41,127"
7971,"40,139,135"
7972,"40,131,241"
7973,"3,21,164"
7974,"0,271,456"
7975,"23,26,231"
7976,"23,24,45"
7977,"23,24,25"
7978,"0,271,216"
7979,"40,128,250"
7980,"23,24,10"
7981,"23,24,105"
7982,"40,131,406"
7983,"23,111,3"
7984,"3,21,33"
7985,"40,131,134"
7986,"10,220,242"
7987,"40,129,128"
7988,"168,0,17"
7989,"220,10,242"
7990,"23,26,89"
7991,"24,23,43"
7992,"3,16,15"
7993,"10,23,11"
7994,"10,64,60"
7995,"169,281,199"
7996,"0,271,456"
7997,"3,21,48"
7998,"3,28,330"
7999,"26,23,231"
8000,"169,296,199"
8001,"3,74,23"
8002,"40,131,142"
8003,"3,111,119"
8004,"23,89,26"
8005,"140,139,40"
8006,"64,10,80"
8007,"15,3,16"
8008,"3,301,21"
8009,"23,26,231"
8010,"26,23,350"
8011,"3,111,147"
8012,"23,26,308"
8013,"23,96,31"
8014,"0,271,291"
8015,"0,8,308"
8016,"199,169,343"
8017,"21,3,127"
8018,"21,40,127"
8019,"145,44,40"
8020,"10,234,54"
8021,"3,21,127"
8022,"23,38,87"
8023,"155,40,139"
8024,"10,60,61"
8025,"40,368,111"
8026,"111,3,112"
8027,"10,12,11"
8028,"0,271,366"
8029,"3,4,238"
8030,"3,34,143"
8031,"169,170,281"
8032,"23,89,26"
8033,"17,168,3"
8034,"258,31,23"
8035,"3,21,301"
8036,"23,74,40"
8037,"40,145,146"
8038,"40,152,151"
8039,"64,10,65"
8040,"3,21,187"
8041,"23,31,28"
8042,"139,40,155"
8043,"0,271,291"
8044,"169,199,281"
8045,"220,10,242"
8046,"3,21,435"
8047,"3,13,28"
8048,"3,13,204"
8049,"38,23,192"
8050,"3,17,168"
8051,"23,26,350"
8052,"0,206,8"
8053,"3,153,467"
8054,"17,3,168"
8055,"54,95,40"
8056,"23,31,40"
8057,"23,89,26"
8058,"3,30,66"
8059,"23,118,38"
8060,"220,10,221"
8061,"220,10,221"
8062,"23,40,3"
8063,"40,128,129"
8064,"10,60,24"
8065,"169,417,296"
8066,"3,111,4"
8067,"3,85,86"
8068,"3,85,15"
8069,"40,145,402"
8070,"3,17,168"
8071,"11,10,12"
8072,"145,40,44"
8073,"40,135,138"
8074,"31,23,258"
8075,"23,71,38"
8076,"40,184,185"
8077,"14,3,13"
8078,"54,10,322"
8079,"3,21,108"
8080,"40,395,131"
8081,"24,23,43"
8082,"26,23,89"
8083,"40,131,406"
8084,"40,395,128"
8085,"128,40,129"
8086,"3,34,447"
8087,"0,249,279"
8088,"0,218,265"
8089,"0,8,308"
8090,"0,313,346"
8091,"3,113,28"
8092,"44,45,24"
8093,"220,10,242"
8094,"199,169,23"
8095,"169,199,259"
8096,"131,40,226"
8097,"3,53,30"
8098,"220,10,221"
8099,"40,145,44"
8100,"23,31,145"
8101,"169,199,171"
8102,"23,26,89"
8103,"3,4,19"
8104,"3,4,30"
8105,"3,301,21"
8106,"40,145,54"
8107,"3,21,127"
8108,"3,53,523"
8109,"0,271,456"
8110,"3,147,148"
8111,"23,24,43"
8112,"31,23,258"
8113,"3,53,4"
8114,"40,128,162"
8115,"23,105,74"
8116,"3,147,148"
8117,"220,10,242"
8118,"3,21,147"
8119,"23,38,0"
8120,"23,26,231"
8121,"24,23,43"
8122,"16,15,3"
8123,"23,74,40"
8124,"296,169,306"
8125,"169,199,323"
8126,"11,10,109"
8127,"44,40,145"
8128,"10,60,23"
8129,"40,184,243"
8130,"23,74,118"
8131,"0,265,349"
8132,"32,31,23"
8133,"152,151,40"
8134,"220,10,221"
8135,"0,218,313"
8136,"296,169,306"
8137,"3,15,16"
8138,"3,21,108"
8139,"10,220,242"
8140,"23,74,303"
8141,"3,21,53"
8142,"44,145,45"
8143,"169,199,323"
8144,"296,169,336"
8145,"40,41,149"
8146,"3,17,168"
8147,"3,116,447"
8148,"3,4,19"
8149,"26,23,89"
8150,"296,169,300"
8151,"0,8,235"
8152,"40,160,302"
8153,"60,10,23"
8154,"0,271,522"
8155,"3,21,40"
8156,"0,313,346"
8157,"23,74,303"
8158,"0,8,308"
8159,"40,250,23"
8160,"40,41,186"
8161,"184,185,40"
8162,"169,199,187"
8163,"3,85,15"
8164,"145,44,40"
8165,"40,184,151"
8166,"23,24,10"
8167,"3,21,127"
8168,"3,4,19"
8169,"3,21,127"
8170,"0,463,462"
8171,"24,23,44"
8172,"169,199,343"
8173,"23,26,89"
8174,"0,216,254"
8175,"0,271,355"
8176,"40,131,406"
8177,"23,10,4"
8178,"0,265,349"
8179,"3,4,238"
8180,"169,170,271"
8181,"40,131,406"
8182,"40,139,155"
8183,"23,24,71"
8184,"131,40,159"
8185,"10,54,220"
8186,"3,182,68"
8187,"3,68,53"
8188,"3,21,108"
8189,"169,199,323"
8190,"31,23,96"
8191,"40,128,186"
8192,"16,15,3"
8193,"23,10,24"
8194,"3,30,28"
8195,"23,137,38"
8196,"145,40,44"
8197,"3,85,86"
8198,"23,38,74"
8199,"10,64,93"
8200,"220,10,221"
8201,"0,216,211"
8202,"3,17,168"
8203,"3,30,104"
8204,"23,26,350"
8205,"8,0,308"
8206,"23,26,89"
8207,"0,271,456"
8208,"40,241,131"
8209,"145,40,402"
8210,"0,8,308"
8211,"24,59,23"
8212,"23,74,307"
8213,"0,235,257"
8214,"23,11,309"
8215,"0,271,456"
8216,"220,10,242"
8217,"17,3,168"
8218,"4,3,19"
8219,"23,24,49"
8220,"3,53,21"
8221,"23,24,49"
8222,"105,23,318"
8223,"3,85,126"
8224,"23,24,49"
8225,"169,199,24"
8226,"23,74,303"
8227,"17,320,128"
8228,"23,26,89"
8229,"131,406,40"
8230,"3,21,127"
8231,"0,271,456"
8232,"23,74,165"
8233,"23,24,43"
8234,"3,53,287"
8235,"23,38,26"
8236,"23,63,74"
8237,"3,53,500"
8238,"3,100,265"
8239,"0,381,357"
8240,"0,271,291"
8241,"24,23,43"
8242,"3,4,19"
8243,"40,131,406"
8244,"40,160,152"
8245,"40,145,402"
8246,"10,234,60"
8247,"24,23,44"
8248,"3,4,435"
8249,"0,212,279"
8250,"23,74,118"
8251,"169,199,281"
8252,"0,255,394"
8253,"0,8,206"
8254,"64,10,448"
8255,"10,64,239"
8256,"10,64,239"
8257,"3,30,111"
8258,"10,49,23"
8259,"40,131,134"
8260,"10,60,23"
8261,"64,10,93"
8262,"25,23,24"
8263,"3,187,21"
8264,"23,24,0"
8265,"199,169,356"
8266,"3,99,15"
8267,"10,60,239"
8268,"169,199,281"
8269,"23,74,303"
8270,"0,319,211"
8271,"170,169,459"
8272,"169,296,199"
8273,"0,8,23"
8274,"3,4,435"
8275,"24,23,43"
8276,"23,137,74"
8277,"17,40,3"
8278,"3,53,523"
8279,"23,31,32"
8280,"220,10,221"
8281,"131,40,368"
8282,"3,15,16"
8283,"169,296,460"
8284,"0,216,271"
8285,"40,131,134"
8286,"160,40,302"
8287,"3,111,284"
8288,"3,30,104"
8289,"4,3,19"
8290,"23,24,43"
8291,"402,145,10"
8292,"10,64,80"
8293,"40,184,185"
8294,"23,24,49"
8295,"206,0,8"
8296,"199,169,343"
8297,"3,176,4"
8298,"40,131,134"
8299,"3,4,238"
8300,"0,216,355"
8301,"169,0,337"
8302,"3,30,66"
8303,"23,24,3"
8304,"23,26,89"
8305,"3,53,523"
8306,"3,52,51"
8307,"0,206,8"
8308,"5,228,3"
8309,"40,41,42"
8310,"21,3,108"
8311,"0,313,346"
8312,"10,64,93"
8313,"23,74,303"
8314,"44,216,145"
8315,"3,21,85"
8316,"0,271,213"
8317,"21,3,127"
8318,"199,169,356"
8319,"23,49,24"
8320,"169,339,337"
8321,"3,111,161"
8322,"23,24,43"
8323,"64,10,93"
8324,"64,10,448"
8325,"64,65,10"
8326,"169,260,170"
8327,"40,129,128"
8328,"23,74,303"
8329,"169,508,31"
8330,"220,10,221"
8331,"3,28,190"
8332,"10,54,95"
8333,"11,10,12"
8334,"3,147,148"
8335,"3,17,168"
8336,"3,21,53"
8337,"40,395,250"
8338,"21,3,127"
8339,"160,40,334"
8340,"3,17,168"
8341,"3,21,127"
8342,"3,4,19"
8343,"0,8,235"
8344,"64,10,93"
8345,"23,271,26"
8346,"21,3,127"
8347,"40,41,286"
8348,"23,31,77"
8349,"23,74,118"
8350,"24,23,145"
8351,"11,10,109"
8352,"10,23,54"
8353,"23,26,231"
8354,"145,10,40"
8355,"3,36,35"
8356,"10,64,93"
8357,"3,28,238"
8358,"23,74,317"
8359,"220,10,221"
8360,"23,105,106"
8361,"169,199,281"
8362,"199,171,169"
8363,"0,313,346"
8364,"40,184,23"
8365,"0,271,353"
8366,"3,4,19"
8367,"3,30,66"
8368,"11,10,109"
8369,"16,15,3"
8370,"23,38,63"
8371,"23,26,89"
8372,"199,169,248"
8373,"23,31,328"
8374,"40,152,151"
8375,"17,168,3"
8376,"11,205,10"
8377,"0,313,346"
8378,"16,15,3"
8379,"11,10,109"
8380,"23,71,38"
8381,"40,3,119"
8382,"0,208,3"
8383,"23,74,303"
8384,"44,145,40"
8385,"0,8,285"
8386,"187,21,3"
8387,"10,54,173"
8388,"3,53,68"
8389,"220,10,221"
8390,"3,111,119"
8391,"40,160,315"
8392,"3,15,16"
8393,"3,21,127"
8394,"3,147,30"
8395,"3,21,68"
8396,"0,265,340"
8397,"44,40,45"
8398,"199,169,171"
8399,"23,31,258"
8400,"10,11,109"
8401,"23,131,40"
8402,"3,147,148"
8403,"169,281,199"
8404,"169,199,343"
8405,"23,169,3"
8406,"23,89,26"
8407,"23,24,38"
8408,"3,168,17"
8409,"3,111,126"
8410,"23,74,303"
8411,"23,26,89"
8412,"31,23,258"
8413,"23,38,24"
8414,"10,64,93"
8415,"11,10,109"
8416,"54,10,145"
8417,"10,64,65"
8418,"3,15,16"
8419,"23,74,303"
8420,"0,271,456"
8421,"64,10,80"
8422,"23,26,89"
8423,"169,199,459"
8424,"40,131,134"
8425,"40,131,226"
8426,"23,105,106"
8427,"26,0,231"
8428,"23,24,43"
8429,"40,54,10"
8430,"139,40,3"
8431,"169,199,281"
8432,"0,271,291"
8433,"64,448,10"
8434,"11,10,205"
8435,"3,21,111"
8436,"3,111,21"
8437,"0,340,265"
8438,"23,24,21"
8439,"3,85,111"
8440,"40,128,23"
8441,"3,17,168"
8442,"0,8,206"
8443,"3,17,320"
8444,"23,71,38"
8445,"23,24,345"
8446,"169,199,281"
8447,"11,109,10"
8448,"0,271,456"
8449,"3,5,228"
8450,"0,8,285"
8451,"23,38,24"
8452,"3,53,523"
8453,"0,8,391"
8454,"128,129,40"
8455,"23,24,345"
8456,"23,197,10"
8457,"115,3,21"
8458,"169,260,170"
8459,"0,265,271"
8460,"0,216,271"
8461,"26,23,346"
8462,"23,38,91"
8463,"44,145,40"
8464,"184,3,40"
8465,"40,160,151"
8466,"26,23,0"
8467,"40,41,224"
8468,"23,31,96"
8469,"145,44,23"
8470,"3,17,168"
8471,"0,1,2"
8472,"169,199,281"
8473,"10,64,93"
8474,"169,170,199"
8475,"0,8,308"
8476,"0,255,313"
8477,"64,10,24"
8478,"220,10,221"
8479,"258,31,10"
8480,"16,15,3"
8481,"220,10,221"
8482,"0,8,405"
8483,"10,220,242"
8484,"199,169,281"
8485,"220,10,221"
8486,"3,21,127"
8487,"199,169,356"
8488,"74,303,23"
8489,"10,65,64"
8490,"169,199,343"
8491,"40,128,186"
8492,"0,229,230"
8493,"3,53,28"
8494,"105,23,318"
8495,"23,31,74"
8496,"0,271,272"
8497,"10,64,338"
8498,"10,64,80"
8499,"169,296,311"
8500,"169,199,323"
8501,"3,28,190"
8502,"8,0,308"
8503,"145,40,31"
8504,"169,426,312"
8505,"10,60,54"
8506,"40,3,41"
8507,"199,169,343"
8508,"10,11,12"
8509,"40,160,315"
8510,"105,23,54"
8511,"169,199,323"
8512,"40,34,3"
8513,"3,523,53"
8514,"0,8,199"
8515,"17,3,168"
8516,"169,426,312"
8517,"169,170,199"
8518,"0,291,271"
8519,"44,145,40"
8520,"169,199,356"
8521,"147,3,148"
8522,"23,26,350"
8523,"0,216,255"
8524,"40,135,139"
8525,"10,60,239"
8526,"23,26,89"
8527,"10,12,11"
8528,"3,111,112"
8529,"40,131,241"
8530,"169,199,223"
8531,"105,318,262"
8532,"3,53,287"
8533,"3,4,238"
8534,"220,10,221"
8535,"3,21,127"
8536,"44,145,40"
8537,"23,26,350"
8538,"23,24,25"
8539,"0,8,308"
8540,"21,3,127"
8541,"169,199,459"
8542,"111,3,31"
8543,"40,3,143"
8544,"220,10,221"
8545,"3,30,66"
8546,"0,255,462"
8547,"3,34,21"
8548,"40,145,146"
8549,"8,0,285"
8550,"40,152,151"
8551,"0,216,403"
8552,"0,8,109"
8553,"3,17,168"
8554,"3,21,111"
8555,"3,21,187"
8556,"3,111,267"
8557,"0,313,355"
8558,"23,105,38"
8559,"220,10,221"
8560,"64,10,90"
8561,"11,10,109"
8562,"64,10,338"
8563,"26,23,231"
8564,"23,24,45"
8565,"0,8,308"
8566,"40,145,402"
8567,"169,170,459"
8568,"169,170,260"
8569,"40,131,142"
8570,"21,3,187"
8571,"3,21,127"
8572,"10,220,221"
8573,"169,199,281"
8574,"0,271,291"
8575,"3,111,119"
8576,"220,10,242"
8577,"3,156,147"
8578,"40,135,431"
8579,"24,23,43"
8580,"3,53,29"
8581,"23,38,39"
8582,"23,74,303"
8583,"3,111,119"
8584,"26,23,350"
8585,"40,128,129"
8586,"3,30,66"
8587,"23,31,74"
8588,"10,109,11"
8589,"23,105,318"
8590,"140,139,40"
8591,"23,31,454"
8592,"23,24,43"
8593,"169,170,417"
8594,"23,24,220"
8595,"169,311,343"
8596,"64,10,80"
8597,"0,213,214"
8598,"169,199,281"
8599,"16,15,3"
8600,"40,128,195"
8601,"64,10,80"
8602,"459,170,169"
8603,"21,40,33"
8604,"40,334,41"
8605,"34,3,263"
8606,"3,111,112"
8607,"11,10,109"
8608,"169,296,170"
8609,"169,170,199"
8610,"3,21,187"
8611,"23,74,118"
8612,"23,24,25"
8613,"11,10,109"
8614,"0,271,362"
8615,"23,38,309"
8616,"0,271,456"
8617,"10,239,60"
8618,"3,34,46"
8619,"60,61,10"
8620,"21,3,33"
8621,"3,85,86"
8622,"0,17,3"
8623,"169,199,259"
8624,"17,3,168"
8625,"131,40,142"
8626,"220,10,221"
8627,"23,71,38"
8628,"40,152,151"
8629,"105,23,318"
8630,"3,5,4"
8631,"21,3,187"
8632,"23,26,350"
8633,"169,296,428"
8634,"40,139,41"
8635,"3,111,267"
8636,"23,24,10"
8637,"3,85,86"
8638,"23,40,241"
8639,"3,147,156"
8640,"23,25,24"
8641,"40,41,324"
8642,"40,131,134"
8643,"23,26,350"
8644,"24,145,44"
8645,"0,100,208"
8646,"3,21,40"
8647,"23,77,31"
8648,"40,152,151"
8649,"3,147,53"
8650,"3,21,48"
8651,"23,265,24"
8652,"0,216,212"
8653,"40,128,129"
8654,"160,40,302"
8655,"23,25,24"
8656,"28,3,190"
8657,"40,131,159"
8658,"23,49,24"
8659,"23,24,49"
8660,"129,40,128"
8661,"0,271,355"
8662,"11,205,12"
8663,"40,131,226"
8664,"44,145,40"
8665,"40,131,226"
8666,"0,366,271"
8667,"169,426,427"
8668,"4,3,435"
8669,"23,26,350"
8670,"3,16,15"
8671,"0,23,216"
8672,"220,10,221"
8673,"0,216,254"
8674,"40,135,139"
8675,"3,30,15"
8676,"64,10,90"
8677,"3,21,127"
8678,"169,199,281"
8679,"23,24,49"
8680,"169,199,281"
8681,"0,8,206"
8682,"3,21,187"
8683,"3,21,127"
8684,"169,199,281"
8685,"3,53,523"
8686,"169,199,259"
8687,"23,24,43"
8688,"10,24,64"
8689,"0,8,206"
8690,"169,199,281"
8691,"3,34,447"
8692,"40,41,21"
8693,"3,21,301"
8694,"64,10,80"
8695,"40,135,138"
8696,"64,10,448"
8697,"10,64,93"
8698,"220,10,242"
8699,"0,8,235"
8700,"0,216,304"
8701,"64,10,80"
8702,"3,33,36"
8703,"147,3,148"
8704,"0,2,1"
8705,"23,24,43"
8706,"40,41,139"
8707,"23,38,137"
8708,"23,26,231"
8709,"44,145,40"
8710,"23,31,454"
8711,"40,402,145"
8712,"0,23,26"
8713,"23,40,74"
8714,"145,40,54"
8715,"169,199,171"
8716,"40,126,41"
8717,"21,41,3"
8718,"10,64,93"
8719,"3,21,0"
8720,"0,272,271"
8721,"3,53,287"
8722,"3,30,66"
8723,"32,23,31"
8724,"135,40,138"
8725,"40,145,44"
8726,"10,64,65"
8727,"23,24,49"
8728,"23,74,118"
8729,"17,3,168"
8730,"40,131,134"
8731,"0,271,213"
8732,"44,145,40"
8733,"199,169,138"
8734,"74,23,368"
8735,"40,128,151"
8736,"3,48,21"
8737,"24,23,54"
8738,"145,10,40"
8739,"39,251,23"
8740,"23,24,49"
8741,"23,26,89"
8742,"3,53,287"
8743,"169,199,323"
8744,"220,10,221"
8745,"0,214,213"
8746,"40,145,44"
8747,"3,17,168"
8748,"169,296,0"
8749,"0,26,271"
8750,"0,218,255"
8751,"0,271,456"
8752,"40,145,437"
8753,"0,8,313"
8754,"12,11,10"
8755,"40,140,128"
8756,"0,265,340"
8757,"220,10,221"
8758,"0,208,209"
8759,"60,10,61"
8760,"3,111,119"
8761,"145,23,24"
8762,"281,199,169"
8763,"138,40,135"
8764,"3,15,16"
8765,"0,271,522"
8766,"32,23,31"
8767,"23,38,71"
8768,"11,10,109"
8769,"131,406,40"
8770,"0,456,271"
8771,"220,10,221"
8772,"23,26,89"
8773,"10,220,242"
8774,"131,40,406"
8775,"10,64,93"
8776,"41,40,201"
8777,"340,0,3"
8778,"23,24,43"
8779,"3,21,108"
8780,"40,135,295"
8781,"265,0,266"
8782,"40,145,146"
8783,"169,199,281"
8784,"169,199,281"
8785,"64,10,448"
8786,"44,145,40"
8787,"24,23,43"
8788,"127,21,3"
8789,"74,23,303"
8790,"220,10,242"
8791,"220,10,221"
8792,"23,26,0"
8793,"23,74,40"
8794,"3,21,287"
8795,"3,28,30"
8796,"0,355,271"
8797,"3,13,204"
8798,"64,10,93"
8799,"3,21,127"
8800,"40,128,186"
8801,"23,26,0"
8802,"3,23,30"
8803,"220,0,10"
8804,"23,24,10"
8805,"0,277,413"
8806,"12,10,11"
8807,"23,24,49"
8808,"3,111,267"
8809,"23,32,31"
8810,"0,26,8"
8811,"3,28,190"
8812,"10,64,93"
8813,"0,2,1"
8814,"23,74,118"
8815,"3,30,21"
8816,"3,21,379"
8817,"3,21,108"
8818,"0,216,380"
8819,"23,26,89"
8820,"23,74,303"
8821,"0,271,355"
8822,"169,260,170"
8823,"0,216,255"
8824,"0,429,271"
8825,"23,71,38"
8826,"3,16,15"
8827,"199,169,356"
8828,"3,148,147"
8829,"8,0,308"
8830,"0,271,355"
8831,"3,17,168"
8832,"40,145,44"
8833,"3,13,14"
8834,"3,85,21"
8835,"0,8,308"
8836,"0,23,249"
8837,"131,134,171"
8838,"23,74,118"
8839,"313,0,346"
8840,"3,21,85"
8841,"40,128,129"
8842,"23,74,84"
8843,"3,126,21"
8844,"23,49,24"
8845,"118,23,500"
8846,"169,170,337"
8847,"3,21,127"
8848,"40,145,146"
8849,"40,135,146"
8850,"10,64,448"
8851,"40,128,395"
8852,"220,10,242"
8853,"169,199,281"
8854,"169,199,281"
8855,"131,40,406"
8856,"10,23,220"
8857,"40,145,44"
8858,"220,10,242"
8859,"23,26,350"
8860,"23,105,318"
8861,"169,0,260"
8862,"4,3,435"
8863,"10,64,65"
8864,"23,74,84"
8865,"10,60,61"
8866,"169,199,170"
8867,"339,337,169"
8868,"23,3,169"
8869,"3,34,169"
8870,"23,74,24"
8871,"169,199,323"
8872,"11,10,205"
8873,"4,3,19"
8874,"40,145,44"
8875,"40,131,486"
8876,"30,3,66"
8877,"23,26,231"
8878,"0,8,206"
8879,"199,169,131"
8880,"127,3,21"
8881,"10,23,11"
8882,"0,271,456"
8883,"64,145,40"
8884,"4,3,19"
8885,"40,395,131"
8886,"3,15,16"
8887,"220,10,221"
8888,"23,24,25"
8889,"3,4,183"
8890,"402,145,40"
8891,"169,199,171"
8892,"0,169,23"
8893,"169,1,426"
8894,"24,23,59"
8895,"3,17,56"
8896,"0,271,361"
8897,"3,16,15"
8898,"220,10,242"
8899,"3,147,21"
8900,"206,0,208"
8901,"169,199,323"
8902,"40,139,41"
8903,"23,105,38"
8904,"44,45,145"
8905,"3,147,148"
8906,"4,3,7"
8907,"40,131,134"
8908,"40,53,3"
8909,"40,41,324"
8910,"23,32,31"
8911,"23,71,38"
8912,"3,30,53"
8913,"169,311,337"
8914,"3,147,148"
8915,"40,162,163"
8916,"152,151,40"
8917,"40,131,406"
8918,"24,23,145"
8919,"3,147,148"
8920,"23,74,118"
8921,"169,199,343"
8922,"25,23,24"
8923,"5,228,3"
8924,"0,235,8"
8925,"31,23,258"
8926,"40,129,128"
8927,"10,64,93"
8928,"3,21,126"
8929,"3,15,16"
8930,"23,24,145"
8931,"296,169,428"
8932,"10,60,61"
8933,"10,64,338"
8934,"292,367,100"
8935,"26,231,23"
8936,"3,147,148"
8937,"23,24,49"
8938,"0,8,279"
8939,"26,23,350"
8940,"105,23,318"
8941,"3,34,263"
8942,"169,199,281"
8943,"220,242,10"
8944,"0,218,446"
8945,"26,231,169"
8946,"0,235,8"
8947,"23,26,89"
8948,"10,60,64"
8949,"220,10,242"
8950,"3,21,164"
8951,"131,40,406"
8952,"3,34,143"
8953,"31,23,258"
8954,"10,64,93"
8955,"169,199,374"
8956,"40,145,44"
8957,"171,131,199"
8958,"3,21,127"
8959,"40,129,128"
8960,"220,10,221"
8961,"23,74,165"
8962,"40,224,41"
8963,"23,105,106"
8964,"145,40,44"
8965,"23,38,24"
8966,"3,287,53"
8967,"3,15,85"
8968,"4,3,19"
8969,"21,3,108"
8970,"3,15,16"
8971,"40,135,250"
8972,"3,17,168"
8973,"0,216,380"
8974,"40,160,315"
8975,"3,85,21"
8976,"3,53,68"
8977,"40,131,134"
8978,"44,145,40"
8979,"64,10,80"
8980,"220,10,221"
8981,"3,53,523"
8982,"40,145,44"
8983,"3,156,147"
8984,"169,417,296"
8985,"23,24,59"
8986,"216,0,370"
8987,"23,26,89"
8988,"23,26,89"
8989,"171,199,169"
8990,"147,3,148"
8991,"40,160,151"
8992,"145,40,44"
8993,"23,74,38"
8994,"23,38,91"
8995,"44,40,145"
8996,"64,10,338"
8997,"40,152,128"
8998,"10,60,61"
8999,"3,4,238"
9000,"3,111,123"
9001,"169,199,23"
9002,"220,10,221"
9003,"40,145,44"
9004,"10,220,242"
9005,"40,135,138"
9006,"64,10,80"
9007,"3,30,66"
9008,"145,40,44"
9009,"3,4,238"
9010,"0,265,271"
9011,"23,26,105"
9012,"11,10,109"
9013,"220,10,221"
9014,"10,220,221"
9015,"10,145,31"
9016,"3,111,17"
9017,"3,385,22"
9018,"10,11,205"
9019,"11,24,205"
9020,"23,38,71"
9021,"40,286,41"
9022,"3,5,228"
9023,"169,199,0"
9024,"0,216,254"
9025,"0,255,218"
9026,"17,3,168"
9027,"21,3,124"
9028,"23,24,43"
9029,"10,60,61"
9030,"40,11,23"
9031,"23,345,38"
9032,"3,21,40"
9033,"220,10,221"
9034,"3,36,35"
9035,"0,229,230"
9036,"3,21,17"
9037,"10,93,64"
9038,"169,296,306"
9039,"147,148,3"
9040,"0,271,456"
9041,"23,24,49"
9042,"40,160,302"
9043,"23,26,89"
9044,"3,5,228"
9045,"0,271,424"
9046,"3,34,263"
9047,"10,54,64"
9048,"64,10,80"
9049,"3,21,108"
9050,"220,10,221"
9051,"0,366,271"
9052,"3,21,301"
9053,"3,34,15"
9054,"220,10,242"
9055,"3,21,187"
9056,"3,111,112"
9057,"23,24,43"
9058,"40,41,128"
9059,"131,31,23"
9060,"0,8,308"
9061,"11,109,10"
9062,"40,186,128"
9063,"23,11,24"
9064,"3,21,22"
9065,"40,162,163"
9066,"169,199,356"
9067,"23,74,118"
9068,"17,168,3"
9069,"3,13,14"
9070,"220,10,242"
9071,"23,74,105"
9072,"40,145,44"
9073,"169,199,356"
9074,"169,323,199"
9075,"0,271,456"
9076,"10,64,93"
9077,"0,169,296"
9078,"40,135,138"
9079,"16,15,3"
9080,"0,265,340"
9081,"40,152,151"
9082,"64,10,80"
9083,"23,38,26"
9084,"40,199,169"
9085,"3,111,238"
9086,"169,199,281"
9087,"0,8,206"
9088,"0,271,218"
9089,"16,15,3"
9090,"402,31,145"
9091,"169,199,281"
9092,"169,281,199"
9093,"8,0,206"
9094,"169,170,260"
9095,"3,16,15"
9096,"169,199,343"
9097,"24,23,64"
9098,"3,21,147"
9099,"4,3,238"
9100,"23,24,49"
9101,"23,54,105"
9102,"10,60,61"
9103,"3,41,21"
9104,"23,74,303"
9105,"40,41,139"
9106,"220,10,242"
9107,"10,11,205"
9108,"24,23,59"
9109,"54,95,10"
9110,"139,155,40"
9111,"3,85,21"
9112,"152,151,40"
9113,"10,220,242"
9114,"169,199,260"
9115,"11,10,109"
9116,"3,113,28"
9117,"10,64,80"
9118,"74,23,165"
9119,"23,74,303"
9120,"40,128,129"
9121,"3,330,28"
9122,"3,21,34"
9123,"0,279,249"
9124,"10,220,242"
9125,"199,169,356"
9126,"3,111,85"
9127,"11,10,109"
9128,"0,271,355"
9129,"23,74,118"
9130,"3,111,119"
9131,"10,11,205"
9132,"3,30,48"
9133,"23,105,24"
9134,"23,38,309"
9135,"145,40,402"
9136,"10,23,24"
9137,"199,244,135"
9138,"3,23,32"
9139,"10,11,234"
9140,"44,145,40"
9141,"40,129,128"
9142,"220,10,242"
9143,"3,30,147"
9144,"169,426,427"
9145,"30,3,32"
9146,"40,128,129"
9147,"53,3,287"
9148,"0,229,421"
9149,"23,26,89"
9150,"169,199,23"
9151,"10,64,93"
9152,"3,17,168"
9153,"10,145,40"
9154,"296,169,300"
9155,"3,21,187"
9156,"3,4,19"
9157,"23,38,137"
9158,"220,10,242"
9159,"0,512,218"
9160,"169,296,336"
9161,"40,41,324"
9162,"23,313,26"
9163,"169,171,199"
9164,"10,64,93"
9165,"64,10,448"
9166,"0,213,214"
9167,"127,3,21"
9168,"4,3,19"
9169,"64,10,335"
9170,"0,271,291"
9171,"23,118,231"
9172,"169,199,323"
9173,"23,26,89"
9174,"11,10,12"
9175,"3,21,108"
9176,"0,8,206"
9177,"64,10,80"
9178,"40,135,431"
9179,"23,24,43"
9180,"64,10,448"
9181,"40,127,128"
9182,"220,10,221"
9183,"3,53,287"
9184,"11,10,205"
9185,"145,40,44"
9186,"128,40,129"
9187,"0,8,206"
9188,"3,17,168"
9189,"23,74,40"
9190,"169,199,60"
9191,"64,10,80"
9192,"54,10,95"
9193,"23,40,38"
9194,"40,152,151"
9195,"23,38,74"
9196,"3,53,287"
9197,"169,0,271"
9198,"0,216,304"
9199,"0,8,327"
9200,"126,3,21"
9201,"220,10,242"
9202,"3,17,168"
9203,"23,24,44"
9204,"53,467,3"
9205,"199,169,248"
9206,"21,3,127"
9207,"40,131,226"
9208,"0,271,456"
9209,"40,129,128"
9210,"169,199,170"
9211,"23,26,89"
9212,"54,10,95"
9213,"3,5,228"
9214,"40,145,437"
9215,"25,23,24"
9216,"3,16,23"
9217,"0,216,304"
9218,"3,111,119"
9219,"220,10,242"
9220,"24,23,45"
9221,"23,24,25"
9222,"23,89,26"
9223,"64,10,93"
9224,"3,168,21"
9225,"53,3,287"
9226,"64,10,80"
9227,"0,216,254"
9228,"10,64,93"
9229,"105,318,23"
9230,"169,459,170"
9231,"23,24,59"
9232,"3,21,187"
9233,"24,23,25"
9234,"40,160,334"
9235,"40,160,152"
9236,"0,8,23"
9237,"287,53,3"
9238,"0,8,206"
9239,"296,169,420"
9240,"147,148,3"
9241,"40,128,3"
9242,"23,105,220"
9243,"0,8,308"
9244,"3,21,85"
9245,"40,135,41"
9246,"128,129,40"
9247,"0,249,216"
9248,"111,3,119"
9249,"0,8,235"
9250,"40,145,100"
9251,"64,10,80"
9252,"64,448,10"
9253,"3,30,21"
9254,"0,271,362"
9255,"169,199,260"
9256,"23,74,303"
9257,"0,350,355"
9258,"147,3,148"
9259,"169,199,281"
9260,"169,199,323"
9261,"23,74,118"
9262,"40,135,236"
9263,"220,10,145"
9264,"3,21,169"
9265,"23,74,303"
9266,"3,4,238"
9267,"0,313,355"
9268,"28,3,330"
9269,"199,171,169"
9270,"0,214,213"
9271,"40,128,129"
9272,"11,10,205"
9273,"3,467,40"
9274,"3,53,325"
9275,"23,38,145"
9276,"23,74,165"
9277,"23,74,303"
9278,"3,85,86"
9279,"3,147,148"
9280,"10,93,64"
9281,"3,21,108"
9282,"3,21,33"
9283,"44,145,11"
9284,"169,170,459"
9285,"220,10,221"
9286,"23,74,24"
9287,"23,89,26"
9288,"3,21,169"
9289,"105,23,318"
9290,"23,26,89"
9291,"220,10,242"
9292,"10,60,3"
9293,"3,228,5"
9294,"0,24,23"
9295,"0,313,346"
9296,"3,21,85"
9297,"40,128,186"
9298,"0,216,304"
9299,"23,38,137"
9300,"3,53,23"
9301,"23,74,303"
9302,"44,145,40"
9303,"0,265,340"
9304,"3,21,53"
9305,"169,199,343"
9306,"40,162,163"
9307,"0,23,74"
9308,"11,205,10"
9309,"4,3,19"
9310,"64,10,93"
9311,"10,64,93"
9312,"3,21,108"
9313,"26,23,89"
9314,"64,10,448"
9315,"23,74,317"
9316,"3,13,204"
9317,"3,5,228"
9318,"3,4,435"
9319,"3,53,16"
9320,"23,26,89"
9321,"23,74,118"
9322,"23,24,74"
9323,"169,199,323"
9324,"41,286,40"
9325,"0,271,272"
9326,"169,260,170"
9327,"40,41,215"
9328,"220,10,221"
9329,"23,26,89"
9330,"3,21,287"
9331,"3,147,148"
9332,"40,139,153"
9333,"23,38,24"
9334,"3,70,100"
9335,"23,24,49"
9336,"3,4,435"
9337,"3,111,119"
9338,"40,41,139"
9339,"64,10,17"
9340,"10,199,239"
9341,"169,199,281"
9342,"64,10,80"
9343,"23,118,74"
9344,"23,74,317"
9345,"3,21,108"
9346,"23,74,165"
9347,"0,271,355"
9348,"23,25,24"
9349,"0,216,214"
9350,"0,455,169"
9351,"169,170,271"
9352,"3,147,148"
9353,"64,10,65"
9354,"26,23,231"
9355,"4,3,238"
9356,"169,199,171"
9357,"21,3,124"
9358,"199,169,40"
9359,"199,281,169"
9360,"3,21,379"
9361,"0,206,8"
9362,"169,199,171"
9363,"3,111,472"
9364,"199,169,343"
9365,"3,21,108"
9366,"24,23,43"
9367,"199,169,248"
9368,"23,26,89"
9369,"3,14,13"
9370,"3,30,66"
9371,"4,3,19"
9372,"3,53,147"
9373,"3,53,287"
9374,"40,160,302"
9375,"220,10,242"
9376,"0,8,308"
9377,"64,10,448"
9378,"23,24,43"
9379,"0,216,257"
9380,"40,141,139"
9381,"0,8,308"
9382,"145,40,502"
9383,"23,118,74"
9384,"206,0,8"
9385,"10,64,93"
9386,"0,216,304"
9387,"0,8,206"
9388,"40,160,315"
9389,"40,184,243"
9390,"0,8,206"
9391,"23,40,74"
9392,"3,147,148"
9393,"0,8,285"
9394,"0,218,512"
9395,"296,169,411"
9396,"3,21,128"
9397,"0,216,254"
9398,"23,24,43"
9399,"3,147,148"
9400,"105,23,318"
9401,"40,128,129"
9402,"0,216,304"
9403,"40,151,152"
9404,"169,199,323"
9405,"40,131,241"
9406,"54,322,10"
9407,"3,21,127"
9408,"3,147,148"
9409,"10,60,54"
9410,"40,128,129"
9411,"40,139,41"
9412,"10,322,234"
9413,"231,26,23"
9414,"145,40,44"
9415,"23,31,49"
9416,"23,24,26"
9417,"4,3,19"
9418,"23,31,40"
9419,"23,49,24"
9420,"3,85,379"
9421,"0,216,355"
9422,"199,169,343"
9423,"40,3,100"
9424,"3,13,14"
9425,"3,17,168"
9426,"3,4,70"
9427,"10,54,95"
9428,"17,168,3"
9429,"169,260,170"
9430,"11,10,12"
9431,"0,218,216"
9432,"4,3,435"
9433,"3,21,228"
9434,"0,23,350"
9435,"16,15,3"
9436,"220,10,221"
9437,"3,21,30"
9438,"169,199,10"
9439,"40,431,135"
9440,"40,131,226"
9441,"40,41,42"
9442,"127,3,21"
9443,"0,271,444"
9444,"23,74,118"
9445,"23,26,231"
9446,"0,271,26"
9447,"199,169,34"
9448,"40,145,44"
9449,"21,3,127"
9450,"3,85,158"
9451,"0,216,304"
9452,"0,8,206"
9453,"23,71,38"
9454,"10,64,93"
9455,"26,23,231"
9456,"0,216,257"
9457,"3,40,139"
9458,"23,26,89"
9459,"169,508,199"
9460,"23,74,84"
9461,"8,0,391"
9462,"3,21,187"
9463,"3,30,66"
9464,"0,8,235"
9465,"40,138,135"
9466,"145,109,44"
9467,"23,26,231"
9468,"40,139,41"
9469,"10,60,24"
9470,"131,406,40"
9471,"3,21,379"
9472,"145,40,31"
9473,"145,40,45"
9474,"0,169,311"
9475,"40,131,142"
9476,"3,5,6"
9477,"220,10,242"
9478,"64,10,448"
9479,"23,74,118"
9480,"10,54,0"
9481,"169,199,170"
9482,"64,10,65"
9483,"0,216,279"
9484,"23,38,137"
9485,"3,147,148"
9486,"40,41,191"
9487,"131,23,40"
9488,"0,218,313"
9489,"3,17,168"
9490,"21,3,187"
9491,"206,0,8"
9492,"16,15,3"
9493,"0,216,212"
9494,"0,206,208"
9495,"23,26,231"
9496,"3,53,147"
9497,"64,10,80"
9498,"40,128,129"
9499,"3,4,183"
9500,"296,169,333"
9501,"40,160,315"
9502,"23,74,165"
9503,"10,220,221"
9504,"220,10,221"
9505,"40,139,131"
9506,"0,206,249"
9507,"0,8,208"
9508,"40,41,324"
9509,"169,199,281"
9510,"24,23,59"
9511,"0,271,456"
9512,"3,85,5"
9513,"11,109,10"
9514,"0,277,296"
9515,"23,74,40"
9516,"169,199,343"
9517,"3,21,111"
9518,"23,40,454"
9519,"3,21,187"
9520,"3,147,148"
9521,"169,199,281"
9522,"40,131,128"
9523,"169,260,170"
9524,"40,3,41"
9525,"40,145,44"
9526,"23,26,89"
9527,"0,216,380"
9528,"40,201,41"
9529,"21,3,127"
9530,"4,3,19"
9531,"89,23,26"
9532,"64,10,65"
9533,"0,249,279"
9534,"17,3,168"
9535,"0,257,216"
9536,"23,26,89"
9537,"3,53,318"
9538,"10,11,109"
9539,"208,0,369"
9540,"3,148,85"
9541,"24,23,345"
9542,"0,271,456"
9543,"31,23,454"
9544,"220,10,221"
9545,"3,21,48"
9546,"40,129,128"
9547,"23,24,43"
9548,"23,74,303"
9549,"40,129,128"
9550,"3,21,127"
9551,"0,216,304"
9552,"0,277,413"
9553,"3,147,127"
9554,"40,162,163"
9555,"4,238,3"
9556,"64,10,448"
9557,"10,23,24"
9558,"24,23,40"
9559,"10,64,93"
9560,"220,10,242"
9561,"199,169,171"
9562,"220,10,242"
9563,"169,260,170"
9564,"40,145,146"
9565,"0,216,169"
9566,"11,10,12"
9567,"23,24,49"
9568,"23,24,43"
9569,"31,402,258"
9570,"3,53,15"
9571,"71,38,23"
9572,"23,38,137"
9573,"23,89,26"
9574,"169,339,337"
9575,"220,10,221"
9576,"0,313,346"
9577,"3,126,21"
9578,"64,10,448"
9579,"0,8,405"
9580,"0,271,2"
9581,"21,3,127"
9582,"24,43,23"
9583,"23,74,75"
9584,"33,3,21"
9585,"26,89,23"
9586,"40,54,402"
9587,"0,279,249"
9588,"4,3,7"
9589,"169,170,459"
9590,"3,111,21"
9591,"11,10,109"
9592,"40,131,406"
9593,"169,199,170"
9594,"23,31,32"
9595,"131,32,31"
9596,"3,30,66"
9597,"40,131,142"
9598,"60,61,10"
9599,"0,23,249"
9600,"40,129,128"
9601,"23,74,118"
9602,"3,17,168"
9603,"0,271,265"
9604,"23,38,91"
9605,"38,23,137"
9606,"169,199,170"
9607,"40,131,135"
9608,"169,170,459"
9609,"3,28,518"
9610,"54,10,145"
9611,"111,3,119"
9612,"0,206,8"
9613,"23,38,74"
9614,"3,33,21"
9615,"3,4,19"
9616,"169,199,281"
9617,"23,3,100"
9618,"10,220,173"
9619,"23,24,49"
9620,"131,40,241"
9621,"31,23,258"
9622,"3,5,228"
9623,"0,271,355"
9624,"64,448,10"
9625,"169,170,260"
9626,"3,34,187"
9627,"169,296,411"
9628,"169,199,323"
9629,"0,395,249"
9630,"0,255,216"
9631,"23,24,43"
9632,"3,21,127"
9633,"23,24,49"
9634,"0,206,8"
9635,"169,199,171"
9636,"23,24,49"
9637,"0,216,257"
9638,"169,170,260"
9639,"40,23,151"
9640,"3,21,40"
9641,"23,24,43"
9642,"169,296,199"
9643,"23,24,49"
9644,"169,199,356"
9645,"23,26,89"
9646,"3,147,148"
9647,"40,41,324"
9648,"54,10,95"
9649,"3,53,17"
9650,"169,199,171"
9651,"40,41,224"
9652,"131,40,226"
9653,"0,49,54"
9654,"0,216,304"
9655,"40,145,146"
9656,"64,10,338"
9657,"23,105,38"
9658,"3,68,182"
9659,"10,64,93"
9660,"23,24,43"
9661,"10,60,61"
9662,"23,38,165"
9663,"0,26,216"
9664,"169,199,281"
9665,"220,10,242"
9666,"169,199,281"
9667,"3,68,182"
9668,"3,111,164"
9669,"24,23,43"
9670,"169,199,281"
9671,"169,199,323"
9672,"40,131,406"
9673,"3,30,104"
9674,"3,169,199"
9675,"10,64,93"
9676,"11,10,205"
9677,"23,32,31"
9678,"23,26,350"
9679,"23,74,118"
9680,"3,147,21"
9681,"3,21,30"
9682,"3,15,16"
9683,"23,105,326"
9684,"220,10,221"
9685,"220,10,242"
9686,"169,170,459"
9687,"169,199,323"
9688,"199,169,343"
9689,"40,138,135"
9690,"3,111,119"
9691,"3,30,219"
9692,"139,40,153"
9693,"169,199,356"
9694,"3,147,148"
9695,"11,10,109"
9696,"0,216,304"
9697,"220,10,221"
9698,"40,131,406"
9699,"0,218,255"
9700,"220,10,221"
9701,"0,255,462"
9702,"11,10,205"
9703,"169,170,337"
9704,"23,74,118"
9705,"23,38,137"
9706,"145,40,44"
9707,"40,145,54"
9708,"128,195,0"
9709,"169,199,323"
9710,"64,323,10"
9711,"40,131,159"
9712,"40,3,41"
9713,"3,28,190"
9714,"170,169,459"
9715,"10,64,80"
9716,"40,163,162"
9717,"169,259,426"
9718,"169,199,323"
9719,"44,145,40"
9720,"0,208,255"
9721,"0,313,346"
9722,"3,53,21"
9723,"3,147,148"
9724,"3,21,301"
9725,"3,108,21"
9726,"4,3,435"
9727,"40,131,128"
9728,"40,44,145"
9729,"64,10,65"
9730,"23,74,84"
9731,"3,111,21"
9732,"3,147,148"
9733,"0,271,456"
9734,"17,3,168"
9735,"23,38,24"
9736,"3,34,447"
9737,"10,64,93"
9738,"4,3,19"
9739,"40,135,23"
9740,"3,21,108"
9741,"220,10,221"
9742,"24,59,23"
9743,"64,169,323"
9744,"23,74,303"
9745,"44,40,145"
9746,"40,41,160"
9747,"3,21,111"
9748,"25,23,24"
9749,"23,38,137"
9750,"0,216,279"
9751,"169,199,248"
9752,"23,26,89"
9753,"0,8,308"
9754,"10,60,61"
9755,"220,10,221"
9756,"40,145,54"
9757,"40,131,226"
9758,"3,30,66"
9759,"145,44,40"
9760,"40,395,38"
9761,"71,23,38"
9762,"3,111,21"
9763,"220,10,221"
9764,"3,169,21"
9765,"40,131,395"
9766,"3,21,127"
9767,"23,24,43"
9768,"169,199,323"
9769,"3,21,187"
9770,"220,10,221"
9771,"4,3,19"
9772,"184,40,185"
9773,"10,60,64"
9774,"23,40,38"
9775,"40,145,146"
9776,"64,65,90"
9777,"3,21,127"
9778,"169,260,199"
9779,"3,53,287"
9780,"3,21,187"
9781,"169,170,459"
9782,"23,24,43"
9783,"26,23,231"
9784,"169,199,171"
9785,"3,4,238"
9786,"0,277,413"
9787,"0,265,349"
9788,"3,34,46"
9789,"40,128,129"
9790,"23,89,26"
9791,"169,170,323"
9792,"10,64,93"
9793,"40,131,241"
9794,"44,145,45"
9795,"23,24,43"
9796,"10,64,60"
9797,"40,149,41"
9798,"40,128,129"
9799,"10,220,221"
9800,"23,24,43"
9801,"169,311,187"
9802,"135,40,386"
9803,"3,30,53"
9804,"0,216,254"
9805,"17,3,168"
9806,"23,3,105"
9807,"3,21,108"
9808,"40,3,139"
9809,"3,23,28"
9810,"3,21,127"
9811,"199,169,323"
9812,"3,127,21"
9813,"23,24,43"
9814,"10,54,95"
9815,"40,139,153"
9816,"3,48,21"
9817,"0,216,208"
9818,"17,168,3"
9819,"64,10,80"
9820,"40,54,145"
9821,"105,106,262"
9822,"0,216,212"
9823,"40,131,406"
9824,"17,168,3"
9825,"23,38,137"
9826,"10,64,79"
9827,"31,23,328"
9828,"40,3,23"
9829,"169,199,281"
9830,"3,4,133"
9831,"3,28,30"
9832,"3,17,168"
9833,"3,28,5"
9834,"11,12,10"
9835,"0,271,456"
9836,"16,15,3"
9837,"220,10,242"
9838,"23,24,43"
9839,"199,169,374"
9840,"3,30,53"
9841,"4,3,183"
9842,"23,26,38"
9843,"10,54,55"
9844,"23,24,43"
9845,"40,151,152"
9846,"40,145,44"
9847,"0,271,291"
9848,"10,0,54"
9849,"64,10,90"
9850,"23,105,318"
9851,"3,85,158"
9852,"26,23,313"
9853,"10,64,23"
9854,"0,8,308"
9855,"3,21,127"
9856,"40,41,224"
9857,"220,10,221"
9858,"23,38,71"
9859,"3,147,148"
9860,"40,145,31"
9861,"199,169,281"
9862,"3,22,331"
9863,"10,220,242"
9864,"31,328,23"
9865,"0,271,361"
9866,"3,21,187"
9867,"21,3,187"
9868,"169,199,281"
9869,"23,74,40"
9870,"10,11,109"
9871,"3,147,148"
9872,"0,8,206"
9873,"169,199,281"
9874,"171,169,199"
9875,"3,53,16"
9876,"0,346,129"
9877,"3,28,190"
9878,"0,271,424"
9879,"40,41,42"
9880,"0,271,456"
9881,"169,199,281"
9882,"3,21,187"
9883,"199,169,343"
9884,"10,220,221"
9885,"129,40,128"
9886,"147,3,148"
9887,"118,23,74"
9888,"105,23,318"
9889,"0,271,213"
9890,"25,24,23"
9891,"3,4,53"
9892,"10,64,93"
9893,"199,169,171"
9894,"40,151,152"
9895,"3,156,147"
9896,"169,216,304"
9897,"3,188,15"
9898,"105,23,318"
9899,"3,21,127"
9900,"23,26,350"
9901,"40,145,402"
9902,"0,26,23"
9903,"64,10,90"
9904,"10,64,40"
9905,"3,33,36"
9906,"0,216,254"
9907,"23,31,96"
9908,"156,3,147"
9909,"3,85,53"
9910,"40,135,250"
9911,"40,145,54"
9912,"10,11,109"
9913,"169,323,0"
9914,"0,216,279"
9915,"0,229,230"
9916,"3,21,187"
9917,"23,38,24"
9918,"40,41,286"
9919,"23,24,43"
9920,"17,3,320"
9921,"40,160,315"
9922,"3,21,301"
9923,"3,21,115"
9924,"40,152,151"
9925,"40,128,186"
9926,"0,463,255"
9927,"11,10,109"
9928,"23,105,38"
9929,"3,17,168"
9930,"3,156,147"
9931,"0,169,216"
9932,"54,10,95"
9933,"169,296,199"
9934,"40,41,224"
9935,"3,15,16"
9936,"13,3,14"
9937,"0,271,257"
9938,"0,271,456"
9939,"169,170,260"
9940,"3,68,53"
9941,"10,64,338"
9942,"23,74,40"
9943,"10,239,60"
9944,"64,10,448"
9945,"0,271,355"
9946,"0,8,235"
9947,"23,0,26"
9948,"3,53,523"
9949,"96,31,258"
9950,"220,10,242"
9951,"0,8,308"
9952,"199,169,343"
9953,"10,220,221"
9954,"21,3,108"
9955,"3,301,28"
9956,"3,53,325"
9957,"13,3,401"
9958,"40,131,128"
9959,"16,15,3"
9960,"3,4,183"
9961,"220,10,242"
9962,"40,162,163"
9963,"131,40,406"
9964,"3,21,187"
9965,"3,21,301"
9966,"169,251,23"
9967,"54,10,24"
9968,"0,271,355"
9969,"23,74,31"
9970,"3,15,16"
9971,"3,187,21"
9972,"40,131,406"
9973,"3,15,16"
9974,"40,128,129"
9975,"171,169,199"
9976,"17,168,3"
9977,"0,265,340"
9978,"10,54,478"
9979,"24,23,43"
9980,"3,53,523"
9981,"10,173,54"
9982,"220,10,221"
9983,"0,354,216"
9984,"3,15,16"
9985,"3,21,127"
9986,"26,23,89"
9987,"23,24,105"
9988,"0,444,291"
9989,"3,4,19"
9990,"40,139,153"
9991,"40,184,131"
9992,"23,10,40"
9993,"23,169,199"
9994,"3,53,325"
9995,"220,10,221"
9996,"40,145,44"
9997,"71,23,38"
9998,"169,199,171"
9999,"0,313,346"
10000,"0,23,82"
10001,"3,147,203"
10002,"0,216,254"
10003,"169,199,281"
10004,"3,4,70"
10005,"0,229,421"
10006,"220,10,242"
10007,"10,60,0"
10008,"40,131,142"
10009,"23,31,258"
10010,"220,10,242"
10011,"169,170,459"
10012,"23,74,303"
10013,"3,21,182"
10014,"40,135,386"
10015,"0,3,108"
10016,"40,131,486"
10017,"10,60,64"
10018,"40,41,186"
10019,"0,271,272"
10020,"3,379,17"
10021,"34,3,237"
10022,"40,41,324"
10023,"145,40,402"
10024,"3,112,169"
10025,"23,24,43"
10026,"0,8,271"
10027,"8,0,308"
10028,"23,74,31"
10029,"40,151,74"
10030,"40,368,41"
10031,"0,208,521"
10032,"220,10,242"
10033,"3,21,108"
10034,"3,169,170"
10035,"3,131,40"
10036,"40,135,236"
10037,"3,53,523"
10038,"10,24,43"
10039,"40,21,160"
10040,"64,10,93"
10041,"23,26,89"
10042,"40,145,146"
10043,"40,131,142"
10044,"74,23,303"
10045,"169,199,260"
10046,"71,38,23"
10047,"220,10,221"
10048,"40,152,151"
10049,"11,10,109"
10050,"40,160,3"
10051,"169,199,323"
10052,"0,271,355"
10053,"0,206,208"
10054,"21,40,3"
10055,"3,17,168"
10056,"147,3,148"
10057,"259,426,169"
10058,"3,13,150"
10059,"17,3,168"
10060,"10,54,145"
10061,"40,292,3"
10062,"0,265,340"
10063,"31,402,23"
10064,"426,223,169"
10065,"10,64,239"
10066,"184,40,494"
10067,"199,169,281"
10068,"64,10,448"
10069,"220,221,10"
10070,"3,4,183"
10071,"3,21,53"
10072,"220,10,221"
10073,"23,26,89"
10074,"40,41,42"
10075,"40,128,129"
10076,"4,3,19"
10077,"64,10,338"
10078,"206,0,8"
10079,"131,134,199"
10080,"40,145,131"
10081,"10,64,93"
10082,"16,15,3"
10083,"40,23,478"
10084,"23,26,89"
10085,"3,21,108"
10086,"23,74,303"
10087,"54,10,55"
10088,"40,128,129"
10089,"3,85,112"
10090,"0,271,366"
10091,"3,21,48"
10092,"11,10,205"
10093,"40,152,151"
10094,"3,16,15"
10095,"11,10,205"
10096,"23,10,60"
10097,"3,53,287"
10098,"3,111,161"
10099,"3,21,379"
10100,"40,139,140"
10101,"3,28,4"
10102,"3,147,148"
10103,"0,271,265"
10104,"21,3,127"
10105,"23,25,24"
10106,"3,116,447"
10107,"3,13,150"
10108,"64,10,338"
10109,"169,260,170"
10110,"169,170,199"
10111,"0,249,279"
10112,"169,199,3"
10113,"3,21,187"
10114,"40,44,145"
10115,"40,131,241"
10116,"0,2,1"
10117,"220,10,221"
10118,"0,304,216"
10119,"3,15,16"
10120,"3,21,164"
10121,"220,10,221"
10122,"169,260,170"
10123,"0,216,255"
10124,"169,199,281"
10125,"10,60,61"
10126,"220,10,221"
10127,"145,40,44"
10128,"0,271,456"
10129,"40,145,54"
10130,"40,138,135"
10131,"0,271,522"
10132,"0,249,279"
10133,"3,85,158"
10134,"3,199,21"
10135,"23,26,350"
10136,"10,199,64"
10137,"111,3,112"
10138,"10,54,55"
10139,"3,53,111"
10140,"0,26,350"
10141,"11,10,12"
10142,"169,296,274"
10143,"169,199,281"
10144,"0,271,213"
10145,"40,145,44"
10146,"138,199,40"
10147,"0,216,304"
10148,"169,199,271"
10149,"3,16,15"
10150,"10,64,442"
10151,"40,41,224"
10152,"220,10,221"
10153,"129,40,128"
10154,"3,13,14"
10155,"3,147,148"
10156,"40,41,149"
10157,"0,3,28"
10158,"169,199,343"
10159,"23,49,24"
10160,"23,26,89"
10161,"64,10,338"
10162,"40,131,159"
10163,"23,24,49"
10164,"3,17,168"
10165,"169,199,296"
10166,"23,24,44"
10167,"0,271,444"
10168,"10,54,402"
10169,"10,64,80"
10170,"40,145,25"
10171,"3,169,311"
10172,"3,21,108"
10173,"3,147,148"
10174,"40,139,153"
10175,"3,30,66"
10176,"3,21,108"
10177,"40,184,185"
10178,"3,21,147"
10179,"3,21,187"
10180,"10,60,61"
10181,"40,139,153"
10182,"169,199,281"
10183,"11,10,12"
10184,"271,0,355"
10185,"40,135,236"
10186,"23,74,40"
10187,"3,147,16"
10188,"10,64,93"
10189,"220,10,242"
10190,"21,3,108"
10191,"40,139,41"
10192,"44,145,40"
10193,"44,145,40"
10194,"10,64,65"
10195,"40,131,42"
10196,"64,10,65"
10197,"3,147,148"
10198,"64,10,80"
10199,"23,74,118"
10200,"169,199,131"
10201,"3,30,66"
10202,"0,265,266"
10203,"220,10,221"
10204,"220,10,242"
10205,"10,54,55"
10206,"10,60,239"
10207,"0,285,8"
10208,"0,216,304"
10209,"54,10,55"
10210,"3,21,379"
10211,"10,60,11"
10212,"23,26,89"
10213,"31,402,23"
10214,"23,26,89"
10215,"11,10,109"
10216,"10,64,3"
10217,"0,277,2"
10218,"3,21,127"
10219,"3,147,148"
10220,"23,31,10"
10221,"0,208,218"
10222,"169,170,459"
10223,"3,21,30"
10224,"23,38,74"
10225,"89,26,0"
10226,"40,129,128"
10227,"40,41,139"
10228,"3,169,53"
10229,"23,31,454"
10230,"3,85,21"
10231,"5,3,6"
10232,"135,40,244"
10233,"3,111,267"
10234,"0,271,456"
10235,"40,145,402"
10236,"220,10,242"
10237,"169,199,138"
10238,"145,40,10"
10239,"40,160,302"
10240,"3,53,68"
10241,"23,38,91"
10242,"23,313,0"
10243,"169,260,170"
10244,"271,0,23"
10245,"44,145,40"
10246,"40,145,44"
10247,"3,15,16"
10248,"199,169,281"
10249,"3,4,28"
10250,"0,206,8"
10251,"23,74,40"
10252,"23,38,105"
10253,"23,24,26"
10254,"64,10,80"
10255,"3,85,21"
10256,"23,26,89"
10257,"0,271,352"
10258,"195,0,128"
10259,"8,0,391"
10260,"23,105,318"
10261,"3,108,21"
10262,"64,10,448"
10263,"10,220,54"
10264,"3,17,168"
10265,"40,41,149"
10266,"3,53,99"
10267,"0,271,355"
10268,"10,60,23"
10269,"169,199,323"
10270,"16,15,3"
10271,"23,31,3"
10272,"40,184,243"
10273,"3,21,147"
10274,"3,53,287"
10275,"40,131,184"
10276,"0,313,346"
10277,"41,40,42"
10278,"16,15,3"
10279,"10,64,90"
10280,"23,105,145"
10281,"23,24,43"
10282,"3,21,33"
10283,"23,265,24"
10284,"23,24,25"
10285,"33,3,21"
10286,"220,10,242"
10287,"23,74,303"
10288,"24,23,43"
10289,"0,271,456"
10290,"3,13,21"
10291,"3,21,17"
10292,"24,23,10"
10293,"3,111,119"
10294,"220,10,221"
10295,"145,40,54"
10296,"3,53,287"
10297,"10,11,60"
10298,"54,44,10"
10299,"40,135,138"
10300,"23,26,89"
10301,"0,271,456"
10302,"40,139,131"
10303,"3,21,127"
10304,"3,21,126"
10305,"0,8,271"
10306,"3,147,148"
10307,"3,21,48"
10308,"40,145,146"
10309,"11,10,12"
10310,"3,53,99"
10311,"3,147,156"
10312,"40,41,286"
10313,"40,145,402"
10314,"40,135,386"
10315,"3,523,53"
10316,"23,169,31"
10317,"21,3,108"
10318,"23,26,89"
10319,"169,170,459"
10320,"8,0,40"
10321,"0,216,249"
10322,"17,3,18"
10323,"220,10,221"
10324,"8,0,308"
10325,"40,41,126"
10326,"23,49,24"
10327,"23,24,43"
10328,"3,21,164"
10329,"3,147,4"
10330,"26,413,0"
10331,"3,21,48"
10332,"0,169,199"
10333,"40,128,195"
10334,"23,24,43"
10335,"3,66,30"
10336,"0,279,249"
10337,"0,271,280"
10338,"169,170,260"
10339,"17,3,168"
10340,"31,23,258"
10341,"3,21,108"
10342,"23,0,31"
10343,"40,145,146"
10344,"23,74,303"
10345,"23,74,118"
10346,"0,8,308"
10347,"0,218,255"
10348,"131,23,241"
10349,"23,31,96"
10350,"40,41,127"
10351,"64,10,65"
10352,"3,53,21"
10353,"10,60,239"
10354,"0,271,291"
10355,"169,296,460"
10356,"3,21,30"
10357,"40,152,151"
10358,"23,118,74"
10359,"199,169,281"
10360,"40,145,162"
10361,"23,74,118"
10362,"11,10,109"
10363,"3,147,148"
10364,"0,313,346"
10365,"169,260,170"
10366,"10,54,95"
10367,"0,255,462"
10368,"23,105,326"
10369,"10,11,109"
10370,"0,216,212"
10371,"24,44,23"
10372,"0,216,212"
10373,"3,111,267"
10374,"23,31,96"
10375,"40,128,41"
10376,"23,74,118"
10377,"169,199,3"
10378,"64,10,93"
10379,"40,131,368"
10380,"24,23,59"
10381,"169,427,426"
10382,"0,455,23"
10383,"10,220,402"
10384,"40,131,486"
10385,"40,145,402"
10386,"3,188,4"
10387,"40,42,41"
10388,"10,64,239"
10389,"24,23,25"
10390,"0,8,271"
10391,"23,71,38"
10392,"0,216,254"
10393,"4,3,435"
10394,"3,30,28"
10395,"105,23,326"
10396,"3,4,174"
10397,"31,23,245"
10398,"0,271,291"
10399,"131,40,241"
10400,"23,26,24"
10401,"3,10,234"
10402,"169,31,296"
10403,"199,169,281"
10404,"10,44,145"
10405,"40,145,44"
10406,"3,68,53"
10407,"147,3,148"
10408,"169,199,323"
10409,"23,24,43"
10410,"23,105,53"
10411,"3,21,30"
10412,"0,8,285"
10413,"23,26,89"
10414,"3,17,21"
10415,"3,15,16"
10416,"40,131,226"
10417,"3,4,111"
10418,"0,340,265"
10419,"11,10,12"
10420,"10,23,160"
10421,"64,10,80"
10422,"10,93,64"
10423,"145,40,64"
10424,"40,3,111"
10425,"23,74,303"
10426,"23,24,43"
10427,"3,21,53"
10428,"169,199,323"
10429,"40,145,54"
10430,"199,169,40"
10431,"11,10,12"
10432,"40,145,402"
10433,"32,30,23"
10434,"3,28,21"
10435,"23,26,89"
10436,"4,19,3"
10437,"199,169,282"
10438,"21,3,41"
10439,"23,31,258"
10440,"3,53,523"
10441,"169,296,8"
10442,"3,10,60"
10443,"10,54,95"
10444,"21,3,187"
10445,"169,131,241"
10446,"3,126,140"
10447,"199,169,281"
10448,"171,199,169"
10449,"199,169,343"
10450,"40,145,44"
10451,"40,41,160"
10452,"169,199,281"
10453,"3,4,53"
10454,"169,199,281"
10455,"10,64,60"
10456,"40,145,146"
10457,"0,8,206"
10458,"10,220,221"
10459,"0,235,8"
10460,"23,118,74"
10461,"11,10,12"
10462,"0,271,456"
10463,"3,4,238"
10464,"40,162,163"
10465,"54,10,322"
10466,"10,11,205"
10467,"0,271,355"
10468,"8,0,308"
10469,"0,213,214"
10470,"220,10,242"
10471,"23,38,105"
10472,"220,10,242"
10473,"4,19,238"
10474,"169,199,260"
10475,"3,21,48"
10476,"169,296,336"
10477,"3,30,66"
10478,"169,296,0"
10479,"40,152,151"
10480,"3,4,435"
10481,"40,160,159"
10482,"40,41,42"
10483,"23,31,96"
10484,"220,10,221"
10485,"23,24,43"
10486,"169,199,323"
10487,"169,199,281"
10488,"3,85,86"
10489,"296,169,460"
10490,"3,21,126"
10491,"169,199,281"
10492,"64,10,23"
10493,"40,131,134"
10494,"171,169,199"
10495,"3,17,168"
10496,"10,11,12"
10497,"3,147,148"
10498,"169,199,374"
10499,"0,2,1"
10500,"23,26,0"
10501,"64,10,93"
10502,"40,131,139"
10503,"0,208,229"
10504,"23,40,128"
10505,"3,4,435"
10506,"23,89,26"
10507,"3,21,127"
10508,"23,40,31"
10509,"64,10,448"
10510,"40,395,128"
10511,"131,40,406"
10512,"23,26,89"
10513,"23,26,231"
10514,"23,24,43"
10515,"40,131,142"
10516,"23,0,206"
10517,"10,11,12"
10518,"0,21,288"
10519,"23,26,89"
10520,"10,64,93"
10521,"64,10,448"
10522,"40,41,149"
10523,"3,296,10"
10524,"3,30,66"
10525,"169,199,382"
10526,"145,44,40"
10527,"145,40,44"
10528,"23,105,60"
10529,"220,10,242"
10530,"0,8,391"
10531,"40,41,160"
10532,"10,145,40"
10533,"3,21,187"
10534,"0,313,346"
10535,"4,3,19"
10536,"23,26,89"
10537,"21,3,187"
10538,"23,74,303"
10539,"40,160,302"
10540,"3,21,108"
10541,"10,64,93"
10542,"169,199,323"
10543,"147,3,167"
10544,"3,111,284"
10545,"23,26,89"
10546,"3,10,40"
10547,"11,10,205"
10548,"147,3,148"
10549,"0,291,271"
10550,"23,31,32"
10551,"10,54,55"
10552,"3,111,112"
10553,"296,169,460"
10554,"41,111,3"
10555,"64,10,80"
10556,"3,111,119"
10557,"23,24,49"
10558,"40,41,139"
10559,"40,131,134"
10560,"23,0,8"
10561,"23,71,38"
10562,"199,10,169"
10563,"44,40,145"
10564,"44,145,40"
10565,"111,3,119"
10566,"10,54,23"
10567,"64,10,23"
10568,"23,24,43"
10569,"3,5,133"
10570,"21,3,33"
10571,"3,30,66"
10572,"23,26,89"
10573,"105,23,318"
10574,"10,11,12"
10575,"40,145,44"
10576,"0,271,456"
10577,"23,24,38"
10578,"3,34,46"
10579,"40,131,406"
10580,"220,10,242"
10581,"0,216,304"
10582,"3,34,169"
10583,"0,216,214"
10584,"169,199,281"
10585,"0,265,266"
10586,"23,24,59"
10587,"40,131,486"
10588,"11,10,109"
10589,"23,38,74"
10590,"3,21,187"
10591,"169,170,260"
10592,"44,145,40"
10593,"105,23,318"
10594,"131,40,241"
10595,"21,3,48"
10596,"44,45,145"
10597,"0,265,349"
10598,"23,74,118"
10599,"23,24,38"
10600,"0,216,304"
10601,"17,3,320"
10602,"10,54,322"
10603,"128,40,129"
10604,"296,169,411"
10605,"40,3,70"
10606,"64,10,448"
10607,"111,3,119"
10608,"3,147,148"
10609,"17,320,3"
10610,"131,40,241"
10611,"3,21,127"
10612,"10,64,93"
10613,"169,199,323"
10614,"3,21,126"
10615,"3,85,86"
10616,"3,21,126"
10617,"145,40,44"
10618,"3,21,33"
10619,"10,64,80"
10620,"21,3,127"
10621,"129,40,128"
10622,"169,199,170"
10623,"23,38,137"
10624,"23,31,129"
10625,"23,26,89"
10626,"10,220,31"
10627,"0,413,277"
10628,"169,199,260"
10629,"3,5,204"
10630,"3,21,187"
10631,"26,23,350"
10632,"220,10,242"
10633,"0,349,265"
10634,"10,64,448"
10635,"0,271,456"
10636,"3,21,164"
10637,"3,147,33"
10638,"3,17,30"
10639,"40,41,224"
10640,"0,8,308"
10641,"0,265,271"
10642,"0,216,357"
10643,"5,228,3"
10644,"23,24,43"
10645,"40,145,44"
10646,"160,40,315"
10647,"0,271,363"
10648,"23,38,26"
10649,"64,10,448"
10650,"44,145,40"
10651,"44,45,145"
10652,"23,38,137"
10653,"3,21,182"
10654,"40,129,128"
10655,"11,10,205"
10656,"40,131,226"
10657,"0,271,456"
10658,"26,23,231"
10659,"0,8,350"
10660,"16,15,3"
10661,"40,139,41"
10662,"10,60,43"
10663,"25,23,24"
10664,"169,417,296"
10665,"0,271,265"
10666,"40,41,324"
10667,"3,156,147"
10668,"23,26,89"
10669,"0,169,426"
10670,"220,10,221"
10671,"0,216,257"
10672,"40,128,195"
10673,"23,24,43"
10674,"0,313,346"
10675,"3,21,127"
10676,"54,10,322"
10677,"0,216,291"
10678,"24,23,49"
10679,"31,23,96"
10680,"0,271,216"
10681,"3,15,111"
10682,"40,21,3"
10683,"131,40,226"
10684,"40,135,189"
10685,"21,3,127"
10686,"0,271,456"
10687,"169,508,170"
10688,"23,118,38"
10689,"40,184,494"
10690,"169,199,281"
10691,"169,281,199"
10692,"53,3,23"
10693,"147,3,148"
10694,"0,8,285"
10695,"128,40,195"
10696,"3,5,228"
10697,"3,4,435"
10698,"3,53,17"
10699,"0,271,255"
10700,"90,64,65"
10701,"145,24,23"
10702,"21,3,127"
10703,"64,448,10"
10704,"10,220,221"
10705,"38,23,0"
10706,"40,131,486"
10707,"3,4,238"
10708,"3,21,48"
10709,"3,34,21"
10710,"169,199,68"
10711,"0,8,235"
10712,"24,23,43"
10713,"169,199,323"
10714,"10,64,93"
10715,"0,265,271"
10716,"64,10,93"
10717,"23,43,24"
10718,"3,4,5"
10719,"23,31,96"
10720,"169,170,459"
10721,"10,60,54"
10722,"296,169,300"
10723,"4,3,19"
10724,"3,111,112"
10725,"24,23,49"
10726,"220,10,221"
10727,"169,170,459"
10728,"11,109,10"
10729,"0,265,273"
10730,"0,216,271"
10731,"24,23,10"
10732,"0,271,353"
10733,"3,17,168"
10734,"3,21,53"
10735,"0,271,456"
10736,"10,64,80"
10737,"3,30,66"
10738,"3,21,115"
10739,"147,148,3"
10740,"3,21,127"
10741,"23,38,137"
10742,"11,10,109"
10743,"3,111,112"
10744,"169,199,323"
10745,"169,112,312"
10746,"0,255,462"
10747,"44,40,145"
10748,"64,10,338"
10749,"3,5,228"
10750,"3,17,168"
10751,"23,24,105"
10752,"169,199,259"
10753,"10,220,242"
10754,"40,131,406"
10755,"40,44,145"
10756,"0,313,277"
10757,"23,45,24"
10758,"3,4,238"
10759,"23,8,0"
10760,"17,168,3"
10761,"23,118,38"
10762,"3,21,53"
10763,"169,3,199"
10764,"0,8,129"
10765,"3,4,238"
10766,"0,313,346"
10767,"3,17,168"
10768,"169,199,426"
10769,"3,147,148"
10770,"43,24,10"
10771,"169,281,199"
10772,"40,160,149"
10773,"169,199,281"
10774,"10,11,109"
10775,"40,3,41"
10776,"3,21,53"
10777,"220,10,242"
10778,"21,3,108"
10779,"0,265,266"
10780,"3,4,435"
10781,"220,10,242"
10782,"0,257,216"
10783,"3,187,21"
10784,"3,111,119"
10785,"3,34,263"
10786,"21,3,127"
10787,"24,23,25"
10788,"0,271,169"
10789,"0,216,271"
10790,"0,313,346"
10791,"23,24,10"
10792,"0,213,214"
10793,"3,15,16"
10794,"199,169,281"
10795,"40,41,324"
10796,"4,3,238"
10797,"169,199,248"
10798,"3,379,17"
10799,"10,60,61"
10800,"10,419,173"
10801,"40,145,135"
10802,"74,23,303"
10803,"23,24,105"
10804,"0,235,255"
10805,"64,448,10"
10806,"11,10,205"
10807,"3,21,108"
10808,"10,64,65"
10809,"23,89,26"
10810,"40,135,138"
10811,"3,148,147"
10812,"10,64,93"
10813,"0,421,229"
10814,"3,10,145"
10815,"199,169,23"
10816,"44,145,40"
10817,"23,26,231"
10818,"23,26,231"
10819,"64,10,93"
10820,"0,271,213"
10821,"3,66,30"
10822,"220,10,221"
10823,"199,169,96"
10824,"64,10,80"
10825,"24,23,43"
10826,"220,10,242"
10827,"23,24,38"
10828,"169,296,306"
10829,"41,40,215"
10830,"11,10,205"
10831,"3,4,23"
10832,"0,216,212"
10833,"34,3,263"
10834,"4,3,19"
10835,"3,21,379"
10836,"23,74,38"
10837,"23,74,303"
10838,"3,187,21"
10839,"0,218,249"
10840,"40,131,406"
10841,"23,74,165"
10842,"0,271,291"
10843,"0,216,304"
10844,"0,216,304"
10845,"3,53,523"
10846,"169,337,339"
10847,"3,21,182"
10848,"23,26,350"
10849,"3,111,85"
10850,"64,10,93"
10851,"0,216,257"
10852,"44,145,40"
10853,"23,231,26"
10854,"3,21,379"
10855,"23,26,231"
10856,"40,162,163"
10857,"0,271,456"
10858,"25,24,23"
10859,"169,23,40"
10860,"23,26,89"
10861,"23,74,118"
10862,"169,3,187"
10863,"220,10,242"
10864,"41,40,3"
10865,"64,10,24"
10866,"23,31,454"
10867,"10,220,242"
10868,"10,220,221"
10869,"10,60,61"
10870,"17,3,168"
10871,"220,10,221"
10872,"0,271,213"
10873,"40,135,244"
10874,"40,131,406"
10875,"0,366,271"
10876,"0,255,462"
10877,"74,23,165"
10878,"40,128,129"
10879,"23,118,74"
10880,"0,8,206"
10881,"23,74,303"
10882,"3,15,16"
10883,"147,3,148"
10884,"23,31,328"
10885,"23,74,184"
10886,"220,10,221"
10887,"10,55,54"
10888,"64,10,80"
10889,"44,145,40"
10890,"3,147,53"
10891,"3,21,108"
10892,"169,199,356"
10893,"16,15,3"
10894,"0,271,213"
10895,"4,3,435"
10896,"3,5,228"
10897,"3,111,284"
10898,"3,30,66"
10899,"23,0,328"
10900,"3,30,66"
10901,"21,3,301"
10902,"40,41,139"
10903,"40,164,21"
10904,"131,40,406"
10905,"10,55,54"
10906,"3,53,287"
10907,"199,281,169"
10908,"296,169,300"
10909,"138,3,40"
10910,"3,4,435"
10911,"3,53,21"
10912,"64,10,90"
10913,"26,23,231"
10914,"3,21,301"
10915,"44,145,40"
10916,"10,64,93"
10917,"0,271,522"
10918,"26,23,89"
10919,"4,3,19"
10920,"4,3,19"
10921,"64,23,26"
10922,"40,131,145"
10923,"10,64,80"
10924,"0,8,285"
10925,"40,41,149"
10926,"0,23,206"
10927,"296,169,411"
10928,"3,17,168"
10929,"40,128,41"
10930,"3,28,190"
10931,"10,64,448"
10932,"24,23,95"
10933,"0,265,490"
10934,"23,24,59"
10935,"54,10,40"
10936,"23,26,350"
10937,"64,10,80"
10938,"3,21,40"
10939,"3,13,14"
10940,"10,60,239"
10941,"3,21,127"
10942,"0,271,355"
10943,"23,24,49"
10944,"4,19,3"
10945,"21,3,127"
10946,"0,218,509"
10947,"40,138,135"
10948,"64,10,80"
10949,"23,26,89"
10950,"0,8,206"
10951,"0,229,230"
10952,"3,30,147"
10953,"11,10,205"
10954,"402,40,145"
10955,"23,38,74"
10956,"220,10,242"
10957,"4,3,19"
10958,"3,21,53"
10959,"23,49,24"
10960,"0,512,218"
10961,"3,30,66"
10962,"3,169,199"
10963,"44,145,45"
10964,"43,24,23"
10965,"23,24,43"
10966,"40,41,186"
10967,"169,199,281"
10968,"3,21,127"
10969,"169,508,426"
10970,"48,3,21"
10971,"0,456,429"
10972,"147,3,148"
10973,"40,138,41"
10974,"31,10,60"
10975,"3,53,523"
10976,"23,24,43"
10977,"3,21,85"
10978,"3,21,187"
10979,"0,216,249"
10980,"40,135,189"
10981,"3,15,16"
10982,"169,187,311"
10983,"23,24,25"
10984,"23,24,10"
10985,"3,112,111"
10986,"0,350,26"
10987,"40,128,129"
10988,"3,21,126"
10989,"220,10,221"
10990,"0,354,216"
10991,"0,216,195"
10992,"40,129,128"
10993,"3,111,472"
10994,"3,17,168"
10995,"3,21,115"
10996,"111,112,3"
10997,"23,74,303"
10998,"40,131,134"
10999,"21,3,108"
11000,"296,169,411"
11001,"169,199,170"
11002,"23,24,25"
11003,"23,89,26"
11004,"40,41,149"
11005,"3,30,66"
11006,"11,10,205"
11007,"162,163,40"
11008,"23,26,105"
11009,"64,10,448"
11010,"10,60,239"
11011,"220,10,221"
11012,"10,145,402"
11013,"40,131,134"
11014,"24,23,10"
11015,"40,145,44"
11016,"0,355,216"
11017,"169,170,199"
11018,"402,145,40"
11019,"169,170,508"
11020,"40,41,324"
11021,"0,8,405"
11022,"145,40,44"
11023,"40,145,402"
11024,"169,260,281"
11025,"23,24,43"
11026,"40,128,129"
11027,"296,169,333"
11028,"3,85,53"
11029,"10,64,60"
11030,"23,38,137"
11031,"169,199,171"
11032,"31,23,258"
11033,"0,271,522"
11034,"0,313,346"
11035,"23,24,345"
11036,"3,4,238"
11037,"40,145,44"
11038,"23,38,26"
11039,"23,118,74"
11040,"169,485,313"
11041,"169,199,171"
11042,"3,28,190"
11043,"0,265,349"
11044,"0,308,8"
11045,"0,313,314"
11046,"3,178,111"
11047,"23,31,169"
11048,"0,271,355"
11049,"0,279,249"
11050,"0,271,355"
11051,"296,169,411"
11052,"3,30,111"
11053,"220,10,221"
11054,"23,118,231"
11055,"23,49,24"
11056,"40,131,132"
11057,"74,23,303"
11058,"64,10,93"
11059,"31,23,96"
11060,"169,170,260"
11061,"0,370,249"
11062,"3,263,34"
11063,"40,496,41"
11064,"40,128,129"
11065,"64,10,448"
11066,"0,271,355"
11067,"145,44,40"
11068,"64,10,80"
11069,"0,8,308"
11070,"24,23,43"
11071,"169,0,216"
11072,"3,21,108"
11073,"220,10,242"
11074,"3,48,21"
11075,"3,53,168"
11076,"40,128,129"
11077,"3,169,199"
11078,"169,199,323"
11079,"64,10,65"
11080,"0,271,456"
11081,"40,128,129"
11082,"3,17,168"
11083,"3,15,16"
11084,"44,145,40"
11085,"23,24,49"
11086,"199,169,23"
11087,"145,40,402"
11088,"10,11,109"
11089,"0,216,304"
11090,"40,145,402"
11091,"3,85,30"
11092,"105,23,318"
11093,"206,0,8"
11094,"23,26,350"
11095,"160,40,315"
11096,"0,271,456"
11097,"23,74,63"
11098,"23,31,454"
11099,"131,40,406"
11100,"23,24,45"
11101,"23,105,137"
11102,"31,23,96"
11103,"3,21,147"
11104,"3,4,238"
11105,"169,170,296"
11106,"23,24,44"
11107,"139,40,153"
11108,"0,255,271"
11109,"40,131,406"
11110,"44,145,40"
11111,"64,10,448"
11112,"23,74,165"
11113,"395,40,396"
11114,"3,53,21"
11115,"169,199,24"
11116,"0,8,206"
11117,"220,10,242"
11118,"64,90,10"
11119,"40,152,151"
11120,"31,23,96"
11121,"3,21,30"
11122,"0,218,213"
11123,"3,21,379"
11124,"4,3,19"
11125,"3,85,158"
11126,"131,40,406"
11127,"23,3,31"
11128,"0,213,214"
11129,"0,8,355"
11130,"10,60,61"
11131,"40,145,402"
11132,"23,74,165"
11133,"0,271,366"
11134,"23,74,118"
11135,"0,8,285"
11136,"0,44,23"
11137,"169,339,337"
11138,"0,218,255"
11139,"17,3,168"
11140,"40,160,302"
11141,"0,249,279"
11142,"0,444,271"
11143,"3,53,152"
11144,"131,40,193"
11145,"220,10,221"
11146,"3,16,15"
11147,"23,26,89"
11148,"40,160,41"
11149,"40,135,41"
11150,"26,23,231"
11151,"111,123,3"
11152,"24,23,43"
11153,"64,10,93"
11154,"3,53,14"
11155,"40,41,224"
11156,"40,131,134"
11157,"10,64,60"
11158,"23,24,26"
11159,"169,199,323"
11160,"21,3,127"
11161,"220,10,242"
11162,"40,145,402"
11163,"3,145,10"
11164,"3,21,102"
11165,"10,23,24"
11166,"10,220,221"
11167,"145,40,44"
11168,"220,10,242"
11169,"220,10,221"
11170,"64,10,448"
11171,"3,5,228"
11172,"0,271,366"
11173,"40,162,163"
11174,"23,105,106"
11175,"26,23,350"
11176,"10,11,12"
11177,"3,147,148"
11178,"40,131,41"
11179,"0,169,216"
11180,"44,45,145"
11181,"3,34,263"
11182,"40,41,151"
11183,"23,74,75"
11184,"199,169,343"
11185,"23,24,25"
11186,"3,68,182"
11187,"199,169,323"
11188,"3,13,122"
11189,"0,8,206"
11190,"402,145,40"
11191,"23,26,231"
11192,"0,8,285"
11193,"3,53,15"
11194,"3,435,4"
11195,"23,38,63"
11196,"23,24,31"
11197,"169,199,170"
11198,"169,260,170"
11199,"169,199,281"
11200,"64,10,80"
11201,"23,38,309"
11202,"0,206,249"
11203,"0,271,255"
11204,"3,21,108"
11205,"64,10,93"
11206,"23,74,317"
11207,"3,21,40"
11208,"40,145,402"
11209,"10,3,53"
11210,"24,23,43"
11211,"0,216,304"
11212,"0,8,457"
11213,"3,34,263"
11214,"40,131,142"
11215,"64,10,448"
11216,"199,169,343"
11217,"11,10,109"
11218,"40,135,459"
11219,"3,34,187"
11220,"44,145,40"
11221,"23,26,89"
11222,"23,24,49"
11223,"0,271,355"
11224,"40,131,406"
11225,"199,169,281"
11226,"220,10,242"
11227,"3,21,187"
11228,"16,15,3"
11229,"23,26,89"
11230,"0,271,355"
11231,"23,24,49"
11232,"0,271,490"
11233,"23,25,24"
11234,"23,26,89"
11235,"23,105,106"
11236,"131,40,406"
11237,"3,21,147"
11238,"3,17,320"
11239,"54,10,24"
11240,"3,53,183"
11241,"40,131,486"
11242,"23,24,105"
11243,"0,271,321"
11244,"64,10,65"
11245,"0,216,211"
11246,"3,30,66"
11247,"220,10,221"
11248,"3,21,48"
11249,"16,15,3"
11250,"169,337,251"
11251,"199,169,343"
11252,"0,271,291"
11253,"3,21,187"
11254,"23,31,328"
11255,"23,24,0"
11256,"10,11,205"
11257,"10,64,80"
11258,"16,15,3"
11259,"10,64,448"
11260,"64,10,448"
11261,"10,221,220"
11262,"199,169,356"
11263,"44,145,40"
11264,"3,147,156"
11265,"169,199,281"
11266,"40,128,395"
11267,"10,11,205"
11268,"40,152,151"
11269,"40,139,155"
11270,"0,271,349"
11271,"21,3,108"
11272,"208,0,369"
11273,"23,24,43"
11274,"0,308,271"
11275,"54,10,95"
11276,"40,145,146"
11277,"40,135,244"
11278,"0,271,456"
11279,"23,26,89"
11280,"169,339,337"
11281,"23,24,38"
11282,"44,145,40"
11283,"3,34,263"
11284,"0,216,403"
11285,"131,40,406"
11286,"10,40,54"
11287,"169,170,459"
11288,"54,95,10"
11289,"169,459,199"
11290,"40,145,44"
11291,"40,145,44"
11292,"3,4,188"
11293,"23,26,89"
11294,"23,31,32"
11295,"3,17,168"
11296,"64,10,65"
11297,"169,199,343"
11298,"3,53,287"
11299,"64,10,448"
11300,"23,10,60"
11301,"135,40,138"
11302,"3,21,124"
11303,"0,216,304"
11304,"10,64,80"
11305,"3,21,187"
11306,"3,53,287"
11307,"40,60,61"
11308,"23,137,38"
11309,"0,8,265"
11310,"3,15,16"
11311,"40,41,201"
11312,"265,0,349"
11313,"10,239,60"
11314,"138,169,374"
11315,"23,84,74"
11316,"3,66,30"
11317,"220,10,242"
11318,"169,199,281"
11319,"169,170,260"
11320,"4,3,238"
11321,"145,40,54"
11322,"0,216,304"
11323,"10,220,242"
11324,"10,60,61"
11325,"64,10,448"
11326,"10,24,54"
11327,"3,13,204"
11328,"89,23,26"
11329,"23,24,43"
11330,"169,296,428"
11331,"23,40,243"
11332,"23,74,118"
11333,"3,15,16"
11334,"169,170,260"
11335,"220,10,221"
11336,"111,3,119"
11337,"128,40,195"
11338,"218,0,40"
11339,"10,64,43"
11340,"169,199,343"
11341,"0,8,327"
11342,"131,134,40"
11343,"220,10,221"
11344,"3,13,53"
11345,"10,93,64"
11346,"3,21,126"
11347,"131,40,406"
11348,"10,60,169"
11349,"169,170,260"
11350,"40,41,201"
11351,"3,111,284"
11352,"31,23,328"
11353,"10,64,93"
11354,"169,170,199"
11355,"3,30,28"
11356,"3,5,228"
11357,"169,199,281"
11358,"0,8,235"
11359,"3,21,40"
11360,"295,40,135"
11361,"10,64,442"
11362,"145,40,493"
11363,"3,17,168"
11364,"44,145,40"
11365,"3,48,21"
11366,"220,10,242"
11367,"3,111,4"
11368,"10,11,109"
11369,"16,3,15"
11370,"0,271,456"
11371,"40,395,128"
11372,"3,21,126"
11373,"40,145,54"
11374,"135,40,236"
11375,"0,271,280"
11376,"3,21,127"
11377,"220,10,221"
11378,"0,271,291"
11379,"220,10,242"
11380,"131,40,134"
11381,"17,3,168"
11382,"0,8,271"
11383,"23,8,0"
11384,"10,54,23"
11385,"23,0,24"
11386,"23,340,89"
11387,"21,3,108"
11388,"3,21,187"
11389,"3,147,85"
11390,"10,11,205"
11391,"3,53,68"
11392,"40,131,368"
11393,"40,152,151"
11394,"145,40,402"
11395,"220,10,221"
11396,"131,406,199"
11397,"26,23,231"
11398,"23,26,89"
11399,"0,255,169"
11400,"169,260,170"
11401,"0,271,456"
11402,"40,395,41"
11403,"0,249,279"
11404,"40,145,402"
11405,"40,162,84"
11406,"3,156,147"
11407,"8,0,405"
11408,"220,10,221"
11409,"3,5,228"
11410,"23,74,303"
11411,"40,135,138"
11412,"21,3,127"
11413,"3,21,108"
11414,"23,38,63"
11415,"40,23,128"
11416,"3,113,28"
11417,"23,40,74"
11418,"281,199,169"
11419,"10,54,95"
11420,"169,199,323"
11421,"296,169,23"
11422,"53,287,3"
11423,"8,0,206"
11424,"137,23,38"
11425,"40,145,44"
11426,"3,0,126"
11427,"40,128,129"
11428,"23,24,49"
11429,"0,216,304"
11430,"220,10,242"
11431,"128,40,129"
11432,"3,30,66"
11433,"11,10,205"
11434,"220,10,242"
11435,"11,44,145"
11436,"40,128,129"
11437,"23,31,40"
11438,"3,4,238"
11439,"40,146,145"
11440,"40,184,185"
11441,"40,145,44"
11442,"3,156,147"
11443,"147,3,148"
11444,"40,145,402"
11445,"3,21,127"
11446,"40,135,236"
11447,"40,41,160"
11448,"169,199,281"
11449,"3,16,15"
11450,"10,64,442"
11451,"40,131,128"
11452,"3,15,16"
11453,"0,208,369"
11454,"23,24,59"
11455,"3,147,148"
11456,"11,10,205"
11457,"220,10,242"
11458,"3,85,21"
11459,"145,44,40"
11460,"8,0,308"
11461,"23,24,25"
11462,"3,147,33"
11463,"220,10,221"
11464,"105,23,318"
11465,"3,147,156"
11466,"220,221,10"
11467,"3,30,66"
11468,"3,176,4"
11469,"23,74,303"
11470,"169,199,281"
11471,"23,31,74"
11472,"3,4,19"
11473,"44,10,40"
11474,"23,24,59"
11475,"3,53,4"
11476,"3,13,330"
11477,"0,271,456"
11478,"3,53,287"
11479,"64,10,448"
11480,"38,23,71"
11481,"11,44,109"
11482,"3,30,66"
11483,"10,54,95"
11484,"199,169,323"
11485,"0,271,456"
11486,"220,10,221"
11487,"169,199,311"
11488,"26,23,89"
11489,"3,4,15"
11490,"3,287,53"
11491,"40,131,406"
11492,"23,24,49"
11493,"169,199,171"
11494,"0,216,212"
11495,"0,216,212"
11496,"23,74,118"
11497,"3,467,416"
11498,"169,199,356"
11499,"31,23,258"
11500,"0,235,8"
11501,"3,147,4"
11502,"3,147,148"
11503,"23,26,89"
11504,"3,17,15"
11505,"147,3,167"
11506,"23,74,303"
11507,"5,3,228"
11508,"3,85,158"
11509,"169,170,459"
11510,"3,16,15"
11511,"64,10,80"
11512,"3,111,238"
11513,"3,34,447"
11514,"220,10,242"
11515,"169,296,3"
11516,"0,271,2"
11517,"3,34,21"
11518,"40,41,324"
11519,"169,199,323"
11520,"3,111,161"
11521,"40,151,152"
11522,"0,313,128"
11523,"23,24,105"
11524,"23,38,44"
11525,"169,260,170"
11526,"220,10,221"
11527,"64,10,93"
11528,"40,131,241"
11529,"199,169,343"
11530,"169,199,323"
11531,"3,147,148"
11532,"218,0,512"
11533,"4,3,238"
11534,"10,11,205"
11535,"3,53,287"
11536,"23,26,89"
11537,"11,109,10"
11538,"44,145,40"
11539,"10,11,64"
11540,"53,3,292"
11541,"40,145,44"
11542,"0,169,271"
11543,"10,64,93"
11544,"40,41,139"
11545,"145,44,11"
11546,"3,53,182"
11547,"3,30,66"
11548,"31,23,40"
11549,"40,131,486"
11550,"40,131,159"
11551,"402,40,145"
11552,"40,128,129"
11553,"40,138,135"
11554,"23,131,406"
11555,"231,26,23"
11556,"3,21,187"
11557,"10,64,65"
11558,"23,38,26"
11559,"3,111,30"
11560,"3,21,182"
11561,"220,10,242"
11562,"40,3,145"
11563,"0,271,265"
11564,"3,17,320"
11565,"40,131,128"
11566,"10,54,145"
11567,"40,128,129"
11568,"0,271,265"
11569,"40,140,41"
11570,"23,199,169"
11571,"23,24,49"
11572,"10,11,109"
11573,"40,23,162"
11574,"0,8,206"
11575,"0,265,340"
11576,"105,23,318"
11577,"64,79,448"
11578,"3,34,21"
11579,"147,3,148"
11580,"0,313,346"
11581,"0,279,249"
11582,"23,24,25"
11583,"3,147,15"
11584,"3,21,108"
11585,"3,30,21"
11586,"23,118,74"
11587,"15,16,3"
11588,"0,271,456"
11589,"3,21,28"
11590,"64,10,338"
11591,"40,152,151"
11592,"169,199,323"
11593,"54,10,95"
11594,"0,8,220"
11595,"169,199,281"
11596,"199,169,10"
11597,"10,64,80"
11598,"3,21,108"
11599,"10,60,239"
11600,"23,74,118"
11601,"169,199,356"
11602,"34,3,263"
11603,"23,74,303"
11604,"64,10,65"
11605,"0,265,490"
11606,"40,160,151"
11607,"234,10,60"
11608,"0,271,456"
11609,"3,131,40"
11610,"40,139,153"
11611,"10,64,93"
11612,"3,85,17"
11613,"10,64,93"
11614,"3,168,21"
11615,"0,218,465"
11616,"3,17,320"
11617,"131,40,23"
11618,"23,38,71"
11619,"40,131,406"
11620,"40,145,146"
11621,"169,199,260"
11622,"3,126,21"
11623,"74,23,165"
11624,"3,17,320"
11625,"145,40,44"
11626,"23,39,38"
11627,"0,265,266"
11628,"3,21,127"
11629,"169,199,170"
11630,"40,131,159"
11631,"23,24,74"
11632,"3,53,148"
11633,"220,10,221"
11634,"23,74,118"
11635,"54,10,95"
11636,"3,21,108"
11637,"11,10,205"
11638,"23,25,24"
11639,"23,74,303"
11640,"10,60,239"
11641,"64,10,93"
11642,"23,24,49"
11643,"23,38,71"
11644,"3,21,147"
11645,"145,40,44"
11646,"131,40,406"
11647,"10,14,3"
11648,"3,53,99"
11649,"40,131,159"
11650,"11,109,145"
11651,"3,21,108"
11652,"0,271,8"
11653,"0,216,211"
11654,"23,24,43"
11655,"10,11,109"
11656,"40,131,406"
11657,"3,21,127"
11658,"3,111,4"
11659,"23,26,89"
11660,"3,111,472"
11661,"220,10,242"
11662,"23,24,43"
11663,"220,10,221"
11664,"34,3,263"
11665,"3,21,127"
11666,"10,220,221"
11667,"40,138,135"
11668,"11,10,109"
11669,"169,199,184"
11670,"3,17,168"
11671,"23,105,137"
11672,"23,74,303"
11673,"23,74,303"
11674,"23,24,10"
11675,"169,170,508"
11676,"169,459,170"
11677,"199,169,343"
11678,"0,271,456"
11679,"0,271,456"
11680,"10,64,338"
11681,"24,23,54"
11682,"220,10,221"
11683,"10,64,93"
11684,"169,199,323"
11685,"169,199,343"
11686,"3,111,123"
11687,"128,40,3"
11688,"23,24,25"
11689,"3,85,21"
11690,"23,118,74"
11691,"145,40,54"
11692,"10,64,93"
11693,"4,3,19"
11694,"0,213,214"
11695,"5,3,228"
11696,"0,271,355"
11697,"0,216,212"
11698,"0,313,346"
11699,"3,21,111"
11700,"169,170,260"
11701,"3,147,148"
11702,"0,8,169"
11703,"145,40,402"
11704,"10,54,64"
11705,"3,30,66"
11706,"3,147,53"
11707,"3,17,168"
11708,"10,239,60"
11709,"0,216,403"
11710,"40,135,138"
11711,"4,3,183"
11712,"23,31,24"
11713,"10,64,93"
11714,"10,64,93"
11715,"40,53,145"
11716,"10,199,169"
11717,"40,149,41"
11718,"169,199,259"
11719,"23,26,89"
11720,"3,21,126"
11721,"3,34,46"
11722,"3,53,68"
11723,"10,60,24"
11724,"40,139,153"
11725,"3,21,139"
11726,"169,339,296"
11727,"11,10,109"
11728,"111,3,123"
11729,"25,23,24"
11730,"4,3,19"
11731,"0,249,23"
11732,"40,184,41"
11733,"40,131,406"
11734,"3,34,21"
11735,"31,258,55"
11736,"3,111,472"
11737,"23,74,303"
11738,"0,8,206"
11739,"44,145,40"
11740,"220,10,242"
11741,"3,147,15"
11742,"3,21,127"
11743,"169,296,306"
11744,"3,21,301"
11745,"3,523,53"
11746,"3,104,30"
11747,"3,17,320"
11748,"3,15,16"
11749,"169,199,281"
11750,"40,41,128"
11751,"169,0,199"
11752,"3,21,48"
11753,"11,10,109"
11754,"96,258,31"
11755,"10,24,43"
11756,"11,10,205"
11757,"23,31,328"
11758,"64,10,338"
11759,"169,10,199"
11760,"23,38,94"
11761,"118,74,23"
11762,"3,21,126"
11763,"3,111,17"
11764,"3,147,148"
11765,"3,17,168"
11766,"0,216,304"
11767,"3,85,158"
11768,"15,16,3"
11769,"169,199,281"
11770,"21,3,108"
11771,"3,21,187"
11772,"16,15,3"
11773,"339,169,337"
11774,"169,199,329"
11775,"131,40,241"
11776,"64,10,448"
11777,"3,21,53"
11778,"64,10,448"
11779,"10,11,109"
11780,"64,10,80"
11781,"170,459,169"
11782,"169,170,260"
11783,"23,49,24"
11784,"23,24,43"
11785,"24,23,49"
11786,"169,199,343"
11787,"3,4,19"
11788,"10,23,64"
11789,"40,131,226"
11790,"3,147,156"
11791,"40,129,128"
11792,"23,105,318"
11793,"23,24,62"
11794,"23,31,454"
11795,"8,169,0"
11796,"23,74,38"
11797,"10,11,205"
11798,"23,38,137"
11799,"3,237,21"
11800,"0,235,216"
11801,"3,21,30"
11802,"21,3,40"
11803,"3,5,4"
11804,"3,53,147"
11805,"3,168,17"
11806,"3,21,187"
11807,"23,38,137"
11808,"23,74,303"
11809,"64,10,65"
11810,"40,41,324"
11811,"145,40,402"
11812,"3,111,85"
11813,"3,17,320"
11814,"40,145,44"
11815,"40,184,131"
11816,"40,162,163"
11817,"4,19,3"
11818,"10,11,205"
11819,"0,2,1"
11820,"3,30,66"
11821,"152,151,40"
11822,"23,26,89"
11823,"220,10,221"
11824,"0,271,456"
11825,"3,53,147"
11826,"54,10,95"
11827,"0,23,89"
11828,"40,139,153"
11829,"10,234,60"
11830,"11,3,10"
11831,"199,169,171"
11832,"10,220,242"
11833,"3,147,85"
11834,"0,456,271"
11835,"128,40,0"
11836,"0,346,313"
11837,"0,355,285"
11838,"40,131,134"
11839,"3,21,48"
11840,"40,162,163"
11841,"3,4,19"
11842,"10,64,338"
11843,"0,216,277"
11844,"8,0,308"
11845,"64,10,338"
11846,"23,38,240"
11847,"199,169,323"
11848,"0,216,271"
11849,"145,40,55"
11850,"23,118,74"
11851,"0,313,346"
11852,"0,271,291"
11853,"0,313,355"
11854,"3,21,187"
11855,"220,10,221"
11856,"10,60,11"
11857,"64,10,80"
11858,"3,111,53"
11859,"3,53,23"
11860,"0,8,285"
11861,"11,10,109"
11862,"23,74,118"
11863,"220,10,221"
11864,"68,182,3"
11865,"40,160,152"
11866,"10,54,95"
11867,"169,199,281"
11868,"64,10,90"
11869,"3,17,168"
11870,"3,85,158"
11871,"23,24,25"
11872,"3,4,238"
11873,"44,45,145"
11874,"17,3,320"
11875,"0,265,208"
11876,"23,74,38"
11877,"16,15,3"
11878,"206,0,8"
11879,"160,40,315"
11880,"478,145,40"
11881,"40,128,195"
11882,"169,199,138"
11883,"169,170,259"
11884,"0,8,235"
11885,"26,0,23"
11886,"3,21,124"
11887,"0,8,206"
11888,"3,4,19"
11889,"3,127,21"
11890,"0,8,327"
11891,"220,10,221"
11892,"3,17,320"
11893,"296,169,300"
11894,"24,23,49"
11895,"23,89,26"
11896,"220,10,221"
11897,"10,220,221"
11898,"10,11,205"
11899,"3,13,17"
11900,"169,199,343"
11901,"3,21,187"
11902,"169,171,131"
11903,"169,199,508"
11904,"3,31,16"
11905,"11,10,205"
11906,"145,10,40"
11907,"64,10,80"
11908,"3,17,168"
11909,"40,135,138"
11910,"169,170,459"
11911,"16,15,3"
11912,"4,3,19"
11913,"10,11,205"
11914,"402,55,10"
11915,"23,26,231"
11916,"23,74,40"
11917,"64,10,93"
11918,"23,24,145"
11919,"10,64,80"
11920,"23,24,62"
11921,"3,21,127"
11922,"3,85,21"
11923,"23,38,74"
11924,"169,170,459"
11925,"3,13,14"
11926,"135,244,40"
11927,"23,40,184"
11928,"0,265,349"
11929,"3,4,15"
11930,"23,74,303"
11931,"23,24,26"
11932,"296,169,411"
11933,"0,216,211"
11934,"3,28,113"
11935,"3,16,147"
11936,"23,24,25"
11937,"40,135,199"
11938,"40,131,226"
11939,"3,40,28"
11940,"3,85,158"
11941,"40,184,243"
11942,"147,148,3"
11943,"40,41,135"
11944,"10,64,80"
11945,"11,10,205"
11946,"3,4,238"
11947,"169,199,382"
11948,"44,145,40"
11949,"40,135,41"
11950,"11,10,12"
11951,"10,54,95"
11952,"23,24,105"
11953,"220,10,221"
11954,"3,85,86"
11955,"0,271,216"
11956,"23,131,105"
11957,"10,64,93"
11958,"40,41,149"
11959,"3,53,523"
11960,"23,24,43"
11961,"169,311,3"
11962,"38,71,23"
11963,"0,229,230"
11964,"0,216,212"
11965,"3,156,33"
11966,"118,296,169"
11967,"3,53,111"
11968,"38,23,71"
11969,"64,10,338"
11970,"169,199,281"
11971,"64,10,80"
11972,"145,40,44"
11973,"206,8,0"
11974,"169,199,281"
11975,"40,186,128"
11976,"23,24,25"
11977,"170,169,260"
11978,"169,199,343"
11979,"24,23,43"
11980,"3,34,263"
11981,"23,38,137"
11982,"169,426,312"
11983,"0,271,456"
11984,"23,26,89"
11985,"3,21,187"
11986,"138,40,169"
11987,"54,10,95"
11988,"40,131,134"
11989,"0,8,206"
11990,"3,21,28"
11991,"3,188,15"
11992,"40,3,128"
11993,"13,3,14"
11994,"169,199,248"
11995,"0,429,456"
11996,"10,220,221"
11997,"40,131,159"
11998,"220,10,242"
11999,"3,21,108"
12000,"64,10,90"
12001,"402,145,40"
12002,"3,30,66"
12003,"40,145,146"
12004,"3,127,21"
12005,"129,128,40"
12006,"3,21,182"
12007,"169,170,260"
12008,"147,3,148"
12009,"10,60,61"
12010,"40,131,406"
12011,"40,145,44"
12012,"3,147,21"
12013,"3,53,500"
12014,"169,199,374"
12015,"0,355,271"
12016,"184,185,40"
12017,"3,17,320"
12018,"64,10,338"
12019,"3,111,85"
12020,"40,41,224"
12021,"131,241,406"
12022,"40,184,185"
12023,"3,17,168"
12024,"3,21,30"
12025,"4,3,19"
12026,"23,26,89"
12027,"44,40,145"
12028,"169,417,296"
12029,"23,31,258"
12030,"23,118,40"
12031,"40,128,41"
12032,"3,34,46"
12033,"40,131,406"
12034,"0,216,257"
12035,"3,53,21"
12036,"0,8,308"
12037,"23,24,45"
12038,"23,3,74"
12039,"3,68,182"
12040,"5,3,228"
12041,"23,24,345"
12042,"23,26,89"
12043,"23,24,25"
12044,"0,355,271"
12045,"23,74,38"
12046,"3,4,238"
12047,"169,260,281"
12048,"23,145,25"
12049,"64,10,93"
12050,"169,199,171"
12051,"0,265,349"
12052,"10,23,64"
12053,"3,46,34"
12054,"3,168,17"
12055,"23,26,89"
12056,"169,199,171"
12057,"23,74,118"
12058,"220,10,242"
12059,"3,85,86"
12060,"40,54,402"
12061,"40,131,142"
12062,"3,34,187"
12063,"23,105,318"
12064,"3,17,320"
12065,"64,10,90"
12066,"44,40,145"
12067,"23,24,43"
12068,"3,30,66"
12069,"11,10,109"
12070,"23,26,89"
12071,"0,216,212"
12072,"40,41,160"
12073,"44,40,145"
12074,"10,64,80"
12075,"17,168,3"
12076,"199,169,323"
12077,"11,10,109"
12078,"3,52,51"
12079,"40,131,226"
12080,"23,31,96"
12081,"64,10,93"
12082,"40,145,402"
12083,"10,11,109"
12084,"3,21,156"
12085,"40,146,145"
12086,"64,10,65"
12087,"64,10,90"
12088,"3,53,120"
12089,"169,170,459"
12090,"3,147,16"
12091,"40,160,315"
12092,"3,379,53"
12093,"220,10,242"
12094,"3,85,158"
12095,"23,24,43"
12096,"23,105,495"
12097,"0,8,410"
12098,"0,23,26"
12099,"0,271,456"
12100,"3,53,287"
12101,"23,49,24"
12102,"145,44,40"
12103,"21,3,127"
12104,"0,8,405"
12105,"64,448,10"
12106,"21,3,127"
12107,"3,21,17"
12108,"3,168,17"
12109,"23,24,25"
12110,"3,30,53"
12111,"64,10,93"
12112,"296,169,411"
12113,"3,21,108"
12114,"0,216,271"
12115,"64,10,93"
12116,"40,145,44"
12117,"10,54,83"
12118,"0,271,213"
12119,"10,64,93"
12120,"23,24,64"
12121,"0,2,1"
12122,"24,23,43"
12123,"0,2,271"
12124,"23,43,24"
12125,"0,8,308"
12126,"23,26,89"
12127,"3,21,41"
12128,"23,24,49"
12129,"3,21,108"
12130,"3,13,204"
12131,"40,3,13"
12132,"234,60,10"
12133,"40,41,149"
12134,"40,145,146"
12135,"40,241,131"
12136,"23,24,43"
12137,"0,279,249"
12138,"64,24,10"
12139,"3,34,21"
12140,"0,271,456"
12141,"220,10,221"
12142,"0,208,249"
12143,"145,44,40"
12144,"169,199,281"
12145,"169,21,199"
12146,"64,10,80"
12147,"145,44,40"
12148,"0,216,277"
12149,"220,10,242"
12150,"0,271,456"
12151,"23,24,43"
12152,"40,145,54"
12153,"23,24,43"
12154,"23,39,38"
12155,"23,24,43"
12156,"40,135,138"
12157,"54,55,145"
12158,"10,60,61"
12159,"40,41,324"
12160,"40,131,486"
12161,"199,171,169"
12162,"0,271,456"
12163,"220,10,242"
12164,"0,271,456"
12165,"199,169,281"
12166,"40,224,41"
12167,"138,40,135"
12168,"40,131,406"
12169,"3,32,30"
12170,"64,10,93"
12171,"40,41,224"
12172,"40,128,162"
12173,"10,60,64"
12174,"49,24,23"
12175,"23,118,74"
12176,"23,74,303"
12177,"3,34,15"
12178,"40,160,151"
12179,"178,105,164"
12180,"169,199,356"
12181,"0,271,218"
12182,"40,131,128"
12183,"155,139,40"
12184,"23,26,89"
12185,"26,23,231"
12186,"0,271,355"
12187,"28,330,3"
12188,"131,40,226"
12189,"0,216,249"
12190,"16,15,3"
12191,"23,313,26"
12192,"3,17,168"
12193,"23,48,21"
12194,"169,296,300"
12195,"0,23,254"
12196,"3,21,127"
12197,"23,26,89"
12198,"10,64,0"
12199,"40,131,241"
12200,"0,8,206"
12201,"28,3,190"
12202,"40,128,129"
12203,"44,145,40"
12204,"3,23,430"
12205,"3,68,182"
12206,"169,199,170"
12207,"15,16,3"
12208,"23,26,89"
12209,"0,216,254"
12210,"16,15,3"
12211,"44,145,40"
12212,"4,3,238"
12213,"40,41,128"
12214,"0,8,308"
12215,"3,17,320"
12216,"3,53,30"
12217,"169,296,170"
12218,"40,131,406"
12219,"16,15,3"
12220,"3,21,182"
12221,"0,2,1"
12222,"23,26,0"
12223,"0,271,456"
12224,"4,3,19"
12225,"23,26,350"
12226,"0,216,304"
12227,"3,5,228"
12228,"145,40,44"
12229,"40,41,224"
12230,"16,15,3"
12231,"147,3,148"
12232,"3,21,187"
12233,"23,40,145"
12234,"3,21,126"
12235,"10,234,3"
12236,"3,21,48"
12237,"3,34,263"
12238,"64,10,65"
12239,"21,3,102"
12240,"0,271,456"
12241,"3,21,379"
12242,"199,169,23"
12243,"17,3,168"
12244,"64,10,65"
12245,"23,38,24"
12246,"40,41,149"
12247,"0,271,362"
12248,"40,184,185"
12249,"0,313,216"
12250,"3,21,33"
12251,"23,49,24"
12252,"40,149,169"
12253,"3,111,267"
12254,"220,10,242"
12255,"0,255,271"
12256,"10,93,3"
12257,"40,184,494"
12258,"31,258,23"
12259,"0,271,424"
12260,"23,38,63"
12261,"23,24,137"
12262,"118,197,74"
12263,"40,135,386"
12264,"0,271,272"
12265,"0,255,169"
12266,"145,40,44"
12267,"21,3,127"
12268,"23,24,43"
12269,"54,145,40"
12270,"40,145,146"
12271,"40,169,431"
12272,"23,74,118"
12273,"0,271,291"
12274,"40,184,185"
12275,"44,145,40"
12276,"3,4,174"
12277,"23,24,10"
12278,"24,23,49"
12279,"21,3,33"
12280,"229,0,230"
12281,"40,160,334"
12282,"0,216,304"
12283,"3,85,15"
12284,"10,23,60"
12285,"0,271,342"
12286,"138,169,40"
12287,"220,10,40"
12288,"40,131,258"
12289,"145,40,44"
12290,"10,64,338"
12291,"3,183,13"
12292,"220,10,221"
12293,"40,131,132"
12294,"23,38,137"
12295,"131,40,406"
12296,"3,85,158"
12297,"23,32,30"
12298,"21,3,40"
12299,"10,60,239"
12300,"0,271,394"
12301,"10,64,65"
12302,"23,24,44"
12303,"184,185,243"
12304,"64,10,93"
12305,"0,271,291"
12306,"10,64,93"
12307,"44,145,40"
12308,"0,271,522"
12309,"8,23,0"
12310,"128,40,129"
12311,"23,3,21"
12312,"3,4,435"
12313,"3,28,13"
12314,"10,23,11"
12315,"40,131,142"
12316,"169,199,343"
12317,"0,265,266"
12318,"11,10,205"
12319,"40,131,134"
12320,"36,3,35"
12321,"3,111,85"
12322,"23,26,89"
12323,"23,26,89"
12324,"3,147,203"
12325,"23,24,25"
12326,"53,3,128"
12327,"40,224,41"
12328,"3,21,127"
12329,"23,26,231"
12330,"40,135,295"
12331,"0,1,2"
12332,"169,199,374"
12333,"145,44,40"
12334,"10,11,205"
12335,"0,23,8"
12336,"3,30,28"
12337,"40,131,406"
12338,"100,208,0"
12339,"0,216,380"
12340,"3,111,147"
12341,"23,31,258"
12342,"169,170,339"
12343,"0,313,346"
12344,"128,40,129"
12345,"40,128,129"
12346,"21,3,124"
12347,"10,220,221"
12348,"3,4,238"
12349,"54,10,322"
12350,"128,40,195"
12351,"23,74,24"
12352,"3,30,66"
12353,"3,21,40"
12354,"10,11,109"
12355,"0,265,349"
12356,"0,8,206"
12357,"169,170,459"
12358,"23,24,38"
12359,"220,10,221"
12360,"169,199,323"
12361,"131,40,406"
12362,"3,182,111"
12363,"0,8,285"
12364,"40,128,395"
12365,"23,24,49"
12366,"3,147,53"
12367,"10,11,12"
12368,"3,204,13"
12369,"41,40,286"
12370,"10,64,93"
12371,"169,199,248"
12372,"40,131,128"
12373,"0,457,218"
12374,"3,147,148"
12375,"40,145,44"
12376,"4,3,19"
12377,"40,241,131"
12378,"220,10,242"
12379,"5,3,228"
12380,"0,265,340"
12381,"41,40,42"
12382,"0,218,475"
12383,"171,199,169"
12384,"169,296,306"
12385,"40,128,186"
12386,"54,10,95"
12387,"21,3,182"
12388,"3,86,85"
12389,"23,31,131"
12390,"169,199,323"
12391,"64,10,65"
12392,"169,339,337"
12393,"169,199,259"
12394,"40,128,129"
12395,"44,145,45"
12396,"10,11,12"
12397,"169,417,296"
12398,"0,8,220"
12399,"169,199,281"
12400,"23,105,38"
12401,"145,40,44"
12402,"40,128,186"
12403,"21,3,124"
12404,"44,145,40"
12405,"23,32,31"
12406,"23,105,24"
12407,"169,199,281"
12408,"10,54,95"
12409,"169,199,296"
12410,"40,41,224"
12411,"0,271,456"
12412,"40,54,145"
12413,"3,53,523"
12414,"40,11,151"
12415,"10,60,64"
12416,"3,53,287"
12417,"3,85,86"
12418,"40,151,152"
12419,"169,199,260"
12420,"0,216,212"
12421,"169,170,0"
12422,"23,74,24"
12423,"23,105,24"
12424,"40,145,44"
12425,"4,3,188"
12426,"402,145,40"
12427,"0,8,40"
12428,"40,131,406"
12429,"23,24,43"
12430,"23,74,303"
12431,"3,21,148"
12432,"220,10,221"
12433,"40,184,185"
12434,"0,2,1"
12435,"3,21,40"
12436,"23,26,89"
12437,"3,21,187"
12438,"40,160,41"
12439,"23,74,231"
12440,"40,41,42"
12441,"3,115,145"
12442,"169,199,281"
12443,"11,10,109"
12444,"3,53,30"
12445,"220,10,242"
12446,"3,28,30"
12447,"3,28,4"
12448,"11,10,44"
12449,"74,23,303"
12450,"3,4,183"
12451,"10,60,61"
12452,"0,24,23"
12453,"145,40,44"
12454,"10,220,221"
12455,"64,448,10"
12456,"40,131,406"
12457,"220,10,242"
12458,"3,21,127"
12459,"0,216,370"
12460,"169,199,281"
12461,"23,38,39"
12462,"0,40,195"
12463,"169,426,427"
12464,"3,53,523"
12465,"3,147,156"
12466,"0,340,265"
12467,"3,111,119"
12468,"3,147,148"
12469,"3,169,53"
12470,"0,271,213"
12471,"0,271,355"
12472,"169,199,343"
12473,"0,40,128"
12474,"26,23,231"
12475,"184,40,368"
12476,"23,74,118"
12477,"3,56,183"
12478,"11,10,205"
12479,"10,23,184"
12480,"23,24,43"
12481,"40,131,159"
12482,"128,40,129"
12483,"23,105,137"
12484,"3,111,119"
12485,"169,337,251"
12486,"0,271,456"
12487,"23,38,39"
12488,"169,199,216"
12489,"3,34,263"
12490,"23,26,89"
12491,"3,147,148"
12492,"169,199,374"
12493,"169,199,0"
12494,"10,64,93"
12495,"10,64,239"
12496,"220,10,242"
12497,"3,21,30"
12498,"10,12,11"
12499,"3,4,111"
12500,"64,10,448"
12501,"23,74,165"
12502,"8,0,308"
12503,"23,74,118"
12504,"34,3,263"
12505,"169,3,281"
12506,"145,40,44"
12507,"40,184,185"
12508,"3,15,16"
12509,"0,313,346"
12510,"0,265,266"
12511,"169,199,343"
12512,"147,3,148"
12513,"21,3,48"
12514,"40,128,129"
12515,"23,89,26"
12516,"40,3,127"
12517,"21,3,127"
12518,"169,426,112"
12519,"3,21,108"
12520,"64,10,90"
12521,"3,53,287"
12522,"0,211,319"
12523,"23,24,62"
12524,"54,10,95"
12525,"64,10,448"
12526,"0,8,235"
12527,"0,255,462"
12528,"40,160,423"
12529,"15,16,3"
12530,"38,23,0"
12531,"23,31,32"
12532,"23,24,49"
12533,"10,221,220"
12534,"3,21,111"
12535,"10,24,23"
12536,"11,10,205"
12537,"40,41,286"
12538,"3,21,182"
12539,"0,214,213"
12540,"40,128,129"
12541,"169,337,339"
12542,"10,11,205"
12543,"0,206,8"
12544,"23,74,303"
12545,"74,23,118"
12546,"44,145,40"
12547,"3,28,30"
12548,"3,15,147"
12549,"4,3,19"
12550,"54,10,322"
12551,"3,4,183"
12552,"40,402,145"
12553,"296,169,306"
12554,"3,21,108"
12555,"3,21,147"
12556,"169,170,459"
12557,"199,169,40"
12558,"145,40,44"
12559,"145,40,54"
12560,"0,271,313"
12561,"40,128,129"
12562,"32,23,31"
12563,"0,349,265"
12564,"23,49,24"
12565,"0,349,265"
12566,"40,199,169"
12567,"0,271,291"
12568,"0,313,216"
12569,"0,216,319"
12570,"3,21,48"
12571,"11,10,109"
12572,"3,21,182"
12573,"23,24,25"
12574,"40,139,153"
12575,"3,148,147"
12576,"3,21,127"
12577,"3,21,127"
12578,"23,24,49"
12579,"23,26,89"
12580,"44,40,145"
12581,"11,10,109"
12582,"3,30,66"
12583,"23,74,24"
12584,"3,147,148"
12585,"40,131,241"
12586,"3,85,86"
12587,"4,3,238"
12588,"3,30,66"
12589,"0,216,211"
12590,"3,53,34"
12591,"128,40,195"
12592,"23,313,26"
12593,"3,53,148"
12594,"40,131,241"
12595,"23,74,118"
12596,"131,40,406"
12597,"169,199,260"
12598,"16,15,3"
12599,"3,85,86"
12600,"3,21,168"
12601,"23,26,89"
12602,"24,23,49"
12603,"0,266,265"
12604,"23,24,345"
12605,"0,271,291"
12606,"64,10,65"
12607,"0,265,349"
12608,"40,128,195"
12609,"0,271,291"
12610,"10,60,54"
12611,"3,21,108"
12612,"23,26,350"
12613,"3,111,21"
12614,"3,147,53"
12615,"40,41,215"
12616,"0,216,271"
12617,"3,53,66"
12618,"0,2,1"
12619,"147,3,148"
12620,"3,5,57"
12621,"402,40,145"
12622,"23,24,25"
12623,"366,0,271"
12624,"10,11,419"
12625,"11,10,12"
12626,"10,54,145"
12627,"169,23,199"
12628,"21,3,40"
12629,"0,208,505"
12630,"3,85,111"
12631,"10,60,93"
12632,"0,279,249"
12633,"0,271,456"
12634,"16,15,3"
12635,"21,3,108"
12636,"3,147,148"
12637,"40,139,131"
12638,"0,265,266"
12639,"16,15,3"
12640,"53,0,3"
12641,"3,15,16"
12642,"40,41,395"
12643,"23,38,309"
12644,"23,74,118"
12645,"24,23,49"
12646,"169,23,128"
12647,"3,28,190"
12648,"10,64,93"
12649,"40,41,42"
12650,"23,26,0"
12651,"3,30,66"
12652,"54,402,10"
12653,"3,21,108"
12654,"3,467,53"
12655,"169,339,337"
12656,"0,265,349"
12657,"3,34,263"
12658,"0,355,271"
12659,"23,74,118"
12660,"40,145,402"
12661,"3,147,148"
12662,"54,40,145"
12663,"3,4,188"
12664,"23,24,62"
12665,"10,64,448"
12666,"3,60,61"
12667,"220,10,221"
12668,"40,139,131"
12669,"131,40,406"
12670,"0,271,361"
12671,"54,10,95"
12672,"3,287,53"
12673,"10,234,322"
12674,"10,11,205"
12675,"23,84,74"
12676,"40,139,102"
12677,"21,3,169"
12678,"64,10,80"
12679,"21,127,3"
12680,"40,131,134"
12681,"24,23,43"
12682,"0,8,308"
12683,"23,406,24"
12684,"23,24,59"
12685,"199,169,343"
12686,"169,199,281"
12687,"0,218,509"
12688,"23,26,89"
12689,"169,296,306"
12690,"169,281,199"
12691,"10,220,242"
12692,"3,4,238"
12693,"64,10,448"
12694,"169,199,343"
12695,"220,10,23"
12696,"3,21,115"
12697,"243,40,21"
12698,"0,271,456"
12699,"199,169,281"
12700,"40,41,201"
12701,"23,31,49"
12702,"3,111,85"
12703,"40,160,302"
12704,"0,271,291"
12705,"131,406,226"
12706,"40,145,502"
12707,"3,467,53"
12708,"23,26,89"
12709,"23,26,231"
12710,"64,10,93"
12711,"23,24,43"
12712,"10,11,44"
12713,"220,10,221"
12714,"3,21,320"
12715,"0,354,214"
12716,"40,152,151"
12717,"3,17,111"
12718,"169,339,337"
12719,"220,10,221"
12720,"40,160,149"
12721,"169,426,427"
12722,"3,21,127"
12723,"3,17,320"
12724,"40,160,41"
12725,"23,74,303"
12726,"44,40,145"
12727,"3,128,34"
12728,"21,3,48"
12729,"44,145,38"
12730,"23,105,26"
12731,"24,23,370"
12732,"0,8,313"
12733,"199,169,356"
12734,"3,21,187"
12735,"3,111,224"
12736,"23,71,24"
12737,"23,118,74"
12738,"0,8,308"
12739,"3,168,187"
12740,"3,30,66"
12741,"145,40,402"
12742,"0,271,456"
12743,"31,23,96"
12744,"17,320,3"
12745,"64,90,10"
12746,"40,131,486"
12747,"0,271,213"
12748,"0,265,418"
12749,"40,131,406"
12750,"0,216,422"
12751,"10,64,11"
12752,"0,271,255"
12753,"31,23,96"
12754,"0,271,456"
12755,"145,23,40"
12756,"64,10,23"
12757,"54,55,10"
12758,"169,170,260"
12759,"40,128,195"
12760,"271,23,0"
12761,"3,111,4"
12762,"17,168,3"
12763,"0,8,235"
12764,"0,169,216"
12765,"0,8,206"
12766,"24,23,43"
12767,"4,3,19"
12768,"220,10,242"
12769,"64,10,80"
12770,"23,74,25"
12771,"44,40,145"
12772,"0,8,235"
12773,"23,118,74"
12774,"3,148,147"
12775,"21,169,3"
12776,"220,10,242"
12777,"3,53,68"
12778,"23,24,43"
12779,"3,21,127"
12780,"23,26,89"
12781,"147,3,148"
12782,"64,10,93"
12783,"10,64,65"
12784,"16,15,3"
12785,"23,24,43"
12786,"3,147,33"
12787,"199,169,281"
12788,"0,271,456"
12789,"169,199,170"
12790,"170,169,260"
12791,"64,10,338"
12792,"23,26,231"
12793,"3,53,523"
12794,"3,4,435"
12795,"23,303,74"
12796,"10,23,239"
12797,"54,10,55"
12798,"169,199,323"
12799,"3,4,435"
12800,"402,31,40"
12801,"16,15,3"
12802,"3,68,182"
12803,"10,64,54"
12804,"10,60,61"
12805,"3,147,21"
12806,"0,271,8"
12807,"64,10,65"
12808,"3,15,16"
12809,"169,170,260"
12810,"0,279,249"
12811,"169,23,199"
12812,"64,10,80"
12813,"0,265,266"
12814,"64,10,448"
12815,"21,41,40"
12816,"3,53,467"
12817,"3,15,85"
12818,"169,170,171"
12819,"0,208,369"
12820,"169,170,199"
12821,"3,34,263"
12822,"169,0,170"
12823,"21,3,124"
12824,"169,170,459"
12825,"23,24,49"
12826,"40,131,226"
12827,"169,281,199"
12828,"169,260,170"
12829,"3,13,53"
12830,"64,448,10"
12831,"17,168,3"
12832,"10,11,12"
12833,"3,111,161"
12834,"3,85,21"
12835,"0,26,23"
12836,"64,93,10"
12837,"3,16,15"
12838,"40,41,139"
12839,"220,10,242"
12840,"3,15,16"
12841,"0,216,304"
12842,"23,74,165"
12843,"131,241,23"
12844,"3,17,168"
12845,"23,26,89"
12846,"40,145,131"
12847,"3,30,66"
12848,"3,28,190"
12849,"220,10,221"
12850,"8,0,128"
12851,"3,53,48"
12852,"3,4,375"
12853,"40,127,41"
12854,"54,44,10"
12855,"169,260,170"
12856,"11,10,12"
12857,"0,340,265"
12858,"3,21,108"
12859,"220,10,221"
12860,"169,199,40"
12861,"4,3,19"
12862,"16,15,3"
12863,"0,265,266"
12864,"3,21,199"
12865,"3,21,108"
12866,"220,10,242"
12867,"10,64,90"
12868,"3,21,111"
12869,"0,8,206"
12870,"17,168,3"
12871,"31,23,145"
12872,"169,281,199"
12873,"64,10,65"
12874,"23,38,3"
12875,"0,214,213"
12876,"44,145,45"
12877,"3,4,435"
12878,"220,10,242"
12879,"17,3,320"
12880,"0,8,206"
12881,"3,147,148"
12882,"30,3,66"
12883,"40,131,241"
12884,"0,229,421"
12885,"169,171,199"
12886,"3,15,16"
12887,"40,162,163"
12888,"3,111,112"
12889,"3,474,21"
12890,"23,26,105"
12891,"3,147,148"
12892,"169,0,128"
12893,"23,118,74"
12894,"0,355,271"
12895,"40,41,42"
12896,"23,89,26"
12897,"169,199,343"
12898,"0,8,391"
12899,"169,31,23"
12900,"40,128,129"
12901,"3,21,187"
12902,"169,199,281"
12903,"0,271,366"
12904,"40,41,149"
12905,"23,24,43"
12906,"54,10,402"
12907,"169,199,281"
12908,"40,131,132"
12909,"44,145,45"
12910,"40,145,395"
12911,"23,26,89"
12912,"3,34,263"
12913,"3,147,148"
12914,"23,24,43"
12915,"3,34,263"
12916,"23,24,10"
12917,"23,26,24"
12918,"23,48,3"
12919,"23,10,24"
12920,"3,23,31"
12921,"10,54,95"
12922,"3,147,148"
12923,"169,199,281"
12924,"40,138,135"
12925,"220,10,221"
12926,"23,38,74"
12927,"169,199,152"
12928,"3,147,148"
12929,"127,40,21"
12930,"145,40,44"
12931,"216,0,23"
12932,"0,8,308"
12933,"0,271,456"
12934,"3,28,30"
12935,"220,10,242"
12936,"23,74,165"
12937,"0,8,206"
12938,"3,4,238"
12939,"145,40,44"
12940,"0,271,280"
12941,"199,171,169"
12942,"11,109,10"
12943,"0,265,340"
12944,"10,64,90"
12945,"220,10,242"
12946,"10,93,64"
12947,"23,38,137"
12948,"3,111,119"
12949,"0,216,304"
12950,"4,3,435"
12951,"10,220,242"
12952,"21,3,127"
12953,"147,3,148"
12954,"11,109,10"
12955,"4,3,238"
12956,"171,199,169"
12957,"23,24,49"
12958,"40,128,129"
12959,"0,8,285"
12960,"23,40,74"
12961,"169,199,343"
12962,"0,218,351"
12963,"23,74,165"
12964,"23,89,26"
12965,"3,168,17"
12966,"24,23,10"
12967,"3,147,148"
12968,"40,152,151"
12969,"3,33,21"
12970,"23,74,165"
12971,"40,145,146"
12972,"169,260,199"
12973,"10,220,221"
12974,"23,26,231"
12975,"169,296,411"
12976,"0,271,456"
12977,"40,129,128"
12978,"3,40,17"
12979,"3,4,19"
12980,"3,21,108"
12981,"40,131,241"
12982,"23,74,165"
12983,"10,64,93"
12984,"170,169,459"
12985,"0,2,1"
12986,"40,162,163"
12987,"3,30,66"
12988,"23,49,24"
12989,"23,24,25"
12990,"169,199,356"
12991,"145,40,402"
12992,"10,95,338"
12993,"0,271,277"
12994,"0,8,220"
12995,"145,44,40"
12996,"21,3,127"
12997,"23,24,43"
12998,"40,145,54"
12999,"54,10,23"
13000,"3,21,379"
13001,"169,170,199"
13002,"3,21,127"
13003,"3,375,70"
13004,"24,23,43"
13005,"40,128,3"
13006,"64,10,448"
13007,"3,21,187"
13008,"0,522,271"
13009,"40,44,145"
13010,"23,40,105"
13011,"17,3,168"
13012,"54,95,10"
13013,"23,74,303"
13014,"3,23,168"
13015,"44,145,40"
13016,"313,0,346"
13017,"147,148,3"
13018,"3,4,19"
13019,"0,271,213"
13020,"40,145,109"
13021,"40,135,241"
13022,"3,53,169"
13023,"10,64,24"
13024,"23,26,89"
13025,"23,3,32"
13026,"3,34,187"
13027,"40,160,315"
13028,"169,199,10"
13029,"0,213,214"
13030,"23,26,89"
13031,"169,170,199"
13032,"23,63,53"
13033,"23,26,89"
13034,"23,74,71"
13035,"0,271,456"
13036,"23,31,0"
13037,"169,199,281"
13038,"40,199,100"
13039,"169,426,199"
13040,"3,147,16"
13041,"199,169,343"
13042,"220,10,242"
13043,"0,218,512"
13044,"3,21,85"
13045,"0,26,89"
13046,"3,53,68"
13047,"3,169,339"
13048,"3,147,148"
13049,"10,220,242"
13050,"3,21,108"
13051,"40,41,324"
13052,"23,74,118"
13053,"23,74,38"
13054,"64,10,338"
13055,"23,38,137"
13056,"3,21,108"
13057,"23,26,350"
13058,"89,26,40"
13059,"169,199,281"
13060,"145,402,31"
13061,"313,346,0"
13062,"131,40,406"
13063,"296,169,306"
13064,"10,64,448"
13065,"17,3,320"
13066,"0,279,249"
13067,"23,74,303"
13068,"3,30,66"
13069,"303,74,3"
13070,"40,23,131"
13071,"220,10,221"
13072,"220,10,221"
13073,"23,303,40"
13074,"40,131,406"
13075,"40,149,41"
13076,"40,102,3"
13077,"152,151,40"
13078,"23,31,32"
13079,"23,24,43"
13080,"10,64,80"
13081,"0,213,214"
13082,"169,170,260"
13083,"44,10,45"
13084,"169,170,199"
13085,"169,199,281"
13086,"10,60,239"
13087,"3,85,86"
13088,"40,128,129"
13089,"4,19,3"
13090,"0,216,313"
13091,"105,241,106"
13092,"3,28,330"
13093,"0,213,214"
13094,"199,169,281"
13095,"23,38,74"
13096,"0,291,89"
13097,"28,3,190"
13098,"0,279,249"
13099,"40,3,41"
13100,"0,8,206"
13101,"220,10,242"
13102,"10,23,49"
13103,"40,41,135"
13104,"40,41,224"
13105,"40,131,142"
13106,"23,74,118"
13107,"23,55,31"
13108,"3,15,16"
13109,"145,23,44"
13110,"23,118,231"
13111,"40,131,486"
13112,"11,10,109"
13113,"23,74,38"
13114,"3,21,108"
13115,"23,118,74"
13116,"54,10,95"
13117,"3,147,148"
13118,"3,85,86"
13119,"0,208,369"
13120,"40,160,302"
13121,"3,4,19"
13122,"199,169,248"
13123,"0,271,456"
13124,"40,128,129"
13125,"0,8,296"
13126,"3,5,228"
13127,"40,145,402"
13128,"23,74,118"
13129,"26,23,231"
13130,"3,15,111"
13131,"0,229,208"
13132,"128,40,129"
13133,"40,184,185"
13134,"11,10,109"
13135,"23,31,258"
13136,"0,208,206"
13137,"10,64,93"
13138,"44,145,40"
13139,"23,345,24"
13140,"10,220,221"
13141,"3,169,21"
13142,"10,23,24"
13143,"0,313,346"
13144,"3,4,70"
13145,"11,10,109"
13146,"23,128,175"
13147,"3,17,56"
13148,"0,255,462"
13149,"40,135,138"
13150,"10,220,221"
13151,"3,147,156"
13152,"40,128,129"
13153,"0,8,285"
13154,"11,10,109"
13155,"3,15,16"
13156,"131,40,142"
13157,"23,38,309"
13158,"21,108,3"
13159,"0,8,308"
13160,"10,44,145"
13161,"3,53,287"
13162,"3,4,238"
13163,"3,111,284"
13164,"0,8,206"
13165,"10,11,60"
13166,"10,60,239"
13167,"10,11,60"
13168,"17,168,3"
13169,"3,4,7"
13170,"3,53,523"
13171,"3,21,48"
13172,"199,169,343"
13173,"169,199,343"
13174,"0,265,208"
13175,"3,53,523"
13176,"3,4,176"
13177,"169,170,260"
13178,"64,10,448"
13179,"23,24,25"
13180,"23,0,89"
13181,"10,64,93"
13182,"64,10,448"
13183,"24,23,43"
13184,"147,3,148"
13185,"0,8,308"
13186,"40,162,163"
13187,"220,10,242"
13188,"24,23,43"
13189,"40,131,486"
13190,"131,40,226"
13191,"3,53,523"
13192,"10,54,322"
13193,"23,105,40"
13194,"0,8,271"
13195,"0,271,456"
13196,"169,199,343"
13197,"0,271,291"
13198,"3,17,320"
13199,"169,339,337"
13200,"3,21,111"
13201,"40,145,146"
13202,"3,21,48"
13203,"3,113,28"
13204,"17,168,3"
13205,"220,10,221"
13206,"11,10,205"
13207,"10,60,239"
13208,"11,10,12"
13209,"23,31,24"
13210,"3,21,30"
13211,"40,128,129"
13212,"3,21,108"
13213,"10,54,173"
13214,"23,24,43"
13215,"3,85,293"
13216,"169,426,274"
13217,"10,258,55"
13218,"10,234,54"
13219,"3,147,188"
13220,"169,23,31"
13221,"44,40,145"
13222,"31,328,23"
13223,"0,255,359"
13224,"3,13,204"
13225,"3,16,15"
13226,"40,131,134"
13227,"3,4,16"
13228,"23,24,25"
13229,"3,53,109"
13230,"169,281,199"
13231,"169,260,170"
13232,"152,151,40"
13233,"10,60,3"
13234,"10,64,93"
13235,"41,286,40"
13236,"10,60,23"
13237,"3,30,104"
13238,"3,53,21"
13239,"3,111,472"
13240,"40,145,402"
13241,"40,145,44"
13242,"10,64,93"
13243,"220,10,242"
13244,"111,3,119"
13245,"40,131,145"
13246,"40,145,44"
13247,"64,10,335"
13248,"3,21,85"
13249,"199,169,374"
13250,"0,218,255"
13251,"23,24,62"
13252,"10,54,322"
13253,"44,145,40"
13254,"44,145,40"
13255,"10,64,79"
13256,"3,21,108"
13257,"0,208,209"
13258,"40,169,135"
13259,"3,56,17"
13260,"40,129,128"
13261,"0,213,271"
13262,"40,145,322"
13263,"169,199,260"
13264,"64,10,448"
13265,"23,74,84"
13266,"10,64,93"
13267,"10,54,95"
13268,"3,147,148"
13269,"11,10,205"
13270,"169,199,281"
13271,"64,10,80"
13272,"26,23,231"
13273,"40,151,152"
13274,"34,3,263"
13275,"131,40,241"
13276,"23,137,38"
13277,"23,74,317"
13278,"64,10,80"
13279,"0,23,31"
13280,"3,53,100"
13281,"169,426,223"
13282,"54,10,145"
13283,"23,26,0"
13284,"54,10,95"
13285,"23,74,165"
13286,"40,41,324"
13287,"169,41,199"
13288,"23,24,40"
13289,"53,3,287"
13290,"17,3,168"
13291,"220,10,221"
13292,"40,131,132"
13293,"0,271,355"
13294,"23,38,87"
13295,"3,21,30"
13296,"3,85,301"
13297,"0,8,206"
13298,"3,148,147"
13299,"10,60,23"
13300,"3,4,53"
13301,"0,8,391"
13302,"3,51,52"
13303,"0,8,285"
13304,"169,170,260"
13305,"220,10,221"
13306,"0,216,403"
13307,"40,129,128"
13308,"0,213,271"
13309,"40,152,151"
13310,"145,40,402"
13311,"17,3,168"
13312,"40,128,129"
13313,"3,147,148"
13314,"131,171,169"
13315,"40,145,54"
13316,"40,41,201"
13317,"23,24,43"
13318,"11,10,109"
13319,"169,199,311"
13320,"0,265,490"
13321,"8,0,235"
13322,"23,10,24"
13323,"402,145,40"
13324,"10,60,239"
13325,"40,128,186"
13326,"241,3,131"
13327,"199,169,248"
13328,"0,271,456"
13329,"169,199,281"
13330,"3,21,187"
13331,"0,249,279"
13332,"0,271,362"
13333,"40,145,402"
13334,"11,10,205"
13335,"40,23,3"
13336,"145,44,40"
13337,"64,10,93"
13338,"40,160,302"
13339,"23,24,31"
13340,"23,38,91"
13341,"3,53,467"
13342,"169,199,171"
13343,"64,10,80"
13344,"169,199,281"
13345,"23,24,105"
13346,"26,23,350"
13347,"169,426,274"
13348,"10,38,11"
13349,"3,111,267"
13350,"23,74,118"
13351,"0,8,235"
13352,"3,53,325"
13353,"26,23,350"
13354,"40,145,44"
13355,"0,229,230"
13356,"3,21,187"
13357,"24,23,49"
13358,"11,10,109"
13359,"23,24,25"
13360,"145,44,40"
13361,"11,10,109"
13362,"3,21,182"
13363,"44,145,40"
13364,"23,105,318"
13365,"11,109,10"
13366,"199,169,343"
13367,"4,3,238"
13368,"131,406,368"
13369,"40,128,41"
13370,"40,160,302"
13371,"0,355,271"
13372,"0,8,265"
13373,"3,523,53"
13374,"0,23,26"
13375,"23,31,96"
13376,"131,40,226"
13377,"40,139,131"
13378,"169,199,343"
13379,"169,199,311"
13380,"3,33,21"
13381,"3,21,379"
13382,"296,169,428"
13383,"220,10,242"
13384,"3,21,0"
13385,"40,128,129"
13386,"105,23,318"
13387,"3,21,187"
13388,"17,168,3"
13389,"23,26,89"
13390,"169,199,281"
13391,"40,145,169"
13392,"24,23,43"
13393,"23,258,31"
13394,"40,128,129"
13395,"23,74,71"
13396,"3,21,126"
13397,"131,406,40"
13398,"40,41,286"
13399,"44,145,40"
13400,"220,10,242"
13401,"147,3,156"
13402,"0,23,8"
13403,"3,435,4"
13404,"17,168,3"
13405,"220,10,0"
13406,"40,146,145"
13407,"10,54,64"
13408,"199,169,281"
13409,"15,16,3"
13410,"3,147,148"
13411,"0,214,213"
13412,"23,24,145"
13413,"3,111,284"
13414,"3,85,158"
13415,"128,40,129"
13416,"11,205,10"
13417,"23,38,26"
13418,"74,23,165"
13419,"23,32,31"
13420,"3,21,127"
13421,"145,40,44"
13422,"24,23,49"
13423,"3,147,148"
13424,"16,15,3"
13425,"128,40,195"
13426,"169,296,336"
13427,"23,24,44"
13428,"23,26,231"
13429,"23,38,137"
13430,"23,26,89"
13431,"17,3,168"
13432,"10,64,24"
13433,"4,3,19"
13434,"44,45,145"
13435,"3,15,16"
13436,"0,313,346"
13437,"205,11,0"
13438,"24,23,59"
13439,"10,64,65"
13440,"0,8,308"
13441,"23,24,38"
13442,"220,10,221"
13443,"145,40,44"
13444,"3,21,127"
13445,"10,23,60"
13446,"23,74,24"
13447,"23,24,59"
13448,"3,147,167"
13449,"40,131,241"
13450,"3,16,15"
13451,"3,34,263"
13452,"23,24,49"
13453,"3,4,435"
13454,"11,10,205"
13455,"26,23,231"
13456,"5,3,228"
13457,"24,23,43"
13458,"169,199,10"
13459,"74,118,23"
13460,"85,3,158"
13461,"23,89,26"
13462,"23,24,25"
13463,"3,34,263"
13464,"0,8,308"
13465,"10,60,239"
13466,"10,24,23"
13467,"23,24,43"
13468,"26,89,23"
13469,"0,265,418"
13470,"17,320,3"
13471,"169,199,281"
13472,"8,0,308"
13473,"3,70,4"
13474,"3,53,21"
13475,"64,10,338"
13476,"40,185,184"
13477,"40,41,149"
13478,"23,94,62"
13479,"23,26,89"
13480,"199,169,281"
13481,"3,147,167"
13482,"0,355,350"
13483,"23,74,38"
13484,"169,170,260"
13485,"24,64,10"
13486,"169,199,281"
13487,"0,216,212"
13488,"3,4,435"
13489,"3,111,21"
13490,"10,54,95"
13491,"169,199,248"
13492,"23,74,118"
13493,"3,21,53"
13494,"26,23,231"
13495,"74,23,165"
13496,"21,3,127"
13497,"54,10,95"
13498,"10,93,64"
13499,"3,21,108"
13500,"40,130,128"
13501,"3,119,164"
13502,"169,170,426"
13503,"4,3,238"
13504,"26,23,89"
13505,"40,152,151"
13506,"40,160,302"
13507,"23,26,89"
13508,"169,199,343"
13509,"3,21,48"
13510,"3,286,40"
13511,"3,21,33"
13512,"40,131,41"
13513,"24,43,23"
13514,"169,199,281"
13515,"3,53,325"
13516,"23,74,38"
13517,"4,238,3"
13518,"169,3,170"
13519,"3,168,17"
13520,"8,0,308"
13521,"23,38,39"
13522,"3,34,143"
13523,"24,23,59"
13524,"23,31,454"
13525,"0,216,304"
13526,"23,59,145"
13527,"23,24,49"
13528,"38,71,23"
13529,"3,53,523"
13530,"0,8,249"
13531,"23,26,231"
13532,"105,23,318"
13533,"220,10,221"
13534,"64,65,10"
13535,"23,74,118"
13536,"40,21,41"
13537,"131,241,40"
13538,"64,448,10"
13539,"44,145,40"
13540,"3,21,85"
13541,"40,131,142"
13542,"23,199,169"
13543,"311,169,0"
13544,"64,10,448"
13545,"131,40,406"
13546,"23,31,32"
13547,"23,26,231"
13548,"24,23,43"
13549,"28,3,190"
13550,"0,271,424"
13551,"40,131,406"
13552,"0,313,346"
13553,"40,139,128"
13554,"40,131,406"
13555,"10,60,61"
13556,"3,5,228"
13557,"3,85,13"
13558,"23,105,106"
13559,"0,8,206"
13560,"3,21,379"
13561,"3,34,263"
13562,"3,147,148"
13563,"24,23,10"
13564,"54,137,10"
13565,"220,10,221"
13566,"40,160,315"
13567,"3,53,147"
13568,"0,216,212"
13569,"40,146,145"
13570,"64,10,93"
13571,"0,271,355"
13572,"3,30,190"
13573,"0,208,100"
13574,"3,40,139"
13575,"3,15,16"
13576,"21,3,127"
13577,"64,10,80"
13578,"145,40,44"
13579,"169,160,329"
13580,"0,271,216"
13581,"500,118,23"
13582,"3,21,126"
13583,"21,3,41"
13584,"11,10,109"
13585,"517,0,208"
13586,"131,40,241"
13587,"169,10,170"
13588,"169,199,281"
13589,"3,21,126"
13590,"0,265,349"
13591,"3,111,119"
13592,"23,26,89"
13593,"10,64,93"
13594,"3,15,147"
13595,"10,64,93"
13596,"0,456,271"
13597,"3,127,21"
13598,"0,206,8"
13599,"3,53,99"
13600,"0,265,271"
13601,"23,31,32"
13602,"23,38,231"
13603,"3,13,53"
13604,"199,169,281"
13605,"23,24,43"
13606,"40,185,184"
13607,"3,34,263"
13608,"23,64,10"
13609,"0,218,265"
13610,"3,16,15"
13611,"24,23,43"
13612,"169,170,459"
13613,"3,21,126"
13614,"3,17,21"
13615,"0,349,265"
13616,"152,151,40"
13617,"169,170,459"
13618,"3,147,148"
13619,"3,21,127"
13620,"23,24,49"
13621,"21,41,201"
13622,"0,271,455"
13623,"3,5,6"
13624,"23,26,350"
13625,"10,64,93"
13626,"23,128,24"
13627,"64,90,65"
13628,"0,8,206"
13629,"292,3,367"
13630,"3,111,267"
13631,"0,271,456"
13632,"23,74,118"
13633,"10,24,23"
13634,"3,21,127"
13635,"64,10,448"
13636,"3,13,204"
13637,"10,60,23"
13638,"40,41,139"
13639,"169,296,306"
13640,"3,21,187"
13641,"23,24,43"
13642,"23,26,89"
13643,"23,26,89"
13644,"3,169,187"
13645,"40,131,406"
13646,"10,220,221"
13647,"23,24,49"
13648,"40,131,406"
13649,"0,249,206"
13650,"3,21,17"
13651,"0,216,422"
13652,"16,15,3"
13653,"23,118,74"
13654,"220,10,221"
13655,"220,221,10"
13656,"43,23,24"
13657,"21,3,108"
13658,"169,199,40"
13659,"40,135,236"
13660,"3,15,16"
13661,"3,15,16"
13662,"145,40,54"
13663,"3,176,4"
13664,"0,271,313"
13665,"199,169,356"
13666,"10,54,95"
13667,"145,10,40"
13668,"0,216,212"
13669,"3,139,153"
13670,"40,395,139"
13671,"23,74,303"
13672,"296,169,306"
13673,"23,26,231"
13674,"23,32,31"
13675,"23,74,317"
13676,"0,255,271"
13677,"220,10,221"
13678,"0,24,23"
13679,"3,379,21"
13680,"169,199,323"
13681,"10,258,31"
13682,"3,17,51"
13683,"0,8,206"
13684,"131,241,406"
13685,"10,11,109"
13686,"3,100,28"
13687,"220,10,221"
13688,"3,21,48"
13689,"23,26,89"
13690,"40,131,134"
13691,"23,24,145"
13692,"23,145,40"
13693,"3,53,111"
13694,"23,309,38"
13695,"3,53,147"
13696,"23,24,62"
13697,"3,187,169"
13698,"128,40,186"
13699,"3,4,435"
13700,"3,169,13"
13701,"23,24,43"
13702,"64,10,93"
13703,"220,10,242"
13704,"145,40,54"
13705,"64,10,80"
13706,"3,13,204"
13707,"40,3,41"
13708,"3,53,111"
13709,"10,64,90"
13710,"40,128,129"
13711,"10,60,239"
13712,"3,53,21"
13713,"0,265,349"
13714,"4,3,19"
13715,"0,313,346"
13716,"2,1,0"
13717,"23,74,118"
13718,"169,170,260"
13719,"21,3,40"
13720,"169,199,323"
13721,"23,74,60"
13722,"3,21,33"
13723,"169,199,260"
13724,"296,169,526"
13725,"3,53,68"
13726,"3,5,133"
13727,"13,3,14"
13728,"3,53,30"
13729,"131,8,0"
13730,"0,313,346"
13731,"3,21,53"
13732,"3,111,472"
13733,"3,111,182"
13734,"3,111,112"
13735,"11,10,205"
13736,"169,199,343"
13737,"23,74,303"
13738,"402,145,40"
13739,"0,271,280"
13740,"3,467,53"
13741,"3,21,187"
13742,"3,21,111"
13743,"23,26,231"
13744,"10,64,93"
13745,"23,105,145"
13746,"127,21,3"
13747,"23,24,21"
13748,"0,24,265"
13749,"368,74,184"
13750,"169,296,300"
13751,"21,3,127"
13752,"3,53,68"
13753,"3,5,228"
13754,"10,239,60"
13755,"80,10,473"
13756,"169,199,281"
13757,"40,160,149"
13758,"40,131,159"
13759,"40,145,131"
13760,"40,395,128"
13761,"0,249,279"
13762,"220,10,221"
13763,"10,64,93"
13764,"10,64,93"
13765,"16,3,15"
13766,"199,171,169"
13767,"271,0,355"
13768,"199,169,281"
13769,"44,145,40"
13770,"0,265,349"
13771,"169,260,170"
13772,"3,111,119"
13773,"40,131,486"
13774,"64,10,169"
13775,"44,145,40"
13776,"3,30,28"
13777,"11,10,205"
13778,"23,38,71"
13779,"0,208,521"
13780,"0,380,216"
13781,"0,271,456"
13782,"3,34,263"
13783,"4,238,3"
13784,"23,24,105"
13785,"3,188,4"
13786,"145,40,44"
13787,"0,218,465"
13788,"23,25,24"
13789,"4,3,238"
13790,"0,40,313"
13791,"3,34,263"
13792,"10,60,23"
13793,"3,30,66"
13794,"24,23,44"
13795,"220,10,221"
13796,"64,10,448"
13797,"138,40,135"
13798,"23,24,38"
13799,"169,199,259"
13800,"147,3,148"
13801,"23,74,118"
13802,"40,152,151"
13803,"3,17,168"
13804,"3,126,21"
13805,"23,89,26"
13806,"23,26,89"
13807,"220,221,10"
13808,"169,311,426"
13809,"131,406,40"
13810,"23,24,49"
13811,"220,10,242"
13812,"10,220,242"
13813,"23,24,59"
13814,"21,3,126"
13815,"169,40,145"
13816,"11,10,205"
13817,"4,19,3"
13818,"23,24,454"
13819,"23,26,89"
13820,"10,64,24"
13821,"3,30,66"
13822,"0,271,265"
13823,"23,24,74"
13824,"23,74,303"
13825,"40,44,145"
13826,"3,15,16"
13827,"23,40,74"
13828,"3,4,238"
13829,"23,32,31"
13830,"0,271,456"
13831,"17,168,3"
13832,"3,21,53"
13833,"296,169,411"
13834,"128,195,0"
13835,"169,199,311"
13836,"0,8,206"
13837,"64,10,80"
13838,"3,30,66"
13839,"0,211,319"
13840,"40,145,132"
13841,"3,21,40"
13842,"40,145,55"
13843,"4,3,183"
13844,"40,128,131"
13845,"23,24,43"
13846,"64,10,448"
13847,"0,265,349"
13848,"10,64,93"
13849,"3,21,187"
13850,"13,3,14"
13851,"38,162,163"
13852,"3,147,148"
13853,"23,26,89"
13854,"3,21,187"
13855,"0,271,456"
13856,"21,3,124"
13857,"10,24,23"
13858,"10,64,54"
13859,"147,3,148"
13860,"0,271,456"
13861,"220,10,221"
13862,"40,146,145"
13863,"96,31,23"
13864,"0,265,8"
13865,"220,10,221"
13866,"3,21,53"
13867,"23,89,26"
13868,"23,40,24"
13869,"3,21,53"
13870,"111,3,112"
13871,"23,31,32"
13872,"23,77,74"
13873,"3,13,168"
13874,"23,118,74"
13875,"23,26,271"
13876,"3,17,168"
13877,"23,26,89"
13878,"40,128,129"
13879,"64,10,338"
13880,"220,10,221"
13881,"64,10,90"
13882,"147,3,148"
13883,"3,28,30"
13884,"40,131,23"
13885,"3,21,301"
13886,"0,265,340"
13887,"220,10,221"
13888,"40,128,129"
13889,"40,145,402"
13890,"3,111,284"
13891,"3,15,16"
13892,"64,10,65"
13893,"23,44,45"
13894,"89,40,26"
13895,"10,239,60"
13896,"40,128,195"
13897,"169,0,428"
13898,"40,41,324"
13899,"10,60,61"
13900,"199,169,343"
13901,"0,271,456"
13902,"3,21,187"
13903,"64,10,93"
13904,"169,170,459"
13905,"21,3,108"
13906,"3,16,15"
13907,"145,40,44"
13908,"23,74,165"
13909,"40,160,334"
13910,"41,224,40"
13911,"3,21,187"
13912,"23,26,350"
13913,"40,131,486"
13914,"169,296,428"
13915,"220,10,242"
13916,"23,26,231"
13917,"0,40,8"
13918,"10,64,93"
13919,"140,169,170"
13920,"3,21,127"
13921,"40,324,152"
13922,"26,23,231"
13923,"3,21,53"
13924,"3,53,523"
13925,"10,64,93"
13926,"40,128,186"
13927,"143,169,34"
13928,"184,185,40"
13929,"38,71,23"
13930,"3,4,238"
13931,"40,241,131"
13932,"3,145,17"
13933,"145,40,24"
13934,"23,26,89"
13935,"40,111,224"
13936,"152,40,151"
13937,"339,169,337"
13938,"3,21,147"
13939,"11,10,205"
13940,"10,54,40"
13941,"40,162,163"
13942,"296,169,411"
13943,"23,25,24"
13944,"220,10,221"
13945,"64,10,65"
13946,"220,10,242"
13947,"10,12,72"
13948,"23,74,303"
13949,"5,3,57"
13950,"8,0,405"
13951,"3,17,168"
13952,"10,23,11"
13953,"169,0,199"
13954,"169,199,459"
13955,"4,3,238"
13956,"3,4,19"
13957,"169,199,356"
13958,"296,169,428"
13959,"10,93,64"
13960,"21,3,48"
13961,"296,169,411"
13962,"23,74,118"
13963,"169,296,306"
13964,"0,271,291"
13965,"40,131,128"
13966,"53,3,40"
13967,"0,216,212"
13968,"0,235,8"
13969,"0,313,346"
13970,"3,15,30"
13971,"16,15,3"
13972,"199,169,281"
13973,"138,40,135"
13974,"23,74,118"
13975,"0,271,456"
13976,"3,68,53"
13977,"0,216,380"
13978,"40,145,44"
13979,"0,271,355"
13980,"145,44,40"
13981,"40,128,151"
13982,"23,26,231"
13983,"3,53,30"
13984,"3,111,119"
13985,"3,111,112"
13986,"64,10,338"
13987,"220,10,242"
13988,"16,15,3"
13989,"3,30,21"
13990,"10,64,93"
13991,"31,23,258"
13992,"64,10,65"
13993,"3,147,203"
13994,"0,40,216"
13995,"3,17,320"
13996,"93,10,64"
13997,"3,447,116"
13998,"40,131,406"
13999,"3,53,287"
14000,"23,24,26"
14001,"0,255,394"
14002,"4,3,19"
14003,"0,271,366"
14004,"44,145,40"
14005,"21,3,48"
14006,"10,54,173"
14007,"3,17,56"
14008,"10,11,12"
14009,"220,10,221"
14010,"64,10,448"
14011,"10,60,23"
14012,"21,3,127"
14013,"3,13,17"
14014,"169,170,199"
14015,"0,213,214"
14016,"40,250,135"
14017,"3,34,311"
14018,"40,131,159"
14019,"3,147,148"
14020,"3,21,108"
14021,"199,169,281"
14022,"3,53,100"
14023,"11,109,10"
14024,"0,169,40"
14025,"3,85,379"
14026,"40,145,146"
14027,"40,129,128"
14028,"0,216,422"
14029,"34,3,143"
14030,"23,74,303"
14031,"3,21,301"
14032,"3,147,148"
14033,"131,40,226"
14034,"31,23,96"
14035,"23,89,26"
14036,"40,131,142"
14037,"40,41,224"
14038,"23,26,89"
14039,"23,38,137"
14040,"40,241,131"
14041,"0,216,235"
14042,"3,53,99"
14043,"64,10,448"
14044,"3,21,187"
14045,"3,14,13"
14046,"5,3,228"
14047,"10,64,80"
14048,"0,8,206"
14049,"169,199,171"
14050,"3,23,105"
14051,"23,74,303"
14052,"10,64,93"
14053,"169,171,199"
14054,"40,138,135"
14055,"40,21,41"
14056,"0,271,291"
14057,"23,26,89"
14058,"3,53,287"
14059,"23,74,303"
14060,"0,271,291"
14061,"23,26,89"
14062,"23,24,345"
14063,"40,128,129"
14064,"3,30,66"
14065,"44,145,40"
14066,"21,3,127"
14067,"40,145,146"
14068,"3,21,187"
14069,"129,128,40"
14070,"23,26,89"
14071,"40,23,165"
14072,"23,3,290"
14073,"0,313,346"
14074,"0,271,366"
14075,"10,60,64"
14076,"199,169,343"
14077,"199,169,343"
14078,"16,15,3"
14079,"23,26,89"
14080,"0,354,216"
14081,"3,15,16"
14082,"40,128,186"
14083,"169,170,199"
14084,"64,10,93"
14085,"40,184,243"
14086,"40,128,186"
14087,"3,111,53"
14088,"11,10,109"
14089,"40,128,129"
14090,"40,184,406"
14091,"10,54,60"
14092,"224,40,41"
14093,"0,339,271"
14094,"23,74,118"
14095,"23,31,96"
14096,"23,74,71"
14097,"23,74,303"
14098,"3,85,158"
14099,"3,15,16"
14100,"4,3,19"
14101,"145,40,44"
14102,"3,13,401"
14103,"0,8,285"
14104,"40,41,324"
14105,"4,238,3"
14106,"0,265,349"
14107,"3,21,127"
14108,"40,100,3"
14109,"23,31,49"
14110,"40,131,134"
14111,"23,105,24"
14112,"105,23,318"
14113,"131,40,406"
14114,"131,406,40"
14115,"3,21,108"
14116,"169,199,281"
14117,"231,26,23"
14118,"10,64,93"
14119,"0,218,512"
14120,"220,10,242"
14121,"23,38,26"
14122,"64,10,448"
14123,"4,3,7"
14124,"23,40,74"
14125,"3,156,147"
14126,"40,128,186"
14127,"169,170,260"
14128,"40,131,226"
14129,"23,74,38"
14130,"23,74,118"
14131,"3,10,17"
14132,"40,160,334"
14133,"40,131,134"
14134,"24,49,23"
14135,"40,41,286"
14136,"0,216,304"
14137,"40,131,145"
14138,"11,109,10"
14139,"0,271,522"
14140,"169,199,3"
14141,"0,214,213"
14142,"23,24,43"
14143,"3,21,108"
14144,"23,31,49"
14145,"0,271,366"
14146,"40,184,185"
14147,"184,40,185"
14148,"24,23,62"
14149,"3,147,148"
14150,"0,255,348"
14151,"0,216,277"
14152,"220,10,221"
14153,"0,216,211"
14154,"0,8,206"
14155,"3,187,21"
14156,"10,64,93"
14157,"3,5,133"
14158,"0,216,279"
14159,"3,156,147"
14160,"24,23,43"
14161,"64,10,338"
14162,"24,23,59"
14163,"40,131,142"
14164,"64,10,93"
14165,"199,169,356"
14166,"8,0,206"
14167,"10,11,109"
14168,"3,34,263"
14169,"23,24,25"
14170,"220,10,221"
14171,"16,15,3"
14172,"131,40,406"
14173,"169,199,323"
14174,"220,10,242"
14175,"3,40,100"
14176,"169,260,170"
14177,"3,28,30"
14178,"199,169,343"
14179,"138,40,135"
14180,"40,41,215"
14181,"23,32,31"
14182,"44,45,145"
14183,"23,3,30"
14184,"3,385,122"
14185,"169,199,323"
14186,"13,3,204"
14187,"23,24,43"
14188,"3,156,147"
14189,"3,188,4"
14190,"21,3,126"
14191,"26,23,231"
14192,"0,321,265"
14193,"26,23,0"
14194,"0,271,456"
14195,"32,31,3"
14196,"3,168,17"
14197,"23,24,71"
14198,"26,23,89"
14199,"169,199,171"
14200,"3,13,14"
14201,"0,8,391"
14202,"3,53,287"
14203,"3,40,21"
14204,"31,258,23"
14205,"170,169,0"
14206,"0,265,340"
14207,"11,10,12"
14208,"206,0,208"
14209,"0,271,355"
14210,"0,8,220"
14211,"40,160,152"
14212,"169,199,323"
14213,"40,140,100"
14214,"40,128,129"
14215,"10,64,65"
14216,"0,265,340"
14217,"74,303,23"
14218,"0,216,304"
14219,"3,17,168"
14220,"3,379,21"
14221,"0,271,456"
14222,"140,40,139"
14223,"169,199,343"
14224,"0,8,235"
14225,"23,26,89"
14226,"40,41,224"
14227,"40,139,41"
14228,"23,24,10"
14229,"23,24,43"
14230,"24,23,43"
14231,"11,10,205"
14232,"131,40,406"
14233,"0,213,214"
14234,"0,213,214"
14235,"23,74,317"
14236,"100,3,40"
14237,"64,90,10"
14238,"23,38,39"
14239,"0,218,13"
14240,"3,17,168"
14241,"3,147,148"
14242,"8,0,308"
14243,"10,54,402"
14244,"23,162,163"
14245,"23,40,38"
14246,"0,271,456"
14247,"23,40,84"
14248,"3,311,34"
14249,"169,260,170"
14250,"23,26,89"
14251,"8,128,0"
14252,"21,3,127"
14253,"54,31,258"
14254,"0,218,351"
14255,"3,147,203"
14256,"16,15,3"
14257,"220,10,242"
14258,"145,40,44"
14259,"3,53,287"
14260,"23,26,89"
14261,"10,11,12"
14262,"3,128,40"
14263,"11,205,10"
14264,"3,21,127"
14265,"3,111,267"
14266,"40,135,41"
14267,"11,10,109"
14268,"64,448,10"
14269,"0,8,265"
14270,"169,199,281"
14271,"21,3,108"
14272,"220,10,221"
14273,"3,15,16"
14274,"169,260,170"
14275,"3,21,127"
14276,"23,105,495"
14277,"17,3,168"
14278,"0,216,328"
14279,"21,3,139"
14280,"40,131,406"
14281,"40,41,186"
14282,"23,24,43"
14283,"25,23,220"
14284,"3,111,119"
14285,"105,23,318"
14286,"10,64,338"
14287,"23,32,31"
14288,"4,19,3"
14289,"128,129,40"
14290,"4,3,19"
14291,"23,74,303"
14292,"0,271,280"
14293,"23,89,26"
14294,"64,10,80"
14295,"40,100,222"
14296,"40,145,395"
14297,"0,271,456"
14298,"0,271,265"
14299,"3,85,13"
14300,"0,313,346"
14301,"199,169,356"
14302,"10,60,61"
14303,"4,3,238"
14304,"402,145,40"
14305,"3,53,15"
14306,"23,26,231"
14307,"40,145,44"
14308,"40,145,44"
14309,"4,3,19"
14310,"64,10,93"
14311,"169,296,306"
14312,"0,280,271"
14313,"54,10,95"
14314,"0,249,279"
14315,"296,169,411"
14316,"3,4,70"
14317,"0,342,2"
14318,"24,23,43"
14319,"3,4,238"
14320,"3,21,126"
14321,"3,53,68"
14322,"3,147,4"
14323,"0,265,349"
14324,"0,265,340"
14325,"10,23,24"
14326,"23,199,169"
14327,"16,3,15"
14328,"313,0,346"
14329,"0,206,8"
14330,"10,64,448"
14331,"169,199,281"
14332,"147,3,148"
14333,"3,5,228"
14334,"10,64,93"
14335,"40,160,334"
14336,"296,169,411"
14337,"0,169,216"
14338,"0,216,271"
14339,"44,23,145"
14340,"10,234,60"
14341,"3,21,379"
14342,"5,3,228"
14343,"23,26,8"
14344,"169,199,260"
14345,"4,19,3"
14346,"199,169,281"
14347,"40,128,129"
14348,"3,21,108"
14349,"169,199,281"
14350,"296,169,300"
14351,"23,24,43"
14352,"0,216,279"
14353,"169,459,38"
14354,"3,126,40"
14355,"40,395,128"
14356,"220,10,221"
14357,"40,241,131"
14358,"296,169,336"
14359,"23,24,25"
14360,"64,10,93"
14361,"0,271,265"
14362,"4,3,19"
14363,"169,170,3"
14364,"0,271,265"
14365,"40,41,149"
14366,"3,21,48"
14367,"40,131,134"
14368,"4,3,238"
14369,"10,60,61"
14370,"23,26,89"
14371,"44,145,40"
14372,"10,23,24"
14373,"3,28,190"
14374,"13,3,218"
14375,"60,10,96"
14376,"23,24,44"
14377,"53,3,60"
14378,"220,10,242"
14379,"23,74,118"
14380,"40,186,128"
14381,"3,36,35"
14382,"0,265,349"
14383,"3,48,21"
14384,"23,74,303"
14385,"3,127,21"
14386,"0,271,456"
14387,"16,15,3"
14388,"169,171,199"
14389,"44,145,40"
14390,"3,21,301"
14391,"0,216,169"
14392,"131,40,406"
14393,"10,64,93"
14394,"3,34,263"
14395,"11,10,12"
14396,"0,265,273"
14397,"4,3,435"
14398,"169,199,343"
14399,"40,128,129"
14400,"3,4,435"
14401,"11,10,109"
14402,"10,93,64"
14403,"168,17,419"
14404,"11,10,109"
14405,"3,21,108"
14406,"169,170,271"
14407,"23,24,43"
14408,"3,30,148"
14409,"40,160,152"
14410,"40,151,152"
14411,"3,111,112"
14412,"40,128,163"
14413,"220,10,221"
14414,"44,54,145"
14415,"0,218,271"
14416,"23,105,326"
14417,"23,454,31"
14418,"111,3,112"
14419,"40,131,142"
14420,"23,10,24"
14421,"169,171,199"
14422,"31,23,32"
14423,"10,11,419"
14424,"40,131,395"
14425,"40,129,128"
14426,"234,60,10"
14427,"220,10,221"
14428,"0,216,271"
14429,"64,448,10"
14430,"21,40,3"
14431,"23,32,31"
14432,"40,135,138"
14433,"11,10,109"
14434,"3,21,108"
14435,"3,68,111"
14436,"3,5,57"
14437,"16,15,3"
14438,"23,296,74"
14439,"23,38,71"
14440,"44,45,145"
14441,"23,26,89"
14442,"0,313,346"
14443,"23,10,74"
14444,"3,34,447"
14445,"26,23,89"
14446,"23,74,38"
14447,"3,21,147"
14448,"3,16,15"
14449,"40,129,128"
14450,"10,64,80"
14451,"25,23,24"
14452,"128,40,129"
14453,"23,105,10"
14454,"160,40,315"
14455,"3,15,16"
14456,"40,131,134"
14457,"23,38,309"
14458,"40,145,44"
14459,"4,19,3"
14460,"10,64,93"
14461,"0,271,456"
14462,"220,221,10"
14463,"54,10,55"
14464,"40,402,145"
14465,"40,21,3"
14466,"17,3,168"
14467,"40,138,135"
14468,"0,271,291"
14469,"23,25,24"
14470,"40,129,128"
14471,"23,31,10"
14472,"64,10,93"
14473,"10,60,61"
14474,"26,23,0"
14475,"11,10,109"
14476,"23,38,137"
14477,"44,54,10"
14478,"23,32,31"
14479,"147,3,148"
14480,"23,26,89"
14481,"3,35,36"
14482,"3,53,23"
14483,"145,40,3"
14484,"3,147,148"
14485,"3,182,68"
14486,"3,4,183"
14487,"111,112,41"
14488,"4,19,3"
14489,"23,40,84"
14490,"3,21,187"
14491,"24,43,23"
14492,"296,169,460"
14493,"3,13,204"
14494,"23,31,328"
14495,"10,54,95"
14496,"169,170,199"
14497,"3,17,287"
14498,"40,131,406"
14499,"206,0,208"
14500,"40,152,151"
14501,"3,147,148"
14502,"23,63,38"
14503,"145,44,40"
14504,"3,158,85"
14505,"10,64,239"
14506,"41,40,286"
14507,"23,118,74"
14508,"10,64,54"
14509,"3,147,203"
14510,"3,158,85"
14511,"10,11,109"
14512,"220,10,221"
14513,"23,24,25"
14514,"23,74,38"
14515,"23,0,31"
14516,"23,402,328"
14517,"44,40,145"
14518,"23,31,32"
14519,"40,145,146"
14520,"3,147,148"
14521,"11,10,205"
14522,"220,10,221"
14523,"169,199,323"
14524,"3,53,523"
14525,"17,168,3"
14526,"40,151,23"
14527,"3,28,190"
14528,"0,271,255"
14529,"169,199,281"
14530,"3,284,21"
14531,"11,10,205"
14532,"3,21,111"
14533,"23,26,89"
14534,"0,271,361"
14535,"40,140,139"
14536,"10,93,64"
14537,"0,216,257"
14538,"3,187,21"
14539,"3,16,15"
14540,"17,3,168"
14541,"0,271,456"
14542,"11,10,109"
14543,"3,30,66"
14544,"145,40,54"
14545,"199,169,343"
14546,"10,64,93"
14547,"23,38,137"
14548,"23,131,406"
14549,"54,10,95"
14550,"40,152,151"
14551,"23,74,38"
14552,"40,160,302"
14553,"0,313,346"
14554,"40,41,191"
14555,"171,199,131"
14556,"26,231,23"
14557,"40,41,215"
14558,"3,15,16"
14559,"3,21,108"
14560,"3,4,188"
14561,"10,220,221"
14562,"131,40,406"
14563,"53,3,287"
14564,"3,17,168"
14565,"17,168,3"
14566,"23,24,43"
14567,"0,271,291"
14568,"23,32,3"
14569,"3,147,148"
14570,"64,10,93"
14571,"3,15,16"
14572,"40,402,31"
14573,"3,85,158"
14574,"23,26,89"
14575,"40,160,302"
14576,"220,10,242"
14577,"10,64,93"
14578,"40,41,146"
14579,"3,147,148"
14580,"220,10,242"
14581,"10,64,93"
14582,"24,23,10"
14583,"4,3,238"
14584,"220,10,221"
14585,"40,128,129"
14586,"23,24,345"
14587,"139,40,140"
14588,"3,111,284"
14589,"3,111,474"
14590,"23,38,91"
14591,"23,24,49"
14592,"3,111,21"
14593,"169,199,281"
14594,"23,74,303"
14595,"23,24,43"
14596,"3,53,68"
14597,"10,64,80"
14598,"44,10,24"
14599,"23,24,49"
14600,"21,3,108"
14601,"3,13,28"
14602,"40,139,153"
14603,"23,32,31"
14604,"40,145,44"
14605,"0,271,456"
14606,"169,199,281"
14607,"34,3,104"
14608,"3,4,238"
14609,"0,271,456"
14610,"40,129,128"
14611,"4,3,238"
14612,"23,74,118"
14613,"145,44,40"
14614,"10,64,93"
14615,"64,10,448"
14616,"64,10,80"
14617,"40,41,145"
14618,"10,11,109"
14619,"74,23,165"
14620,"0,216,403"
14621,"23,74,26"
14622,"10,23,24"
14623,"169,199,343"
14624,"199,169,171"
14625,"64,10,80"
14626,"3,21,108"
14627,"21,3,395"
14628,"0,8,308"
14629,"3,21,127"
14630,"10,11,44"
14631,"11,10,205"
14632,"169,296,306"
14633,"220,10,221"
14634,"40,186,128"
14635,"10,60,43"
14636,"3,13,53"
14637,"220,10,242"
14638,"44,145,45"
14639,"105,23,318"
14640,"0,169,216"
14641,"3,21,126"
14642,"3,21,111"
14643,"220,10,242"
14644,"40,41,324"
14645,"0,8,308"
14646,"3,53,430"
14647,"71,23,38"
14648,"3,147,148"
14649,"169,508,260"
14650,"0,169,199"
14651,"3,111,161"
14652,"0,8,308"
14653,"0,229,230"
14654,"40,41,128"
14655,"3,111,68"
14656,"3,21,111"
14657,"3,13,14"
14658,"23,74,118"
14659,"40,160,41"
14660,"40,128,408"
14661,"40,160,315"
14662,"54,10,55"
14663,"23,38,45"
14664,"40,184,185"
14665,"74,303,23"
14666,"0,8,206"
14667,"40,131,241"
14668,"10,239,60"
14669,"3,5,228"
14670,"23,74,105"
14671,"3,127,53"
14672,"3,147,156"
14673,"0,271,216"
14674,"0,216,380"
14675,"41,40,186"
14676,"40,131,129"
14677,"16,15,3"
14678,"169,199,248"
14679,"169,199,343"
14680,"0,271,456"
14681,"23,74,38"
14682,"40,135,139"
14683,"40,131,406"
14684,"3,85,86"
14685,"10,64,93"
14686,"24,23,43"
14687,"224,41,40"
14688,"3,34,187"
14689,"3,53,21"
14690,"10,64,65"
14691,"23,74,317"
14692,"71,23,38"
14693,"296,169,420"
14694,"40,160,315"
14695,"24,23,43"
14696,"160,40,315"
14697,"44,145,40"
14698,"0,265,340"
14699,"3,30,147"
14700,"23,3,31"
14701,"40,135,244"
14702,"41,40,128"
14703,"3,21,108"
14704,"3,85,21"
14705,"40,41,128"
14706,"147,3,156"
14707,"17,3,320"
14708,"3,21,127"
14709,"23,24,49"
14710,"0,169,277"
14711,"169,259,426"
14712,"169,170,459"
14713,"0,8,206"
14714,"169,8,405"
14715,"23,31,32"
14716,"54,24,95"
14717,"3,111,267"
14718,"23,74,118"
14719,"64,90,10"
14720,"139,140,153"
14721,"40,131,406"
14722,"44,40,145"
14723,"147,148,3"
14724,"0,265,418"
14725,"220,10,221"
14726,"44,145,40"
14727,"23,89,26"
14728,"23,26,89"
14729,"74,40,23"
14730,"64,10,338"
14731,"0,8,220"
14732,"3,21,187"
14733,"3,126,21"
14734,"220,10,221"
14735,"3,111,53"
14736,"10,60,239"
14737,"23,74,303"
14738,"3,4,19"
14739,"0,216,212"
14740,"220,10,242"
14741,"220,10,221"
14742,"10,64,338"
14743,"40,145,243"
14744,"40,131,406"
14745,"64,10,448"
14746,"23,74,303"
14747,"0,271,456"
14748,"145,23,40"
14749,"23,74,303"
14750,"23,74,118"
14751,"145,40,524"
14752,"131,40,171"
14753,"10,64,79"
14754,"0,216,304"
14755,"40,41,215"
14756,"0,271,456"
14757,"16,15,3"
14758,"40,131,23"
14759,"40,131,241"
14760,"3,85,86"
14761,"169,170,459"
14762,"3,147,156"
14763,"72,10,44"
14764,"199,169,356"
14765,"21,40,3"
14766,"169,199,343"
14767,"21,3,48"
14768,"131,40,226"
14769,"23,118,74"
14770,"0,272,271"
14771,"24,23,49"
14772,"0,271,291"
14773,"21,3,124"
14774,"17,168,3"
14775,"21,3,108"
14776,"3,34,46"
14777,"169,199,259"
14778,"3,53,15"
14779,"3,30,66"
14780,"169,260,170"
14781,"40,145,402"
14782,"0,8,308"
14783,"147,3,148"
14784,"23,24,49"
14785,"23,38,74"
14786,"147,3,148"
14787,"10,220,242"
14788,"31,23,40"
14789,"64,10,448"
14790,"23,26,0"
14791,"40,160,302"
14792,"49,23,10"
14793,"44,145,45"
14794,"64,10,90"
14795,"40,145,146"
14796,"3,30,66"
14797,"23,74,40"
14798,"40,145,146"
14799,"0,169,170"
14800,"23,38,105"
14801,"169,170,459"
14802,"169,260,199"
14803,"3,228,5"
14804,"23,26,89"
14805,"0,216,211"
14806,"3,21,126"
14807,"40,184,494"
14808,"23,24,43"
14809,"3,17,168"
14810,"4,3,238"
14811,"3,53,467"
14812,"0,216,355"
14813,"3,21,127"
14814,"23,24,10"
14815,"23,24,145"
14816,"3,204,13"
14817,"11,10,12"
14818,"220,10,221"
14819,"23,89,26"
14820,"23,74,84"
14821,"3,85,86"
14822,"40,135,138"
14823,"0,266,208"
14824,"199,169,281"
14825,"3,53,99"
14826,"5,228,3"
14827,"0,265,271"
14828,"3,183,4"
14829,"40,128,129"
14830,"23,74,303"
14831,"3,17,168"
14832,"220,10,242"
14833,"11,10,109"
14834,"0,255,313"
14835,"23,231,118"
14836,"100,40,222"
14837,"40,128,41"
14838,"23,74,71"
14839,"220,10,221"
14840,"0,271,355"
14841,"3,30,66"
14842,"26,23,350"
14843,"32,23,3"
14844,"147,3,148"
14845,"169,296,199"
14846,"40,129,128"
14847,"21,3,127"
14848,"40,160,315"
14849,"3,111,28"
14850,"220,10,221"
14851,"147,3,148"
14852,"23,74,317"
14853,"0,271,444"
14854,"11,10,12"
14855,"0,23,26"
14856,"40,129,131"
14857,"0,8,206"
14858,"40,41,224"
14859,"23,24,49"
14860,"40,131,159"
14861,"3,21,127"
14862,"3,21,187"
14863,"40,201,160"
14864,"40,41,224"
14865,"40,146,145"
14866,"3,21,187"
14867,"3,30,21"
14868,"44,145,40"
14869,"40,160,315"
14870,"23,24,26"
14871,"11,10,109"
14872,"4,3,183"
14873,"16,3,15"
14874,"220,10,242"
14875,"169,199,281"
14876,"3,17,168"
14877,"147,3,148"
14878,"220,10,242"
14879,"3,34,447"
14880,"3,111,112"
14881,"0,271,291"
14882,"21,3,187"
14883,"23,49,24"
14884,"145,40,44"
14885,"4,3,238"
14886,"23,26,89"
14887,"23,89,26"
14888,"26,23,350"
14889,"3,13,14"
14890,"147,3,148"
14891,"64,10,80"
14892,"21,3,33"
14893,"3,34,263"
14894,"23,31,96"
14895,"0,265,349"
14896,"169,199,281"
14897,"40,145,44"
14898,"23,105,318"
14899,"0,265,349"
14900,"10,54,95"
14901,"23,74,303"
14902,"40,131,134"
14903,"10,40,145"
14904,"169,170,459"
14905,"40,199,169"
14906,"44,45,145"
14907,"40,135,138"
14908,"40,151,152"
14909,"23,26,89"
14910,"3,13,122"
14911,"40,395,250"
14912,"0,216,208"
14913,"40,131,241"
14914,"0,24,23"
14915,"64,10,448"
14916,"23,24,38"
14917,"169,281,199"
14918,"3,17,168"
14919,"199,169,356"
14920,"23,24,49"
14921,"296,169,411"
14922,"40,41,224"
14923,"23,24,43"
14924,"456,23,271"
14925,"0,213,214"
14926,"3,147,300"
14927,"11,10,109"
14928,"131,40,406"
14929,"3,21,126"
14930,"169,339,337"
14931,"23,26,89"
14932,"23,44,145"
14933,"220,10,242"
14934,"169,199,171"
14935,"169,417,296"
14936,"0,214,213"
14937,"40,131,241"
14938,"23,118,38"
14939,"3,53,523"
14940,"0,271,361"
14941,"10,220,242"
14942,"169,3,287"
14943,"3,168,17"
14944,"3,21,108"
14945,"40,160,41"
14946,"3,4,435"
14947,"23,74,317"
14948,"169,296,306"
14949,"3,68,426"
14950,"40,131,10"
14951,"3,147,203"
14952,"54,40,145"
14953,"0,313,346"
14954,"23,38,309"
14955,"31,23,77"
14956,"128,40,195"
14957,"131,40,226"
14958,"10,80,368"
14959,"40,131,406"
14960,"40,139,140"
14961,"23,38,26"
14962,"23,26,350"
14963,"0,271,361"
14964,"40,131,145"
14965,"23,89,38"
14966,"169,199,170"
14967,"147,148,3"
14968,"23,105,74"
14969,"4,3,19"
14970,"40,129,131"
14971,"21,40,41"
14972,"23,24,49"
14973,"23,38,137"
14974,"64,10,65"
14975,"199,171,169"
14976,"23,26,89"
14977,"0,271,456"
14978,"169,199,281"
14979,"10,64,93"
14980,"0,216,304"
14981,"131,40,406"
14982,"3,126,21"
14983,"40,128,186"
14984,"0,271,355"
14985,"313,346,0"
14986,"0,8,410"
14987,"89,0,26"
14988,"23,24,145"
14989,"23,31,258"
14990,"3,17,168"
14991,"145,44,40"
14992,"0,271,291"
14993,"3,4,435"
14994,"4,3,7"
14995,"3,48,21"
14996,"64,10,93"
14997,"169,199,323"
14998,"23,24,43"
14999,"10,64,93"
15000,"40,160,41"
15001,"3,85,111"
15002,"169,199,356"
15003,"11,10,205"
15004,"169,199,170"
15005,"23,118,74"
15006,"40,131,226"
15007,"23,24,49"
15008,"10,23,49"
15009,"169,337,170"
15010,"3,17,320"
15011,"131,406,40"
15012,"40,128,195"
15013,"3,21,127"
15014,"11,10,205"
15015,"3,147,15"
15016,"169,199,171"
15017,"3,21,127"
15018,"54,95,10"
15019,"171,131,199"
15020,"23,74,118"
15021,"169,199,231"
15022,"40,41,149"
15023,"64,10,80"
15024,"3,85,158"
15025,"8,0,308"
15026,"3,168,17"
15027,"3,21,127"
15028,"77,0,23"
15029,"131,40,406"
15030,"23,74,303"
15031,"0,355,271"
15032,"40,139,153"
15033,"3,147,148"
15034,"3,85,21"
15035,"3,147,85"
15036,"3,28,5"
15037,"3,21,17"
15038,"0,271,355"
15039,"0,216,254"
15040,"220,10,221"
15041,"169,296,23"
15042,"64,10,65"
15043,"0,8,206"
15044,"21,3,127"
15045,"21,164,40"
15046,"3,53,111"
15047,"23,26,89"
15048,"40,23,184"
15049,"64,10,93"
15050,"40,135,236"
15051,"4,3,238"
15052,"3,34,187"
15053,"169,170,260"
15054,"0,216,212"
15055,"23,38,309"
15056,"0,26,23"
15057,"40,145,44"
15058,"3,21,53"
15059,"23,26,89"
15060,"10,64,93"
15061,"169,199,323"
15062,"147,148,3"
15063,"169,199,323"
15064,"11,10,109"
15065,"169,296,336"
15066,"40,286,41"
15067,"3,21,108"
15068,"3,21,53"
15069,"3,21,53"
15070,"3,111,119"
15071,"3,4,435"
15072,"3,21,379"
15073,"3,111,112"
15074,"40,135,295"
15075,"169,296,428"
15076,"3,21,187"
15077,"24,23,43"
15078,"220,10,221"
15079,"3,147,148"
15080,"10,24,60"
15081,"0,271,355"
15082,"23,10,49"
15083,"23,74,40"
15084,"40,131,406"
15085,"10,11,109"
15086,"220,10,221"
15087,"0,265,349"
15088,"23,118,74"
15089,"313,346,23"
15090,"271,0,456"
15091,"4,19,3"
15092,"3,21,127"
15093,"40,145,402"
15094,"3,21,108"
15095,"169,296,170"
15096,"40,41,149"
15097,"11,10,205"
15098,"0,255,211"
15099,"0,271,195"
15100,"40,141,139"
15101,"127,40,41"
15102,"3,53,287"
15103,"17,3,168"
15104,"3,85,86"
15105,"0,265,349"
15106,"23,24,43"
15107,"0,271,255"
15108,"23,220,24"
15109,"23,38,74"
15110,"169,337,339"
15111,"3,204,13"
15112,"23,74,165"
15113,"23,24,25"
15114,"40,146,145"
15115,"40,131,486"
15116,"3,33,156"
15117,"10,11,205"
15118,"11,10,109"
15119,"0,271,355"
15120,"3,147,148"
15121,"3,16,15"
15122,"40,402,145"
15123,"44,145,40"
15124,"23,24,40"
15125,"40,395,139"
15126,"3,4,19"
15127,"220,10,221"
15128,"0,216,212"
15129,"26,23,231"
15130,"40,131,159"
15131,"23,24,25"
15132,"10,64,54"
15133,"4,19,3"
15134,"3,21,30"
15135,"3,4,183"
15136,"152,151,40"
15137,"138,169,459"
15138,"40,160,315"
15139,"23,38,128"
15140,"0,26,23"
15141,"23,74,84"
15142,"3,4,30"
15143,"23,24,43"
15144,"10,220,221"
15145,"23,74,32"
15146,"3,21,187"
15147,"0,216,380"
15148,"0,313,346"
15149,"24,23,43"
15150,"40,145,44"
15151,"10,54,64"
15152,"220,10,242"
15153,"28,3,190"
15154,"3,53,21"
15155,"23,31,96"
15156,"169,199,281"
15157,"0,313,208"
15158,"23,24,43"
15159,"3,147,148"
15160,"23,24,49"
15161,"199,169,171"
15162,"3,28,111"
15163,"23,26,89"
15164,"220,10,242"
15165,"169,199,323"
15166,"53,3,0"
15167,"169,296,417"
15168,"3,147,148"
15169,"40,152,151"
15170,"23,24,25"
15171,"4,3,435"
15172,"3,4,238"
15173,"24,23,10"
15174,"169,199,343"
15175,"3,17,320"
15176,"10,60,64"
15177,"169,199,281"
15178,"3,21,127"
15179,"54,10,197"
15180,"21,3,127"
15181,"3,21,33"
15182,"25,23,10"
15183,"220,10,242"
15184,"3,16,15"
15185,"169,296,411"
15186,"23,74,303"
15187,"3,30,66"
15188,"0,271,456"
15189,"145,40,402"
15190,"3,4,238"
15191,"0,206,249"
15192,"3,21,48"
15193,"23,89,26"
15194,"3,21,379"
15195,"40,145,44"
15196,"0,271,355"
15197,"3,147,148"
15198,"3,5,385"
15199,"131,40,226"
15200,"131,241,169"
15201,"40,131,128"
15202,"3,68,182"
15203,"23,49,24"
15204,"40,145,44"
15205,"0,271,265"
15206,"105,318,23"
15207,"3,21,124"
15208,"3,21,127"
15209,"0,208,209"
15210,"220,10,242"
15211,"220,10,242"
15212,"34,3,263"
15213,"3,21,182"
15214,"44,24,145"
15215,"21,3,127"
15216,"0,271,456"
15217,"23,105,74"
15218,"11,10,205"
15219,"40,41,324"
15220,"44,45,40"
15221,"0,216,211"
15222,"24,23,43"
15223,"169,64,170"
15224,"23,26,350"
15225,"40,131,406"
15226,"40,131,241"
15227,"11,10,205"
15228,"169,170,260"
15229,"40,131,132"
15230,"10,64,93"
15231,"23,26,89"
15232,"0,249,279"
15233,"3,13,14"
15234,"169,296,306"
15235,"54,402,40"
15236,"3,21,108"
15237,"40,135,199"
15238,"169,199,281"
15239,"220,10,242"
15240,"10,54,95"
15241,"44,145,40"
15242,"169,170,199"
15243,"11,10,205"
15244,"64,10,448"
15245,"3,21,127"
15246,"64,10,80"
15247,"0,271,444"
15248,"23,32,31"
15249,"3,32,31"
15250,"3,147,148"
15251,"169,199,281"
15252,"40,44,145"
15253,"23,24,345"
15254,"40,23,140"
15255,"0,216,304"
15256,"0,271,456"
15257,"169,199,259"
15258,"131,40,406"
15259,"131,40,226"
15260,"3,111,119"
15261,"3,21,379"
15262,"131,406,40"
15263,"145,40,44"
15264,"220,10,242"
15265,"23,74,303"
15266,"131,40,406"
15267,"23,74,303"
15268,"40,135,138"
15269,"21,3,124"
15270,"340,265,0"
15271,"3,34,263"
15272,"21,187,3"
15273,"11,10,205"
15274,"220,10,221"
15275,"0,271,456"
15276,"131,40,134"
15277,"3,30,66"
15278,"169,199,343"
15279,"64,90,10"
15280,"3,4,53"
15281,"3,53,21"
15282,"23,105,38"
15283,"23,40,74"
15284,"44,72,145"
15285,"23,26,89"
15286,"3,21,126"
15287,"169,170,260"
15288,"169,199,271"
15289,"3,147,148"
15290,"10,220,221"
15291,"3,21,182"
15292,"3,17,85"
15293,"3,17,168"
15294,"64,10,93"
15295,"64,10,448"
15296,"23,10,24"
15297,"11,10,205"
15298,"0,265,340"
15299,"169,339,337"
15300,"21,3,127"
15301,"3,28,21"
15302,"3,4,331"
15303,"23,31,258"
15304,"296,169,300"
15305,"40,131,139"
15306,"131,40,406"
15307,"199,169,281"
15308,"10,54,95"
15309,"44,145,40"
15310,"21,3,48"
15311,"199,169,281"
15312,"3,21,182"
15313,"199,169,281"
15314,"131,40,241"
15315,"169,0,199"
15316,"0,265,271"
15317,"40,41,149"
15318,"4,3,238"
15319,"44,145,40"
15320,"169,260,170"
15321,"0,271,456"
15322,"23,118,74"
15323,"0,271,291"
15324,"0,271,216"
15325,"0,271,522"
15326,"169,199,356"
15327,"0,255,271"
15328,"3,53,219"
15329,"11,10,109"
15330,"26,89,0"
15331,"17,168,3"
15332,"0,8,235"
15333,"169,170,260"
15334,"220,10,242"
15335,"3,21,127"
15336,"74,23,317"
15337,"3,34,187"
15338,"3,21,108"
15339,"40,145,44"
15340,"0,265,349"
15341,"23,26,38"
15342,"3,21,301"
15343,"23,74,24"
15344,"0,8,206"
15345,"3,16,15"
15346,"10,11,205"
15347,"3,53,523"
15348,"3,53,17"
15349,"199,169,343"
15350,"3,85,15"
15351,"0,271,355"
15352,"169,170,459"
15353,"64,10,80"
15354,"74,129,128"
15355,"145,44,40"
15356,"0,23,31"
15357,"23,26,89"
15358,"44,145,40"
15359,"40,131,142"
15360,"11,10,205"
15361,"379,21,3"
15362,"3,111,112"
15363,"3,21,301"
15364,"23,24,25"
15365,"10,64,93"
15366,"40,131,406"
15367,"23,118,74"
15368,"40,131,226"
15369,"44,145,40"
15370,"40,131,241"
15371,"3,21,164"
15372,"169,199,323"
15373,"40,135,141"
15374,"3,30,66"
15375,"145,40,44"
15376,"23,24,49"
15377,"40,131,241"
15378,"0,8,220"
15379,"23,26,89"
15380,"0,8,355"
15381,"0,208,403"
15382,"0,271,291"
15383,"61,60,3"
15384,"3,33,21"
15385,"3,147,148"
15386,"169,199,281"
15387,"64,10,93"
15388,"40,128,129"
15389,"40,184,152"
15390,"16,15,3"
15391,"23,26,89"
15392,"3,28,190"
15393,"3,53,21"
15394,"23,77,31"
15395,"3,111,119"
15396,"31,23,328"
15397,"160,40,334"
15398,"220,10,242"
15399,"220,10,242"
15400,"10,60,61"
15401,"0,272,271"
15402,"10,239,60"
15403,"0,216,304"
15404,"40,145,44"
15405,"10,64,65"
15406,"3,17,168"
15407,"23,31,96"
15408,"0,355,26"
15409,"23,38,4"
15410,"3,147,148"
15411,"3,16,15"
15412,"0,271,456"
15413,"16,15,3"
15414,"13,204,40"
15415,"0,255,208"
15416,"10,54,322"
15417,"40,184,185"
15418,"220,10,221"
15419,"53,3,523"
15420,"0,271,456"
15421,"23,38,309"
15422,"23,38,137"
15423,"0,265,266"
15424,"31,23,454"
15425,"0,265,266"
15426,"0,271,291"
15427,"169,199,343"
15428,"40,131,406"
15429,"0,216,360"
15430,"23,24,43"
15431,"23,24,43"
15432,"3,126,21"
15433,"23,31,32"
15434,"64,10,93"
15435,"54,10,145"
15436,"40,128,395"
15437,"3,21,111"
15438,"220,10,221"
15439,"3,21,187"
15440,"23,26,89"
15441,"10,11,109"
15442,"145,44,40"
15443,"145,44,40"
15444,"64,10,23"
15445,"21,3,127"
15446,"23,40,162"
15447,"21,3,124"
15448,"139,40,155"
15449,"23,38,39"
15450,"169,199,343"
15451,"40,41,3"
15452,"40,160,315"
15453,"169,31,454"
15454,"0,512,255"
15455,"3,21,187"
15456,"3,147,148"
15457,"26,40,23"
15458,"3,85,158"
15459,"40,135,138"
15460,"44,145,40"
15461,"0,235,255"
15462,"21,3,126"
15463,"3,21,30"
15464,"11,109,10"
15465,"3,21,164"
15466,"0,8,405"
15467,"0,313,314"
15468,"23,220,10"
15469,"3,30,66"
15470,"44,40,145"
15471,"0,216,211"
15472,"0,313,346"
15473,"23,74,40"
15474,"10,220,221"
15475,"3,111,112"
15476,"40,139,140"
15477,"10,11,205"
15478,"169,199,260"
15479,"40,145,44"
15480,"17,168,3"
15481,"169,199,259"
15482,"44,145,40"
15483,"199,169,343"
15484,"3,68,472"
15485,"23,26,231"
15486,"23,74,303"
15487,"0,216,212"
15488,"3,34,263"
15489,"3,15,16"
15490,"0,271,456"
15491,"44,145,40"
15492,"169,0,199"
15493,"3,21,108"
15494,"3,4,435"
15495,"10,60,93"
15496,"169,199,170"
15497,"169,199,248"
15498,"0,255,271"
15499,"339,3,337"
15500,"0,265,490"
15501,"147,3,148"
15502,"64,10,93"
15503,"40,131,132"
15504,"24,23,25"
15505,"40,41,224"
15506,"0,216,169"
15507,"40,138,135"
15508,"3,111,119"
15509,"23,145,40"
15510,"23,105,38"
15511,"0,271,456"
15512,"64,10,80"
15513,"3,5,228"
15514,"169,296,306"
15515,"296,169,131"
15516,"40,131,406"
15517,"23,31,32"
15518,"11,10,205"
15519,"169,199,356"
15520,"10,61,60"
15521,"40,184,185"
15522,"10,60,61"
15523,"3,15,16"
15524,"0,216,304"
15525,"40,41,42"
15526,"152,151,40"
15527,"3,228,5"
15528,"31,23,96"
15529,"0,271,291"
15530,"3,21,108"
15531,"40,131,134"
15532,"3,34,46"
15533,"8,0,405"
15534,"64,10,93"
15535,"3,4,435"
15536,"40,131,406"
15537,"40,128,131"
15538,"23,345,3"
15539,"11,10,205"
15540,"170,169,3"
15541,"26,231,23"
15542,"23,105,318"
15543,"23,231,26"
15544,"3,147,111"
15545,"64,10,65"
15546,"3,21,126"
15547,"10,24,23"
15548,"3,21,108"
15549,"204,3,13"
15550,"10,60,93"
15551,"3,21,40"
15552,"23,10,60"
15553,"23,24,25"
15554,"40,145,10"
15555,"8,0,405"
15556,"10,93,64"
15557,"3,21,379"
15558,"4,3,19"
15559,"23,74,24"
15560,"3,21,48"
15561,"220,10,242"
15562,"21,3,127"
15563,"40,131,226"
15564,"3,53,284"
15565,"4,3,238"
15566,"3,21,33"
15567,"23,24,43"
15568,"10,60,23"
15569,"24,43,23"
15570,"131,406,40"
15571,"34,3,46"
15572,"64,10,65"
15573,"126,3,21"
15574,"169,170,296"
15575,"0,206,8"
15576,"3,17,168"
15577,"23,24,43"
15578,"64,10,93"
15579,"169,199,311"
15580,"0,8,308"
15581,"0,271,352"
15582,"23,118,74"
15583,"0,8,206"
15584,"0,265,340"
15585,"220,10,221"
15586,"3,4,375"
15587,"10,64,54"
15588,"169,170,459"
15589,"169,199,170"
15590,"23,74,165"
15591,"23,24,25"
15592,"10,93,64"
15593,"23,31,24"
15594,"3,13,14"
15595,"220,10,242"
15596,"54,10,402"
15597,"3,111,21"
15598,"40,135,145"
15599,"0,271,213"
15600,"3,111,267"
15601,"3,21,53"
15602,"23,74,303"
15603,"23,31,258"
15604,"216,0,169"
15605,"145,40,44"
15606,"3,21,379"
15607,"169,199,170"
15608,"0,8,285"
15609,"40,131,132"
15610,"3,21,301"
15611,"3,21,187"
15612,"23,74,38"
15613,"3,147,148"
15614,"14,10,3"
15615,"402,145,54"
15616,"23,74,118"
15617,"128,40,129"
15618,"64,10,448"
15619,"64,10,93"
15620,"64,10,79"
15621,"3,21,127"
15622,"40,131,193"
15623,"40,185,184"
15624,"199,169,343"
15625,"128,129,40"
15626,"3,21,53"
15627,"8,0,285"
15628,"199,169,281"
15629,"3,4,183"
15630,"3,53,21"
15631,"40,128,408"
15632,"0,249,279"
15633,"169,170,459"
15634,"16,15,3"
15635,"0,8,285"
15636,"64,10,448"
15637,"40,160,152"
15638,"54,10,95"
15639,"40,128,131"
15640,"0,271,213"
15641,"11,10,109"
15642,"0,249,279"
15643,"40,41,324"
15644,"40,145,146"
15645,"23,11,44"
15646,"313,346,0"
15647,"0,235,8"
15648,"147,3,148"
15649,"3,34,263"
15650,"0,216,304"
15651,"3,15,16"
15652,"169,8,0"
15653,"64,10,338"
15654,"3,21,187"
15655,"3,21,187"
15656,"3,53,4"
15657,"40,131,406"
15658,"10,64,93"
15659,"145,40,44"
15660,"0,271,456"
15661,"3,34,21"
15662,"23,38,91"
15663,"23,38,25"
15664,"0,265,349"
15665,"199,169,281"
15666,"3,147,156"
15667,"13,14,11"
15668,"40,129,128"
15669,"169,170,38"
15670,"40,135,141"
15671,"0,271,272"
15672,"40,145,44"
15673,"220,10,221"
15674,"10,11,109"
15675,"168,3,17"
15676,"0,271,355"
15677,"0,8,285"
15678,"135,40,244"
15679,"23,105,106"
15680,"40,199,169"
15681,"131,171,199"
15682,"0,271,456"
15683,"0,255,462"
15684,"3,21,5"
15685,"3,21,127"
15686,"24,23,43"
15687,"169,199,89"
15688,"3,34,21"
15689,"24,49,23"
15690,"216,257,0"
15691,"40,184,185"
15692,"40,128,129"
15693,"10,11,40"
15694,"169,199,281"
15695,"0,265,208"
15696,"4,3,435"
15697,"11,10,24"
15698,"10,239,60"
15699,"23,74,31"
15700,"10,60,239"
15701,"23,74,303"
15702,"0,249,279"
15703,"169,199,343"
15704,"4,3,19"
15705,"3,21,187"
15706,"3,21,30"
15707,"16,15,3"
15708,"111,3,119"
15709,"0,313,346"
15710,"85,3,158"
15711,"3,4,183"
15712,"40,145,402"
15713,"4,3,19"
15714,"40,131,142"
15715,"169,170,459"
15716,"131,40,406"
15717,"23,24,10"
15718,"0,271,355"
15719,"40,406,131"
15720,"10,220,221"
15721,"4,3,238"
15722,"131,40,193"
15723,"3,204,13"
15724,"40,216,131"
15725,"31,23,258"
15726,"31,23,258"
15727,"3,4,10"
15728,"169,199,281"
15729,"40,131,406"
15730,"169,459,170"
15731,"3,53,287"
15732,"0,271,209"
15733,"0,350,23"
15734,"3,21,127"
15735,"3,5,228"
15736,"23,74,303"
15737,"0,271,291"
15738,"23,24,49"
15739,"40,0,74"
15740,"23,24,49"
15741,"313,346,0"
15742,"0,216,319"
15743,"0,209,208"
15744,"23,105,326"
15745,"23,105,106"
15746,"11,10,12"
15747,"11,10,205"
15748,"23,24,43"
15749,"0,255,462"
15750,"3,17,168"
15751,"3,21,187"
15752,"296,169,306"
15753,"0,208,206"
15754,"17,3,168"
15755,"4,3,19"
15756,"3,111,4"
15757,"23,0,218"
15758,"131,40,406"
15759,"10,60,61"
15760,"44,145,40"
15761,"23,38,137"
15762,"26,23,350"
15763,"40,128,129"
15764,"3,21,164"
15765,"169,199,281"
15766,"111,3,224"
15767,"31,23,96"
15768,"23,32,31"
15769,"21,3,127"
15770,"3,21,48"
15771,"169,296,199"
15772,"23,309,38"
15773,"169,199,343"
15774,"0,265,490"
15775,"0,271,216"
15776,"0,206,8"
15777,"40,152,151"
15778,"145,44,40"
15779,"24,23,43"
15780,"171,199,131"
15781,"3,13,14"
15782,"0,313,346"
15783,"64,10,80"
15784,"3,5,133"
15785,"402,145,40"
15786,"23,26,89"
15787,"54,10,95"
15788,"3,85,15"
15789,"10,11,205"
15790,"64,10,80"
15791,"169,199,171"
15792,"3,85,86"
15793,"10,64,448"
15794,"0,8,220"
15795,"220,10,221"
15796,"3,5,228"
15797,"3,21,28"
15798,"4,3,331"
15799,"0,218,446"
15800,"220,10,221"
15801,"139,40,140"
15802,"3,126,21"
15803,"169,171,199"
15804,"3,147,523"
15805,"4,3,238"
15806,"0,208,521"
15807,"0,271,291"
15808,"3,34,169"
15809,"169,296,336"
15810,"54,145,10"
15811,"23,74,165"
15812,"40,41,42"
15813,"220,10,242"
15814,"40,41,224"
15815,"3,21,379"
15816,"169,199,343"
15817,"23,118,74"
15818,"31,23,454"
15819,"0,218,446"
15820,"11,10,12"
15821,"3,108,21"
15822,"10,64,338"
15823,"44,145,11"
15824,"169,199,281"
15825,"40,131,406"
15826,"23,24,25"
15827,"23,26,89"
15828,"169,26,23"
15829,"0,340,265"
15830,"3,147,148"
15831,"17,3,168"
15832,"3,21,127"
15833,"40,145,402"
15834,"25,24,23"
15835,"3,34,187"
15836,"23,74,84"
15837,"23,38,74"
15838,"40,184,185"
15839,"10,93,64"
15840,"169,199,281"
15841,"169,199,155"
15842,"339,337,169"
15843,"64,10,448"
15844,"16,15,3"
15845,"64,10,338"
15846,"11,10,205"
15847,"23,24,49"
15848,"10,64,448"
15849,"23,89,26"
15850,"21,48,3"
15851,"23,137,38"
15852,"3,21,48"
15853,"23,24,43"
15854,"169,171,199"
15855,"23,74,31"
15856,"146,145,40"
15857,"3,4,19"
15858,"3,53,523"
15859,"8,0,308"
15860,"23,26,231"
15861,"8,0,308"
15862,"23,24,49"
15863,"4,3,435"
15864,"220,10,221"
15865,"23,74,165"
15866,"0,265,340"
15867,"3,34,16"
15868,"0,216,213"
15869,"10,11,205"
15870,"40,152,151"
15871,"10,24,23"
15872,"23,24,49"
15873,"21,3,127"
15874,"0,216,304"
15875,"40,152,151"
15876,"0,313,346"
15877,"64,10,93"
15878,"23,131,40"
15879,"21,3,102"
15880,"40,41,135"
15881,"3,147,148"
15882,"0,265,349"
15883,"10,60,61"
15884,"23,24,49"
15885,"3,21,187"
15886,"23,26,89"
15887,"40,41,395"
15888,"10,60,239"
15889,"0,271,366"
15890,"3,30,28"
15891,"40,186,128"
15892,"4,238,3"
15893,"3,53,68"
15894,"0,211,319"
15895,"4,19,3"
15896,"139,40,153"
15897,"40,162,163"
15898,"0,255,218"
15899,"31,258,23"
15900,"23,26,350"
15901,"0,218,255"
15902,"40,44,145"
15903,"220,10,242"
15904,"0,340,265"
15905,"3,21,108"
15906,"23,24,25"
15907,"169,171,199"
15908,"3,13,204"
15909,"3,21,164"
15910,"23,26,231"
15911,"162,163,40"
15912,"0,216,279"
15913,"169,199,281"
15914,"3,467,416"
15915,"21,3,33"
15916,"40,135,141"
15917,"131,40,226"
15918,"0,271,255"
15919,"135,40,138"
15920,"0,8,206"
15921,"16,15,3"
15922,"10,64,54"
15923,"220,10,221"
15924,"220,10,242"
15925,"64,10,80"
15926,"40,131,142"
15927,"0,8,308"
15928,"3,21,17"
15929,"169,199,281"
15930,"10,93,64"
15931,"0,8,285"
15932,"3,21,127"
15933,"3,34,263"
15934,"23,24,49"
15935,"199,169,323"
15936,"44,145,11"
15937,"3,5,385"
15938,"10,402,145"
15939,"3,187,21"
15940,"169,8,0"
15941,"23,74,118"
15942,"131,40,406"
15943,"54,402,10"
15944,"23,26,169"
15945,"23,24,59"
15946,"3,147,148"
15947,"23,24,43"
15948,"23,74,31"
15949,"3,34,263"
15950,"0,271,355"
15951,"10,220,221"
15952,"40,41,42"
15953,"220,10,242"
15954,"402,40,145"
15955,"44,54,10"
15956,"3,30,66"
15957,"0,271,362"
15958,"152,151,40"
15959,"4,3,19"
15960,"40,131,3"
15961,"135,40,3"
15962,"0,265,340"
15963,"3,17,320"
15964,"3,15,16"
15965,"40,131,406"
15966,"3,21,28"
15967,"64,10,93"
15968,"0,208,369"
15969,"0,216,370"
15970,"74,23,165"
15971,"3,30,66"
15972,"169,3,21"
15973,"145,40,402"
15974,"220,10,221"
15975,"10,60,93"
15976,"24,23,43"
15977,"10,220,221"
15978,"3,85,15"
15979,"3,34,17"
15980,"44,145,40"
15981,"220,10,242"
15982,"0,271,456"
15983,"10,12,11"
15984,"0,271,456"
15985,"3,30,66"
15986,"220,10,242"
15987,"23,74,303"
15988,"0,208,100"
15989,"23,454,31"
15990,"3,21,126"
15991,"220,10,242"
15992,"10,23,199"
15993,"23,26,89"
15994,"44,40,145"
15995,"169,170,459"
15996,"11,10,109"
15997,"23,89,26"
15998,"3,21,108"
15999,"169,199,281"
16000,"40,152,151"
16001,"40,128,23"
16002,"64,10,448"
16003,"3,4,385"
16004,"40,145,54"
16005,"3,147,169"
16006,"24,23,43"
16007,"40,151,152"
16008,"169,170,171"
16009,"3,147,148"
16010,"0,218,213"
16011,"23,74,322"
16012,"40,41,224"
16013,"3,86,85"
16014,"3,53,85"
16015,"165,74,23"
16016,"0,271,355"
16017,"24,23,25"
16018,"40,145,146"
16019,"40,139,153"
16020,"169,199,281"
16021,"3,111,119"
16022,"3,85,158"
16023,"60,10,3"
16024,"169,199,281"
16025,"145,44,45"
16026,"220,10,221"
16027,"0,3,40"
16028,"21,40,127"
16029,"3,21,30"
16030,"10,54,322"
16031,"21,3,127"
16032,"64,10,448"
16033,"3,14,21"
16034,"0,265,349"
16035,"220,10,242"
16036,"0,277,255"
16037,"23,38,137"
16038,"145,448,64"
16039,"127,21,41"
16040,"0,8,218"
16041,"0,313,346"
16042,"3,53,287"
16043,"206,8,0"
16044,"16,15,3"
16045,"296,169,526"
16046,"3,21,187"
16047,"10,54,220"
16048,"3,85,147"
16049,"40,131,241"
16050,"54,95,10"
16051,"23,74,75"
16052,"40,138,135"
16053,"131,226,40"
16054,"32,3,30"
16055,"3,53,523"
16056,"169,199,281"
16057,"23,26,89"
16058,"40,41,215"
16059,"0,8,206"
16060,"31,454,23"
16061,"0,8,355"
16062,"3,4,238"
16063,"10,64,93"
16064,"3,21,127"
16065,"0,3,208"
16066,"3,17,40"
16067,"0,271,456"
16068,"3,21,126"
16069,"40,128,129"
16070,"0,216,304"
16071,"3,13,53"
16072,"17,3,168"
16073,"169,170,508"
16074,"118,23,107"
16075,"23,74,317"
16076,"40,160,315"
16077,"40,160,315"
16078,"0,214,213"
16079,"199,169,323"
16080,"0,218,351"
16081,"3,4,435"
16082,"26,23,89"
16083,"3,21,108"
16084,"64,10,80"
16085,"3,21,127"
16086,"3,17,168"
16087,"199,169,248"
16088,"40,131,226"
16089,"23,40,309"
16090,"135,40,250"
16091,"10,64,93"
16092,"3,4,435"
16093,"10,220,54"
16094,"23,26,231"
16095,"3,30,66"
16096,"0,206,8"
16097,"169,199,323"
16098,"23,26,89"
16099,"3,4,238"
16100,"0,271,456"
16101,"23,38,63"
16102,"0,8,235"
16103,"64,10,80"
16104,"147,3,156"
16105,"3,21,0"
16106,"23,48,21"
16107,"0,208,403"
16108,"220,10,221"
16109,"3,147,156"
16110,"23,38,91"
16111,"3,30,21"
16112,"0,271,456"
16113,"10,54,95"
16114,"3,21,115"
16115,"8,0,206"
16116,"10,220,242"
16117,"64,10,448"
16118,"11,10,109"
16119,"23,74,118"
16120,"40,131,486"
16121,"3,147,13"
16122,"40,145,146"
16123,"13,3,14"
16124,"0,366,271"
16125,"3,187,21"
16126,"0,271,291"
16127,"169,199,259"
16128,"23,118,74"
16129,"169,199,171"
16130,"24,23,25"
16131,"23,24,43"
16132,"0,216,8"
16133,"3,4,5"
16134,"0,265,490"
16135,"3,169,199"
16136,"40,128,195"
16137,"220,10,221"
16138,"40,21,127"
16139,"11,10,109"
16140,"3,34,447"
16141,"23,10,24"
16142,"23,26,350"
16143,"31,23,77"
16144,"0,271,456"
16145,"40,131,406"
16146,"10,220,221"
16147,"23,3,40"
16148,"10,64,23"
16149,"220,10,221"
16150,"23,24,43"
16151,"3,21,164"
16152,"23,24,43"
16153,"169,170,260"
16154,"89,23,26"
16155,"3,4,238"
16156,"3,148,147"
16157,"17,3,168"
16158,"44,145,40"
16159,"3,21,395"
16160,"3,147,21"
16161,"220,10,221"
16162,"3,156,147"
16163,"23,24,25"
16164,"3,85,158"
16165,"0,206,8"
16166,"64,90,10"
16167,"17,3,320"
16168,"3,4,238"
16169,"64,10,448"
16170,"145,44,40"
16171,"23,26,350"
16172,"3,156,147"
16173,"0,424,271"
16174,"3,148,111"
16175,"199,169,281"
16176,"0,272,271"
16177,"3,34,46"
16178,"0,288,455"
16179,"0,8,285"
16180,"169,296,371"
16181,"187,21,3"
16182,"3,147,148"
16183,"169,199,0"
16184,"23,24,43"
16185,"64,90,65"
16186,"3,4,5"
16187,"199,23,281"
16188,"10,23,54"
16189,"3,66,30"
16190,"23,118,74"
16191,"10,64,90"
16192,"11,10,109"
16193,"10,24,95"
16194,"0,40,249"
16195,"3,111,30"
16196,"40,195,128"
16197,"0,28,190"
16198,"3,21,127"
16199,"24,23,43"
16200,"23,24,31"
16201,"10,64,80"
16202,"169,260,170"
16203,"3,21,108"
16204,"3,21,48"
16205,"0,271,456"
16206,"128,129,23"
16207,"3,13,21"
16208,"11,10,12"
16209,"3,21,126"
16210,"16,15,3"
16211,"3,16,15"
16212,"3,4,53"
16213,"169,417,296"
16214,"169,259,199"
16215,"10,11,109"
16216,"23,118,74"
16217,"3,147,148"
16218,"40,145,402"
16219,"3,30,28"
16220,"0,235,257"
16221,"3,85,21"
16222,"54,10,40"
16223,"3,85,86"
16224,"145,40,524"
16225,"3,21,102"
16226,"40,131,184"
16227,"0,8,206"
16228,"3,147,148"
16229,"23,74,24"
16230,"3,115,21"
16231,"23,31,24"
16232,"16,3,15"
16233,"64,10,338"
16234,"10,11,90"
16235,"152,151,40"
16236,"23,24,60"
16237,"64,10,448"
16238,"3,17,168"
16239,"169,199,343"
16240,"10,60,169"
16241,"3,111,4"
16242,"169,10,64"
16243,"0,216,257"
16244,"169,199,323"
16245,"3,111,267"
16246,"44,145,40"
16247,"21,3,48"
16248,"169,199,170"
16249,"23,74,303"
16250,"220,10,221"
16251,"0,216,8"
16252,"40,152,151"
16253,"3,46,34"
16254,"3,147,148"
16255,"199,169,323"
16256,"3,85,111"
16257,"25,23,24"
16258,"199,171,131"
16259,"3,21,48"
16260,"0,216,271"
16261,"17,3,168"
16262,"0,218,10"
16263,"224,161,41"
16264,"171,169,199"
16265,"64,10,448"
16266,"0,265,349"
16267,"3,182,21"
16268,"0,218,465"
16269,"10,169,60"
16270,"31,23,258"
16271,"131,40,241"
16272,"23,24,25"
16273,"10,64,93"
16274,"3,4,19"
16275,"169,281,199"
16276,"3,30,104"
16277,"4,3,183"
16278,"0,216,254"
16279,"40,160,315"
16280,"44,145,40"
16281,"3,85,86"
16282,"23,32,31"
16283,"0,216,380"
16284,"3,111,472"
16285,"23,145,10"
16286,"40,160,302"
16287,"40,128,186"
16288,"3,21,15"
16289,"23,24,43"
16290,"10,64,93"
16291,"169,199,323"
16292,"10,239,60"
16293,"40,131,139"
16294,"169,64,10"
16295,"23,26,89"
16296,"220,10,242"
16297,"40,145,402"
16298,"131,406,40"
16299,"131,40,406"
16300,"40,139,153"
16301,"40,135,244"
16302,"10,64,93"
16303,"10,220,221"
16304,"0,208,8"
16305,"40,151,152"
16306,"0,208,369"
16307,"3,187,21"
16308,"23,10,109"
16309,"3,127,21"
16310,"3,30,66"
16311,"44,145,40"
16312,"3,21,53"
16313,"23,145,24"
16314,"3,85,86"
16315,"64,10,80"
16316,"3,17,168"
16317,"11,10,109"
16318,"10,11,44"
16319,"64,10,80"
16320,"40,145,44"
16321,"128,129,40"
16322,"23,24,43"
16323,"0,271,280"
16324,"3,21,187"
16325,"3,15,16"
16326,"0,521,208"
16327,"23,26,0"
16328,"3,21,48"
16329,"3,4,238"
16330,"23,26,350"
16331,"40,138,135"
16332,"40,41,151"
16333,"23,24,59"
16334,"169,170,260"
16335,"23,8,308"
16336,"3,85,17"
16337,"0,216,304"
16338,"0,8,308"
16339,"3,30,66"
16340,"3,85,158"
16341,"10,40,402"
16342,"0,216,304"
16343,"8,0,308"
16344,"40,160,152"
16345,"40,41,224"
16346,"40,395,128"
16347,"54,402,40"
16348,"40,131,134"
16349,"64,10,80"
16350,"0,216,211"
16351,"23,74,165"
16352,"23,258,109"
16353,"128,195,0"
16354,"64,10,93"
16355,"31,77,23"
16356,"220,10,242"
16357,"0,271,355"
16358,"40,131,406"
16359,"199,169,281"
16360,"4,3,435"
16361,"64,10,338"
16362,"40,131,41"
16363,"3,111,238"
16364,"220,10,242"
16365,"220,10,221"
16366,"21,3,124"
16367,"0,249,279"
16368,"3,17,51"
16369,"23,24,49"
16370,"40,160,302"
16371,"3,66,30"
16372,"169,199,356"
16373,"0,213,214"
16374,"169,170,459"
16375,"169,199,171"
16376,"23,74,25"
16377,"147,3,148"
16378,"23,74,38"
16379,"0,271,214"
16380,"40,41,224"
16381,"23,26,89"
16382,"3,30,66"
16383,"3,21,301"
16384,"0,218,255"
16385,"64,10,442"
16386,"23,38,63"
16387,"23,38,24"
16388,"169,199,111"
16389,"169,311,426"
16390,"10,54,145"
16391,"64,10,448"
16392,"64,40,145"
16393,"40,160,151"
16394,"3,111,85"
16395,"40,145,146"
16396,"4,3,19"
16397,"145,40,44"
16398,"24,23,49"
16399,"0,271,456"
16400,"53,3,287"
16401,"64,10,93"
16402,"40,145,44"
16403,"259,169,426"
16404,"3,21,127"
16405,"40,41,139"
16406,"23,74,84"
16407,"10,64,80"
16408,"0,206,8"
16409,"23,26,350"
16410,"0,8,206"
16411,"21,3,124"
16412,"220,221,10"
16413,"23,26,89"
16414,"23,24,145"
16415,"0,249,279"
16416,"169,199,251"
16417,"3,21,126"
16418,"3,16,15"
16419,"8,0,206"
16420,"10,11,23"
16421,"40,131,159"
16422,"17,3,168"
16423,"32,31,23"
16424,"3,21,126"
16425,"220,10,221"
16426,"0,214,213"
16427,"3,4,238"
16428,"3,379,21"
16429,"23,38,89"
16430,"3,30,147"
16431,"145,40,44"
16432,"40,138,135"
16433,"40,145,54"
16434,"40,151,152"
16435,"3,147,5"
16436,"0,216,211"
16437,"54,10,145"
16438,"3,85,86"
16439,"10,220,242"
16440,"23,118,74"
16441,"24,23,49"
16442,"23,26,231"
16443,"10,220,242"
16444,"3,21,85"
16445,"169,199,323"
16446,"3,4,19"
16447,"23,145,44"
16448,"11,10,109"
16449,"23,74,84"
16450,"11,12,205"
16451,"17,3,168"
16452,"3,4,19"
16453,"40,160,151"
16454,"74,23,303"
16455,"3,111,119"
16456,"3,111,28"
16457,"40,128,129"
16458,"23,24,43"
16459,"3,53,30"
16460,"12,10,11"
16461,"3,156,147"
16462,"21,187,3"
16463,"44,40,145"
16464,"10,64,80"
16465,"296,169,507"
16466,"40,128,129"
16467,"40,131,368"
16468,"10,24,220"
16469,"40,145,146"
16470,"23,71,0"
16471,"26,23,89"
16472,"3,28,500"
16473,"23,26,24"
16474,"4,3,19"
16475,"151,152,40"
16476,"0,216,277"
16477,"38,23,71"
16478,"145,40,402"
16479,"169,199,343"
16480,"4,3,375"
16481,"23,24,43"
16482,"40,155,23"
16483,"40,41,42"
16484,"3,21,187"
16485,"199,169,281"
16486,"3,68,182"
16487,"169,296,428"
16488,"23,317,31"
16489,"296,131,169"
16490,"0,8,206"
16491,"10,64,93"
16492,"3,28,190"
16493,"169,251,260"
16494,"169,199,281"
16495,"199,169,281"
16496,"3,21,127"
16497,"3,21,379"
16498,"3,21,127"
16499,"40,128,195"
16500,"0,291,271"
16501,"23,24,43"
16502,"111,3,112"
16503,"10,54,322"
16504,"23,24,145"
16505,"3,178,30"
16506,"11,10,205"
16507,"53,3,287"
16508,"3,111,4"
16509,"3,48,21"
16510,"0,271,355"
16511,"23,24,43"
16512,"220,10,221"
16513,"169,199,281"
16514,"3,34,263"
16515,"10,60,239"
16516,"145,402,40"
16517,"3,21,164"
16518,"11,10,12"
16519,"40,131,406"
16520,"185,184,40"
16521,"40,139,21"
16522,"17,168,3"
16523,"3,53,325"
16524,"169,199,171"
16525,"11,10,205"
16526,"169,199,281"
16527,"0,1,216"
16528,"0,216,319"
16529,"23,24,43"
16530,"11,10,205"
16531,"0,279,249"
16532,"3,15,16"
16533,"145,44,45"
16534,"220,10,242"
16535,"0,271,456"
16536,"3,17,168"
16537,"139,40,286"
16538,"4,3,183"
16539,"3,23,74"
16540,"40,131,406"
16541,"11,10,205"
16542,"3,34,187"
16543,"0,313,346"
16544,"3,15,16"
16545,"23,0,8"
16546,"10,11,205"
16547,"169,199,171"
16548,"31,131,169"
16549,"0,357,381"
16550,"40,128,129"
16551,"3,53,287"
16552,"40,23,131"
16553,"169,170,171"
16554,"3,21,187"
16555,"131,40,241"
16556,"0,271,456"
16557,"10,11,205"
16558,"23,49,24"
16559,"115,3,21"
16560,"131,40,406"
16561,"23,24,49"
16562,"169,199,171"
16563,"0,265,418"
16564,"3,21,187"
16565,"40,135,138"
16566,"17,3,168"
16567,"199,169,426"
16568,"23,32,31"
16569,"0,218,255"
16570,"220,10,221"
16571,"220,10,242"
16572,"3,147,156"
16573,"296,23,169"
16574,"0,2,1"
16575,"220,10,242"
16576,"44,40,145"
16577,"169,170,459"
16578,"24,23,59"
16579,"169,199,171"
16580,"220,10,221"
16581,"23,26,350"
16582,"0,208,209"
16583,"40,145,193"
16584,"3,0,28"
16585,"74,23,165"
16586,"23,24,49"
16587,"10,54,322"
16588,"44,45,145"
16589,"0,271,456"
16590,"0,216,277"
16591,"220,10,242"
16592,"111,3,112"
16593,"23,105,318"
16594,"169,199,260"
16595,"3,187,21"
16596,"0,265,349"
16597,"23,24,49"
16598,"3,21,108"
16599,"24,23,44"
16600,"40,395,128"
16601,"71,38,23"
16602,"40,145,44"
16603,"131,406,40"
16604,"3,147,85"
16605,"185,184,40"
16606,"131,40,406"
16607,"23,24,43"
16608,"23,38,24"
16609,"10,64,93"
16610,"169,199,343"
16611,"0,265,349"
16612,"126,3,42"
16613,"23,31,258"
16614,"3,4,238"
16615,"40,162,163"
16616,"23,74,317"
16617,"64,93,10"
16618,"8,0,308"
16619,"0,255,462"
16620,"40,41,149"
16621,"10,64,93"
16622,"107,38,40"
16623,"23,24,49"
16624,"169,199,323"
16625,"23,26,89"
16626,"296,169,460"
16627,"3,21,108"
16628,"220,10,242"
16629,"3,10,14"
16630,"40,145,146"
16631,"23,24,43"
16632,"23,89,26"
16633,"0,271,456"
16634,"68,31,182"
16635,"127,21,3"
16636,"23,38,74"
16637,"26,23,350"
16638,"40,152,151"
16639,"0,208,403"
16640,"40,152,151"
16641,"3,111,267"
16642,"40,152,151"
16643,"3,147,148"
16644,"220,10,242"
16645,"199,169,374"
16646,"0,265,266"
16647,"23,38,309"
16648,"23,26,89"
16649,"40,131,406"
16650,"139,40,153"
16651,"40,41,128"
16652,"0,213,214"
16653,"23,31,454"
16654,"0,249,279"
16655,"23,74,118"
16656,"3,53,523"
16657,"3,48,21"
16658,"0,206,271"
16659,"3,4,238"
16660,"40,215,41"
16661,"0,271,265"
16662,"40,131,142"
16663,"0,271,366"
16664,"169,199,171"
16665,"23,137,38"
16666,"40,184,185"
16667,"40,128,129"
16668,"74,23,303"
16669,"3,21,115"
16670,"0,8,206"
16671,"40,131,142"
16672,"26,23,231"
16673,"11,109,10"
16674,"23,38,91"
16675,"64,10,338"
16676,"0,216,380"
16677,"3,21,48"
16678,"23,26,64"
16679,"0,313,218"
16680,"64,10,93"
16681,"23,135,250"
16682,"3,17,168"
16683,"0,271,211"
16684,"0,216,257"
16685,"40,139,153"
16686,"0,216,212"
16687,"3,4,174"
16688,"23,118,74"
16689,"105,23,318"
16690,"129,40,128"
16691,"64,10,448"
16692,"23,105,106"
16693,"3,21,108"
16694,"40,145,402"
16695,"44,145,40"
16696,"23,265,205"
16697,"23,31,96"
16698,"3,85,86"
16699,"24,23,64"
16700,"23,26,231"
16701,"23,38,137"
16702,"3,34,21"
16703,"100,3,40"
16704,"220,10,242"
16705,"40,131,128"
16706,"199,169,343"
16707,"3,111,161"
16708,"40,128,129"
16709,"199,169,40"
16710,"3,17,168"
16711,"128,40,23"
16712,"3,21,85"
16713,"170,169,459"
16714,"23,49,24"
16715,"10,64,93"
16716,"145,40,44"
16717,"4,3,435"
16718,"23,26,89"
16719,"10,64,93"
16720,"10,64,93"
16721,"426,0,169"
16722,"169,296,336"
16723,"40,41,149"
16724,"0,235,255"
16725,"169,170,171"
16726,"105,23,106"
16727,"169,339,337"
16728,"169,296,0"
16729,"313,346,0"
16730,"10,11,12"
16731,"169,199,281"
16732,"3,15,16"
16733,"23,24,44"
16734,"0,40,249"
16735,"3,4,28"
16736,"40,41,224"
16737,"3,112,111"
16738,"169,199,311"
16739,"169,296,199"
16740,"40,145,54"
16741,"23,38,26"
16742,"0,8,206"
16743,"40,184,3"
16744,"3,4,238"
16745,"3,21,267"
16746,"11,10,109"
16747,"23,26,231"
16748,"0,8,235"
16749,"54,10,95"
16750,"169,170,199"
16751,"40,139,153"
16752,"169,260,199"
16753,"26,23,350"
16754,"23,26,89"
16755,"3,4,435"
16756,"3,111,112"
16757,"169,199,281"
16758,"54,44,10"
16759,"3,158,301"
16760,"4,3,19"
16761,"23,31,96"
16762,"23,26,350"
16763,"169,311,199"
16764,"3,4,183"
16765,"40,128,129"
16766,"3,4,238"
16767,"169,199,323"
16768,"3,53,287"
16769,"11,10,205"
16770,"23,74,118"
16771,"171,169,199"
16772,"3,34,263"
16773,"169,199,260"
16774,"40,160,315"
16775,"0,271,272"
16776,"10,64,93"
16777,"23,74,24"
16778,"23,38,89"
16779,"23,303,74"
16780,"3,53,523"
16781,"23,118,74"
16782,"23,24,59"
16783,"3,147,148"
16784,"74,23,303"
16785,"40,41,21"
16786,"169,199,296"
16787,"3,53,523"
16788,"3,147,148"
16789,"169,296,170"
16790,"40,135,236"
16791,"3,204,13"
16792,"40,131,193"
16793,"220,10,221"
16794,"17,168,3"
16795,"3,21,108"
16796,"40,131,159"
16797,"169,199,281"
16798,"23,26,89"
16799,"64,10,80"
16800,"0,8,308"
16801,"10,220,221"
16802,"3,147,148"
16803,"3,85,111"
16804,"3,34,4"
16805,"3,21,158"
16806,"40,41,42"
16807,"3,111,126"
16808,"3,13,14"
16809,"10,64,93"
16810,"131,40,406"
16811,"169,199,259"
16812,"23,24,43"
16813,"23,38,309"
16814,"23,24,59"
16815,"40,131,406"
16816,"0,271,213"
16817,"169,199,3"
16818,"40,128,129"
16819,"11,10,205"
16820,"169,199,170"
16821,"40,241,131"
16822,"3,53,325"
16823,"3,13,204"
16824,"3,21,187"
16825,"40,152,151"
16826,"40,163,162"
16827,"3,85,293"
16828,"3,21,30"
16829,"23,31,454"
16830,"169,199,281"
16831,"0,23,308"
16832,"23,105,106"
16833,"23,38,91"
16834,"8,0,308"
16835,"3,111,123"
16836,"131,199,171"
16837,"135,40,138"
16838,"3,21,187"
16839,"199,169,281"
16840,"23,28,3"
16841,"23,74,303"
16842,"23,24,43"
16843,"199,169,281"
16844,"3,21,127"
16845,"3,15,16"
16846,"169,199,323"
16847,"131,241,406"
16848,"40,131,226"
16849,"0,8,206"
16850,"0,271,456"
16851,"271,26,0"
16852,"0,271,213"
16853,"220,10,242"
16854,"11,10,12"
16855,"3,147,148"
16856,"3,23,100"
16857,"10,64,93"
16858,"10,24,43"
16859,"3,17,168"
16860,"40,131,406"
16861,"131,40,226"
16862,"40,145,44"
16863,"23,24,62"
16864,"0,216,313"
16865,"26,23,350"
16866,"11,10,109"
16867,"3,4,435"
16868,"0,208,369"
16869,"64,10,448"
16870,"3,147,16"
16871,"3,111,112"
16872,"10,64,93"
16873,"17,3,320"
16874,"11,10,12"
16875,"25,23,24"
16876,"3,53,287"
16877,"23,345,24"
16878,"0,208,421"
16879,"3,34,46"
16880,"23,10,24"
16881,"11,10,109"
16882,"3,28,190"
16883,"4,3,19"
16884,"10,3,11"
16885,"0,216,304"
16886,"3,21,379"
16887,"16,15,3"
16888,"16,15,3"
16889,"0,444,291"
16890,"3,21,148"
16891,"23,31,105"
16892,"169,296,336"
16893,"0,218,446"
16894,"40,41,286"
16895,"0,271,456"
16896,"147,3,148"
16897,"23,169,31"
16898,"220,10,221"
16899,"131,40,406"
16900,"3,182,68"
16901,"145,40,44"
16902,"135,40,3"
16903,"0,216,208"
16904,"0,288,21"
16905,"4,3,435"
16906,"3,21,108"
16907,"220,10,221"
16908,"3,147,148"
16909,"24,23,10"
16910,"21,127,3"
16911,"64,10,93"
16912,"23,44,145"
16913,"0,265,271"
16914,"4,3,19"
16915,"0,214,218"
16916,"169,296,337"
16917,"23,24,59"
16918,"3,53,287"
16919,"23,74,303"
16920,"54,10,402"
16921,"23,74,118"
16922,"3,34,263"
16923,"169,199,259"
16924,"11,10,109"
16925,"0,355,271"
16926,"0,271,291"
16927,"0,271,291"
16928,"64,10,448"
16929,"131,171,199"
16930,"23,38,25"
16931,"23,25,10"
16932,"0,257,216"
16933,"184,40,185"
16934,"3,21,68"
16935,"105,23,318"
16936,"169,296,8"
16937,"23,24,43"
16938,"3,204,13"
16939,"0,255,208"
16940,"169,260,170"
16941,"44,145,40"
16942,"220,10,242"
16943,"23,26,89"
16944,"23,24,43"
16945,"220,10,242"
16946,"40,129,128"
16947,"3,17,320"
16948,"3,52,51"
16949,"0,313,346"
16950,"169,199,356"
16951,"31,23,258"
16952,"23,74,118"
16953,"0,313,216"
16954,"23,24,43"
16955,"0,265,218"
16956,"0,271,456"
16957,"17,168,3"
16958,"169,199,171"
16959,"220,10,242"
16960,"3,28,29"
16961,"3,53,430"
16962,"220,10,221"
16963,"3,30,66"
16964,"23,26,89"
16965,"23,24,43"
16966,"23,38,137"
16967,"31,328,23"
16968,"199,169,343"
16969,"3,53,287"
16970,"11,205,10"
16971,"41,286,40"
16972,"10,60,61"
16973,"40,111,3"
16974,"23,24,49"
16975,"8,0,308"
16976,"3,21,30"
16977,"220,10,242"
16978,"40,131,134"
16979,"23,49,24"
16980,"3,13,204"
16981,"40,145,44"
16982,"10,64,80"
16983,"23,24,26"
16984,"23,74,303"
16985,"199,169,281"
16986,"64,10,448"
16987,"3,4,238"
16988,"40,41,127"
16989,"40,129,128"
16990,"0,218,255"
16991,"3,21,53"
16992,"3,53,68"
16993,"131,40,406"
16994,"24,23,43"
16995,"10,60,239"
16996,"3,13,14"
16997,"3,16,15"
16998,"220,10,242"
16999,"31,328,77"
17000,"0,214,213"
17001,"3,0,265"
17002,"199,169,343"
17003,"3,13,30"
17004,"40,41,215"
17005,"169,199,356"
17006,"23,74,303"
17007,"3,30,66"
17008,"3,296,57"
17009,"220,10,221"
17010,"23,31,96"
17011,"169,170,296"
17012,"3,21,30"
17013,"10,54,64"
17014,"3,53,287"
17015,"169,199,23"
17016,"3,53,15"
17017,"10,64,93"
17018,"23,24,43"
17019,"105,326,23"
17020,"3,147,156"
17021,"44,145,40"
17022,"3,53,21"
17023,"23,26,89"
17024,"0,8,216"
17025,"23,10,74"
17026,"3,30,66"
17027,"23,24,43"
17028,"40,128,408"
17029,"3,21,187"
17030,"169,199,356"
17031,"40,128,129"
17032,"23,24,43"
17033,"131,40,406"
17034,"23,26,89"
17035,"23,24,44"
17036,"40,184,185"
17037,"3,293,164"
17038,"3,4,183"
17039,"10,220,64"
17040,"11,10,109"
17041,"3,4,183"
17042,"16,15,3"
17043,"3,53,21"
17044,"0,279,249"
17045,"3,111,523"
17046,"169,259,426"
17047,"64,10,93"
17048,"0,271,456"
17049,"3,21,53"
17050,"23,31,32"
17051,"0,218,255"
17052,"23,26,8"
17053,"10,64,80"
17054,"169,3,21"
17055,"145,54,137"
17056,"64,10,448"
17057,"3,21,127"
17058,"199,169,281"
17059,"0,271,456"
17060,"3,168,17"
17061,"64,10,93"
17062,"0,2,271"
17063,"3,4,435"
17064,"0,271,313"
17065,"3,187,21"
17066,"3,21,127"
17067,"131,40,406"
17068,"3,21,108"
17069,"3,34,263"
17070,"0,271,366"
17071,"23,24,145"
17072,"10,60,61"
17073,"10,145,40"
17074,"23,118,107"
17075,"3,111,112"
17076,"64,10,93"
17077,"11,10,205"
17078,"23,118,74"
17079,"4,3,238"
17080,"199,169,343"
17081,"10,64,65"
17082,"10,40,145"
17083,"23,74,118"
17084,"40,131,241"
17085,"3,111,472"
17086,"64,10,448"
17087,"23,32,74"
17088,"40,126,41"
17089,"111,3,123"
17090,"40,145,146"
17091,"3,13,204"
17092,"3,85,21"
17093,"23,105,326"
17094,"296,169,336"
17095,"4,3,7"
17096,"40,128,129"
17097,"3,21,108"
17098,"220,10,242"
17099,"3,169,199"
17100,"3,21,127"
17101,"169,199,171"
17102,"0,271,355"
17103,"0,216,304"
17104,"3,379,85"
17105,"169,199,260"
17106,"145,40,10"
17107,"0,271,456"
17108,"23,25,24"
17109,"40,131,226"
17110,"3,4,238"
17111,"23,74,118"
17112,"3,21,182"
17113,"3,85,21"
17114,"4,3,19"
17115,"131,40,241"
17116,"23,24,26"
17117,"21,3,187"
17118,"0,265,349"
17119,"0,280,271"
17120,"23,26,89"
17121,"44,40,145"
17122,"40,160,302"
17123,"40,160,315"
17124,"10,220,221"
17125,"16,15,3"
17126,"169,199,281"
17127,"169,171,199"
17128,"23,74,118"
17129,"0,216,271"
17130,"23,345,24"
17131,"3,188,4"
17132,"23,38,39"
17133,"23,24,43"
17134,"23,24,43"
17135,"0,218,457"
17136,"0,265,266"
17137,"11,10,109"
17138,"0,271,355"
17139,"3,21,108"
17140,"3,34,104"
17141,"4,3,238"
17142,"23,26,89"
17143,"3,34,116"
17144,"40,131,132"
17145,"40,139,153"
17146,"3,21,187"
17147,"0,211,212"
17148,"3,4,375"
17149,"40,145,129"
17150,"220,10,242"
17151,"64,23,24"
17152,"3,21,379"
17153,"0,271,285"
17154,"3,13,204"
17155,"11,10,109"
17156,"24,43,23"
17157,"169,260,170"
17158,"0,218,216"
17159,"40,160,302"
17160,"40,145,402"
17161,"3,34,46"
17162,"0,8,285"
17163,"10,64,93"
17164,"11,23,145"
17165,"23,26,89"
17166,"3,4,111"
17167,"23,24,43"
17168,"3,17,168"
17169,"24,23,43"
17170,"3,4,19"
17171,"229,0,421"
17172,"23,49,24"
17173,"23,44,145"
17174,"23,326,10"
17175,"128,40,129"
17176,"64,10,80"
17177,"3,21,127"
17178,"199,169,323"
17179,"40,160,41"
17180,"40,152,151"
17181,"220,10,242"
17182,"44,145,40"
17183,"169,199,281"
17184,"64,10,93"
17185,"169,199,281"
17186,"3,168,17"
17187,"0,271,8"
17188,"40,135,244"
17189,"169,339,337"
17190,"10,11,205"
17191,"40,135,138"
17192,"0,216,8"
17193,"23,74,84"
17194,"220,10,242"
17195,"169,199,356"
17196,"23,74,118"
17197,"10,11,109"
17198,"3,21,187"
17199,"0,208,369"
17200,"145,40,44"
17201,"3,147,148"
17202,"199,169,3"
17203,"220,10,221"
17204,"0,8,308"
17205,"10,11,12"
17206,"0,271,424"
17207,"169,170,459"
17208,"3,147,148"
17209,"40,135,41"
17210,"3,13,401"
17211,"23,26,350"
17212,"199,169,248"
17213,"220,10,242"
17214,"54,40,44"
17215,"23,74,118"
17216,"131,406,40"
17217,"0,8,206"
17218,"3,21,108"
17219,"3,4,238"
17220,"23,454,31"
17221,"21,3,126"
17222,"11,10,109"
17223,"3,53,169"
17224,"3,17,168"
17225,"3,21,108"
17226,"25,23,145"
17227,"10,64,80"
17228,"23,31,437"
17229,"3,21,127"
17230,"24,43,23"
17231,"23,105,106"
17232,"23,199,169"
17233,"3,111,13"
17234,"40,160,334"
17235,"3,147,148"
17236,"3,21,108"
17237,"0,169,311"
17238,"23,118,74"
17239,"64,448,10"
17240,"3,5,228"
17241,"3,21,126"
17242,"169,426,199"
17243,"4,3,238"
17244,"24,23,43"
17245,"220,10,242"
17246,"10,60,239"
17247,"145,40,54"
17248,"3,21,187"
17249,"21,3,301"
17250,"54,10,173"
17251,"64,10,3"
17252,"40,41,224"
17253,"23,38,24"
17254,"23,26,350"
17255,"74,303,23"
17256,"139,40,153"
17257,"23,74,38"
17258,"23,169,26"
17259,"3,53,325"
17260,"170,169,260"
17261,"40,139,100"
17262,"10,54,55"
17263,"3,21,127"
17264,"23,105,10"
17265,"26,23,350"
17266,"10,93,60"
17267,"171,199,169"
17268,"0,216,257"
17269,"40,41,324"
17270,"4,19,3"
17271,"10,24,43"
17272,"169,199,281"
17273,"3,21,48"
17274,"40,23,105"
17275,"26,231,23"
17276,"23,89,26"
17277,"0,8,391"
17278,"169,417,296"
17279,"169,296,428"
17280,"3,147,148"
17281,"23,74,75"
17282,"23,26,231"
17283,"3,147,148"
17284,"0,271,353"
17285,"0,8,23"
17286,"0,8,206"
17287,"44,145,40"
17288,"3,30,66"
17289,"40,41,324"
17290,"199,169,343"
17291,"3,21,108"
17292,"3,21,53"
17293,"220,10,242"
17294,"3,147,148"
17295,"3,111,161"
17296,"220,10,242"
17297,"169,170,260"
17298,"0,265,490"
17299,"11,10,205"
17300,"74,23,303"
17301,"23,38,303"
17302,"169,199,3"
17303,"169,337,339"
17304,"169,337,339"
17305,"64,10,65"
17306,"34,3,46"
17307,"23,48,38"
17308,"40,160,149"
17309,"199,169,281"
17310,"17,3,168"
17311,"3,66,30"
17312,"220,10,242"
17313,"3,15,16"
17314,"4,238,19"
17315,"41,40,74"
17316,"64,10,93"
17317,"23,105,326"
17318,"220,10,221"
17319,"3,4,19"
17320,"3,147,148"
17321,"0,265,349"
17322,"3,34,447"
17323,"10,60,54"
17324,"3,169,34"
17325,"54,10,95"
17326,"3,21,127"
17327,"3,5,228"
17328,"40,160,302"
17329,"0,216,522"
17330,"23,31,328"
17331,"23,74,118"
17332,"17,168,3"
17333,"23,24,25"
17334,"23,38,89"
17335,"220,10,242"
17336,"3,204,14"
17337,"10,64,90"
17338,"0,271,272"
17339,"64,10,448"
17340,"151,152,40"
17341,"23,74,165"
17342,"145,40,44"
17343,"23,31,454"
17344,"169,199,260"
17345,"23,10,60"
17346,"40,131,226"
17347,"26,89,0"
17348,"40,402,145"
17349,"145,44,40"
17350,"23,105,64"
17351,"3,147,203"
17352,"40,135,141"
17353,"23,74,303"
17354,"0,206,8"
17355,"0,271,456"
17356,"10,64,93"
17357,"10,64,93"
17358,"23,74,317"
17359,"23,24,25"
17360,"23,60,74"
17361,"23,24,49"
17362,"24,23,10"
17363,"0,257,216"
17364,"21,3,281"
17365,"3,30,66"
17366,"23,26,231"
17367,"40,184,243"
17368,"43,24,23"
17369,"40,128,129"
17370,"40,138,135"
17371,"10,220,242"
17372,"64,10,448"
17373,"23,26,350"
17374,"105,23,106"
17375,"220,10,242"
17376,"0,271,522"
17377,"40,152,151"
17378,"0,216,304"
17379,"131,40,406"
17380,"0,208,216"
17381,"0,3,4"
17382,"169,199,323"
17383,"23,74,303"
17384,"24,23,49"
17385,"3,40,14"
17386,"0,169,271"
17387,"220,10,221"
17388,"40,186,41"
17389,"3,15,16"
17390,"10,234,60"
17391,"40,160,23"
17392,"40,146,145"
17393,"220,10,242"
17394,"220,10,242"
17395,"199,169,323"
17396,"3,111,119"
17397,"3,53,467"
17398,"11,10,109"
17399,"40,131,142"
17400,"3,21,127"
17401,"40,41,224"
17402,"23,24,43"
17403,"23,105,106"
17404,"10,64,24"
17405,"26,23,231"
17406,"40,21,187"
17407,"26,23,231"
17408,"3,147,148"
17409,"64,10,169"
17410,"49,23,24"
17411,"21,3,48"
17412,"220,10,242"
17413,"24,23,43"
17414,"23,74,118"
17415,"40,139,153"
17416,"0,249,279"
17417,"0,8,308"
17418,"31,23,328"
17419,"4,238,3"
17420,"40,160,302"
17421,"10,60,239"
17422,"40,368,131"
17423,"64,10,65"
17424,"3,21,115"
17425,"64,10,80"
17426,"145,40,402"
17427,"23,24,43"
17428,"138,135,40"
17429,"23,24,43"
17430,"54,10,95"
17431,"0,23,216"
17432,"169,170,199"
17433,"23,31,32"
17434,"21,3,127"
17435,"3,21,187"
17436,"3,21,108"
17437,"169,199,323"
17438,"54,145,10"
17439,"169,199,170"
17440,"44,145,40"
17441,"0,271,366"
17442,"40,395,128"
17443,"3,30,66"
17444,"0,235,208"
17445,"111,3,267"
17446,"0,255,235"
17447,"3,21,53"
17448,"23,26,89"
17449,"3,4,70"
17450,"0,271,456"
17451,"23,74,118"
17452,"40,145,54"
17453,"199,169,281"
17454,"3,21,164"
17455,"23,26,89"
17456,"147,3,148"
17457,"0,271,355"
17458,"10,60,61"
17459,"23,265,24"
17460,"220,10,221"
17461,"128,129,40"
17462,"40,184,185"
17463,"220,10,221"
17464,"3,21,301"
17465,"169,199,281"
17466,"23,26,89"
17467,"3,4,435"
17468,"3,111,112"
17469,"23,26,38"
17470,"40,131,128"
17471,"44,145,73"
17472,"131,40,406"
17473,"64,10,80"
17474,"11,10,109"
17475,"23,118,107"
17476,"23,38,105"
17477,"169,508,199"
17478,"23,74,118"
17479,"10,220,242"
17480,"220,10,221"
17481,"21,3,108"
17482,"145,44,23"
17483,"220,10,221"
17484,"64,10,448"
17485,"220,10,242"
17486,"40,135,295"
17487,"23,74,38"
17488,"3,15,16"
17489,"0,271,213"
17490,"23,74,317"
17491,"3,53,60"
17492,"40,152,151"
17493,"3,4,435"
17494,"40,3,21"
17495,"169,199,170"
17496,"10,64,93"
17497,"23,74,303"
17498,"3,21,379"
17499,"40,160,21"
17500,"3,4,188"
17501,"40,41,324"
17502,"0,218,446"
17503,"10,64,93"
17504,"3,21,40"
17505,"0,271,291"
17506,"0,235,8"
17507,"23,0,89"
17508,"10,23,24"
17509,"3,13,204"
17510,"11,10,205"
17511,"368,40,184"
17512,"296,169,460"
17513,"10,64,448"
17514,"3,5,85"
17515,"40,152,151"
17516,"31,23,96"
17517,"3,21,301"
17518,"0,271,355"
17519,"23,105,106"
17520,"40,138,135"
17521,"3,53,21"
17522,"53,3,287"
17523,"40,145,402"
17524,"0,265,208"
17525,"145,40,23"
17526,"220,10,221"
17527,"4,3,238"
17528,"0,271,444"
17529,"40,131,132"
17530,"0,89,23"
17531,"169,199,323"
17532,"23,26,350"
17533,"0,265,349"
17534,"169,337,339"
17535,"23,24,345"
17536,"199,169,343"
17537,"0,8,285"
17538,"169,199,356"
17539,"0,265,349"
17540,"53,287,3"
17541,"147,3,156"
17542,"23,74,84"
17543,"16,15,3"
17544,"34,3,263"
17545,"169,296,417"
17546,"169,199,170"
17547,"3,21,108"
17548,"40,41,324"
17549,"10,11,109"
17550,"21,3,127"
17551,"169,199,281"
17552,"0,216,304"
17553,"169,199,281"
17554,"40,131,132"
17555,"147,3,148"
17556,"10,60,93"
17557,"0,279,249"
17558,"23,24,49"
17559,"0,208,369"
17560,"0,26,89"
17561,"10,220,11"
17562,"31,23,96"
17563,"3,28,21"
17564,"0,8,206"
17565,"3,21,108"
17566,"64,10,79"
17567,"3,21,127"
17568,"0,249,279"
17569,"0,271,340"
17570,"3,21,127"
17571,"3,4,183"
17572,"3,30,21"
17573,"40,152,151"
17574,"3,147,21"
17575,"23,38,24"
17576,"21,3,108"
17577,"10,64,90"
17578,"23,49,10"
17579,"64,10,448"
17580,"40,128,129"
17581,"64,10,338"
17582,"26,23,350"
17583,"3,21,187"
17584,"169,426,274"
17585,"11,109,10"
17586,"3,4,238"
17587,"89,26,23"
17588,"24,23,49"
17589,"3,85,86"
17590,"64,10,93"
17591,"220,10,221"
17592,"169,199,281"
17593,"11,10,109"
17594,"199,169,281"
17595,"3,147,53"
17596,"3,21,126"
17597,"23,26,89"
17598,"40,129,128"
17599,"40,129,128"
17600,"3,5,385"
17601,"11,10,12"
17602,"3,28,190"
17603,"220,10,221"
17604,"220,10,242"
17605,"0,271,456"
17606,"23,40,74"
17607,"3,21,379"
17608,"0,218,255"
17609,"220,10,221"
17610,"15,16,3"
17611,"169,170,459"
17612,"3,4,238"
17613,"105,318,23"
17614,"3,339,337"
17615,"3,34,263"
17616,"32,31,23"
17617,"5,228,6"
17618,"23,74,38"
17619,"3,21,182"
17620,"3,30,66"
17621,"0,216,313"
17622,"23,74,303"
17623,"169,170,260"
17624,"169,170,199"
17625,"10,11,54"
17626,"0,8,249"
17627,"40,131,241"
17628,"220,10,221"
17629,"3,21,187"
17630,"23,74,165"
17631,"54,95,10"
17632,"220,10,221"
17633,"16,15,3"
17634,"8,206,0"
17635,"23,40,131"
17636,"21,187,3"
17637,"3,21,187"
17638,"24,23,43"
17639,"54,10,95"
17640,"23,24,25"
17641,"40,131,486"
17642,"10,64,80"
17643,"169,170,260"
17644,"3,34,447"
17645,"23,24,43"
17646,"11,10,109"
17647,"8,26,0"
17648,"131,406,40"
17649,"41,40,33"
17650,"3,111,472"
17651,"23,31,32"
17652,"3,21,164"
17653,"11,10,109"
17654,"287,53,3"
17655,"23,31,258"
17656,"170,169,21"
17657,"0,8,405"
17658,"131,40,406"
17659,"23,74,38"
17660,"0,271,355"
17661,"26,23,0"
17662,"23,24,43"
17663,"23,24,38"
17664,"3,21,187"
17665,"3,85,86"
17666,"3,21,126"
17667,"10,64,90"
17668,"11,10,109"
17669,"0,265,271"
17670,"3,21,379"
17671,"105,23,318"
17672,"169,170,337"
17673,"4,19,3"
17674,"220,10,221"
17675,"40,395,131"
17676,"220,10,221"
17677,"23,74,118"
17678,"23,38,231"
17679,"23,32,31"
17680,"220,10,242"
17681,"169,199,53"
17682,"3,4,16"
17683,"0,8,308"
17684,"23,249,279"
17685,"169,296,336"
17686,"3,15,16"
17687,"23,74,38"
17688,"64,10,93"
17689,"3,17,320"
17690,"3,34,263"
17691,"3,85,86"
17692,"23,38,26"
17693,"169,31,23"
17694,"0,349,265"
17695,"40,41,149"
17696,"10,323,93"
17697,"3,147,16"
17698,"23,26,89"
17699,"169,281,199"
17700,"145,40,44"
17701,"0,265,418"
17702,"169,199,323"
17703,"40,128,129"
17704,"169,199,248"
17705,"24,23,43"
17706,"3,53,52"
17707,"10,93,60"
17708,"0,8,235"
17709,"169,199,281"
17710,"41,40,286"
17711,"23,26,89"
17712,"40,184,185"
17713,"4,3,19"
17714,"23,74,303"
17715,"145,40,23"
17716,"17,168,3"
17717,"40,146,145"
17718,"199,169,343"
17719,"11,10,12"
17720,"54,40,145"
17721,"3,111,238"
17722,"3,147,148"
17723,"40,135,395"
17724,"169,3,53"
17725,"0,271,355"
17726,"17,139,3"
17727,"169,170,260"
17728,"54,10,55"
17729,"3,30,66"
17730,"10,23,24"
17731,"0,208,3"
17732,"23,24,309"
17733,"3,15,16"
17734,"3,4,183"
17735,"220,10,221"
17736,"21,3,187"
17737,"23,24,43"
17738,"220,10,221"
17739,"64,10,80"
17740,"169,323,79"
17741,"296,169,336"
17742,"3,30,66"
17743,"40,146,145"
17744,"4,3,238"
17745,"40,41,286"
17746,"40,128,195"
17747,"4,3,19"
17748,"64,10,448"
17749,"3,53,523"
17750,"23,71,38"
17751,"169,199,281"
17752,"220,10,242"
17753,"3,17,168"
17754,"296,169,336"
17755,"0,23,38"
17756,"64,10,93"
17757,"169,199,171"
17758,"10,23,24"
17759,"64,23,10"
17760,"3,168,17"
17761,"23,44,145"
17762,"23,26,89"
17763,"23,24,43"
17764,"23,0,26"
17765,"40,131,134"
17766,"0,271,456"
17767,"3,28,30"
17768,"23,38,91"
17769,"3,21,379"
17770,"3,23,38"
17771,"3,21,124"
17772,"40,128,41"
17773,"40,100,222"
17774,"15,16,3"
17775,"3,85,158"
17776,"0,271,456"
17777,"169,296,460"
17778,"0,216,212"
17779,"220,10,221"
17780,"0,216,313"
17781,"23,74,38"
17782,"0,271,522"
17783,"0,271,456"
17784,"220,10,221"
17785,"0,271,456"
17786,"3,111,190"
17787,"3,4,176"
17788,"10,64,80"
17789,"23,31,258"
17790,"23,31,454"
17791,"3,21,30"
17792,"40,41,186"
17793,"220,10,221"
17794,"3,187,21"
17795,"40,131,406"
17796,"220,10,242"
17797,"3,21,301"
17798,"40,131,406"
17799,"64,10,80"
17800,"139,40,140"
17801,"3,17,168"
17802,"3,13,204"
17803,"169,199,170"
17804,"54,145,40"
17805,"54,95,10"
17806,"145,402,40"
17807,"3,21,127"
17808,"3,4,287"
17809,"3,111,267"
17810,"127,3,21"
17811,"10,54,173"
17812,"40,135,41"
17813,"23,71,38"
17814,"0,271,456"
17815,"23,31,77"
17816,"10,64,338"
17817,"40,41,135"
17818,"3,187,21"
17819,"169,459,170"
17820,"3,21,102"
17821,"402,145,40"
17822,"3,147,148"
17823,"0,216,380"
17824,"40,38,155"
17825,"40,184,494"
17826,"169,199,323"
17827,"10,64,93"
17828,"0,216,255"
17829,"74,23,303"
17830,"160,40,302"
17831,"3,21,126"
17832,"3,51,52"
17833,"0,8,285"
17834,"10,64,93"
17835,"54,23,24"
17836,"23,24,43"
17837,"44,40,45"
17838,"10,64,93"
17839,"0,8,308"
17840,"10,64,338"
17841,"26,23,231"
17842,"0,271,522"
17843,"64,10,338"
17844,"11,109,10"
17845,"11,10,109"
17846,"0,8,206"
17847,"16,15,3"
17848,"10,60,234"
17849,"4,3,19"
17850,"224,41,40"
17851,"128,195,40"
17852,"3,4,19"
17853,"40,131,128"
17854,"23,89,26"
17855,"0,271,355"
17856,"220,10,242"
17857,"40,41,21"
17858,"8,0,206"
17859,"169,281,199"
17860,"23,40,44"
17861,"220,10,145"
17862,"3,53,287"
17863,"90,10,64"
17864,"3,17,56"
17865,"10,64,448"
17866,"10,234,60"
17867,"3,147,148"
17868,"10,60,234"
17869,"3,111,48"
17870,"40,41,224"
17871,"169,426,311"
17872,"199,169,343"
17873,"10,220,221"
17874,"17,3,168"
17875,"220,221,0"
17876,"23,74,118"
17877,"40,149,41"
17878,"64,10,338"
17879,"128,40,195"
17880,"40,41,149"
17881,"0,249,279"
17882,"10,60,23"
17883,"0,456,271"
17884,"0,23,26"
17885,"0,8,308"
17886,"3,21,108"
17887,"23,105,318"
17888,"40,129,128"
17889,"0,266,265"
17890,"21,3,124"
17891,"3,21,182"
17892,"23,24,40"
17893,"40,129,0"
17894,"169,199,170"
17895,"40,395,139"
17896,"10,220,23"
17897,"3,21,169"
17898,"3,66,30"
17899,"199,169,281"
17900,"23,74,84"
17901,"3,4,183"
17902,"23,74,303"
17903,"3,13,14"
17904,"169,199,281"
17905,"0,271,355"
17906,"11,10,12"
17907,"10,54,95"
17908,"40,21,3"
17909,"3,190,28"
17910,"3,325,53"
17911,"23,74,303"
17912,"10,54,95"
17913,"23,24,43"
17914,"147,3,148"
17915,"44,145,40"
17916,"23,24,10"
17917,"10,64,93"
17918,"169,170,459"
17919,"2,0,1"
17920,"0,424,271"
17921,"40,395,131"
17922,"3,4,375"
17923,"147,3,148"
17924,"26,23,89"
17925,"0,8,235"
17926,"23,26,89"
17927,"40,131,406"
17928,"169,199,260"
17929,"23,26,350"
17930,"0,285,8"
17931,"169,170,417"
17932,"0,213,214"
17933,"40,131,226"
17934,"36,35,3"
17935,"3,127,21"
17936,"3,34,263"
17937,"3,85,21"
17938,"169,199,281"
17939,"0,8,206"
17940,"40,145,44"
17941,"64,23,24"
17942,"0,2,342"
17943,"24,23,59"
17944,"23,26,89"
17945,"23,24,105"
17946,"3,147,167"
17947,"40,23,74"
17948,"23,38,309"
17949,"40,41,224"
17950,"3,111,119"
17951,"23,105,74"
17952,"10,23,31"
17953,"3,115,21"
17954,"0,206,8"
17955,"40,41,160"
17956,"169,296,306"
17957,"10,64,90"
17958,"40,169,356"
17959,"0,271,255"
17960,"3,21,108"
17961,"11,10,205"
17962,"3,4,238"
17963,"23,74,165"
17964,"220,10,221"
17965,"23,31,24"
17966,"44,45,145"
17967,"3,40,28"
17968,"3,13,14"
17969,"0,381,357"
17970,"23,118,38"
17971,"169,199,281"
17972,"3,85,5"
17973,"3,17,320"
17974,"23,74,118"
17975,"0,206,8"
17976,"3,34,104"
17977,"40,395,128"
17978,"10,60,64"
17979,"0,235,8"
17980,"169,199,281"
17981,"3,53,147"
17982,"40,128,152"
17983,"40,128,129"
17984,"40,402,145"
17985,"10,220,54"
17986,"3,388,85"
17987,"23,24,43"
17988,"199,169,356"
17989,"23,105,318"
17990,"3,34,263"
17991,"4,3,19"
17992,"3,13,17"
17993,"28,3,113"
17994,"40,247,23"
17995,"10,11,109"
17996,"40,131,406"
17997,"3,126,21"
17998,"105,23,54"
17999,"169,199,0"
18000,"10,60,234"
18001,"10,258,11"
18002,"23,26,89"
18003,"220,10,242"
18004,"220,10,221"
18005,"40,145,105"
18006,"23,25,24"
18007,"0,8,3"
18008,"0,265,349"
18009,"3,28,111"
18010,"41,40,286"
18011,"3,21,108"
18012,"23,31,32"
18013,"296,169,428"
18014,"169,199,281"
18015,"169,171,199"
18016,"11,10,12"
18017,"0,218,265"
18018,"128,40,195"
18019,"64,10,93"
18020,"23,74,303"
18021,"220,10,242"
18022,"23,106,105"
18023,"74,23,118"
18024,"23,24,44"
18025,"3,147,148"
18026,"0,255,462"
18027,"40,131,406"
18028,"23,38,63"
18029,"3,21,48"
18030,"0,8,235"
18031,"3,21,500"
18032,"11,10,109"
18033,"23,38,309"
18034,"220,10,221"
18035,"3,21,182"
18036,"169,199,459"
18037,"169,296,306"
18038,"169,199,170"
18039,"23,24,43"
18040,"11,10,109"
18041,"23,31,258"
18042,"128,195,40"
18043,"3,111,119"
18044,"40,160,302"
18045,"3,16,15"
18046,"40,135,145"
18047,"64,10,65"
18048,"3,5,228"
18049,"3,111,28"
18050,"23,74,303"
18051,"3,21,115"
18052,"40,145,146"
18053,"23,32,31"
18054,"17,168,3"
18055,"10,54,322"
18056,"3,21,13"
18057,"40,184,185"
18058,"169,199,323"
18059,"3,21,127"
18060,"131,40,406"
18061,"40,162,163"
18062,"368,40,184"
18063,"11,10,205"
18064,"3,4,174"
18065,"220,10,221"
18066,"3,53,292"
18067,"40,145,44"
18068,"40,3,41"
18069,"23,26,40"
18070,"23,74,118"
18071,"10,24,60"
18072,"3,147,148"
18073,"40,184,185"
18074,"111,3,119"
18075,"10,64,93"
18076,"11,10,109"
18077,"40,131,159"
18078,"296,169,411"
18079,"3,5,228"
18080,"3,53,523"
18081,"23,74,184"
18082,"10,11,14"
18083,"10,11,64"
18084,"0,463,462"
18085,"3,85,21"
18086,"3,53,30"
18087,"3,115,145"
18088,"3,5,147"
18089,"40,152,151"
18090,"64,10,93"
18091,"23,31,32"
18092,"170,169,260"
18093,"23,24,145"
18094,"3,4,183"
18095,"64,10,93"
18096,"169,23,31"
18097,"64,10,80"
18098,"64,10,338"
18099,"0,206,8"
18100,"64,26,10"
18101,"40,131,139"
18102,"3,4,238"
18103,"0,220,229"
18104,"23,24,137"
18105,"23,26,89"
18106,"40,160,315"
18107,"23,31,74"
18108,"131,40,406"
18109,"11,10,109"
18110,"40,41,74"
18111,"145,40,44"
18112,"3,21,108"
18113,"5,3,228"
18114,"3,85,86"
18115,"111,3,123"
18116,"3,112,111"
18117,"3,85,147"
18118,"3,34,263"
18119,"3,21,127"
18120,"3,21,30"
18121,"10,64,93"
18122,"24,23,43"
18123,"134,169,131"
18124,"3,21,127"
18125,"220,10,221"
18126,"4,3,435"
18127,"145,40,44"
18128,"0,216,271"
18129,"23,24,43"
18130,"0,235,8"
18131,"16,15,3"
18132,"220,10,242"
18133,"3,5,228"
18134,"0,255,271"
18135,"3,111,267"
18136,"0,216,254"
18137,"23,24,49"
18138,"3,13,14"
18139,"64,10,80"
18140,"105,23,3"
18141,"0,271,456"
18142,"10,64,448"
18143,"131,40,406"
18144,"3,4,19"
18145,"220,10,221"
18146,"23,24,59"
18147,"3,21,147"
18148,"40,151,152"
18149,"4,3,238"
18150,"169,199,170"
18151,"23,24,43"
18152,"40,145,44"
18153,"64,10,338"
18154,"44,145,45"
18155,"10,23,24"
18156,"40,160,151"
18157,"40,135,236"
18158,"23,74,303"
18159,"4,3,19"
18160,"3,21,108"
18161,"3,48,21"
18162,"17,3,168"
18163,"89,26,23"
18164,"64,10,448"
18165,"0,8,23"
18166,"3,40,21"
18167,"11,44,40"
18168,"145,40,44"
18169,"3,34,263"
18170,"23,106,105"
18171,"3,21,48"
18172,"64,10,442"
18173,"23,24,49"
18174,"3,21,108"
18175,"169,171,199"
18176,"3,30,66"
18177,"23,74,317"
18178,"0,271,355"
18179,"3,53,21"
18180,"220,10,221"
18181,"3,111,284"
18182,"3,53,523"
18183,"3,34,187"
18184,"10,64,23"
18185,"3,16,15"
18186,"3,5,228"
18187,"10,60,64"
18188,"40,145,402"
18189,"64,10,93"
18190,"23,74,317"
18191,"0,271,280"
18192,"3,13,14"
18193,"3,34,46"
18194,"131,40,406"
18195,"224,40,41"
18196,"23,74,118"
18197,"10,24,23"
18198,"40,129,128"
18199,"23,26,89"
18200,"23,38,249"
18201,"169,64,10"
18202,"44,145,40"
18203,"0,23,26"
18204,"40,54,145"
18205,"21,3,33"
18206,"23,26,350"
18207,"0,271,456"
18208,"40,145,44"
18209,"23,24,43"
18210,"3,111,112"
18211,"3,5,4"
18212,"23,118,74"
18213,"40,48,21"
18214,"40,131,406"
18215,"10,60,197"
18216,"16,15,3"
18217,"3,53,467"
18218,"3,21,147"
18219,"3,204,40"
18220,"40,128,129"
18221,"0,271,456"
18222,"3,320,17"
18223,"3,28,190"
18224,"26,23,89"
18225,"296,169,411"
18226,"199,169,281"
18227,"23,402,31"
18228,"64,10,448"
18229,"40,131,406"
18230,"23,105,24"
18231,"3,21,30"
18232,"8,0,206"
18233,"23,84,74"
18234,"5,3,6"
18235,"3,21,17"
18236,"16,15,3"
18237,"0,271,456"
18238,"0,366,271"
18239,"23,74,317"
18240,"21,3,127"
18241,"199,169,26"
18242,"23,24,25"
18243,"147,3,148"
18244,"3,21,48"
18245,"3,147,53"
18246,"23,38,309"
18247,"3,13,204"
18248,"169,271,170"
18249,"0,216,304"
18250,"0,216,212"
18251,"170,169,459"
18252,"220,10,242"
18253,"3,21,187"
18254,"64,10,448"
18255,"40,41,42"
18256,"3,34,21"
18257,"3,4,238"
18258,"10,220,221"
18259,"23,74,165"
18260,"23,38,137"
18261,"3,4,238"
18262,"169,171,199"
18263,"11,10,23"
18264,"10,54,402"
18265,"23,26,74"
18266,"0,271,456"
18267,"0,169,271"
18268,"11,10,205"
18269,"10,24,23"
18270,"3,34,21"
18271,"3,17,320"
18272,"53,287,3"
18273,"40,128,129"
18274,"3,17,379"
18275,"40,131,159"
18276,"199,171,169"
18277,"0,216,304"
18278,"0,2,1"
18279,"23,91,38"
18280,"131,40,406"
18281,"40,145,44"
18282,"40,41,127"
18283,"3,85,111"
18284,"3,111,238"
18285,"0,271,216"
18286,"3,147,148"
18287,"23,74,24"
18288,"3,21,127"
18289,"10,54,322"
18290,"24,23,40"
18291,"169,199,10"
18292,"23,24,43"
18293,"3,147,148"
18294,"3,147,148"
18295,"3,85,21"
18296,"3,292,53"
18297,"40,128,129"
18298,"0,271,291"
18299,"10,60,239"
18300,"131,406,40"
18301,"21,40,41"
18302,"23,89,26"
18303,"23,74,303"
18304,"3,126,21"
18305,"3,379,21"
18306,"0,271,490"
18307,"0,8,410"
18308,"0,254,26"
18309,"23,26,313"
18310,"169,339,337"
18311,"169,170,260"
18312,"220,10,221"
18313,"0,8,308"
18314,"0,216,304"
18315,"3,4,34"
18316,"206,8,23"
18317,"131,241,23"
18318,"64,10,90"
18319,"131,171,199"
18320,"3,34,263"
18321,"23,24,43"
18322,"23,24,43"
18323,"169,199,343"
18324,"64,10,80"
18325,"3,21,187"
18326,"271,0,355"
18327,"64,10,80"
18328,"131,406,199"
18329,"3,52,28"
18330,"44,40,145"
18331,"169,199,170"
18332,"3,28,30"
18333,"40,145,44"
18334,"3,147,148"
18335,"40,129,128"
18336,"10,220,25"
18337,"40,152,151"
18338,"11,10,3"
18339,"40,146,145"
18340,"3,66,85"
18341,"3,85,86"
18342,"40,128,129"
18343,"220,10,242"
18344,"3,127,21"
18345,"64,10,80"
18346,"40,139,153"
18347,"64,10,93"
18348,"3,21,108"
18349,"169,170,199"
18350,"169,311,382"
18351,"169,199,343"
18352,"40,160,302"
18353,"40,129,128"
18354,"23,74,303"
18355,"64,10,93"
18356,"199,10,220"
18357,"16,3,15"
18358,"169,260,199"
18359,"40,41,42"
18360,"40,139,140"
18361,"3,4,435"
18362,"3,21,108"
18363,"10,64,93"
18364,"147,3,148"
18365,"23,24,11"
18366,"3,17,320"
18367,"3,34,21"
18368,"0,271,280"
18369,"40,160,41"
18370,"0,8,206"
18371,"23,74,118"
18372,"3,28,190"
18373,"199,169,343"
18374,"3,28,190"
18375,"23,306,31"
18376,"10,220,221"
18377,"40,131,142"
18378,"0,8,405"
18379,"4,3,19"
18380,"28,3,190"
18381,"10,64,442"
18382,"3,21,187"
18383,"23,26,231"
18384,"147,3,148"
18385,"131,40,226"
18386,"169,199,296"
18387,"54,10,95"
18388,"3,187,21"
18389,"0,216,380"
18390,"0,271,456"
18391,"40,41,186"
18392,"0,8,308"
18393,"4,3,19"
18394,"0,265,266"
18395,"23,26,231"
18396,"0,8,206"
18397,"17,320,3"
18398,"40,131,406"
18399,"199,169,281"
18400,"169,199,281"
18401,"3,17,320"
18402,"3,21,40"
18403,"220,10,242"
18404,"23,89,26"
18405,"64,10,448"
18406,"3,5,228"
18407,"0,8,216"
18408,"3,48,21"
18409,"3,30,187"
18410,"138,40,135"
18411,"11,24,23"
18412,"23,24,43"
18413,"21,3,187"
18414,"44,145,45"
18415,"3,53,287"
18416,"10,64,80"
18417,"3,21,187"
18418,"3,30,21"
18419,"0,271,456"
18420,"40,160,302"
18421,"169,170,199"
18422,"3,112,34"
18423,"0,216,254"
18424,"40,162,163"
18425,"169,199,248"
18426,"40,129,128"
18427,"3,21,30"
18428,"23,26,89"
18429,"23,74,303"
18430,"23,40,406"
18431,"23,74,303"
18432,"3,53,21"
18433,"40,139,395"
18434,"3,21,127"
18435,"23,24,43"
18436,"40,286,41"
18437,"26,231,23"
18438,"23,74,303"
18439,"3,147,148"
18440,"40,243,61"
18441,"169,199,21"
18442,"4,3,238"
18443,"3,182,68"
18444,"40,145,402"
18445,"10,64,338"
18446,"3,34,263"
18447,"40,41,215"
18448,"54,10,322"
18449,"4,3,238"
18450,"0,279,216"
18451,"23,38,21"
18452,"131,40,226"
18453,"23,74,303"
18454,"0,271,456"
18455,"0,271,456"
18456,"40,131,406"
18457,"3,111,123"
18458,"0,271,456"
18459,"169,170,10"
18460,"0,206,8"
18461,"23,74,317"
18462,"23,74,165"
18463,"3,5,228"
18464,"23,26,89"
18465,"0,216,212"
18466,"3,53,68"
18467,"10,23,24"
18468,"3,4,435"
18469,"23,11,24"
18470,"199,169,323"
18471,"3,111,123"
18472,"0,169,216"
18473,"3,53,111"
18474,"4,3,183"
18475,"23,26,89"
18476,"169,199,281"
18477,"40,128,160"
18478,"3,34,16"
18479,"147,3,156"
18480,"40,139,41"
18481,"64,10,80"
18482,"23,77,31"
18483,"160,40,334"
18484,"3,53,287"
18485,"48,21,3"
18486,"3,4,238"
18487,"23,74,118"
18488,"64,10,65"
18489,"3,34,187"
18490,"44,145,40"
18491,"10,54,55"
18492,"23,24,43"
18493,"10,64,93"
18494,"4,3,19"
18495,"0,271,353"
18496,"40,41,149"
18497,"169,199,248"
18498,"40,135,138"
18499,"40,145,44"
18500,"3,4,435"
18501,"199,40,169"
18502,"296,169,300"
18503,"10,64,80"
18504,"64,10,80"
18505,"23,40,74"
18506,"145,40,393"
18507,"40,138,135"
18508,"145,44,45"
18509,"131,40,23"
18510,"40,368,131"
18511,"10,64,93"
18512,"0,313,346"
18513,"3,34,263"
18514,"3,5,4"
18515,"10,220,242"
18516,"10,64,80"
18517,"23,38,40"
18518,"17,3,168"
18519,"23,25,24"
18520,"135,40,244"
18521,"0,8,391"
18522,"23,26,89"
18523,"54,40,145"
18524,"24,23,59"
18525,"23,10,49"
18526,"10,60,61"
18527,"24,23,25"
18528,"40,41,224"
18529,"40,41,324"
18530,"40,145,146"
18531,"23,24,11"
18532,"3,111,112"
18533,"128,40,129"
18534,"0,216,279"
18535,"3,147,148"
18536,"40,21,3"
18537,"34,3,263"
18538,"23,74,84"
18539,"40,162,163"
18540,"129,40,128"
18541,"4,3,238"
18542,"169,199,343"
18543,"0,271,366"
18544,"23,24,49"
18545,"0,271,456"
18546,"0,216,304"
18547,"139,155,40"
18548,"3,119,111"
18549,"0,218,3"
18550,"0,349,265"
18551,"23,105,24"
18552,"40,145,10"
18553,"40,102,21"
18554,"16,15,3"
18555,"16,15,3"
18556,"23,26,231"
18557,"23,26,89"
18558,"169,199,259"
18559,"11,10,205"
18560,"23,38,107"
18561,"44,145,40"
18562,"3,147,148"
18563,"0,255,23"
18564,"169,199,281"
18565,"40,128,129"
18566,"54,10,55"
18567,"31,328,216"
18568,"3,21,127"
18569,"23,26,89"
18570,"17,168,3"
18571,"21,3,108"
18572,"169,170,459"
18573,"4,3,238"
18574,"38,23,39"
18575,"147,3,148"
18576,"3,21,127"
18577,"220,10,242"
18578,"40,23,250"
18579,"23,105,3"
18580,"296,169,300"
18581,"138,40,169"
18582,"169,199,111"
18583,"23,105,74"
18584,"131,40,226"
18585,"169,199,323"
18586,"64,10,93"
18587,"169,199,356"
18588,"44,145,40"
18589,"10,54,322"
18590,"0,249,279"
18591,"23,24,345"
18592,"3,17,34"
18593,"3,13,14"
18594,"126,3,40"
18595,"3,111,472"
18596,"169,296,417"
18597,"3,379,21"
18598,"23,26,89"
18599,"169,8,0"
18600,"10,64,93"
18601,"3,53,127"
18602,"23,26,89"
18603,"131,40,226"
18604,"3,111,161"
18605,"40,152,151"
18606,"220,10,242"
18607,"199,169,323"
18608,"32,23,31"
18609,"3,15,16"
18610,"169,138,199"
18611,"74,23,303"
18612,"23,26,231"
18613,"40,149,41"
18614,"169,199,323"
18615,"0,271,342"
18616,"3,111,119"
18617,"11,12,10"
18618,"26,23,231"
18619,"0,206,8"
18620,"127,3,21"
18621,"0,255,462"
18622,"40,145,146"
18623,"10,64,220"
18624,"3,13,204"
18625,"10,11,60"
18626,"11,10,205"
18627,"40,135,141"
18628,"296,169,306"
18629,"23,24,105"
18630,"3,4,238"
18631,"3,85,86"
18632,"5,3,6"
18633,"3,53,100"
18634,"0,206,8"
18635,"3,111,275"
18636,"74,23,165"
18637,"220,10,221"
18638,"40,135,138"
18639,"220,10,242"
18640,"23,64,24"
18641,"28,3,330"
18642,"23,71,38"
18643,"64,90,10"
18644,"3,21,108"
18645,"23,38,74"
18646,"169,199,259"
18647,"3,53,148"
18648,"40,145,402"
18649,"23,24,59"
18650,"16,15,3"
18651,"3,158,21"
18652,"3,21,33"
18653,"23,105,106"
18654,"17,168,3"
18655,"40,41,224"
18656,"0,271,456"
18657,"0,456,271"
18658,"23,24,38"
18659,"3,21,187"
18660,"169,199,281"
18661,"0,8,206"
18662,"3,147,148"
18663,"40,131,406"
18664,"4,3,19"
18665,"145,40,44"
18666,"10,54,40"
18667,"64,10,93"
18668,"0,216,304"
18669,"40,160,302"
18670,"25,145,40"
18671,"0,265,490"
18672,"3,21,263"
18673,"128,40,195"
18674,"0,249,279"
18675,"23,21,48"
18676,"169,170,199"
18677,"3,287,6"
18678,"64,10,79"
18679,"0,216,254"
18680,"8,0,206"
18681,"40,128,184"
18682,"169,199,171"
18683,"145,40,402"
18684,"34,3,169"
18685,"23,24,49"
18686,"3,21,108"
18687,"40,131,128"
18688,"3,21,127"
18689,"24,23,49"
18690,"3,53,287"
18691,"23,105,106"
18692,"145,44,40"
18693,"10,60,61"
18694,"220,10,221"
18695,"3,41,143"
18696,"23,118,74"
18697,"31,23,454"
18698,"24,23,43"
18699,"44,145,40"
18700,"0,218,266"
18701,"199,169,281"
18702,"3,4,19"
18703,"26,23,89"
18704,"23,24,345"
18705,"169,426,312"
18706,"64,448,10"
18707,"41,40,42"
18708,"145,40,44"
18709,"54,23,10"
18710,"169,271,0"
18711,"64,93,10"
18712,"169,339,337"
18713,"169,260,337"
18714,"287,53,3"
18715,"3,147,148"
18716,"296,169,306"
18717,"3,53,287"
18718,"23,24,54"
18719,"3,21,126"
18720,"169,296,0"
18721,"40,145,146"
18722,"0,216,249"
18723,"23,24,43"
18724,"10,93,64"
18725,"26,23,169"
18726,"3,17,168"
18727,"169,199,248"
18728,"23,24,231"
18729,"40,152,151"
18730,"0,208,218"
18731,"23,74,303"
18732,"0,271,355"
18733,"131,40,142"
18734,"169,170,260"
18735,"229,230,3"
18736,"40,145,44"
18737,"10,220,242"
18738,"3,430,23"
18739,"169,339,337"
18740,"40,129,128"
18741,"147,3,148"
18742,"3,168,34"
18743,"0,313,346"
18744,"3,5,228"
18745,"40,131,226"
18746,"169,260,170"
18747,"3,30,66"
18748,"40,135,395"
18749,"199,169,374"
18750,"40,300,3"
18751,"3,21,33"
18752,"23,74,71"
18753,"40,131,406"
18754,"0,8,206"
18755,"131,406,193"
18756,"64,10,80"
18757,"3,21,17"
18758,"23,24,49"
18759,"0,265,349"
18760,"23,26,89"
18761,"23,24,43"
18762,"0,8,308"
18763,"3,21,187"
18764,"11,10,109"
18765,"23,105,326"
18766,"31,131,23"
18767,"26,23,89"
18768,"147,148,3"
18769,"3,23,53"
18770,"0,206,8"
18771,"3,53,287"
18772,"23,26,38"
18773,"40,406,131"
18774,"10,64,93"
18775,"5,3,57"
18776,"3,16,15"
18777,"131,40,241"
18778,"40,145,44"
18779,"3,21,126"
18780,"64,10,448"
18781,"24,23,10"
18782,"23,31,258"
18783,"169,199,170"
18784,"4,3,19"
18785,"31,40,145"
18786,"10,54,95"
18787,"0,272,361"
18788,"145,40,45"
18789,"64,10,448"
18790,"3,111,472"
18791,"64,10,65"
18792,"206,0,8"
18793,"3,53,21"
18794,"147,3,203"
18795,"169,199,311"
18796,"0,265,266"
18797,"169,508,170"
18798,"23,31,24"
18799,"145,24,23"
18800,"3,5,228"
18801,"169,199,323"
18802,"169,199,171"
18803,"0,271,456"
18804,"220,10,242"
18805,"147,3,203"
18806,"64,10,448"
18807,"23,74,38"
18808,"3,21,111"
18809,"220,10,242"
18810,"3,17,13"
18811,"3,41,21"
18812,"129,40,128"
18813,"23,26,350"
18814,"160,40,302"
18815,"0,8,206"
18816,"11,10,12"
18817,"145,40,44"
18818,"23,231,118"
18819,"23,24,10"
18820,"147,148,3"
18821,"23,38,91"
18822,"3,56,133"
18823,"54,23,10"
18824,"169,199,138"
18825,"199,169,323"
18826,"3,34,263"
18827,"169,64,10"
18828,"10,11,205"
18829,"0,8,285"
18830,"3,85,111"
18831,"169,199,323"
18832,"23,38,74"
18833,"3,30,66"
18834,"3,34,263"
18835,"10,145,40"
18836,"0,216,8"
18837,"169,170,260"
18838,"3,21,127"
18839,"10,64,80"
18840,"169,199,343"
18841,"23,89,26"
18842,"0,271,355"
18843,"21,3,127"
18844,"32,23,31"
18845,"40,184,185"
18846,"25,23,24"
18847,"40,152,151"
18848,"54,10,40"
18849,"23,38,39"
18850,"53,3,523"
18851,"3,53,21"
18852,"169,199,171"
18853,"3,4,238"
18854,"13,3,401"
18855,"0,271,456"
18856,"169,199,281"
18857,"23,24,49"
18858,"131,40,406"
18859,"21,3,40"
18860,"3,21,102"
18861,"0,265,266"
18862,"64,10,90"
18863,"10,55,24"
18864,"169,199,343"
18865,"169,199,281"
18866,"0,8,89"
18867,"10,54,95"
18868,"28,74,330"
18869,"3,4,435"
18870,"23,89,169"
18871,"23,145,44"
18872,"40,131,226"
18873,"0,313,346"
18874,"23,24,43"
18875,"3,30,188"
18876,"23,26,89"
18877,"169,260,170"
18878,"3,21,48"
18879,"15,3,16"
18880,"3,21,108"
18881,"3,111,284"
18882,"3,4,147"
18883,"10,60,199"
18884,"23,24,43"
18885,"220,10,242"
18886,"64,10,448"
18887,"3,34,187"
18888,"3,16,15"
18889,"206,0,8"
18890,"10,220,242"
18891,"24,23,43"
18892,"0,216,291"
18893,"3,21,187"
18894,"0,249,279"
18895,"3,127,21"
18896,"44,40,145"
18897,"145,45,44"
18898,"23,74,165"
18899,"23,26,89"
18900,"40,128,41"
18901,"169,111,0"
18902,"0,255,462"
18903,"64,10,80"
18904,"138,135,40"
18905,"10,64,338"
18906,"23,38,74"
18907,"40,145,44"
18908,"23,24,43"
18909,"23,74,118"
18910,"21,3,127"
18911,"10,11,12"
18912,"3,48,21"
18913,"40,184,41"
18914,"0,2,291"
18915,"0,216,304"
18916,"3,147,148"
18917,"11,10,205"
18918,"44,145,23"
18919,"17,168,3"
18920,"3,85,293"
18921,"23,24,10"
18922,"0,271,340"
18923,"220,10,221"
18924,"169,199,311"
18925,"3,17,168"
18926,"40,41,111"
18927,"169,3,199"
18928,"3,21,85"
18929,"40,145,402"
18930,"169,3,199"
18931,"23,118,74"
18932,"23,26,89"
18933,"23,105,106"
18934,"23,38,71"
18935,"40,23,145"
18936,"64,10,93"
18937,"0,271,363"
18938,"40,243,184"
18939,"10,64,442"
18940,"0,235,8"
18941,"0,8,288"
18942,"169,170,260"
18943,"3,139,40"
18944,"0,456,271"
18945,"10,11,205"
18946,"0,271,255"
18947,"40,41,286"
18948,"220,10,221"
18949,"3,34,168"
18950,"17,3,168"
18951,"220,10,221"
18952,"0,271,456"
18953,"0,265,349"
18954,"168,17,3"
18955,"4,3,19"
18956,"0,211,319"
18957,"0,8,235"
18958,"40,145,146"
18959,"11,10,205"
18960,"3,112,111"
18961,"10,64,24"
18962,"0,23,350"
18963,"23,38,91"
18964,"23,49,24"
18965,"0,271,456"
18966,"40,41,128"
18967,"3,170,53"
18968,"40,139,153"
18969,"10,11,109"
18970,"40,41,149"
18971,"17,168,3"
18972,"169,339,337"
18973,"3,169,53"
18974,"3,379,21"
18975,"3,4,183"
18976,"23,24,43"
18977,"23,26,231"
18978,"23,74,303"
18979,"38,71,23"
18980,"3,30,66"
18981,"3,13,14"
18982,"40,149,41"
18983,"11,10,205"
18984,"3,85,293"
18985,"40,131,134"
18986,"3,34,263"
18987,"64,10,448"
18988,"3,21,108"
18989,"64,10,80"
18990,"4,3,435"
18991,"3,168,100"
18992,"220,10,0"
18993,"3,68,53"
18994,"64,10,65"
18995,"17,3,168"
18996,"169,260,170"
18997,"3,30,281"
18998,"3,13,204"
18999,"54,40,145"
19000,"40,135,236"
19001,"17,168,3"
19002,"4,3,174"
19003,"3,21,53"
19004,"34,3,263"
19005,"0,313,346"
19006,"3,238,4"
19007,"199,169,248"
19008,"0,271,169"
19009,"3,17,168"
19010,"23,265,24"
19011,"40,41,160"
19012,"23,118,40"
19013,"131,40,406"
19014,"169,3,199"
19015,"3,21,127"
19016,"17,168,3"
19017,"3,147,36"
19018,"220,10,221"
19019,"0,271,216"
19020,"64,10,93"
19021,"3,53,292"
19022,"23,105,318"
19023,"220,10,242"
19024,"4,19,3"
19025,"40,131,406"
19026,"147,3,148"
19027,"3,467,53"
19028,"3,4,435"
19029,"23,38,91"
19030,"40,152,151"
19031,"23,24,43"
19032,"40,152,151"
19033,"3,5,228"
19034,"64,10,80"
19035,"0,218,255"
19036,"3,35,36"
19037,"40,128,129"
19038,"23,118,231"
19039,"40,128,195"
19040,"3,139,153"
19041,"3,13,204"
19042,"145,44,40"
19043,"11,44,24"
19044,"3,21,53"
19045,"3,467,53"
19046,"0,265,349"
19047,"3,30,66"
19048,"23,26,89"
19049,"0,271,456"
19050,"152,151,40"
19051,"64,10,93"
19052,"0,255,462"
19053,"0,271,456"
19054,"220,10,221"
19055,"0,218,213"
19056,"3,53,287"
19057,"199,169,356"
19058,"10,60,419"
19059,"40,146,145"
19060,"3,13,15"
19061,"10,145,44"
19062,"3,21,187"
19063,"199,169,343"
19064,"17,3,320"
19065,"5,228,3"
19066,"3,147,21"
19067,"0,216,271"
19068,"17,3,168"
19069,"3,169,34"
19070,"3,111,53"
19071,"3,21,182"
19072,"3,21,53"
19073,"3,21,108"
19074,"147,3,148"
19075,"23,24,105"
19076,"0,8,296"
19077,"4,3,238"
19078,"11,10,109"
19079,"40,145,44"
19080,"0,8,308"
19081,"3,53,325"
19082,"93,64,10"
19083,"169,260,170"
19084,"3,111,148"
19085,"0,26,23"
19086,"145,44,40"
19087,"3,23,32"
19088,"23,155,34"
19089,"0,313,346"
19090,"3,17,168"
19091,"23,24,105"
19092,"3,28,4"
19093,"23,24,43"
19094,"0,271,277"
19095,"40,128,175"
19096,"32,23,31"
19097,"23,25,24"
19098,"220,10,242"
19099,"199,169,323"
19100,"23,74,118"
19101,"40,128,129"
19102,"3,30,66"
19103,"40,41,215"
19104,"40,3,53"
19105,"0,271,342"
19106,"3,17,379"
19107,"3,53,523"
19108,"296,23,169"
19109,"64,10,65"
19110,"3,68,182"
19111,"23,24,54"
19112,"64,10,448"
19113,"3,21,53"
19114,"64,169,10"
19115,"105,23,318"
19116,"0,271,8"
19117,"55,10,54"
19118,"40,160,151"
19119,"3,4,183"
19120,"54,95,10"
19121,"3,85,111"
19122,"24,23,59"
19123,"0,279,249"
19124,"3,147,148"
19125,"23,24,49"
19126,"3,147,148"
19127,"3,53,10"
19128,"23,74,165"
19129,"24,23,10"
19130,"3,21,48"
19131,"0,271,456"
19132,"3,147,148"
19133,"171,169,199"
19134,"0,218,512"
19135,"40,160,315"
19136,"0,213,214"
19137,"40,131,142"
19138,"40,131,142"
19139,"10,11,12"
19140,"0,216,254"
19141,"23,38,91"
19142,"169,281,199"
19143,"3,156,147"
19144,"216,199,0"
19145,"23,118,74"
19146,"40,129,128"
19147,"0,8,235"
19148,"3,33,21"
19149,"10,64,338"
19150,"0,271,456"
19151,"3,4,19"
19152,"169,199,281"
19153,"3,168,21"
19154,"23,0,64"
19155,"0,271,456"
19156,"23,137,105"
19157,"218,0,11"
19158,"64,10,80"
19159,"10,24,54"
19160,"23,38,74"
19161,"10,54,448"
19162,"0,206,8"
19163,"105,23,318"
19164,"234,10,60"
19165,"169,199,343"
19166,"64,10,80"
19167,"145,44,40"
19168,"0,321,319"
19169,"3,147,127"
19170,"24,23,145"
19171,"3,48,21"
19172,"23,74,24"
19173,"23,38,39"
19174,"17,168,3"
19175,"64,10,93"
19176,"40,145,23"
19177,"10,61,72"
19178,"40,131,406"
19179,"23,89,26"
19180,"220,10,221"
19181,"0,265,349"
19182,"3,85,13"
19183,"0,313,346"
19184,"23,74,38"
19185,"0,8,206"
19186,"0,255,348"
19187,"23,74,40"
19188,"3,13,28"
19189,"220,10,221"
19190,"3,28,23"
19191,"10,220,23"
19192,"146,145,322"
19193,"10,60,199"
19194,"64,90,65"
19195,"23,406,131"
19196,"0,313,346"
19197,"0,23,26"
19198,"3,147,148"
19199,"105,53,262"
19200,"147,3,148"
19201,"3,17,168"
19202,"0,271,456"
19203,"0,208,209"
19204,"3,53,21"
19205,"23,24,25"
19206,"23,24,59"
19207,"199,169,343"
19208,"23,26,89"
19209,"3,28,21"
19210,"3,34,23"
19211,"3,238,4"
19212,"281,199,3"
19213,"23,74,165"
19214,"23,32,31"
19215,"3,53,111"
19216,"10,220,221"
19217,"3,147,148"
19218,"10,54,44"
19219,"220,10,221"
19220,"26,23,89"
19221,"23,3,31"
19222,"3,21,108"
19223,"23,74,118"
19224,"0,206,8"
19225,"220,10,221"
19226,"64,10,448"
19227,"169,170,260"
19228,"23,71,38"
19229,"10,54,60"
19230,"3,115,21"
19231,"105,23,318"
19232,"3,21,379"
19233,"40,128,186"
19234,"23,24,62"
19235,"131,40,406"
19236,"169,199,356"
19237,"169,199,281"
19238,"23,38,91"
19239,"10,60,239"
19240,"220,10,242"
19241,"23,49,24"
19242,"0,249,279"
19243,"169,170,459"
19244,"241,131,40"
19245,"23,71,38"
19246,"0,271,355"
19247,"0,271,169"
19248,"296,169,300"
19249,"3,15,4"
19250,"23,74,303"
19251,"64,10,80"
19252,"54,10,55"
19253,"40,131,406"
19254,"3,53,15"
19255,"23,24,25"
19256,"40,160,152"
19257,"3,53,111"
19258,"10,64,93"
19259,"40,313,346"
19260,"3,34,46"
19261,"3,187,21"
19262,"0,271,355"
19263,"10,93,64"
19264,"40,128,131"
19265,"21,3,127"
19266,"3,53,292"
19267,"3,21,127"
19268,"23,105,74"
19269,"38,23,103"
19270,"10,64,93"
19271,"3,53,287"
19272,"3,21,164"
19273,"24,23,44"
19274,"3,21,30"
19275,"139,40,153"
19276,"23,24,43"
19277,"3,30,66"
19278,"169,199,171"
19279,"0,8,206"
19280,"23,105,137"
19281,"40,162,163"
19282,"3,21,187"
19283,"54,10,322"
19284,"3,30,66"
19285,"3,30,66"
19286,"64,10,448"
19287,"3,30,66"
19288,"3,85,86"
19289,"0,271,456"
19290,"3,4,176"
19291,"0,216,212"
19292,"40,145,402"
19293,"169,296,306"
19294,"40,131,142"
19295,"40,160,315"
19296,"21,3,108"
19297,"0,271,213"
19298,"40,145,25"
19299,"169,199,311"
19300,"74,23,303"
19301,"3,21,108"
19302,"40,135,102"
19303,"23,30,3"
19304,"10,64,93"
19305,"40,131,406"
19306,"145,44,40"
19307,"23,38,309"
19308,"23,24,25"
19309,"145,40,402"
19310,"3,30,28"
19311,"10,64,93"
19312,"23,74,303"
19313,"0,313,8"
19314,"23,105,24"
19315,"0,216,380"
19316,"0,271,456"
19317,"0,24,23"
19318,"3,111,284"
19319,"0,271,280"
19320,"3,147,148"
19321,"40,41,201"
19322,"220,10,242"
19323,"131,406,199"
19324,"40,145,524"
19325,"3,21,379"
19326,"169,199,170"
19327,"23,26,89"
19328,"10,54,55"
19329,"3,30,66"
19330,"17,3,168"
19331,"10,54,55"
19332,"169,339,337"
19333,"220,10,221"
19334,"0,313,355"
19335,"152,151,40"
19336,"40,41,139"
19337,"3,53,287"
19338,"4,3,375"
19339,"169,199,260"
19340,"169,170,459"
19341,"111,339,169"
19342,"41,286,40"
19343,"0,8,206"
19344,"3,48,30"
19345,"23,71,38"
19346,"128,129,40"
19347,"0,8,285"
19348,"169,170,337"
19349,"23,31,74"
19350,"23,38,137"
19351,"23,24,43"
19352,"169,199,171"
19353,"23,24,45"
19354,"220,10,221"
19355,"23,32,31"
19356,"23,24,49"
19357,"402,40,145"
19358,"138,40,135"
19359,"23,26,89"
19360,"229,230,0"
19361,"169,508,426"
19362,"131,40,406"
19363,"3,147,156"
19364,"3,40,21"
19365,"0,229,421"
19366,"64,10,65"
19367,"64,10,338"
19368,"10,11,109"
19369,"40,151,152"
19370,"0,255,313"
19371,"0,355,271"
19372,"23,74,165"
19373,"40,131,159"
19374,"147,3,148"
19375,"3,168,17"
19376,"296,169,306"
19377,"169,199,281"
19378,"220,10,242"
19379,"44,45,40"
19380,"0,218,446"
19381,"11,10,109"
19382,"0,216,380"
19383,"40,131,72"
19384,"3,53,105"
19385,"0,8,308"
19386,"23,26,231"
19387,"3,53,287"
19388,"44,145,45"
19389,"40,41,135"
19390,"11,10,205"
19391,"0,1,277"
19392,"10,54,322"
19393,"23,24,49"
19394,"0,271,291"
19395,"3,139,53"
19396,"169,3,199"
19397,"3,187,169"
19398,"3,17,168"
19399,"10,220,242"
19400,"24,23,59"
19401,"0,216,254"
19402,"169,170,199"
19403,"23,105,74"
19404,"21,3,126"
19405,"40,145,402"
19406,"40,128,408"
19407,"169,296,417"
19408,"26,0,23"
19409,"10,64,11"
19410,"13,3,204"
19411,"10,11,221"
19412,"23,74,165"
19413,"23,74,303"
19414,"23,24,345"
19415,"5,3,6"
19416,"0,235,8"
19417,"54,10,145"
19418,"3,17,320"
19419,"3,21,127"
19420,"64,10,93"
19421,"23,71,38"
19422,"40,128,186"
19423,"23,74,40"
19424,"3,28,111"
19425,"0,8,206"
19426,"11,10,109"
19427,"147,148,3"
19428,"23,84,74"
19429,"93,10,64"
19430,"10,54,64"
19431,"34,3,263"
19432,"147,148,3"
19433,"40,145,10"
19434,"169,68,3"
19435,"31,23,258"
19436,"3,21,127"
19437,"23,26,89"
19438,"4,3,183"
19439,"3,23,124"
19440,"11,10,109"
19441,"23,49,24"
19442,"40,160,302"
19443,"23,49,24"
19444,"23,31,328"
19445,"54,322,10"
19446,"23,24,49"
19447,"24,23,59"
19448,"10,60,61"
19449,"23,74,38"
19450,"0,313,346"
19451,"0,271,456"
19452,"3,53,325"
19453,"3,467,53"
19454,"0,218,512"
19455,"17,3,168"
19456,"0,271,255"
19457,"0,255,218"
19458,"3,53,21"
19459,"0,169,277"
19460,"0,265,418"
19461,"160,40,302"
19462,"160,40,302"
19463,"3,21,127"
19464,"131,40,193"
19465,"11,10,205"
19466,"3,168,17"
19467,"23,89,26"
19468,"3,21,108"
19469,"40,324,41"
19470,"11,10,109"
19471,"40,184,185"
19472,"24,40,145"
19473,"3,21,108"
19474,"40,128,395"
19475,"131,40,241"
19476,"3,53,111"
19477,"74,23,165"
19478,"3,4,183"
19479,"40,145,402"
19480,"21,40,3"
19481,"169,170,171"
19482,"169,199,171"
19483,"0,271,355"
19484,"3,4,183"
19485,"169,199,323"
19486,"3,379,21"
19487,"23,74,303"
19488,"111,169,112"
19489,"3,147,523"
19490,"40,131,406"
19491,"131,40,406"
19492,"169,199,281"
19493,"3,21,301"
19494,"147,3,167"
19495,"199,169,374"
19496,"11,10,205"
19497,"10,54,60"
19498,"40,41,74"
19499,"169,170,53"
19500,"0,249,279"
19501,"3,28,190"
19502,"40,128,129"
19503,"145,40,10"
19504,"10,64,93"
19505,"23,74,118"
19506,"147,148,3"
19507,"40,41,324"
19508,"199,40,169"
19509,"3,21,182"
19510,"4,3,435"
19511,"0,271,169"
19512,"220,23,10"
19513,"40,145,44"
19514,"3,68,53"
19515,"23,24,43"
19516,"40,3,139"
19517,"40,131,159"
19518,"40,128,186"
19519,"11,10,109"
19520,"3,53,111"
19521,"0,8,235"
19522,"40,131,128"
19523,"23,74,303"
19524,"23,74,38"
19525,"23,24,10"
19526,"23,74,303"
19527,"64,90,65"
19528,"10,54,64"
19529,"3,85,86"
19530,"3,53,523"
19531,"53,23,3"
19532,"169,170,199"
19533,"169,199,23"
19534,"10,220,221"
19535,"40,41,135"
19536,"40,162,163"
19537,"40,145,146"
19538,"0,216,304"
19539,"40,41,186"
19540,"0,8,308"
19541,"23,74,165"
19542,"23,74,317"
19543,"53,3,287"
19544,"23,24,38"
19545,"3,5,53"
19546,"220,10,242"
19547,"3,17,320"
19548,"0,216,212"
19549,"147,148,3"
19550,"23,74,38"
19551,"3,21,111"
19552,"40,131,368"
19553,"23,38,88"
19554,"169,260,199"
19555,"169,339,337"
19556,"0,279,249"
19557,"11,10,109"
19558,"4,3,19"
19559,"3,53,23"
19560,"131,241,406"
19561,"31,23,328"
19562,"0,40,159"
19563,"40,128,129"
19564,"145,40,402"
19565,"26,23,231"
19566,"131,40,406"
19567,"3,21,127"
19568,"128,40,129"
19569,"0,313,355"
19570,"296,169,460"
19571,"3,4,70"
19572,"3,21,127"
19573,"220,10,242"
19574,"40,131,406"
19575,"23,74,40"
19576,"11,10,109"
19577,"3,104,187"
19578,"296,169,411"
19579,"4,3,435"
19580,"17,168,3"
19581,"10,54,95"
19582,"23,31,290"
19583,"128,129,40"
19584,"24,23,25"
19585,"3,53,292"
19586,"0,249,279"
19587,"127,21,40"
19588,"10,64,448"
19589,"4,3,19"
19590,"199,169,323"
19591,"3,187,21"
19592,"40,41,324"
19593,"24,23,59"
19594,"0,271,8"
19595,"3,53,30"
19596,"3,111,472"
19597,"40,135,250"
19598,"169,260,170"
19599,"3,111,267"
19600,"23,49,24"
19601,"0,169,355"
19602,"169,281,199"
19603,"10,23,31"
19604,"3,30,66"
19605,"21,3,102"
19606,"23,24,49"
19607,"3,21,28"
19608,"0,1,2"
19609,"11,10,109"
19610,"4,3,19"
19611,"3,204,13"
19612,"128,40,129"
19613,"3,21,24"
19614,"8,0,206"
19615,"3,111,284"
19616,"44,45,40"
19617,"199,169,343"
19618,"169,296,199"
19619,"220,10,221"
19620,"0,3,218"
19621,"3,21,68"
19622,"105,23,318"
19623,"23,74,84"
19624,"169,199,281"
19625,"3,30,4"
19626,"147,3,148"
19627,"0,8,206"
19628,"40,131,406"
19629,"23,84,74"
19630,"64,10,448"
19631,"0,216,212"
19632,"3,4,70"
19633,"23,26,89"
19634,"296,169,460"
19635,"135,40,138"
19636,"23,74,317"
19637,"3,147,148"
19638,"23,38,440"
19639,"23,24,49"
19640,"54,10,55"
19641,"40,128,395"
19642,"23,89,26"
19643,"40,152,151"
19644,"3,30,66"
19645,"145,40,44"
19646,"169,170,260"
19647,"0,26,355"
19648,"23,26,89"
19649,"23,31,32"
19650,"23,31,454"
19651,"0,23,8"
19652,"3,53,30"
19653,"145,40,402"
19654,"131,40,226"
19655,"23,24,71"
19656,"21,3,127"
19657,"3,21,108"
